# Bloom dreadnought, from tools/gen_fleet.py
# Generated by tools. Edit the generator script.
v 0.028996 0.235272 0.332023
v 0.170212 0.274835 1.113989
v 0.028996 0.274835 1.199940
v 0.283458 0.274835 0.873161
v 0.346305 0.274835 0.525153
v 0.346305 0.274835 0.138893
v 0.283458 0.274835 -0.209115
v 0.170212 0.274835 -0.449943
v 0.028996 0.274835 -0.535894
v -0.112220 0.274835 -0.449943
v -0.225466 0.274835 -0.209115
v -0.288313 0.274835 0.138893
v -0.288313 0.274835 0.525153
v -0.225466 0.274835 0.873161
v -0.112220 0.274835 1.113989
v 0.289929 0.387502 1.776908
v 0.028996 0.387502 1.935725
v 0.499180 0.387502 1.331915
v 0.615306 0.387502 0.688880
v 0.615306 0.387502 -0.024834
v 0.499180 0.387502 -0.667869
v 0.289929 0.387502 -1.112863
v 0.028996 0.387502 -1.271679
v -0.231937 0.387502 -1.112863
v -0.441188 0.387502 -0.667869
v -0.557314 0.387502 -0.024834
v -0.557314 0.387502 0.688880
v -0.441188 0.387502 1.331915
v -0.231937 0.387502 1.776908
v 0.369921 0.556119 2.219857
v 0.028996 0.556119 2.427361
v 0.643321 0.556119 1.638445
v 0.795047 0.556119 0.798279
v 0.795047 0.556119 -0.134233
v 0.643321 0.556119 -0.974399
v 0.369921 0.556119 -1.555811
v 0.028996 0.556119 -1.763315
v -0.311929 0.556119 -1.555811
v -0.585329 0.556119 -0.974399
v -0.737055 0.556119 -0.134233
v -0.737055 0.556119 0.798279
v -0.585329 0.556119 1.638445
v -0.311929 0.556119 2.219857
v 0.398010 0.755017 2.375400
v 0.028996 0.755017 2.600000
v 0.693937 0.755017 1.746084
v 0.858164 0.755017 0.836695
v 0.858164 0.755017 -0.172649
v 0.693937 0.755017 -1.082038
v 0.398010 0.755017 -1.711354
v 0.028996 0.755017 -1.935954
v -0.340018 0.755017 -1.711354
v -0.635945 0.755017 -1.082038
v -0.800172 0.755017 -0.172649
v -0.800172 0.755017 0.836695
v -0.635945 0.755017 1.746084
v -0.340018 0.755017 2.375400
v 0.369921 0.953914 2.219857
v 0.028996 0.953914 2.427361
v 0.643321 0.953914 1.638445
v 0.795047 0.953914 0.798279
v 0.795047 0.953914 -0.134233
v 0.643321 0.953914 -0.974399
v 0.369921 0.953914 -1.555811
v 0.028996 0.953914 -1.763315
v -0.311929 0.953914 -1.555811
v -0.585329 0.953914 -0.974399
v -0.737055 0.953914 -0.134233
v -0.737055 0.953914 0.798279
v -0.585329 0.953914 1.638445
v -0.311929 0.953914 2.219857
v 0.289929 1.122532 1.776908
v 0.028996 1.122532 1.935725
v 0.499180 1.122532 1.331915
v 0.615306 1.122532 0.688880
v 0.615306 1.122532 -0.024834
v 0.499180 1.122532 -0.667869
v 0.289929 1.122532 -1.112863
v 0.028996 1.122532 -1.271679
v -0.231937 1.122532 -1.112863
v -0.441188 1.122532 -0.667869
v -0.557314 1.122532 -0.024834
v -0.557314 1.122532 0.688880
v -0.441188 1.122532 1.331915
v -0.231937 1.122532 1.776908
v 0.170212 1.235198 1.113989
v 0.028996 1.235198 1.199940
v 0.283458 1.235198 0.873161
v 0.346305 1.235198 0.525153
v 0.346305 1.235198 0.138893
v 0.283458 1.235198 -0.209115
v 0.170212 1.235198 -0.449943
v 0.028996 1.235198 -0.535894
v -0.112220 1.235198 -0.449943
v -0.225466 1.235198 -0.209115
v -0.288313 1.235198 0.138893
v -0.288313 1.235198 0.525153
v -0.225466 1.235198 0.873161
v -0.112220 1.235198 1.113989
v 0.028996 1.274761 0.332023
v 0.705755 0.282438 0.457800
v 0.685262 0.344772 0.877006
v 0.496572 0.344772 0.886192
v 0.881780 0.344772 0.707698
v 1.011063 0.344772 0.442937
v 1.023729 0.344772 0.183853
v 0.914939 0.344772 0.029408
v 0.726249 0.344772 0.038594
v 0.529731 0.344772 0.207902
v 0.400448 0.344772 0.472663
v 0.387782 0.344772 0.731747
v 0.672596 0.507964 1.136090
v 0.367289 0.507964 1.150953
v 0.990570 0.507964 0.862143
v 1.199753 0.507964 0.433751
v 1.220247 0.507964 0.014544
v 1.044222 0.507964 -0.235353
v 0.738914 0.507964 -0.220490
v 0.420941 0.507964 0.053457
v 0.211758 0.507964 0.481849
v 0.191264 0.507964 0.901055
v 0.672596 0.709681 1.136090
v 0.367289 0.709681 1.150953
v 0.990570 0.709681 0.862143
v 1.199753 0.709681 0.433751
v 1.220247 0.709681 0.014544
v 1.044222 0.709681 -0.235353
v 0.738914 0.709681 -0.220490
v 0.420941 0.709681 0.053457
v 0.211758 0.709681 0.481849
v 0.191264 0.709681 0.901055
v 0.685262 0.872873 0.877006
v 0.496572 0.872873 0.886192
v 0.881780 0.872873 0.707698
v 1.011063 0.872873 0.442937
v 1.023729 0.872873 0.183853
v 0.914939 0.872873 0.029408
v 0.726249 0.872873 0.038594
v 0.529731 0.872873 0.207902
v 0.400448 0.872873 0.472663
v 0.387782 0.872873 0.731747
v 0.705755 0.935207 0.457800
v 0.640269 0.365765 0.839225
v 0.689420 0.350792 0.843389
v 0.673321 0.332578 0.874465
v 0.638566 0.343165 0.871520
v 0.718729 0.368925 0.881724
v 0.694045 0.345400 0.901572
v 0.698886 0.402031 0.915895
v 0.680015 0.368809 0.925734
v 0.649735 0.417004 0.911731
v 0.645259 0.379396 0.922790
v 0.620426 0.398871 0.873396
v 0.624535 0.366575 0.895683
v 0.655029 0.344426 0.907354
v 0.468390 0.628804 0.070456
v 0.419465 0.619293 0.045403
v 0.412274 0.602521 0.084001
v 0.446870 0.609247 0.101717
v 0.404729 0.567228 0.031841
v 0.401855 0.565706 0.074412
v 0.438919 0.524675 0.043333
v 0.426031 0.535616 0.082537
v 0.487844 0.534186 0.068386
v 0.460626 0.542341 0.100253
v 0.502579 0.586251 0.081947
v 0.471045 0.579157 0.109842
v 0.429324 0.570647 0.106721
v 0.797825 0.787948 -0.098780
v 0.741893 0.815116 -0.142458
v 0.718630 0.821229 -0.089506
v 0.758181 0.802019 -0.058621
v 0.677327 0.775825 -0.150317
v 0.672976 0.793447 -0.095063
v 0.668694 0.709367 -0.114498
v 0.666871 0.746453 -0.069735
v 0.724626 0.682199 -0.070821
v 0.706421 0.727243 -0.038850
v 0.789192 0.721489 -0.062962
v 0.752076 0.755025 -0.033293
v 0.703937 0.784831 -0.046590
v -0.018265 0.859399 1.359918
v -0.068397 0.918704 1.703491
v -0.226384 0.918704 1.693383
v 0.108738 0.918704 1.582365
v 0.237362 0.918704 1.376272
v 0.268345 0.918704 1.163932
v 0.189853 0.918704 1.026452
v 0.031866 0.918704 1.016344
v -0.145268 0.918704 1.137470
v -0.273893 0.918704 1.343563
v -0.304876 0.918704 1.555903
v -0.099381 1.073966 1.915831
v -0.355008 1.073966 1.899476
v 0.187230 1.073966 1.719845
v 0.395348 1.073966 1.386380
v 0.445480 1.073966 1.042807
v 0.318477 1.073966 0.820359
v 0.062850 1.073966 0.804005
v -0.223761 1.073966 0.999990
v -0.431879 1.073966 1.333455
v -0.482011 1.073966 1.677028
v -0.099381 1.265880 1.915831
v -0.355008 1.265880 1.899476
v 0.187230 1.265880 1.719845
v 0.395348 1.265880 1.386380
v 0.445480 1.265880 1.042807
v 0.318477 1.265880 0.820359
v 0.062850 1.265880 0.804005
v -0.223761 1.265880 0.999990
v -0.431879 1.265880 1.333455
v -0.482011 1.265880 1.677028
v -0.068397 1.421142 1.703491
v -0.226384 1.421142 1.693383
v 0.108738 1.421142 1.582365
v 0.237362 1.421142 1.376272
v 0.268345 1.421142 1.163932
v 0.189853 1.421142 1.026452
v 0.031866 1.421142 1.016344
v -0.145268 1.421142 1.137470
v -0.273893 1.421142 1.343563
v -0.304876 1.421142 1.555903
v -0.018265 1.480447 1.359918
v -0.052829 0.887137 1.395779
v 0.016744 0.882081 1.409609
v -0.001926 0.836849 1.433441
v -0.051121 0.840424 1.423662
v 0.040522 0.890898 1.476048
v 0.014888 0.843083 1.480420
v -0.005272 0.904771 1.528656
v -0.017494 0.852893 1.517620
v -0.074845 0.909827 1.514826
v -0.066689 0.856468 1.507841
v -0.098623 0.901010 1.448388
v -0.083503 0.850234 1.460862
v -0.036485 0.826240 1.474130
v 0.107422 0.922629 1.204834
v 0.034018 0.941981 1.212776
v 0.030123 0.883711 1.211345
v 0.082027 0.870027 1.205729
v -0.014571 0.932013 1.154763
v -0.004234 0.876662 1.170323
v 0.010245 0.902691 1.088807
v 0.013313 0.855929 1.123686
v 0.083649 0.883339 1.080864
v 0.065217 0.842244 1.118069
v 0.132237 0.893307 1.138878
v 0.099574 0.849293 1.159091
v 0.043046 0.842399 1.172116
v 0.369283 1.285945 1.249808
v 0.398857 1.326971 1.237475
v 0.368959 1.344702 1.256946
v 0.348048 1.315693 1.265666
v 0.382482 1.361041 1.201686
v 0.357381 1.368794 1.231639
v 0.336534 1.354086 1.178230
v 0.324891 1.363876 1.215053
v 0.306961 1.313061 1.190562
v 0.303979 1.334866 1.223773
v 0.323335 1.278990 1.226351
v 0.315558 1.310775 1.249080
v 0.329660 1.347973 1.251270
v 0.352286 0.000000 0.398738
v 0.537963 0.073168 0.811424
v 0.342591 0.073168 0.904258
v 0.662413 0.073168 0.560957
v 0.668405 0.073168 0.248528
v 0.553650 0.073168 -0.006526
v 0.361980 0.073168 -0.106783
v 0.166608 0.073168 -0.013949
v 0.042158 0.073168 0.236518
v 0.036166 0.073168 0.548947
v 0.150922 0.073168 0.804001
v 0.652718 0.264726 1.066478
v 0.336599 0.264726 1.216687
v 0.854082 0.264726 0.661214
v 0.863777 0.264726 0.155693
v 0.678100 0.264726 -0.256993
v 0.367972 0.264726 -0.419212
v 0.051853 0.264726 -0.269003
v -0.149511 0.264726 0.136261
v -0.159206 0.264726 0.641782
v 0.026472 0.264726 1.054468
v 0.652718 0.501504 1.066478
v 0.336599 0.501504 1.216687
v 0.854082 0.501504 0.661214
v 0.863777 0.501504 0.155693
v 0.678100 0.501504 -0.256993
v 0.367972 0.501504 -0.419212
v 0.051853 0.501504 -0.269003
v -0.149511 0.501504 0.136261
v -0.159206 0.501504 0.641782
v 0.026472 0.501504 1.054468
v 0.537963 0.693062 0.811424
v 0.342591 0.693062 0.904258
v 0.662413 0.693062 0.560957
v 0.668405 0.693062 0.248528
v 0.553650 0.693062 -0.006526
v 0.361980 0.693062 -0.106783
v 0.166608 0.693062 -0.013949
v 0.042158 0.693062 0.236518
v 0.036166 0.693062 0.548947
v 0.150922 0.693062 0.804001
v 0.352286 0.766230 0.398738
v 0.583722 0.085936 0.646168
v 0.652857 0.082658 0.643749
v 0.643123 0.057838 0.689562
v 0.594237 0.060156 0.691272
v 0.690870 0.120428 0.687620
v 0.670002 0.084546 0.720583
v 0.659748 0.161476 0.733910
v 0.647995 0.113571 0.753315
v 0.590613 0.164754 0.736328
v 0.599110 0.115889 0.755025
v 0.552600 0.126984 0.692457
v 0.572231 0.089181 0.724003
v 0.620860 0.071603 0.735653
v 0.273403 0.472844 -0.331232
v 0.244735 0.500320 -0.338267
v 0.241210 0.495737 -0.307949
v 0.261481 0.476308 -0.302975
v 0.205847 0.489786 -0.336527
v 0.213712 0.488288 -0.306718
v 0.195627 0.451776 -0.327751
v 0.206485 0.461410 -0.300513
v 0.224295 0.424300 -0.320716
v 0.226756 0.441982 -0.295538
v 0.263183 0.434834 -0.322457
v 0.254254 0.449431 -0.296769
v 0.233762 0.471572 -0.290250
v 0.781804 0.170688 0.040526
v 0.815994 0.223109 0.068551
v 0.795088 0.200801 0.111211
v 0.770912 0.163734 0.091394
v 0.781620 0.275976 0.095494
v 0.770782 0.238183 0.130262
v 0.713057 0.276421 0.094412
v 0.722300 0.238498 0.129497
v 0.678867 0.224000 0.066386
v 0.698124 0.201431 0.109680
v 0.713240 0.171134 0.039444
v 0.722430 0.164049 0.090629
v 0.746265 0.191822 0.128247
v 0.669888 0.687838 -0.339676
v 0.775554 0.737408 -0.078664
v 0.626107 0.737408 -0.042762
v 0.884640 0.737408 -0.214264
v 0.911698 0.737408 -0.397767
v 0.846392 0.737408 -0.559081
v 0.713668 0.737408 -0.636590
v 0.564221 0.737408 -0.600687
v 0.455135 0.737408 -0.465088
v 0.428077 0.737408 -0.281585
v 0.493383 0.737408 -0.120271
v 0.840860 0.867184 0.082650
v 0.599050 0.867184 0.140741
v 1.017365 0.867184 -0.136755
v 1.061145 0.867184 -0.433669
v 0.955478 0.867184 -0.694681
v 0.740725 0.867184 -0.820093
v 0.498915 0.867184 -0.762002
v 0.322410 0.867184 -0.542596
v 0.278630 0.867184 -0.245682
v 0.384297 0.867184 0.015329
v 0.840860 1.027596 0.082650
v 0.599050 1.027596 0.140741
v 1.017365 1.027596 -0.136755
v 1.061145 1.027596 -0.433669
v 0.955478 1.027596 -0.694681
v 0.740725 1.027596 -0.820093
v 0.498915 1.027596 -0.762002
v 0.322410 1.027596 -0.542596
v 0.278630 1.027596 -0.245682
v 0.384297 1.027596 0.015329
v 0.775554 1.157372 -0.078664
v 0.626107 1.157372 -0.042762
v 0.884640 1.157372 -0.214264
v 0.911698 1.157372 -0.397767
v 0.846392 1.157372 -0.559081
v 0.713668 1.157372 -0.636590
v 0.564221 1.157372 -0.600687
v 0.455135 1.157372 -0.465088
v 0.428077 1.157372 -0.281585
v 0.493383 1.157372 -0.120271
v 0.669888 1.206942 -0.339676
v 0.693235 0.854415 0.064201
v 0.743976 0.818838 0.060436
v 0.739239 0.822964 0.107537
v 0.703359 0.848121 0.110199
v 0.799412 0.842088 0.075960
v 0.778438 0.839404 0.118514
v 0.804105 0.900914 0.095248
v 0.781756 0.881001 0.132153
v 0.753363 0.936490 0.099013
v 0.745876 0.906157 0.134815
v 0.697928 0.913241 0.083489
v 0.706678 0.889717 0.123838
v 0.740026 0.859133 0.138346
v 0.409657 1.109750 -0.523271
v 0.363748 1.101543 -0.524794
v 0.367937 1.110595 -0.490502
v 0.400400 1.116398 -0.489425
v 0.346031 1.064033 -0.503430
v 0.355410 1.084071 -0.475395
v 0.374224 1.034730 -0.480542
v 0.375345 1.063351 -0.459211
v 0.420133 1.042937 -0.479019
v 0.407808 1.069154 -0.458134
v 0.437850 1.080447 -0.500383
v 0.420335 1.095678 -0.473241
v 0.386187 1.097179 -0.462890
v 0.675582 1.176015 -0.276378
v 0.729481 1.177150 -0.282646
v 0.719530 1.216305 -0.292307
v 0.681418 1.215503 -0.287875
v 0.750942 1.181365 -0.332317
v 0.734705 1.219286 -0.327430
v 0.718505 1.184446 -0.375721
v 0.711769 1.221464 -0.358121
v 0.664606 1.183312 -0.369454
v 0.673657 1.220662 -0.353690
v 0.643145 1.179097 -0.319783
v 0.658481 1.217682 -0.318567
v 0.696407 1.234329 -0.321734
v -0.656073 0.098814 0.026886
v -0.473666 0.198780 0.358810
v -0.689161 0.198780 0.415130
v -0.327844 0.198780 0.175706
v -0.307394 0.198780 -0.064243
v -0.420127 0.198780 -0.269383
v -0.622984 0.198780 -0.361358
v -0.838479 0.198780 -0.305037
v -0.984301 0.198780 -0.121933
v -1.004751 0.198780 0.118015
v -0.892018 0.198780 0.323155
v -0.360933 0.460493 0.563950
v -0.709611 0.460493 0.655079
v -0.124987 0.460493 0.267681
v -0.091898 0.460493 -0.120563
v -0.274305 0.460493 -0.452487
v -0.602534 0.460493 -0.601306
v -0.951213 0.460493 -0.510177
v -1.187158 0.460493 -0.213909
v -1.220247 0.460493 0.174336
v -1.037840 0.460493 0.506259
v -0.360933 0.783989 0.563950
v -0.709611 0.783989 0.655079
v -0.124987 0.783989 0.267681
v -0.091898 0.783989 -0.120563
v -0.274305 0.783989 -0.452487
v -0.602534 0.783989 -0.601306
v -0.951213 0.783989 -0.510177
v -1.187158 0.783989 -0.213909
v -1.220247 0.783989 0.174336
v -1.037840 0.783989 0.506259
v -0.473666 1.045702 0.358810
v -0.689161 1.045702 0.415130
v -0.327844 1.045702 0.175706
v -0.307394 1.045702 -0.064243
v -0.420127 1.045702 -0.269383
v -0.622984 1.045702 -0.361358
v -0.838479 1.045702 -0.305037
v -0.984301 1.045702 -0.121933
v -1.004751 1.045702 0.118015
v -0.892018 1.045702 0.323155
v -0.656073 1.145668 0.026886
v -0.755777 0.193062 -0.035710
v -0.823349 0.194712 -0.036511
v -0.814678 0.143718 -0.037580
v -0.766897 0.142552 -0.037014
v -0.856927 0.177052 -0.092458
v -0.838421 0.131231 -0.077141
v -0.822934 0.157744 -0.147603
v -0.814384 0.117578 -0.116134
v -0.755361 0.156095 -0.146801
v -0.766603 0.116412 -0.115567
v -0.721783 0.173754 -0.090855
v -0.742860 0.128899 -0.076007
v -0.791173 0.111285 -0.070327
v -0.146306 0.750037 -0.096692
v -0.113832 0.784019 -0.107139
v -0.130249 0.798786 -0.077635
v -0.153212 0.774758 -0.070248
v -0.128206 0.826422 -0.124854
v -0.140413 0.828771 -0.090161
v -0.175054 0.834844 -0.132121
v -0.173540 0.834726 -0.095300
v -0.207528 0.800862 -0.121675
v -0.196503 0.810697 -0.087913
v -0.193155 0.758459 -0.103960
v -0.186339 0.780713 -0.075387
v -0.164493 0.809837 -0.069671
v -0.543724 0.899500 -0.446400
v -0.572863 0.945865 -0.482893
v -0.586709 0.959953 -0.436561
v -0.566105 0.927167 -0.410756
v -0.638383 0.946581 -0.489003
v -0.633039 0.960459 -0.440881
v -0.674764 0.900932 -0.458618
v -0.658764 0.928180 -0.419396
v -0.645625 0.854566 -0.422124
v -0.638159 0.895394 -0.393591
v -0.580105 0.853850 -0.416015
v -0.591830 0.894888 -0.389271
v -0.613756 0.939047 -0.399571
v 0.317438 0.890015 -0.047614
v 0.337067 0.937048 0.248830
v 0.184490 0.937048 0.248142
v 0.482146 0.937048 0.136287
v 0.564312 0.937048 -0.046500
v 0.552180 0.937048 -0.229712
v 0.450385 0.937048 -0.343369
v 0.297809 0.937048 -0.344057
v 0.152730 0.937048 -0.231514
v 0.070564 0.937048 -0.048727
v 0.082695 0.937048 0.134485
v 0.349198 1.060181 0.432042
v 0.102324 1.060181 0.430929
v 0.583941 1.060181 0.249943
v 0.716888 1.060181 -0.045812
v 0.697259 1.060181 -0.342256
v 0.532551 1.060181 -0.526156
v 0.285677 1.060181 -0.527269
v 0.050935 1.060181 -0.345170
v -0.082013 1.060181 -0.049415
v -0.062384 1.060181 0.247028
v 0.349198 1.212382 0.432042
v 0.102324 1.212382 0.430929
v 0.583941 1.212382 0.249943
v 0.716888 1.212382 -0.045812
v 0.697259 1.212382 -0.342256
v 0.532551 1.212382 -0.526156
v 0.285677 1.212382 -0.527269
v 0.050935 1.212382 -0.345170
v -0.082013 1.212382 -0.049415
v -0.062384 1.212382 0.247028
v 0.337067 1.335516 0.248830
v 0.184490 1.335516 0.248142
v 0.482146 1.335516 0.136287
v 0.564312 1.335516 -0.046500
v 0.552180 1.335516 -0.229712
v 0.450385 1.335516 -0.343369
v 0.297809 1.335516 -0.344057
v 0.152730 1.335516 -0.231514
v 0.070564 1.335516 -0.048727
v 0.082695 1.335516 0.134485
v 0.317438 1.382549 -0.047614
v 0.270220 1.065691 -0.367506
v 0.204780 1.080570 -0.387191
v 0.196552 1.038296 -0.355404
v 0.242825 1.027774 -0.341485
v 0.170700 1.037615 -0.430604
v 0.172454 1.007922 -0.386102
v 0.202060 0.979781 -0.454332
v 0.194629 0.967027 -0.402880
v 0.267500 0.964901 -0.434647
v 0.240902 0.956506 -0.388961
v 0.301580 1.007856 -0.391234
v 0.265000 0.986879 -0.358263
v 0.211514 0.986907 -0.356137
v 0.149914 1.351015 -0.103341
v 0.111876 1.337576 -0.092748
v 0.115599 1.361965 -0.072490
v 0.142496 1.371468 -0.079980
v 0.105942 1.318511 -0.056129
v 0.111404 1.348484 -0.046596
v 0.138046 1.312884 -0.030103
v 0.134104 1.344505 -0.028193
v 0.176084 1.326323 -0.040696
v 0.161001 1.354008 -0.035684
v 0.182017 1.345388 -0.077316
v 0.165197 1.367489 -0.061577
v 0.135947 1.368771 -0.048853
v 0.600517 1.252791 -0.327962
v 0.603190 1.295629 -0.360848
v 0.577192 1.309546 -0.331813
v 0.575301 1.279255 -0.308559
v 0.560414 1.309307 -0.390961
v 0.546944 1.319218 -0.353106
v 0.514964 1.280147 -0.388188
v 0.514806 1.298599 -0.351145
v 0.512290 1.237309 -0.355302
v 0.512916 1.268308 -0.327891
v 0.555067 1.223631 -0.325189
v 0.543163 1.258636 -0.306598
v 0.539799 1.298230 -0.318162
v 0.708157 0.336918 -0.924271
v 0.769904 0.389560 -0.700915
v 0.638641 0.389560 -0.691798
v 0.877581 0.389560 -0.795346
v 0.920545 0.389560 -0.939023
v 0.882384 0.389560 -1.077065
v 0.777674 0.389560 -1.156745
v 0.646411 0.389560 -1.147628
v 0.538733 0.389560 -1.053196
v 0.495770 0.389560 -0.909520
v 0.533931 0.389560 -0.771478
v 0.808065 0.527379 -0.562873
v 0.595677 0.527379 -0.548121
v 0.982291 0.527379 -0.715666
v 1.051808 0.527379 -0.948140
v 0.990062 0.527379 -1.171496
v 0.820637 0.527379 -1.300421
v 0.608250 0.527379 -1.285669
v 0.434023 0.527379 -1.132876
v 0.364507 0.527379 -0.900403
v 0.426253 0.527379 -0.677046
v 0.808065 0.697732 -0.562873
v 0.595677 0.697732 -0.548121
v 0.982291 0.697732 -0.715666
v 1.051808 0.697732 -0.948140
v 0.990062 0.697732 -1.171496
v 0.820637 0.697732 -1.300421
v 0.608250 0.697732 -1.285669
v 0.434023 0.697732 -1.132876
v 0.364507 0.697732 -0.900403
v 0.426253 0.697732 -0.677046
v 0.769904 0.835550 -0.700915
v 0.638641 0.835550 -0.691798
v 0.877581 0.835550 -0.795346
v 0.920545 0.835550 -0.939023
v 0.882384 0.835550 -1.077065
v 0.777674 0.835550 -1.156745
v 0.646411 0.835550 -1.147628
v 0.538733 0.835550 -1.053196
v 0.495770 0.835550 -0.909520
v 0.533931 0.835550 -0.771478
v 0.708157 0.888192 -0.924271
v 0.905173 0.562045 -1.246595
v 0.866496 0.632143 -1.244227
v 0.839374 0.602218 -1.198109
v 0.866723 0.552651 -1.199784
v 0.789639 0.636244 -1.266394
v 0.785028 0.605118 -1.213784
v 0.751459 0.570248 -1.290929
v 0.758031 0.558452 -1.231133
v 0.790136 0.500150 -1.293297
v 0.785379 0.508885 -1.232807
v 0.866993 0.496049 -1.271130
v 0.839725 0.505985 -1.217132
v 0.805774 0.551163 -1.193379
v 0.865850 0.501837 -1.217526
v 0.812074 0.564069 -1.199558
v 0.789333 0.516899 -1.162013
v 0.827358 0.472894 -1.174718
v 0.732228 0.559615 -1.225871
v 0.732873 0.513750 -1.180619
v 0.706158 0.492929 -1.270153
v 0.714439 0.466596 -1.211931
v 0.759934 0.430696 -1.288121
v 0.752464 0.422591 -1.224636
v 0.839779 0.435150 -1.261808
v 0.808923 0.425740 -1.206030
v 0.764641 0.458297 -1.172400
v 0.652084 0.558445 -0.577747
v 0.688975 0.524712 -0.572386
v 0.681394 0.533236 -0.535636
v 0.655308 0.557088 -0.539427
v 0.734315 0.539378 -0.556362
v 0.713454 0.543606 -0.524306
v 0.742764 0.587778 -0.545700
v 0.719429 0.577830 -0.516766
v 0.705873 0.621511 -0.551061
v 0.693343 0.601683 -0.520557
v 0.660533 0.606845 -0.567084
v 0.661283 0.591312 -0.531888
v 0.683204 0.565118 -0.514168
v 0.369547 0.774530 -0.766494
v 0.473258 0.840850 -0.432581
v 0.311785 0.840850 -0.381666
v 0.595116 0.840850 -0.611039
v 0.630815 0.840850 -0.848876
v 0.566719 0.840850 -1.055246
v 0.427310 0.840850 -1.151323
v 0.265837 0.840850 -1.100408
v 0.143979 0.840850 -0.921950
v 0.108280 0.840850 -0.684112
v 0.172376 0.840850 -0.477742
v 0.537354 1.014478 -0.226210
v 0.276086 1.014478 -0.143829
v 0.734525 1.014478 -0.514962
v 0.792288 1.014478 -0.899791
v 0.688577 1.014478 -1.233705
v 0.463009 1.014478 -1.389160
v 0.201741 1.014478 -1.306778
v 0.004569 1.014478 -1.018026
v -0.053193 1.014478 -0.633198
v 0.050517 1.014478 -0.299284
v 0.537354 1.229095 -0.226210
v 0.276086 1.229095 -0.143829
v 0.734525 1.229095 -0.514962
v 0.792288 1.229095 -0.899791
v 0.688577 1.229095 -1.233705
v 0.463009 1.229095 -1.389160
v 0.201741 1.229095 -1.306778
v 0.004569 1.229095 -1.018026
v -0.053193 1.229095 -0.633198
v 0.050517 1.229095 -0.299284
v 0.473258 1.402723 -0.432581
v 0.311785 1.402723 -0.381666
v 0.595116 1.402723 -0.611039
v 0.630815 1.402723 -0.848876
v 0.566719 1.402723 -1.055246
v 0.427310 1.402723 -1.151323
v 0.265837 1.402723 -1.100408
v 0.143979 1.402723 -0.921950
v 0.108280 1.402723 -0.684112
v 0.172376 1.402723 -0.477742
v 0.369547 1.469043 -0.766494
v 0.755469 0.977626 -0.790567
v 0.790906 1.003905 -0.776219
v 0.773693 0.998432 -0.745649
v 0.748636 0.979849 -0.755794
v 0.783317 1.047528 -0.762371
v 0.768327 1.029278 -0.735857
v 0.740291 1.064870 -0.762871
v 0.737903 1.041541 -0.736211
v 0.704854 1.038591 -0.777219
v 0.712845 1.022958 -0.746356
v 0.712443 0.994968 -0.791067
v 0.718212 0.992113 -0.756148
v 0.741360 1.006324 -0.733279
v 0.480985 1.276870 -1.274918
v 0.459358 1.311429 -1.297896
v 0.447833 1.317161 -1.264471
v 0.463126 1.292724 -1.248223
v 0.412987 1.310008 -1.304045
v 0.415044 1.316156 -1.268819
v 0.388243 1.274027 -1.287216
v 0.397548 1.290714 -1.256918
v 0.409870 1.239468 -1.264237
v 0.412840 1.266276 -1.240670
v 0.456241 1.240889 -1.258089
v 0.445630 1.267281 -1.236323
v 0.428565 1.298458 -1.240767
v 0.235881 1.420795 -0.599975
v 0.240236 1.397486 -0.538275
v 0.253805 1.445732 -0.531377
v 0.250726 1.462214 -0.575005
v 0.299451 1.390031 -0.509864
v 0.295677 1.440461 -0.511287
v 0.354312 1.405886 -0.543152
v 0.334469 1.451672 -0.534825
v 0.349957 1.429195 -0.604853
v 0.331390 1.468154 -0.578454
v 0.290742 1.436650 -0.633264
v 0.289518 1.473425 -0.598544
v 0.291562 1.475004 -0.548019
v -0.548348 0.065124 -0.567139
v -0.415040 0.149091 -0.263761
v -0.569738 0.149091 -0.203081
v -0.311260 0.149091 -0.440321
v -0.298041 0.149091 -0.665321
v -0.380430 0.149091 -0.852819
v -0.526958 0.149091 -0.931197
v -0.681657 0.149091 -0.870517
v -0.785436 0.149091 -0.693957
v -0.798656 0.149091 -0.468957
v -0.716267 0.149091 -0.281459
v -0.332650 0.368920 -0.076263
v -0.582958 0.368920 0.021919
v -0.164732 0.368920 -0.361943
v -0.143342 0.368920 -0.726000
v -0.276651 0.368920 -1.029379
v -0.513738 0.368920 -1.156197
v -0.764046 0.368920 -1.058015
v -0.931965 0.368920 -0.772336
v -0.953355 0.368920 -0.408278
v -0.820046 0.368920 -0.104899
v -0.332650 0.640644 -0.076263
v -0.582958 0.640644 0.021919
v -0.164732 0.640644 -0.361943
v -0.143342 0.640644 -0.726000
v -0.276651 0.640644 -1.029379
v -0.513738 0.640644 -1.156197
v -0.764046 0.640644 -1.058015
v -0.931965 0.640644 -0.772336
v -0.953355 0.640644 -0.408278
v -0.820046 0.640644 -0.104899
v -0.415040 0.860473 -0.263761
v -0.569738 0.860473 -0.203081
v -0.311260 0.860473 -0.440321
v -0.298041 0.860473 -0.665321
v -0.380430 0.860473 -0.852819
v -0.526958 0.860473 -0.931197
v -0.681657 0.860473 -0.870517
v -0.785436 0.860473 -0.693957
v -0.798656 0.860473 -0.468957
v -0.716267 0.860473 -0.281459
v -0.548348 0.944440 -0.567139
v -0.813308 0.307569 -0.719235
v -0.864989 0.301473 -0.726821
v -0.856782 0.269565 -0.703700
v -0.820238 0.273876 -0.698336
v -0.882678 0.262287 -0.757105
v -0.869290 0.241856 -0.725114
v -0.848687 0.229196 -0.779803
v -0.845255 0.218458 -0.741164
v -0.797006 0.235292 -0.772217
v -0.808711 0.222768 -0.735800
v -0.779317 0.274479 -0.741933
v -0.796203 0.250477 -0.714386
v -0.833471 0.236965 -0.707419
v -0.229132 0.231712 -0.579088
v -0.186995 0.251961 -0.561856
v -0.201554 0.237105 -0.529895
v -0.231349 0.222787 -0.542079
v -0.188861 0.292252 -0.532604
v -0.202874 0.265595 -0.509211
v -0.232865 0.312294 -0.520585
v -0.233990 0.279767 -0.500711
v -0.275002 0.292045 -0.537817
v -0.263785 0.265449 -0.512896
v -0.273136 0.251754 -0.567068
v -0.262465 0.236959 -0.533580
v -0.233362 0.242692 -0.509615
v -0.554623 0.108546 -0.537155
v -0.505659 0.105899 -0.552567
v -0.509170 0.072063 -0.532808
v -0.543793 0.073934 -0.521909
v -0.467639 0.110537 -0.518289
v -0.482286 0.075342 -0.508569
v -0.478583 0.117821 -0.468598
v -0.490025 0.080493 -0.473432
v -0.527547 0.120468 -0.453185
v -0.524648 0.082365 -0.462534
v -0.565567 0.115830 -0.487464
v -0.551532 0.079085 -0.486772
v -0.517036 0.062314 -0.495515
v 0.034938 0.526388 -2.473225
v 0.072733 0.504927 -2.477348
v 0.034938 0.483172 -2.479422
v 0.072733 0.548143 -2.471150
v 0.034938 0.569605 -2.467027
v -0.002858 0.547850 -2.469102
v -0.002858 0.504633 -2.475299
v 0.170006 0.301997 -1.327897
v 0.066928 0.242665 -1.333555
v 0.170006 0.419860 -1.310995
v 0.066928 0.478391 -1.299750
v -0.036150 0.419059 -1.305408
v -0.036150 0.301196 -1.322310
v 0.066928 0.360528 -1.316653
v 0.547546 0.850984 -2.190678
v 0.585347 0.829366 -2.193809
v 0.547546 0.808030 -2.198491
v 0.585347 0.872320 -2.185995
v 0.547546 0.893938 -2.182864
v 0.509745 0.872602 -2.187547
v 0.509745 0.829648 -2.195360
v 0.632445 0.635913 -1.341011
v 0.529351 0.577725 -1.353782
v 0.632445 0.753060 -1.319702
v 0.529351 0.812018 -1.311163
v 0.426257 0.753830 -1.323933
v 0.426257 0.636683 -1.345243
v 0.529351 0.694872 -1.332472
v 0.423328 0.998079 -2.596848
v 0.461047 0.976192 -2.594768
v 0.423328 0.954434 -2.597921
v 0.461047 1.019838 -2.593696
v 0.423328 1.041725 -2.595775
v 0.385609 1.019966 -2.598927
v 0.385609 0.976321 -2.600000
v 0.436622 0.906659 -1.300318
v 0.333752 0.847318 -1.308915
v 0.436622 1.025692 -1.297392
v 0.333752 1.085384 -1.303063
v 0.230883 1.026042 -1.311660
v 0.230883 0.907010 -1.314586
v 0.333752 0.966351 -1.305989
vt 0.500000 0.578125
vt 0.518628 0.605061
vt 0.500000 0.608022
vt 0.533566 0.596766
vt 0.541856 0.584778
vt 0.541856 0.571472
vt 0.533566 0.559484
vt 0.518628 0.551189
vt 0.500000 0.548228
vt 0.481372 0.551189
vt 0.466434 0.559484
vt 0.458144 0.571472
vt 0.458144 0.584778
vt 0.466434 0.596766
vt 0.481372 0.605061
vt 0.534419 0.627897
vt 0.500000 0.633368
vt 0.562022 0.612568
vt 0.577340 0.590418
vt 0.577340 0.565832
vt 0.562022 0.543682
vt 0.534419 0.528353
vt 0.500000 0.522882
vt 0.465581 0.528353
vt 0.437978 0.543682
vt 0.422660 0.565832
vt 0.422660 0.590418
vt 0.437978 0.612568
vt 0.465581 0.627897
vt 0.544971 0.643155
vt 0.500000 0.650303
vt 0.581035 0.623127
vt 0.601049 0.594186
vt 0.601049 0.562064
vt 0.581035 0.533123
vt 0.544971 0.513095
vt 0.500000 0.505947
vt 0.455029 0.513095
vt 0.418965 0.533123
vt 0.398951 0.562064
vt 0.398951 0.594186
vt 0.418965 0.623127
vt 0.455029 0.643155
vt 0.726562 0.548228
vt 0.771534 0.548228
vt 0.775239 0.578125
vt 0.726562 0.578125
vt 0.817605 0.548228
vt 0.789566 0.548228
vt 0.794757 0.578125
vt 0.825106 0.578125
vt 0.749048 0.548228
vt 0.750901 0.578125
vt 0.704077 0.548228
vt 0.702224 0.578125
vt 0.663559 0.548228
vt 0.658368 0.578125
vt 0.635520 0.548228
vt 0.628019 0.578125
vt 0.771534 0.548228
vt 0.726562 0.548228
vt 0.726562 0.578125
vt 0.775239 0.578125
vt 0.681591 0.548228
vt 0.677886 0.578125
vt 0.681591 0.548228
vt 0.677886 0.578125
vt 0.771534 0.608022
vt 0.726562 0.608022
vt 0.789566 0.608022
vt 0.817605 0.608022
vt 0.749048 0.608022
vt 0.704077 0.608022
vt 0.663559 0.608022
vt 0.635520 0.608022
vt 0.726562 0.608022
vt 0.771534 0.608022
vt 0.681591 0.608022
vt 0.681591 0.608022
vt 0.500000 0.578125
vt 0.495643 0.625374
vt 0.455530 0.626409
vt 0.537421 0.606291
vt 0.564905 0.576450
vt 0.567597 0.547249
vt 0.544470 0.529841
vt 0.504357 0.530876
vt 0.462579 0.549959
vt 0.435095 0.579800
vt 0.432403 0.609001
vt 0.492951 0.654575
vt 0.428046 0.656250
vt 0.560548 0.623698
vt 0.605018 0.575414
vt 0.609375 0.528166
vt 0.571954 0.500000
vt 0.507049 0.501675
vt 0.439452 0.532552
vt 0.394982 0.580836
vt 0.390625 0.628084
vt 0.654608 0.553983
vt 0.719513 0.553983
vt 0.719513 0.602267
vt 0.654608 0.602267
vt 0.787111 0.553983
vt 0.787111 0.602267
vt 0.790365 0.553983
vt 0.722768 0.553983
vt 0.722768 0.602267
vt 0.790365 0.602267
vt 0.656620 0.553983
vt 0.656620 0.602267
vt 0.617188 0.553983
vt 0.617188 0.602267
vt 0.798517 0.553983
vt 0.733612 0.553983
vt 0.733612 0.602267
vt 0.798517 0.602267
vt 0.666014 0.553983
vt 0.666014 0.602267
vt 0.662760 0.553983
vt 0.730357 0.553983
vt 0.730357 0.602267
vt 0.662760 0.602267
vt 0.796505 0.553983
vt 0.796505 0.602267
vt 0.835938 0.553983
vt 0.835938 0.602267
vt 0.026736 0.281250
vt 0.073611 0.285762
vt 0.058258 0.319439
vt 0.025112 0.316249
vt 0.101562 0.327306
vt 0.078022 0.348815
vt 0.053868 0.321612
vt 0.090900 0.358374
vt 0.101562 0.321483
vt 0.075378 0.295488
vt 0.082639 0.358374
vt 0.035764 0.375000
vt 0.031496 0.333239
vt 0.064641 0.321483
vt 0.086387 0.375000
vt 0.044844 0.354864
vt 0.068996 0.319001
vt 0.098372 0.333239
vt 0.007812 0.318103
vt 0.042811 0.293007
vt 0.040813 0.355081
vt 0.078022 0.295488
vt 0.040813 0.294407
vt 0.011731 0.319001
vt 0.011731 0.342434
vt 0.069740 0.327661
vt 0.024203 0.297550
vt 0.017510 0.343942
vt 0.049710 0.365234
vt 0.024112 0.366437
vt 0.007812 0.319562
vt 0.058978 0.318191
vt 0.070504 0.351337
vt 0.021624 0.281250
vt 0.068745 0.291101
vt 0.042310 0.295062
vt 0.087848 0.325173
vt 0.062514 0.363474
vt 0.030314 0.342182
vt 0.051736 0.289813
vt 0.068035 0.336688
vt 0.101562 0.330301
vt 0.090037 0.297156
vt 0.101562 0.336688
vt 0.069740 0.375000
vt 0.049710 0.357392
vt 0.072212 0.330301
vt 0.017510 0.351337
vt 0.033380 0.322640
vt 0.097811 0.322640
vt 0.030314 0.291101
vt 0.062514 0.297156
vt 0.664062 0.424099
vt 0.624021 0.389108
vt 0.607367 0.431530
vt 0.635681 0.456272
vt 0.577798 0.382812
vt 0.574683 0.427078
vt 0.671875 0.445946
vt 0.700570 0.401132
vt 0.736431 0.426140
vt 0.716140 0.457828
vt 0.735561 0.382812
vt 0.761173 0.413186
vt 0.713222 0.382812
vt 0.759444 0.409307
vt 0.732873 0.431920
vt 0.700189 0.413186
vt 0.741857 0.409307
vt 0.713162 0.454121
vt 0.745335 0.463608
vt 0.765625 0.431920
vt 0.596848 0.465910
vt 0.754973 0.452019
vt 0.671875 0.426140
vt 0.698411 0.452019
vt 0.737243 0.463608
vt 0.500000 0.578125
vt 0.488176 0.626409
vt 0.450915 0.624988
vt 0.529954 0.609387
vt 0.560290 0.580423
vt 0.567597 0.550582
vt 0.549085 0.531262
vt 0.511824 0.529841
vt 0.470046 0.546863
vt 0.439710 0.575827
vt 0.432403 0.605668
vt 0.480869 0.656250
vt 0.420579 0.653952
vt 0.548466 0.628707
vt 0.597551 0.581844
vt 0.609375 0.533560
vt 0.579421 0.502298
vt 0.519131 0.500000
vt 0.451534 0.527543
vt 0.402449 0.574406
vt 0.390625 0.622690
vt 0.647141 0.553983
vt 0.707431 0.553983
vt 0.707431 0.602267
vt 0.647141 0.602267
vt 0.775029 0.553983
vt 0.775029 0.602267
vt 0.797378 0.553983
vt 0.731769 0.553983
vt 0.731769 0.602267
vt 0.797378 0.602267
vt 0.664171 0.553983
vt 0.664171 0.602267
vt 0.620405 0.553983
vt 0.620405 0.602267
vt 0.805984 0.553983
vt 0.745694 0.553983
vt 0.745694 0.602267
vt 0.805984 0.602267
vt 0.678096 0.553983
vt 0.678096 0.602267
vt 0.655747 0.553983
vt 0.721356 0.553983
vt 0.721356 0.602267
vt 0.655747 0.602267
vt 0.788954 0.553983
vt 0.788954 0.602267
vt 0.832720 0.553983
vt 0.832720 0.602267
vt 0.702729 0.451114
vt 0.749604 0.445443
vt 0.737025 0.394712
vt 0.703880 0.398722
vt 0.681633 0.445443
vt 0.728508 0.455332
vt 0.731593 0.401704
vt 0.698447 0.394712
vt 0.765625 0.470891
vt 0.757839 0.412706
vt 0.734771 0.470891
vt 0.687896 0.476562
vt 0.693391 0.416716
vt 0.726537 0.412706
vt 0.755867 0.476562
vt 0.708992 0.466674
vt 0.717793 0.409724
vt 0.750939 0.416716
vt 0.671875 0.451114
vt 0.691547 0.398722
vt 0.602317 0.402485
vt 0.635463 0.409384
vt 0.612178 0.438092
vt 0.646791 0.442530
vt 0.624974 0.468776
vt 0.591828 0.461876
vt 0.580500 0.428731
vt 0.749778 0.458371
vt 0.702903 0.476562
vt 0.700416 0.421790
vt 0.733561 0.408927
vt 0.765625 0.476562
vt 0.724395 0.467192
vt 0.735454 0.415164
vt 0.764608 0.421790
vt 0.677520 0.439631
vt 0.702308 0.395676
vt 0.687722 0.439631
vt 0.734597 0.421440
vt 0.722827 0.382812
vt 0.689681 0.395676
vt 0.633034 0.382812
vt 0.664062 0.424043
vt 0.643204 0.438408
vt 0.621264 0.409254
vt 0.713105 0.430810
vt 0.759980 0.458371
vt 0.760616 0.408927
vt 0.727471 0.389438
vt 0.708668 0.382958
vt 0.598853 0.475545
vt 0.576913 0.446391
vt 0.607106 0.447665
vt 0.588119 0.413245
vt 0.631999 0.471554
vt 0.072340 0.288511
vt 0.101562 0.331339
vt 0.072020 0.349850
vt 0.051357 0.319566
vt 0.101562 0.344774
vt 0.085383 0.306400
vt 0.060580 0.338516
vt 0.072020 0.365650
vt 0.039981 0.281250
vt 0.028476 0.320732
vt 0.007812 0.359646
vt 0.021035 0.316818
vt 0.056645 0.339582
vt 0.047295 0.369866
vt 0.059409 0.281250
vt 0.083779 0.314431
vt 0.026939 0.281250
vt 0.019253 0.314431
vt 0.033188 0.353264
vt 0.033188 0.359565
vt 0.086127 0.353264
vt 0.500000 0.578125
vt 0.539704 0.617542
vt 0.497927 0.626409
vt 0.566316 0.593619
vt 0.567597 0.563778
vt 0.543059 0.539417
vt 0.502073 0.529841
vt 0.460296 0.538708
vt 0.433684 0.562631
vt 0.432403 0.592472
vt 0.456941 0.616833
vt 0.564243 0.641903
vt 0.496646 0.656250
vt 0.607302 0.603195
vt 0.609375 0.554911
vt 0.569671 0.515494
vt 0.503354 0.500000
vt 0.435757 0.514347
vt 0.392698 0.553055
vt 0.390625 0.601339
vt 0.430329 0.640756
vt 0.723208 0.553983
vt 0.790806 0.553983
vt 0.790806 0.602267
vt 0.723208 0.602267
vt 0.815852 0.553983
vt 0.761660 0.553983
vt 0.761660 0.602267
vt 0.815852 0.602267
vt 0.694063 0.553983
vt 0.694063 0.602267
vt 0.638879 0.553983
vt 0.638879 0.602267
vt 0.796233 0.553983
vt 0.729917 0.553983
vt 0.729917 0.602267
vt 0.796233 0.602267
vt 0.662319 0.553983
vt 0.662319 0.602267
vt 0.637273 0.553983
vt 0.691465 0.553983
vt 0.691465 0.602267
vt 0.637273 0.602267
vt 0.759062 0.553983
vt 0.759062 0.602267
vt 0.814246 0.553983
vt 0.814246 0.602267
vt 0.656892 0.553983
vt 0.656892 0.602267
vt 0.028914 0.283287
vt 0.075789 0.281250
vt 0.069189 0.319847
vt 0.036043 0.321288
vt 0.007812 0.303014
vt 0.044774 0.336132
vt 0.072545 0.304669
vt 0.046410 0.281250
vt 0.083773 0.372126
vt 0.100122 0.330120
vt 0.080461 0.372126
vt 0.033586 0.375000
vt 0.039347 0.332152
vt 0.072493 0.330120
vt 0.085810 0.375000
vt 0.048849 0.341881
vt 0.075427 0.308734
vt 0.101562 0.332152
vt 0.009850 0.305888
vt 0.047850 0.283282
vt 0.054094 0.358680
vt 0.087414 0.345983
vt 0.087414 0.304669
vt 0.054094 0.293320
vt 0.021122 0.308734
vt 0.021122 0.348864
vt 0.664062 0.396548
vt 0.629507 0.382812
vt 0.625257 0.442007
vt 0.649692 0.451719
vt 0.582632 0.386211
vt 0.592111 0.444410
vt 0.675274 0.463571
vt 0.692407 0.416696
vt 0.745588 0.428578
vt 0.733472 0.461724
vt 0.706143 0.382812
vt 0.755300 0.404619
vt 0.604868 0.417080
vt 0.651743 0.413682
vt 0.640981 0.463835
vt 0.607835 0.466238
vt 0.702744 0.395804
vt 0.685610 0.442679
vt 0.740782 0.446950
vt 0.752897 0.413805
vt 0.751254 0.446950
vt 0.726820 0.470910
vt 0.717843 0.441110
vt 0.693674 0.461724
vt 0.684963 0.428578
vt 0.709398 0.404619
vt 0.742543 0.413805
vt 0.672992 0.388598
vt 0.701922 0.432210
vt 0.745959 0.413650
vt 0.725502 0.382812
vt 0.729735 0.476192
vt 0.765625 0.444751
vt 0.742125 0.476192
vt 0.695250 0.476562
vt 0.701569 0.445013
vt 0.734715 0.444751
vt 0.728617 0.476562
vt 0.699688 0.432951
vt 0.744379 0.414175
vt 0.764835 0.445013
vt 0.671875 0.388969
vt 0.724712 0.383075
vt 0.593813 0.382812
vt 0.640688 0.383930
vt 0.633241 0.436440
vt 0.600096 0.435650
vt 0.734804 0.382812
vt 0.751332 0.413650
vt 0.717953 0.406180
vt 0.685041 0.414175
vt 0.701658 0.383075
vt 0.616391 0.474482
vt 0.500000 0.578125
vt 0.529539 0.620571
vt 0.487761 0.626409
vt 0.560034 0.598519
vt 0.567597 0.568678
vt 0.549341 0.542446
vt 0.512239 0.529841
vt 0.470461 0.535679
vt 0.439966 0.557731
vt 0.432403 0.587572
vt 0.450659 0.613804
vt 0.547795 0.646803
vt 0.480197 0.656250
vt 0.597136 0.611124
vt 0.609375 0.562840
vt 0.579836 0.520394
vt 0.519803 0.500000
vt 0.452205 0.509447
vt 0.402864 0.545126
vt 0.390625 0.593410
vt 0.420164 0.635856
vt 0.706760 0.553983
vt 0.774357 0.553983
vt 0.774357 0.602267
vt 0.706760 0.602267
vt 0.822712 0.553983
vt 0.772761 0.553983
vt 0.772761 0.602267
vt 0.822712 0.602267
vt 0.705163 0.553983
vt 0.705163 0.602267
vt 0.645740 0.553983
vt 0.645740 0.602267
vt 0.806399 0.553983
vt 0.746365 0.553983
vt 0.746365 0.602267
vt 0.806399 0.602267
vt 0.678768 0.553983
vt 0.678768 0.602267
vt 0.630413 0.553983
vt 0.680364 0.553983
vt 0.680364 0.602267
vt 0.630413 0.602267
vt 0.747962 0.553983
vt 0.747962 0.602267
vt 0.807385 0.553983
vt 0.807385 0.602267
vt 0.646726 0.553983
vt 0.646726 0.602267
vt 0.007812 0.285780
vt 0.050719 0.281250
vt 0.046713 0.337927
vt 0.016374 0.341131
vt 0.097594 0.299930
vt 0.079859 0.351136
vt 0.026492 0.299776
vt 0.049703 0.346651
vt 0.094111 0.330783
vt 0.077699 0.297638
vt 0.101562 0.346651
vt 0.058656 0.375000
vt 0.052325 0.350829
vt 0.082665 0.330783
vt 0.058656 0.327670
vt 0.011781 0.308990
vt 0.019180 0.357543
vt 0.052325 0.370751
vt 0.035553 0.356474
vt 0.012343 0.309599
vt 0.067693 0.304583
vt 0.084105 0.337729
vt 0.016374 0.304583
vt 0.046713 0.284538
vt 0.047378 0.313358
vt 0.079859 0.297638
vt 0.019180 0.337729
vt 0.635277 0.384955
vt 0.588402 0.382812
vt 0.592679 0.431041
vt 0.625825 0.432556
vt 0.671875 0.459510
vt 0.701921 0.416450
vt 0.741349 0.439453
vt 0.720103 0.469901
vt 0.734110 0.382812
vt 0.764110 0.415668
vt 0.700661 0.382812
vt 0.747536 0.392234
vt 0.734951 0.422330
vt 0.701805 0.415668
vt 0.736253 0.392234
vt 0.706206 0.435293
vt 0.744379 0.452777
vt 0.765625 0.422330
vt 0.664062 0.417144
vt 0.646180 0.455316
vt 0.611313 0.469873
vt 0.694242 0.469901
vt 0.681451 0.439453
vt 0.712876 0.454500
vt 0.747742 0.452777
vt 0.700085 0.382812
vt 0.746960 0.384636
vt 0.738306 0.447586
vt 0.705161 0.446297
vt 0.759711 0.384636
vt 0.712836 0.391412
vt 0.717448 0.452378
vt 0.750594 0.447586
vt 0.671875 0.396366
vt 0.688484 0.455881
vt 0.737415 0.396366
vt 0.690540 0.394543
vt 0.698411 0.454591
vt 0.731557 0.455881
vt 0.677789 0.394543
vt 0.724664 0.387766
vt 0.725812 0.449799
vt 0.692666 0.454591
vt 0.765625 0.382812
vt 0.754776 0.446297
vt 0.603598 0.465713
vt 0.636744 0.461531
vt 0.616634 0.433760
vt 0.649942 0.428385
vt 0.629994 0.399422
vt 0.596848 0.403604
vt 0.583651 0.436749
vt 0.500000 0.578125
vt 0.535363 0.619405
vt 0.493585 0.626409
vt 0.563633 0.596633
vt 0.567597 0.566792
vt 0.545742 0.541280
vt 0.506415 0.529841
vt 0.464637 0.536845
vt 0.436367 0.559617
vt 0.432403 0.589458
vt 0.454258 0.614970
vt 0.720148 0.514921
vt 0.761925 0.514921
vt 0.783781 0.553983
vt 0.716183 0.553983
vt 0.602960 0.608071
vt 0.557218 0.644917
vt 0.752474 0.514921
vt 0.710696 0.514921
vt 0.700890 0.553983
vt 0.768487 0.553983
vt 0.674979 0.514921
vt 0.643099 0.553983
vt 0.772305 0.514921
vt 0.732977 0.514921
vt 0.736942 0.553983
vt 0.800575 0.553983
vt 0.691200 0.514921
vt 0.669344 0.553983
vt 0.397040 0.548179
vt 0.442782 0.511333
vt 0.700651 0.514921
vt 0.742429 0.514921
vt 0.752235 0.553983
vt 0.684638 0.553983
vt 0.778146 0.514921
vt 0.810026 0.553983
vt 0.680820 0.514921
vt 0.652550 0.553983
vt 0.783781 0.602267
vt 0.716183 0.602267
vt 0.820071 0.553983
vt 0.768487 0.602267
vt 0.820071 0.602267
vt 0.700890 0.602267
vt 0.643099 0.602267
vt 0.736942 0.602267
vt 0.800575 0.602267
vt 0.669344 0.602267
vt 0.633054 0.553983
vt 0.684638 0.602267
vt 0.633054 0.602267
vt 0.752235 0.602267
vt 0.810026 0.602267
vt 0.652550 0.602267
vt 0.761925 0.641329
vt 0.720148 0.641329
vt 0.710696 0.641329
vt 0.752474 0.641329
vt 0.674979 0.641329
vt 0.732977 0.641329
vt 0.772305 0.641329
vt 0.691200 0.641329
vt 0.742429 0.641329
vt 0.700651 0.641329
vt 0.778146 0.641329
vt 0.680820 0.641329
vt 0.742043 0.474709
vt 0.695168 0.476562
vt 0.701184 0.419259
vt 0.734329 0.417948
vt 0.764954 0.476562
vt 0.718079 0.456718
vt 0.730912 0.405227
vt 0.764058 0.419259
vt 0.671875 0.435020
vt 0.698241 0.389884
vt 0.695457 0.435020
vt 0.742332 0.433167
vt 0.734533 0.388573
vt 0.701387 0.389884
vt 0.672546 0.433167
vt 0.719421 0.453011
vt 0.731862 0.402606
vt 0.698716 0.388573
vt 0.765625 0.474709
vt 0.764532 0.417948
vt 0.632767 0.475470
vt 0.599621 0.474995
vt 0.615926 0.447559
vt 0.583150 0.441850
vt 0.599825 0.409179
vt 0.632970 0.409653
vt 0.649441 0.442799
vt 0.725061 0.382812
vt 0.709378 0.420378
vt 0.753670 0.436703
vt 0.764759 0.410140
vt 0.682785 0.467253
vt 0.734866 0.469848
vt 0.649681 0.393723
vt 0.602806 0.382812
vt 0.604320 0.438089
vt 0.637466 0.445803
vt 0.671875 0.476562
vt 0.687558 0.438997
vt 0.738240 0.449869
vt 0.727151 0.476431
vt 0.714150 0.392122
vt 0.757044 0.416723
vt 0.584694 0.425088
vt 0.631569 0.435998
vt 0.624660 0.475697
vt 0.591514 0.467982
vt 0.726222 0.410140
vt 0.749198 0.436703
vt 0.714935 0.448918
vt 0.739029 0.469848
vt 0.613373 0.476562
vt 0.705883 0.476431
vt 0.682907 0.449869
vt 0.693076 0.416723
vt 0.047860 0.321393
vt 0.013555 0.362167
vt 0.057109 0.374555
vt 0.081366 0.345724
vt 0.080715 0.286993
vt 0.033840 0.281250
vt 0.037664 0.326485
vt 0.070810 0.330546
vt 0.007812 0.362796
vt 0.036375 0.322653
vt 0.073244 0.346614
vt 0.053048 0.375000
vt 0.070680 0.281880
vt 0.097502 0.317783
vt 0.028660 0.281880
vt 0.075535 0.281250
vt 0.067146 0.317338
vt 0.034001 0.317783
vt 0.076423 0.281250
vt 0.101562 0.317338
vt 0.085551 0.354803
vt 0.051460 0.365318
vt 0.019259 0.346682
vt 0.019259 0.346614
vt 0.051460 0.356171
vt 0.085551 0.345724
vt 0.500000 0.578125
vt 0.505375 0.626409
vt 0.463597 0.626297
vt 0.545099 0.608078
vt 0.567597 0.578306
vt 0.564276 0.548465
vt 0.536403 0.529953
vt 0.494625 0.529841
vt 0.454901 0.548172
vt 0.432403 0.577944
vt 0.435724 0.607785
vt 0.508696 0.656250
vt 0.441099 0.656069
vt 0.572972 0.626590
vt 0.609375 0.578418
vt 0.604000 0.530135
vt 0.558901 0.500181
vt 0.491304 0.500000
vt 0.427028 0.529660
vt 0.390625 0.577832
vt 0.396000 0.626115
vt 0.667661 0.553983
vt 0.735259 0.553983
vt 0.735259 0.602267
vt 0.667661 0.602267
vt 0.799535 0.553983
vt 0.799535 0.602267
vt 0.794414 0.553983
vt 0.726973 0.553983
vt 0.726973 0.602267
vt 0.794414 0.602267
vt 0.659376 0.553983
vt 0.659376 0.602267
vt 0.617441 0.553983
vt 0.617441 0.602267
vt 0.785464 0.553983
vt 0.717866 0.553983
vt 0.717866 0.602267
vt 0.785464 0.602267
vt 0.653590 0.553983
vt 0.653590 0.602267
vt 0.658711 0.553983
vt 0.726152 0.553983
vt 0.726152 0.602267
vt 0.658711 0.602267
vt 0.793749 0.553983
vt 0.793749 0.602267
vt 0.835684 0.553983
vt 0.835684 0.602267
vt 0.743162 0.465319
vt 0.696287 0.476562
vt 0.690393 0.444618
vt 0.723539 0.436667
vt 0.727654 0.476562
vt 0.691587 0.444103
vt 0.728559 0.421666
vt 0.754061 0.444618
vt 0.671875 0.400400
vt 0.714620 0.390763
vt 0.592776 0.382812
vt 0.639651 0.399166
vt 0.620598 0.437121
vt 0.587453 0.425557
vt 0.664062 0.435232
vt 0.637860 0.462624
vt 0.765625 0.421616
vt 0.739423 0.405765
vt 0.701110 0.405785
vt 0.673131 0.421666
vt 0.753452 0.405785
vt 0.599548 0.464390
vt 0.726062 0.443832
vt 0.679187 0.422327
vt 0.683775 0.461356
vt 0.716921 0.476562
vt 0.685091 0.422327
vt 0.730774 0.391817
vt 0.742667 0.439782
vt 0.710363 0.461356
vt 0.671875 0.391817
vt 0.711438 0.382812
vt 0.706580 0.433415
vt 0.678605 0.439782
vt 0.758313 0.404318
vt 0.739726 0.448622
vt 0.750027 0.404318
vt 0.704343 0.434828
vt 0.723977 0.470195
vt 0.756280 0.448622
vt 0.664062 0.415281
vt 0.624500 0.382812
vt 0.615358 0.411956
vt 0.643334 0.434914
vt 0.582213 0.421301
vt 0.607289 0.450789
vt 0.577042 0.453604
vt 0.708851 0.472247
vt 0.638163 0.467218
vt 0.077821 0.309850
vt 0.041276 0.351864
vt 0.073542 0.365514
vt 0.099383 0.335805
vt 0.101562 0.314714
vt 0.057445 0.281250
vt 0.043553 0.323317
vt 0.074749 0.346980
vt 0.010570 0.284332
vt 0.010407 0.325496
vt 0.010894 0.336680
vt 0.047439 0.294665
vt 0.077900 0.325068
vt 0.052059 0.354777
vt 0.007812 0.294665
vt 0.051930 0.281250
vt 0.039653 0.315582
vt 0.008457 0.325068
vt 0.098805 0.309850
vt 0.072799 0.335805
vt 0.074749 0.365514
vt 0.036183 0.354415
vt 0.036183 0.362150
vt 0.088712 0.354415
vt 0.500000 0.578125
vt 0.519652 0.624515
vt 0.477875 0.626409
vt 0.553923 0.604902
vt 0.567597 0.575061
vt 0.555452 0.546390
vt 0.522125 0.529841
vt 0.480348 0.531735
vt 0.446077 0.551348
vt 0.432403 0.581189
vt 0.444548 0.609860
vt 0.531798 0.653186
vt 0.464201 0.656250
vt 0.587250 0.621451
vt 0.764051 0.514921
vt 0.722273 0.514921
vt 0.719622 0.553983
vt 0.787220 0.553983
vt 0.682134 0.514921
vt 0.654676 0.553983
vt 0.535799 0.500000
vt 0.589723 0.526777
vt 0.468202 0.503064
vt 0.412750 0.534799
vt 0.689074 0.514921
vt 0.730852 0.514921
vt 0.733503 0.553983
vt 0.665905 0.553983
vt 0.770991 0.514921
vt 0.798449 0.553983
vt 0.410277 0.629473
vt 0.690763 0.553983
vt 0.758360 0.553983
vt 0.758360 0.602267
vt 0.690763 0.602267
vt 0.813812 0.553983
vt 0.813812 0.602267
vt 0.719622 0.602267
vt 0.787220 0.602267
vt 0.654676 0.602267
vt 0.816285 0.553983
vt 0.762362 0.553983
vt 0.762362 0.602267
vt 0.816285 0.602267
vt 0.694765 0.553983
vt 0.694765 0.602267
vt 0.639313 0.553983
vt 0.639313 0.602267
vt 0.733503 0.602267
vt 0.665905 0.602267
vt 0.798449 0.602267
vt 0.636840 0.553983
vt 0.636840 0.602267
vt 0.722273 0.641329
vt 0.764051 0.641329
vt 0.682134 0.641329
vt 0.730852 0.641329
vt 0.689074 0.641329
vt 0.770991 0.641329
vt 0.051632 0.325382
vt 0.053854 0.372257
vt 0.097124 0.352246
vt 0.095553 0.319101
vt 0.077973 0.327291
vt 0.031098 0.306492
vt 0.028286 0.355855
vt 0.061432 0.370562
vt 0.033055 0.375000
vt 0.010034 0.330868
vt 0.066139 0.322979
vt 0.082417 0.354186
vt 0.007812 0.283993
vt 0.064568 0.289834
vt 0.031402 0.281250
vt 0.078277 0.302049
vt 0.061646 0.352713
vt 0.028500 0.338006
vt 0.028611 0.281250
vt 0.079275 0.287894
vt 0.078112 0.319101
vt 0.061432 0.352246
vt 0.040939 0.318105
vt 0.028286 0.354186
vt 0.011820 0.322979
vt 0.028500 0.289834
vt 0.061646 0.287894
vt 0.765625 0.435324
vt 0.734055 0.476562
vt 0.720704 0.445306
vt 0.743028 0.416146
vt 0.687180 0.473611
vt 0.687559 0.443219
vt 0.718152 0.473611
vt 0.685233 0.429422
vt 0.728516 0.411972
vt 0.751793 0.443219
vt 0.671875 0.388184
vt 0.719070 0.382812
vt 0.601882 0.382812
vt 0.648757 0.402374
vt 0.630643 0.443840
vt 0.597497 0.430008
vt 0.691436 0.391135
vt 0.724356 0.435324
vt 0.756180 0.416146
vt 0.732902 0.384899
vt 0.706209 0.406473
vt 0.676736 0.411972
vt 0.575174 0.439453
vt 0.604646 0.468840
vt 0.732205 0.384899
vt 0.007812 0.281250
vt 0.045952 0.289155
vt 0.038115 0.343344
vt 0.011146 0.337754
vt 0.092827 0.312783
vt 0.071261 0.360051
vt 0.039345 0.295454
vt 0.055067 0.342329
vt 0.097731 0.332695
vt 0.086614 0.299549
vt 0.101562 0.328505
vt 0.063423 0.320600
vt 0.050469 0.365579
vt 0.077437 0.371169
vt 0.016548 0.296972
vt 0.017323 0.348872
vt 0.023535 0.360796
vt 0.007812 0.313921
vt 0.064317 0.312607
vt 0.075434 0.345752
vt 0.011146 0.312607
vt 0.038115 0.289505
vt 0.039986 0.320383
vt 0.071261 0.299549
vt 0.077437 0.332695
vt 0.050469 0.355796
vt 0.017323 0.345752
vt 0.500000 0.578125
vt 0.526833 0.620021
vt 0.485055 0.626409
vt 0.558361 0.597630
vt 0.567597 0.567789
vt 0.551014 0.541896
vt 0.514945 0.529841
vt 0.473167 0.536229
vt 0.441639 0.558620
vt 0.432403 0.588461
vt 0.448986 0.614354
vt 0.543416 0.645914
vt 0.475819 0.656250
vt 0.594430 0.609684
vt 0.753869 0.514921
vt 0.712092 0.514921
vt 0.703148 0.553983
vt 0.770746 0.553983
vt 0.582542 0.519505
vt 0.609375 0.561400
vt 0.524181 0.500000
vt 0.456584 0.510336
vt 0.405570 0.546566
vt 0.699256 0.514921
vt 0.741033 0.514921
vt 0.749977 0.553983
vt 0.682379 0.553983
vt 0.417458 0.636745
vt 0.390625 0.594850
vt 0.702381 0.553983
vt 0.769979 0.553983
vt 0.769979 0.602267
vt 0.702381 0.602267
vt 0.821467 0.553983
vt 0.770746 0.602267
vt 0.821467 0.602267
vt 0.703148 0.602267
vt 0.644494 0.553983
vt 0.644494 0.602267
vt 0.809105 0.553983
vt 0.750744 0.553983
vt 0.750744 0.602267
vt 0.809105 0.602267
vt 0.683146 0.553983
vt 0.683146 0.602267
vt 0.631658 0.553983
vt 0.682379 0.602267
vt 0.631658 0.602267
vt 0.749977 0.602267
vt 0.808631 0.553983
vt 0.808631 0.602267
vt 0.644020 0.553983
vt 0.644020 0.602267
vt 0.712092 0.641329
vt 0.753869 0.641329
vt 0.741033 0.641329
vt 0.699256 0.641329
vt 0.625455 0.383624
vt 0.664062 0.406900
vt 0.645310 0.456495
vt 0.618011 0.440036
vt 0.695963 0.411052
vt 0.718428 0.457927
vt 0.761443 0.438316
vt 0.745557 0.405170
vt 0.655795 0.429365
vt 0.608920 0.428554
vt 0.606318 0.471807
vt 0.639464 0.472380
vt 0.717617 0.476562
vt 0.694340 0.448323
vt 0.744410 0.431525
vt 0.760869 0.451493
vt 0.671875 0.401448
vt 0.728525 0.398380
vt 0.578580 0.382812
vt 0.584865 0.439462
vt 0.719573 0.385202
vt 0.746873 0.405170
vt 0.711646 0.413651
vt 0.741026 0.438316
vt 0.707881 0.451493
vt 0.680581 0.431525
vt 0.686428 0.398380
vt 0.048134 0.326382
vt 0.016324 0.368084
vt 0.062596 0.375000
vt 0.085089 0.345512
vt 0.079700 0.289762
vt 0.032825 0.281250
vt 0.034905 0.330015
vt 0.068050 0.336034
vt 0.007812 0.366369
vt 0.031110 0.322952
vt 0.073051 0.343087
vt 0.056577 0.373787
vt 0.062919 0.281250
vt 0.095544 0.313599
vt 0.029675 0.281250
vt 0.076550 0.282965
vt 0.065823 0.314812
vt 0.032677 0.313599
vt 0.071431 0.282965
vt 0.101562 0.314812
vt 0.083509 0.345512
vt 0.068050 0.375000
vt 0.048573 0.352432
vt 0.048573 0.368847
vt 0.034905 0.373787
vt 0.017218 0.343087
vt 0.033103 0.315191
vt 0.079978 0.289475
vt 0.085219 0.342705
vt 0.052073 0.360889
vt 0.011260 0.289475
vt 0.058135 0.281250
vt 0.055147 0.336889
vt 0.022001 0.342705
vt 0.101562 0.298742
vt 0.085855 0.349258
vt 0.076272 0.298742
vt 0.029397 0.324459
vt 0.049453 0.367443
vt 0.082598 0.349258
vt 0.098115 0.324459
vt 0.051240 0.332684
vt 0.050272 0.373258
vt 0.083418 0.367443
vt 0.007812 0.315191
vt 0.019564 0.360889
vt 0.019564 0.325511
vt 0.022001 0.358656
vt 0.051890 0.346012
vt 0.055147 0.373919
vt 0.085855 0.356036
vt 0.083418 0.322890
vt 0.050272 0.307628
vt 0.500000 0.578125
vt 0.536001 0.618361
vt 0.494223 0.626409
vt 0.564027 0.594945
vt 0.567597 0.565103
vt 0.545348 0.540236
vt 0.505777 0.529841
vt 0.463999 0.537889
vt 0.435973 0.561305
vt 0.432403 0.591147
vt 0.454652 0.616014
vt 0.720786 0.514921
vt 0.762563 0.514921
vt 0.784813 0.553983
vt 0.717216 0.553983
vt 0.782893 0.514921
vt 0.750110 0.514921
vt 0.764663 0.553983
vt 0.817707 0.553983
vt 0.708332 0.514921
vt 0.697065 0.553983
vt 0.673518 0.514921
vt 0.640735 0.553983
vt 0.509347 0.500000
vt 0.573374 0.516820
vt 0.732339 0.514921
vt 0.690562 0.514921
vt 0.668312 0.553983
vt 0.735909 0.553983
vt 0.670232 0.514921
vt 0.703015 0.514921
vt 0.688462 0.553983
vt 0.635418 0.553983
vt 0.744793 0.514921
vt 0.756060 0.553983
vt 0.779607 0.514921
vt 0.812390 0.553983
vt 0.490653 0.656250
vt 0.426626 0.639430
vt 0.784813 0.602267
vt 0.717216 0.602267
vt 0.764663 0.602267
vt 0.817707 0.602267
vt 0.697065 0.602267
vt 0.640735 0.602267
vt 0.799937 0.553983
vt 0.735909 0.602267
vt 0.799937 0.602267
vt 0.668312 0.602267
vt 0.688462 0.602267
vt 0.635418 0.602267
vt 0.756060 0.602267
vt 0.812390 0.602267
vt 0.653188 0.553983
vt 0.653188 0.602267
vt 0.762563 0.641329
vt 0.720786 0.641329
vt 0.750110 0.641329
vt 0.782893 0.641329
vt 0.708332 0.641329
vt 0.673518 0.641329
vt 0.690562 0.641329
vt 0.732339 0.641329
vt 0.703015 0.641329
vt 0.670232 0.641329
vt 0.744793 0.641329
vt 0.779607 0.641329
vt 0.070732 0.375000
vt 0.023857 0.368587
vt 0.031301 0.335018
vt 0.064446 0.339553
vt 0.068783 0.368587
vt 0.033933 0.327361
vt 0.070747 0.305866
vt 0.095390 0.335018
vt 0.007812 0.292548
vt 0.052277 0.281250
vt 0.038643 0.281250
vt 0.085518 0.289980
vt 0.074902 0.331888
vt 0.041756 0.325715
vt 0.016542 0.298961
vt 0.051392 0.340187
vt 0.083093 0.314936
vt 0.058450 0.285785
vt 0.077512 0.375000
vt 0.101562 0.339553
vt 0.052444 0.300720
vt 0.019955 0.305866
vt 0.019955 0.344185
vt 0.052444 0.364547
vt 0.086247 0.356530
vt 0.086247 0.314936
vt 0.056676 0.281250
vt 0.101562 0.301862
vt 0.086053 0.340092
vt 0.054314 0.325518
vt 0.028424 0.311807
vt 0.063414 0.354008
vt 0.091396 0.326088
vt 0.066655 0.296247
vt 0.099574 0.354008
vt 0.052699 0.375000
vt 0.051501 0.340931
vt 0.084647 0.326088
vt 0.007812 0.353791
vt 0.019762 0.325934
vt 0.057179 0.353791
vt 0.022190 0.311590
vt 0.062247 0.296094
vt 0.086988 0.325934
vt 0.009801 0.295627
vt 0.021168 0.335684
vt 0.052170 0.364350
vt 0.086053 0.296247
vt 0.052170 0.302099
vt 0.021168 0.296094
vt 0.682352 0.457343
vt 0.729227 0.453076
vt 0.725866 0.398528
vt 0.692720 0.401545
vt 0.765625 0.460552
vt 0.751603 0.403814
vt 0.704211 0.460552
vt 0.751086 0.472295
vt 0.746525 0.412118
vt 0.713380 0.403814
vt 0.755148 0.472295
vt 0.708273 0.476562
vt 0.711049 0.415135
vt 0.744194 0.412118
vt 0.671875 0.469086
vt 0.685312 0.409849
vt 0.733289 0.469086
vt 0.686414 0.457343
vt 0.700796 0.401545
vt 0.733941 0.409849
vt 0.591158 0.411733
vt 0.624303 0.401452
vt 0.616773 0.436632
vt 0.650040 0.424317
vt 0.642632 0.457463
vt 0.609486 0.467744
vt 0.583749 0.444879
vt 0.692618 0.635596
vt 0.732722 0.625339
vt 0.692618 0.614942
vt 0.732722 0.645993
vt 0.692618 0.656250
vt 0.652514 0.645853
vt 0.652514 0.625199
vt 0.466055 0.500000
vt 0.506160 0.500275
vt 0.609375 0.652522
vt 0.500000 0.651773
vt 0.617572 0.625339
vt 0.618721 0.645993
vt 0.833852 0.584685
vt 0.830718 0.528356
vt 0.506160 0.501096
vt 0.466055 0.501642
vt 0.500000 0.656250
vt 0.609375 0.654761
vt 0.425951 0.501367
vt 0.390625 0.655501
vt 0.619101 0.645853
vt 0.617952 0.625199
vt 0.831754 0.527973
vt 0.834888 0.584302
vt 0.425951 0.500546
vt 0.390625 0.653262
vt 0.726562 0.500000
vt 0.835938 0.528356
vt 0.726562 0.556329
vt 0.835938 0.584685
vt 0.726562 0.612657
vt 0.617188 0.584302
vt 0.617188 0.527973
vt 0.745866 0.635025
vt 0.785970 0.624343
vt 0.745866 0.613801
vt 0.785970 0.645568
vt 0.745866 0.656250
vt 0.705762 0.645707
vt 0.705762 0.624483
vt 0.519303 0.500000
vt 0.559408 0.500825
vt 0.609375 0.650994
vt 0.500000 0.648745
vt 0.618342 0.624343
vt 0.620268 0.645568
vt 0.833832 0.586638
vt 0.828579 0.528753
vt 0.559408 0.502200
vt 0.519303 0.502752
vt 0.500000 0.656250
vt 0.609375 0.654746
vt 0.479199 0.501927
vt 0.390625 0.654001
vt 0.619886 0.645707
vt 0.617959 0.624483
vt 0.827536 0.529133
vt 0.832789 0.587018
vt 0.479199 0.500551
vt 0.390625 0.650249
vt 0.726562 0.500000
vt 0.835938 0.528753
vt 0.726562 0.557886
vt 0.835938 0.586638
vt 0.726562 0.615771
vt 0.617188 0.587018
vt 0.617188 0.529133
vt 0.800089 0.598950
vt 0.835938 0.584584
vt 0.800089 0.570304
vt 0.835938 0.613230
vt 0.800089 0.627595
vt 0.764241 0.613315
vt 0.764241 0.584669
vt 0.573527 0.500249
vt 0.609375 0.500628
vt 0.586161 0.655899
vt 0.488393 0.654868
vt 0.618066 0.584584
vt 0.618246 0.613230
vt 0.835938 0.617072
vt 0.835446 0.538947
vt 0.609375 0.500756
vt 0.573527 0.500507
vt 0.488393 0.655570
vt 0.586161 0.656250
vt 0.537679 0.500129
vt 0.390625 0.654539
vt 0.617368 0.613315
vt 0.617188 0.584669
vt 0.833050 0.539178
vt 0.833541 0.617303
vt 0.537679 0.500000
vt 0.390625 0.654188
vt 0.714955 0.500000
vt 0.812723 0.538947
vt 0.714955 0.578125
vt 0.812723 0.617072
vt 0.714955 0.656250
vt 0.617188 0.617303
vt 0.617188 0.539178
vn 0.027705 -0.998579 0.045519
vn 0.077454 -0.996330 0.036421
vn 0.111611 -0.993548 0.020156
vn 0.123726 -0.992316 0.000000
vn 0.111611 -0.993548 -0.020156
vn 0.077454 -0.996330 -0.036421
vn 0.027705 -0.998579 -0.045519
vn -0.027705 -0.998579 -0.045519
vn -0.077454 -0.996330 -0.036421
vn -0.111611 -0.993548 -0.020156
vn -0.123726 -0.992316 -0.000000
vn -0.111611 -0.993548 0.020156
vn -0.077454 -0.996330 0.036421
vn -0.027705 -0.998579 0.045519
vn 0.091737 -0.984311 0.150722
vn 0.250900 -0.960796 0.117982
vn 0.352339 -0.933707 0.063629
vn 0.386317 -0.922366 0.000000
vn 0.352339 -0.933707 -0.063629
vn 0.250900 -0.960796 -0.117982
vn 0.091737 -0.984311 -0.150722
vn -0.091737 -0.984311 -0.150722
vn -0.250900 -0.960796 -0.117982
vn -0.352339 -0.933707 -0.063629
vn -0.386317 -0.922366 -0.000000
vn -0.352339 -0.933707 0.063629
vn -0.250900 -0.960796 0.117982
vn -0.091737 -0.984311 0.150722
vn 0.193719 -0.927994 0.318276
vn 0.491228 -0.839844 0.230993
vn 0.641180 -0.758604 0.115791
vn 0.684179 -0.729314 0.000000
vn 0.641180 -0.758604 -0.115791
vn 0.491228 -0.839844 -0.230993
vn 0.193719 -0.927994 -0.318276
vn -0.193719 -0.927994 -0.318276
vn -0.491228 -0.839844 -0.230993
vn -0.641180 -0.758604 -0.115791
vn -0.684179 -0.729314 -0.000000
vn -0.641180 -0.758604 0.115791
vn -0.491228 -0.839844 0.230993
vn -0.193719 -0.927994 0.318276
vn 0.417643 -0.595592 0.686181
vn 0.821950 -0.418341 0.386510
vn 0.929814 -0.327492 0.167916
vn 0.953159 -0.302468 0.000000
vn 0.929814 -0.327492 -0.167916
vn 0.821950 -0.418341 -0.386510
vn 0.417643 -0.595592 -0.686181
vn -0.417643 -0.595592 -0.686181
vn -0.821950 -0.418341 -0.386510
vn -0.929814 -0.327492 -0.167916
vn -0.953159 -0.302468 -0.000000
vn -0.929814 -0.327492 0.167916
vn -0.821950 -0.418341 0.386510
vn -0.417643 -0.595592 0.686181
vn 0.417643 0.595592 0.686181
vn 0.821950 0.418341 0.386510
vn 0.929814 0.327492 0.167916
vn 0.953159 0.302468 0.000000
vn 0.929814 0.327492 -0.167916
vn 0.821950 0.418341 -0.386510
vn 0.417643 0.595592 -0.686181
vn -0.417643 0.595592 -0.686181
vn -0.821950 0.418341 -0.386510
vn -0.929814 0.327492 -0.167916
vn -0.953159 0.302468 -0.000000
vn -0.929814 0.327492 0.167916
vn -0.821950 0.418341 0.386510
vn -0.417643 0.595592 0.686181
vn 0.193719 0.927994 0.318276
vn 0.491228 0.839844 0.230993
vn 0.641180 0.758604 0.115791
vn 0.684179 0.729314 0.000000
vn 0.641180 0.758604 -0.115791
vn 0.491228 0.839844 -0.230993
vn 0.193719 0.927994 -0.318276
vn -0.193719 0.927994 -0.318276
vn -0.491228 0.839844 -0.230993
vn -0.641180 0.758604 -0.115791
vn -0.684179 0.729314 -0.000000
vn -0.641180 0.758604 0.115791
vn -0.491228 0.839844 0.230993
vn -0.193719 0.927994 0.318276
vn 0.091737 0.984311 0.150722
vn 0.250900 0.960796 0.117982
vn 0.352339 0.933707 0.063629
vn 0.386317 0.922366 0.000000
vn 0.352339 0.933707 -0.063629
vn 0.250900 0.960796 -0.117982
vn 0.091737 0.984311 -0.150722
vn -0.091737 0.984311 -0.150722
vn -0.250900 0.960796 -0.117982
vn -0.352339 0.933707 -0.063629
vn -0.386317 0.922366 -0.000000
vn -0.352339 0.933707 0.063629
vn -0.250900 0.960796 0.117982
vn -0.091737 0.984311 0.150722
vn 0.027705 0.998579 0.045519
vn 0.077454 0.996330 0.036421
vn 0.111611 0.993548 0.020156
vn 0.123726 0.992316 0.000000
vn 0.111611 0.993548 -0.020156
vn 0.077454 0.996330 -0.036421
vn 0.027705 0.998579 -0.045519
vn -0.027705 0.998579 -0.045519
vn -0.077454 0.996330 -0.036421
vn -0.111611 0.993548 -0.020156
vn -0.123726 0.992316 -0.000000
vn -0.111611 0.993548 0.020156
vn -0.077454 0.996330 0.036421
vn -0.027705 0.998579 0.045519
vn 0.007177 -0.989048 0.147418
vn 0.131018 -0.979647 0.152074
vn 0.203695 -0.973969 0.099464
vn 0.200489 -0.979647 0.009801
vn 0.120663 -0.989048 -0.084993
vn -0.007177 -0.989048 -0.147418
vn -0.131018 -0.979647 -0.152074
vn -0.203695 -0.973969 -0.099464
vn -0.200489 -0.979647 -0.009801
vn -0.120663 -0.989048 0.084993
vn 0.025982 -0.845277 0.533696
vn 0.427846 -0.755203 0.496605
vn 0.630876 -0.712107 0.308057
vn 0.654709 -0.755203 0.032006
vn 0.436836 -0.845277 -0.307702
vn -0.025982 -0.845277 -0.533696
vn -0.427846 -0.755203 -0.496605
vn -0.630876 -0.712107 -0.308057
vn -0.654709 -0.755203 -0.032006
vn -0.436836 -0.845277 0.307702
vn 0.048625 0.000000 0.998817
vn 0.652710 -0.000000 0.757608
vn 0.898593 0.000000 0.438783
vn 0.998807 0.000000 0.048828
vn 0.817543 0.000000 -0.575867
vn -0.048625 0.000000 -0.998817
vn -0.652710 -0.000000 -0.757608
vn -0.898593 -0.000000 -0.438783
vn -0.998807 0.000000 -0.048828
vn -0.817543 0.000000 0.575867
vn 0.025982 0.845277 0.533696
vn 0.427846 0.755203 0.496605
vn 0.630876 0.712107 0.308057
vn 0.654709 0.755203 0.032006
vn 0.436836 0.845277 -0.307702
vn -0.025982 0.845277 -0.533696
vn -0.427846 0.755203 -0.496605
vn -0.630876 0.712107 -0.308057
vn -0.654709 0.755203 -0.032006
vn -0.436836 0.845277 0.307702
vn 0.007177 0.989048 0.147418
vn 0.131018 0.979647 0.152074
vn 0.203695 0.973969 0.099464
vn 0.200489 0.979647 0.009801
vn 0.120663 0.989048 -0.084993
vn -0.007177 0.989048 -0.147418
vn -0.131018 0.979647 -0.152074
vn -0.203695 0.973969 -0.099464
vn -0.200489 0.979647 -0.009801
vn -0.120663 0.989048 0.084993
vn -0.195088 -0.798708 -0.569215
vn 0.632048 -0.765394 -0.121189
vn 0.731844 -0.225230 0.643176
vn 0.004504 0.281621 0.959515
vn -0.822632 0.248307 0.511489
vn -0.922428 -0.291858 -0.252876
vn -0.300342 -0.938377 0.171008
vn 0.078817 -0.923105 0.376383
vn 0.124563 -0.675494 0.726768
vn -0.208849 -0.443154 0.871778
vn -0.588009 -0.458425 0.666403
vn -0.633755 -0.706036 0.316018
vn -0.336796 0.884894 0.321764
vn -0.956976 0.285017 -0.054422
vn -0.767450 -0.636755 -0.074589
vn 0.042257 -0.958651 0.281430
vn 0.662437 -0.358774 0.657616
vn 0.472911 0.562998 0.677782
vn -0.480347 0.324010 0.815036
vn -0.764638 0.049026 0.642593
vn -0.677759 -0.373514 0.633348
vn -0.306589 -0.521071 0.796547
vn -0.022298 -0.246088 0.968991
vn -0.109177 0.176453 0.978236
vn 0.393203 0.917017 0.066870
vn -0.468556 0.830320 -0.301701
vn -0.992052 0.074039 -0.101744
vn -0.653787 -0.595545 0.466785
vn 0.207972 -0.508848 0.835357
vn 0.731468 0.247432 0.635399
vn -0.108137 0.776126 0.621237
vn -0.503168 0.736384 0.452284
vn -0.743139 0.389705 0.543944
vn -0.588078 0.082767 0.804558
vn -0.193047 0.122509 0.973511
vn 0.046923 0.469188 0.881851
vn -0.010784 -0.985633 0.168558
vn 0.127714 -0.974067 0.186770
vn 0.215754 -0.967119 0.134653
vn 0.223890 -0.974067 0.032669
vn 0.146680 -0.985633 -0.083745
vn 0.010784 -0.985633 -0.168558
vn -0.127714 -0.974067 -0.186770
vn -0.215754 -0.967119 -0.134653
vn -0.223890 -0.974067 -0.032669
vn -0.146680 -0.985633 0.083745
vn -0.037508 -0.809259 0.586253
vn 0.395894 -0.712795 0.578958
vn 0.631289 -0.668016 0.393992
vn 0.694024 -0.712795 0.101267
vn 0.510159 -0.809259 -0.291268
vn 0.037508 -0.809259 -0.586253
vn -0.395894 -0.712795 -0.578958
vn -0.631289 -0.668016 -0.393992
vn -0.694024 -0.712795 -0.101267
vn -0.510159 -0.809259 0.291268
vn -0.063848 0.000000 0.997960
vn 0.564455 0.000000 0.825464
vn 0.848339 0.000000 0.529454
vn 0.989522 0.000000 0.144384
vn 0.868428 0.000000 -0.495816
vn 0.063848 0.000000 -0.997960
vn -0.564455 -0.000000 -0.825464
vn -0.848339 0.000000 -0.529454
vn -0.989522 0.000000 -0.144384
vn -0.868428 -0.000000 0.495816
vn -0.037508 0.809259 0.586253
vn 0.395894 0.712795 0.578958
vn 0.631289 0.668016 0.393992
vn 0.694024 0.712795 0.101267
vn 0.510159 0.809259 -0.291268
vn 0.037508 0.809259 -0.586253
vn -0.395894 0.712795 -0.578958
vn -0.631289 0.668016 -0.393992
vn -0.694024 0.712795 -0.101267
vn -0.510159 0.809259 0.291268
vn -0.010784 0.985633 0.168558
vn 0.127714 0.974067 0.186770
vn 0.215754 0.967119 0.134653
vn 0.223890 0.974067 0.032669
vn 0.146680 0.985633 -0.083745
vn 0.010784 0.985633 -0.168558
vn -0.127714 0.974067 -0.186770
vn -0.215754 0.967119 -0.134653
vn -0.223890 0.974067 -0.032669
vn -0.146680 0.985633 0.083745
vn 0.132942 -0.504395 -0.853178
vn 0.846319 -0.475658 -0.239778
vn 0.678078 -0.302268 0.669959
vn -0.203540 -0.157615 0.966297
vn -0.916917 -0.186351 0.352897
vn -0.748676 -0.359741 -0.556840
vn -0.017189 -0.963844 -0.265911
vn 0.309823 -0.950671 0.015271
vn 0.232702 -0.871189 0.432295
vn -0.171432 -0.804880 0.568136
vn -0.498444 -0.818053 0.286954
vn -0.421322 -0.897535 -0.130070
vn 0.099423 -0.031077 0.994560
vn -0.769158 0.035738 0.638058
vn -0.938420 -0.244006 -0.244599
vn -0.239101 -0.590564 -0.770756
vn 0.629481 -0.657379 -0.414255
vn 0.798743 -0.377636 0.468403
vn -0.109002 -0.702201 0.703585
vn -0.507160 -0.671573 0.540165
vn -0.584750 -0.799808 0.135554
vn -0.264182 -0.958670 -0.105636
vn 0.133976 -0.989298 0.057784
vn 0.211566 -0.861064 0.462395
vn 0.499821 -0.101737 0.860133
vn 0.637614 0.682243 0.357760
vn -0.013008 0.965320 -0.260745
vn -0.801424 0.464416 -0.376877
vn -0.939217 -0.319564 0.125495
vn -0.288595 -0.602641 0.744000
vn -0.104659 0.354731 0.929092
vn -0.041494 0.714108 0.698804
vn -0.339740 0.843871 0.415282
vn -0.701150 0.614256 0.362046
vn -0.764314 0.254880 0.592334
vn -0.466069 0.125117 0.875857
vn 0.068517 -0.987174 0.144196
vn 0.183297 -0.978830 0.091075
vn 0.227462 -0.973777 0.004362
vn 0.186654 -0.978830 -0.083980
vn 0.073996 -0.987174 -0.141463
vn -0.068517 -0.987174 -0.144196
vn -0.183297 -0.978830 -0.091075
vn -0.227462 -0.973777 -0.004362
vn -0.186654 -0.978830 0.083980
vn -0.073996 -0.987174 0.141463
vn 0.242557 -0.824979 0.510466
vn 0.593800 -0.748566 0.295043
vn 0.703298 -0.710767 0.013488
vn 0.604676 -0.748566 -0.272059
vn 0.261950 -0.824979 -0.500791
vn -0.242557 -0.824979 -0.510466
vn -0.593800 -0.748566 -0.295043
vn -0.703298 -0.710767 -0.013488
vn -0.604676 -0.748566 0.272059
vn -0.261950 -0.824979 0.500791
vn 0.429180 0.000000 0.903219
vn 0.895545 0.000000 0.444971
vn 0.999816 -0.000000 0.019174
vn 0.911947 0.000000 -0.410308
vn 0.463495 -0.000000 -0.886099
vn -0.429180 0.000000 -0.903219
vn -0.895545 -0.000000 -0.444971
vn -0.999816 -0.000000 -0.019174
vn -0.911947 0.000000 0.410308
vn -0.463495 -0.000000 0.886099
vn 0.242557 0.824979 0.510466
vn 0.593800 0.748566 0.295043
vn 0.703298 0.710767 0.013488
vn 0.604676 0.748566 -0.272059
vn 0.261950 0.824979 -0.500791
vn -0.242557 0.824979 -0.510466
vn -0.593800 0.748566 -0.295043
vn -0.703298 0.710767 -0.013488
vn -0.604676 0.748566 0.272059
vn -0.261950 0.824979 0.500791
vn 0.068517 0.987174 0.144196
vn 0.183297 0.978830 0.091075
vn 0.227462 0.973777 0.004362
vn 0.186654 0.978830 -0.083980
vn 0.073996 0.987174 -0.141463
vn -0.068517 0.987174 -0.144196
vn -0.183297 0.978830 -0.091075
vn -0.227462 0.973777 -0.004362
vn -0.186654 0.978830 0.083980
vn -0.073996 0.987174 0.141463
vn -0.058338 -0.872513 -0.485095
vn 0.782452 -0.601854 -0.159815
vn 0.836525 0.016630 0.547677
vn 0.049808 0.364455 0.929888
vn -0.790982 0.093796 0.604607
vn -0.845055 -0.524688 -0.102885
vn -0.036182 -0.962216 0.269873
vn 0.349236 -0.838146 0.418982
vn 0.374023 -0.554632 0.743296
vn 0.013392 -0.395189 0.918502
vn -0.372026 -0.519259 0.769393
vn -0.396813 -0.802773 0.445079
vn 0.655474 0.731739 0.186846
vn -0.254898 0.960045 0.115500
vn -0.916673 0.305858 0.257218
vn -0.668076 -0.576635 0.470284
vn 0.242296 -0.804941 0.541630
vn 0.904071 -0.150754 0.399912
vn 0.286523 0.507080 0.812880
vn -0.130792 0.611735 0.780175
vn -0.434150 0.311856 0.845139
vn -0.320193 -0.092679 0.942808
vn 0.097122 -0.197335 0.975513
vn 0.400480 0.102545 0.910550
vn 0.810034 -0.578748 0.094323
vn 0.808580 0.255652 0.529944
vn -0.007193 0.678149 0.734889
vn -0.821512 0.266245 0.504214
vn -0.820058 -0.568155 0.068593
vn -0.004285 -0.990651 -0.136352
vn 0.358616 -0.611137 0.705625
vn 0.357950 -0.228648 0.905313
vn -0.016000 -0.034975 0.999260
vn -0.389284 -0.223792 0.893518
vn -0.388618 -0.606281 0.693830
vn -0.014667 -0.799954 0.599883
vn 0.040937 -0.984524 0.170403
vn 0.153949 -0.980287 0.123847
vn 0.207783 -0.977695 0.030638
vn 0.183143 -0.980287 -0.074143
vn 0.088377 -0.984524 -0.151336
vn -0.040937 -0.984524 -0.170403
vn -0.153949 -0.980287 -0.123847
vn -0.207783 -0.977695 -0.030638
vn -0.183143 -0.980287 0.074143
vn -0.088377 -0.984524 0.151336
vn 0.140635 -0.798446 0.585410
vn 0.505932 -0.760512 0.407007
vn 0.665841 -0.739606 0.098179
vn 0.601873 -0.760512 -0.243660
vn 0.303615 -0.798446 -0.519905
vn -0.140635 -0.798446 -0.585410
vn -0.505932 -0.760512 -0.407007
vn -0.665841 -0.739606 -0.098179
vn -0.601873 -0.760512 0.243660
vn -0.303615 -0.798446 0.519905
vn 0.233588 0.000000 0.972336
vn 0.779167 0.000000 0.626816
vn 0.989303 0.000000 0.145874
vn 0.926923 0.000000 -0.375252
vn 0.504289 0.000000 -0.863535
vn -0.233588 0.000000 -0.972336
vn -0.779167 0.000000 -0.626816
vn -0.989303 -0.000000 -0.145874
vn -0.926923 0.000000 0.375252
vn -0.504289 0.000000 0.863535
vn 0.140635 0.798446 0.585410
vn 0.505932 0.760512 0.407007
vn 0.665841 0.739606 0.098179
vn 0.601873 0.760512 -0.243660
vn 0.303615 0.798446 -0.519905
vn -0.140635 0.798446 -0.585410
vn -0.505932 0.760512 -0.407007
vn -0.665841 0.739606 -0.098179
vn -0.601873 0.760512 0.243660
vn -0.303615 0.798446 0.519905
vn 0.040937 0.984524 0.170403
vn 0.153949 0.980287 0.123847
vn 0.207783 0.977695 0.030638
vn 0.183143 0.980287 -0.074143
vn 0.088377 0.984524 -0.151336
vn -0.040937 0.984524 -0.170403
vn -0.153949 0.980287 -0.123847
vn -0.207783 0.977695 -0.030638
vn -0.183143 0.980287 0.074143
vn -0.088377 0.984524 0.151336
vn -0.573324 -0.819207 0.014096
vn 0.356060 -0.927106 0.117026
vn 0.882375 -0.208683 0.421742
vn 0.479305 0.617639 0.623529
vn -0.450078 0.725538 0.520600
vn -0.976393 0.007115 0.215884
vn -0.366860 -0.598596 0.712107
vn 0.059170 -0.648057 0.759290
vn 0.300433 -0.318732 0.898972
vn 0.115666 0.060054 0.991471
vn -0.310364 0.109515 0.944288
vn -0.551627 -0.219810 0.804606
vn -0.163636 0.958599 -0.233048
vn -0.904648 0.426156 -0.001972
vn -0.782642 -0.351979 0.513403
vn 0.080377 -0.597670 0.797703
vn 0.821389 -0.065227 0.566627
vn 0.699383 0.712908 0.051251
vn -0.167151 0.838853 0.518060
vn -0.506831 0.594781 0.623985
vn -0.450904 0.238084 0.860234
vn -0.055296 0.125459 0.990557
vn 0.284384 0.369531 0.884631
vn 0.228457 0.726228 0.648383
vn 0.105944 0.263500 0.958824
vn 0.860525 0.317063 0.398708
vn 0.750622 0.390122 -0.533265
vn -0.113862 0.409619 -0.905123
vn -0.868443 0.356057 -0.345007
vn -0.758540 0.282998 0.586966
vn 0.039802 0.865714 0.498955
vn 0.385702 0.890267 0.242197
vn 0.335322 0.923757 -0.185019
vn -0.060957 0.932694 -0.355479
vn -0.406858 0.908141 -0.098722
vn -0.356478 0.874651 0.328495
vn 0.066411 -0.964895 0.254102
vn 0.215135 -0.961438 0.171331
vn 0.281301 -0.959320 0.023974
vn 0.241025 -0.961438 -0.132454
vn 0.108453 -0.964895 -0.239199
vn -0.066411 -0.964895 -0.254102
vn -0.215135 -0.961438 -0.171331
vn -0.281301 -0.959320 -0.023974
vn -0.241025 -0.961438 0.132454
vn -0.108453 -0.964895 0.239199
vn 0.191026 -0.655196 0.730908
vn 0.603326 -0.636502 0.480482
vn 0.777231 -0.625719 0.066241
vn 0.675934 -0.636502 -0.371455
vn 0.311959 -0.655196 -0.688041
vn -0.191026 -0.655196 -0.730908
vn -0.603326 -0.636502 -0.480482
vn -0.777231 -0.625719 -0.066241
vn -0.675934 -0.636502 0.371455
vn -0.311959 -0.655196 0.688041
vn 0.252861 0.000000 0.967503
vn 0.782245 -0.000000 0.622971
vn 0.996388 -0.000000 0.084919
vn 0.876385 0.000000 -0.481612
vn 0.412939 0.000000 -0.910759
vn -0.252861 0.000000 -0.967503
vn -0.782245 -0.000000 -0.622971
vn -0.996388 -0.000000 -0.084919
vn -0.876385 0.000000 0.481612
vn -0.412939 -0.000000 0.910759
vn 0.191026 0.655196 0.730908
vn 0.603326 0.636502 0.480482
vn 0.777231 0.625719 0.066241
vn 0.675934 0.636502 -0.371455
vn 0.311959 0.655196 -0.688041
vn -0.191026 0.655196 -0.730908
vn -0.603326 0.636502 -0.480482
vn -0.777231 0.625719 -0.066241
vn -0.675934 0.636502 0.371455
vn -0.311959 0.655196 0.688041
vn 0.066411 0.964895 0.254102
vn 0.215135 0.961438 0.171331
vn 0.281301 0.959320 0.023974
vn 0.241025 0.961438 -0.132454
vn 0.108453 0.964895 -0.239199
vn -0.066411 0.964895 -0.254102
vn -0.215135 0.961438 -0.171331
vn -0.281301 0.959320 -0.023974
vn -0.241025 0.961438 0.132454
vn -0.108453 0.964895 0.239199
vn -0.012419 -0.023073 0.999657
vn -0.825614 -0.151785 0.543436
vn -0.822276 -0.448986 -0.349678
vn -0.005742 -0.617474 -0.786570
vn 0.807453 -0.488762 -0.330350
vn 0.804115 -0.191561 0.562764
vn -0.025791 -0.719455 0.694060
vn -0.398560 -0.778457 0.484929
vn -0.397029 -0.914693 0.075525
vn -0.022730 -0.991928 -0.124747
vn 0.350039 -0.932927 0.084385
vn 0.348509 -0.796690 0.493788
vn 0.664230 -0.451643 0.595665
vn 0.868520 0.410468 0.277827
vn 0.177554 0.984102 -0.004131
vn -0.717703 0.695625 0.031750
vn -0.921993 -0.166486 0.349588
vn -0.231026 -0.740120 0.631545
vn 0.245307 0.062977 0.967398
vn 0.338953 0.458168 0.821701
vn 0.022214 0.721122 0.692451
vn -0.388172 0.588884 0.708899
vn -0.481819 0.193693 0.854596
vn -0.165079 -0.069261 0.983845
vn 0.818347 0.570304 0.071151
vn 0.036651 0.959105 -0.280667
vn -0.804845 0.588041 -0.080199
vn -0.864645 -0.171824 0.472086
vn -0.082949 -0.560626 0.823904
vn 0.758547 -0.189562 0.623437
vn 0.323893 0.702415 0.633803
vn -0.034437 0.880642 0.472530
vn -0.420178 0.710546 0.564424
vn -0.447591 0.362223 0.817592
vn -0.089261 0.183997 0.978865
vn 0.296481 0.354093 0.886971
vn -0.000707 -0.987639 0.156743
vn 0.114985 -0.982246 0.148226
vn 0.186127 -0.978957 0.083667
vn 0.187187 -0.982246 -0.012395
vn 0.116760 -0.987639 -0.104575
vn 0.000707 -0.987639 -0.156743
vn -0.114985 -0.982246 -0.148226
vn -0.186127 -0.978957 -0.083667
vn -0.187187 -0.982246 0.012395
vn -0.116760 -0.987639 0.104575
vn -0.002516 -0.829891 0.557920
vn 0.385518 -0.777430 0.496969
vn 0.603714 -0.749588 0.271380
vn 0.627595 -0.777430 -0.041556
vn 0.415603 -0.829891 -0.372230
vn 0.002516 -0.829891 -0.557920
vn -0.385518 -0.777430 -0.496969
vn -0.603714 -0.749588 -0.271380
vn -0.627595 -0.777430 0.041556
vn -0.415603 -0.829891 0.372230
vn -0.004510 0.000000 0.999990
vn 0.612936 -0.000000 0.790132
vn 0.912086 0.000000 0.409999
vn 0.997815 0.000000 -0.066071
vn 0.744908 0.000000 -0.667167
vn 0.004510 0.000000 -0.999990
vn -0.612936 -0.000000 -0.790132
vn -0.912086 0.000000 -0.409999
vn -0.997815 0.000000 0.066071
vn -0.744908 -0.000000 0.667167
vn -0.002516 0.829891 0.557920
vn 0.385518 0.777430 0.496969
vn 0.603714 0.749588 0.271380
vn 0.627595 0.777430 -0.041556
vn 0.415603 0.829891 -0.372230
vn 0.002516 0.829891 -0.557920
vn -0.385518 0.777430 -0.496969
vn -0.603714 0.749588 -0.271380
vn -0.627595 0.777430 0.041556
vn -0.415603 0.829891 0.372230
vn -0.000707 0.987639 0.156743
vn 0.114985 0.982246 0.148226
vn 0.186127 0.978957 0.083667
vn 0.187187 0.982246 -0.012395
vn 0.116760 0.987639 -0.104575
vn 0.000707 0.987639 -0.156743
vn -0.114985 0.982246 -0.148226
vn -0.186127 0.978957 -0.083667
vn -0.187187 0.982246 0.012395
vn -0.116760 0.987639 0.104575
vn -0.097753 0.610193 0.786199
vn -0.871062 0.392036 0.295902
vn -0.892200 -0.391137 -0.225812
vn -0.140029 -0.956151 -0.257229
vn 0.633281 -0.737994 0.233068
vn 0.654419 0.045179 0.754781
vn -0.307957 -0.103151 0.945792
vn -0.662442 -0.203154 0.721040
vn -0.672132 -0.562160 0.481886
vn -0.327336 -0.821163 0.467485
vn 0.027149 -0.721160 0.692237
vn 0.036839 -0.362153 0.931390
vn -0.406008 0.619805 -0.671564
vn -0.978919 0.196301 -0.056416
vn -0.637938 -0.125419 0.759806
vn 0.275956 -0.023635 0.960880
vn 0.848867 0.399869 0.345731
vn 0.507885 0.721589 -0.470491
vn -0.330040 0.943886 0.012333
vn -0.592663 0.749752 0.294318
vn -0.436357 0.602275 0.668474
vn -0.017428 0.648933 0.760646
vn 0.245195 0.843067 0.478662
vn 0.088889 0.990544 0.104505
vn 0.774683 0.353934 0.524019
vn 0.371627 0.921944 -0.109148
vn -0.515095 0.766340 -0.383926
vn -0.998760 0.042727 -0.025537
vn -0.595704 -0.525282 0.607631
vn 0.291018 -0.369679 0.882409
vn 0.107134 0.601219 0.791870
vn -0.077627 0.861595 0.501625
vn -0.484100 0.790266 0.375667
vn -0.705813 0.458562 0.539953
vn -0.521051 0.198186 0.830197
vn -0.114578 0.269515 0.956156
vn 0.015647 -0.974170 0.225273
vn 0.161305 -0.969613 0.183932
vn 0.244719 -0.966829 0.073178
vn 0.235799 -0.969613 -0.065186
vn 0.136746 -0.974170 -0.179703
vn -0.015647 -0.974170 -0.225273
vn -0.161305 -0.969613 -0.183932
vn -0.244719 -0.966829 -0.073178
vn -0.235799 -0.969613 0.065186
vn -0.136746 -0.974170 0.179703
vn 0.048546 -0.713523 0.698948
vn 0.481469 -0.683213 0.549006
vn 0.714421 -0.666306 0.213633
vn 0.703820 -0.683213 -0.194569
vn 0.424279 -0.713523 -0.557559
vn -0.048546 -0.713523 -0.698948
vn -0.481469 -0.683213 -0.549006
vn -0.714421 -0.666306 -0.213633
vn -0.703820 -0.683213 0.194569
vn -0.424279 -0.713523 0.557559
vn 0.069289 0.000000 0.997597
vn 0.659348 0.000000 0.751838
vn 0.958082 0.000000 0.286495
vn 0.963848 0.000000 -0.266453
vn 0.605567 0.000000 -0.795794
vn -0.069289 0.000000 -0.997597
vn -0.659348 0.000000 -0.751838
vn -0.958082 -0.000000 -0.286495
vn -0.963848 0.000000 0.266453
vn -0.605567 0.000000 0.795794
vn 0.048546 0.713523 0.698948
vn 0.481469 0.683213 0.549006
vn 0.714421 0.666306 0.213633
vn 0.703820 0.683213 -0.194569
vn 0.424279 0.713523 -0.557559
vn -0.048546 0.713523 -0.698948
vn -0.481469 0.683213 -0.549006
vn -0.714421 0.666306 -0.213633
vn -0.703820 0.683213 0.194569
vn -0.424279 0.713523 0.557559
vn 0.015647 0.974170 0.225273
vn 0.161305 0.969613 0.183932
vn 0.244719 0.966829 0.073178
vn 0.235799 0.969613 -0.065186
vn 0.136746 0.974170 -0.179703
vn -0.015647 0.974170 -0.225273
vn -0.161305 0.969613 -0.183932
vn -0.244719 0.966829 -0.073178
vn -0.235799 0.969613 0.065186
vn -0.136746 0.974170 0.179703
vn 0.685496 0.356790 0.634662
vn -0.098400 0.860230 0.500322
vn -0.878924 0.440273 0.183447
vn -0.875552 -0.483123 0.000912
vn -0.091656 -0.986563 0.135252
vn 0.688868 -0.566606 0.452127
vn 0.103901 0.023743 0.994304
vn -0.255437 0.254520 0.932723
vn -0.613229 0.062012 0.787467
vn -0.611684 -0.361273 0.703793
vn -0.252346 -0.592050 0.765375
vn 0.105447 -0.399542 0.910630
vn 0.598024 0.302459 0.742217
vn -0.264520 0.675429 0.688349
vn -0.948223 0.216209 0.232653
vn -0.769381 -0.615982 -0.169175
vn 0.093164 -0.988951 -0.115307
vn 0.776866 -0.529731 0.340389
vn 0.084498 -0.208320 0.974404
vn -0.310893 -0.037350 0.949711
vn -0.624302 -0.247857 0.740820
vn -0.542321 -0.629333 0.556622
vn -0.146930 -0.800303 0.581315
vn 0.166479 -0.589796 0.790206
vn -0.676938 -0.735390 0.030927
vn 0.211928 -0.941488 0.262080
vn 0.793361 -0.259785 0.550537
vn 0.485927 0.628017 0.607840
vn -0.402938 0.834115 0.376686
vn -0.984371 0.152412 0.088229
vn -0.521695 -0.455930 0.721084
vn -0.114239 -0.550406 0.827045
vn 0.152290 -0.237912 0.959273
vn 0.011363 0.169056 0.985541
vn -0.396094 0.263532 0.879580
vn -0.662622 -0.048962 0.747351
vn 0.056041 -0.982482 0.177730
vn 0.194315 -0.971924 0.132686
vn 0.257275 -0.965566 0.038617
vn 0.224706 -0.971924 -0.069792
vn 0.105750 -0.982482 -0.153445
vn -0.056041 -0.982482 -0.177730
vn -0.194315 -0.971924 -0.132686
vn -0.257275 -0.965566 -0.038617
vn -0.224706 -0.971924 0.069792
vn -0.105750 -0.982482 0.153445
vn 0.188357 -0.779540 0.597360
vn 0.591263 -0.698143 0.403738
vn 0.743812 -0.658998 0.111645
vn 0.683739 -0.698143 -0.212362
vn 0.355431 -0.779540 -0.515738
vn -0.188357 -0.779540 -0.597360
vn -0.591263 -0.698143 -0.403738
vn -0.743812 -0.658998 -0.111645
vn -0.683739 -0.698143 0.212362
vn -0.355431 -0.779540 0.515738
vn 0.300720 0.000000 0.953712
vn 0.825834 -0.000000 0.563913
vn 0.988922 0.000000 0.148436
vn 0.954998 0.000000 -0.296612
vn 0.567462 0.000000 -0.823399
vn -0.300720 0.000000 -0.953712
vn -0.825834 -0.000000 -0.563913
vn -0.988922 -0.000000 -0.148436
vn -0.954998 0.000000 0.296612
vn -0.567462 -0.000000 0.823399
vn 0.188357 0.779540 0.597360
vn 0.591263 0.698143 0.403738
vn 0.743812 0.658998 0.111645
vn 0.683739 0.698143 -0.212362
vn 0.355431 0.779540 -0.515738
vn -0.188357 0.779540 -0.597360
vn -0.591263 0.698143 -0.403738
vn -0.743812 0.658998 -0.111645
vn -0.683739 0.698143 0.212362
vn -0.355431 0.779540 0.515738
vn 0.056041 0.982482 0.177730
vn 0.194315 0.971924 0.132686
vn 0.257275 0.965566 0.038617
vn 0.224706 0.971924 -0.069792
vn 0.105750 0.982482 -0.153445
vn -0.056041 0.982482 -0.177730
vn -0.194315 0.971924 -0.132686
vn -0.257275 0.965566 -0.038617
vn -0.224706 0.971924 0.069792
vn -0.105750 0.982482 0.153445
vn 0.545451 -0.822766 0.159807
vn 0.871664 -0.003931 0.490088
vn 0.278757 0.710215 0.646443
vn -0.640362 0.605527 0.472518
vn -0.966575 -0.213308 0.142237
vn -0.373669 -0.927455 -0.014118
vn 0.144999 -0.617570 0.773034
vn 0.294535 -0.242216 0.924435
vn 0.022747 0.085149 0.996109
vn -0.398578 0.037160 0.916381
vn -0.548114 -0.338194 0.764981
vn -0.276326 -0.665559 0.693307
vn 0.782170 0.600341 0.166736
vn -0.007454 0.985156 -0.171498
vn -0.833267 0.550829 -0.047469
vn -0.869456 -0.268314 0.414792
vn -0.079832 -0.653130 0.753026
vn 0.745981 -0.218802 0.628998
vn 0.261949 0.642642 0.719996
vn -0.100015 0.819042 0.564949
vn -0.478568 0.619946 0.621804
vn -0.495157 0.244451 0.833705
vn -0.133193 0.068051 0.988751
vn 0.245360 0.267147 0.931896
vn -0.955929 0.245927 0.160371
vn -0.433290 -0.006997 0.901228
vn 0.504587 0.062065 0.861127
vn 0.919825 0.384051 0.080170
vn 0.397185 0.636975 -0.660687
vn -0.540692 0.567913 -0.620586
vn -0.478155 0.809915 0.339715
vn -0.238576 0.693974 0.679324
vn 0.191347 0.725633 0.660942
vn 0.381691 0.873231 0.302951
vn 0.142113 0.989171 -0.036658
vn -0.287810 0.957513 -0.018276
vn 0.089761 -0.969317 0.228840
vn 0.257177 -0.954468 0.151165
vn 0.324699 -0.945625 0.019078
vn 0.273110 -0.954468 -0.120008
vn 0.115942 -0.969317 -0.216754
vn -0.089761 -0.969317 -0.228840
vn -0.257177 -0.954468 -0.151165
vn -0.324699 -0.945625 -0.019078
vn -0.273110 -0.954468 0.120008
vn -0.115942 -0.969317 0.216754
vn 0.267277 -0.681360 0.681404
vn 0.687925 -0.602709 0.404352
vn 0.823076 -0.565869 0.048359
vn 0.730543 -0.602709 -0.321011
vn 0.345234 -0.681360 -0.645416
vn -0.267277 -0.681360 -0.681404
vn -0.687925 -0.602709 -0.404352
vn -0.823076 -0.565869 -0.048359
vn -0.730543 -0.602709 0.321011
vn -0.345234 -0.681360 0.645416
vn 0.365158 0.000000 0.930946
vn 0.862104 -0.000000 0.506732
vn 0.998278 0.000000 0.058653
vn 0.915513 0.000000 -0.402289
vn 0.471664 -0.000000 -0.881778
vn -0.365158 0.000000 -0.930946
vn -0.862104 -0.000000 -0.506732
vn -0.998278 0.000000 -0.058653
vn -0.915513 0.000000 0.402289
vn -0.471664 -0.000000 0.881778
vn 0.267277 0.681360 0.681404
vn 0.687925 0.602709 0.404352
vn 0.823076 0.565869 0.048359
vn 0.730543 0.602709 -0.321011
vn 0.345234 0.681360 -0.645416
vn -0.267277 0.681360 -0.681404
vn -0.687925 0.602709 -0.404352
vn -0.823076 0.565869 -0.048359
vn -0.730543 0.602709 0.321011
vn -0.345234 0.681360 0.645416
vn 0.089761 0.969317 0.228840
vn 0.257177 0.954468 0.151165
vn 0.324699 0.945625 0.019078
vn 0.273110 0.954468 -0.120008
vn 0.115942 0.969317 -0.216754
vn -0.089761 0.969317 -0.228840
vn -0.257177 0.954468 -0.151165
vn -0.324699 0.945625 -0.019078
vn -0.273110 0.954468 0.120008
vn -0.115942 0.969317 0.216754
vn -0.184344 0.545172 0.817805
vn -0.901199 0.077233 0.426469
vn -0.732736 -0.669663 -0.121032
vn 0.152581 -0.948621 -0.277197
vn 0.869435 -0.480681 0.114138
vn 0.700973 0.266215 0.661639
vn -0.119655 -0.196580 0.973159
vn -0.448261 -0.411083 0.793771
vn -0.371038 -0.753460 0.542797
vn 0.034792 -0.881334 0.471210
vn 0.363398 -0.666831 0.650599
vn 0.286175 -0.324454 0.901573
vn 0.484303 -0.856689 -0.177578
vn 0.923535 -0.196375 0.329424
vn 0.423217 0.461679 0.779577
vn -0.516333 0.459419 0.722727
vn -0.955565 -0.200895 0.215724
vn -0.455247 -0.858949 -0.234428
vn 0.186558 -0.832356 0.521901
vn 0.387902 -0.529667 0.754311
vn 0.158556 -0.228015 0.960661
vn -0.272134 -0.229051 0.934601
vn -0.473478 -0.531739 0.702191
vn -0.244132 -0.833392 0.495841
vn -0.289107 -0.460206 -0.839421
vn 0.630547 -0.439159 -0.639960
vn 0.916813 -0.313113 0.247821
vn 0.283424 -0.208112 0.936141
vn -0.636230 -0.229159 0.736680
vn -0.922495 -0.355205 -0.151101
vn -0.138815 -0.950570 -0.277753
vn 0.282754 -0.940922 -0.186320
vn 0.413978 -0.883142 0.220639
vn 0.123633 -0.835010 0.536165
vn -0.297937 -0.844658 0.444732
vn -0.429161 -0.902438 0.037773
vn -0.027369 0.141901 -0.989502
vn 0.497508 -0.846065 -0.191470
vn 0.996542 0.011795 -0.082251
vn 0.497508 0.865776 0.054019
vn -0.500561 0.861897 0.081069
vn -0.999596 0.004037 -0.028151
vn -0.500561 -0.849944 -0.164420
vn 0.027369 -0.141901 0.989502
vn 0.020854 0.178930 -0.983641
vn 0.500053 -0.838171 -0.217751
vn 0.998550 0.009634 -0.052962
vn 0.500053 0.861161 0.091367
vn -0.496940 0.864883 0.070906
vn -0.995437 0.017078 -0.093883
vn -0.496940 -0.834449 -0.238212
vn -0.020854 -0.178930 0.983641
vn 0.069205 0.024513 -0.997301
vn 0.501655 -0.864278 -0.036960
vn 0.999822 -0.000463 0.018841
vn 0.501655 0.865050 0.005546
vn -0.494680 0.866748 -0.063551
vn -0.992848 0.002934 -0.119352
vn -0.494680 -0.862580 -0.106057
vn -0.069205 -0.024513 0.997301
f 1/1/1 2/2/1 3/3/1
f 1/1/2 4/4/2 2/2/2
f 1/1/3 5/5/3 4/4/3
f 1/1/4 6/6/4 5/5/4
f 1/1/5 7/7/5 6/6/5
f 1/1/6 8/8/6 7/7/6
f 1/1/7 9/9/7 8/8/7
f 1/1/8 10/10/8 9/9/8
f 1/1/9 11/11/9 10/10/9
f 1/1/10 12/12/10 11/11/10
f 1/1/11 13/13/11 12/12/11
f 1/1/12 14/14/12 13/13/12
f 1/1/13 15/15/13 14/14/13
f 1/1/14 3/3/14 15/15/14
f 3/3/15 2/2/15 16/16/15
f 3/3/15 16/16/15 17/17/15
f 2/2/16 4/4/16 18/18/16
f 2/2/16 18/18/16 16/16/16
f 4/4/17 5/5/17 19/19/17
f 4/4/17 19/19/17 18/18/17
f 5/5/18 6/6/18 20/20/18
f 5/5/18 20/20/18 19/19/18
f 6/6/19 7/7/19 21/21/19
f 6/6/19 21/21/19 20/20/19
f 7/7/20 8/8/20 22/22/20
f 7/7/20 22/22/20 21/21/20
f 8/8/21 9/9/21 23/23/21
f 8/8/21 23/23/21 22/22/21
f 9/9/22 10/10/22 24/24/22
f 9/9/22 24/24/22 23/23/22
f 10/10/23 11/11/23 25/25/23
f 10/10/23 25/25/23 24/24/23
f 11/11/24 12/12/24 26/26/24
f 11/11/24 26/26/24 25/25/24
f 12/12/25 13/13/25 27/27/25
f 12/12/25 27/27/25 26/26/25
f 13/13/26 14/14/26 28/28/26
f 13/13/26 28/28/26 27/27/26
f 14/14/27 15/15/27 29/29/27
f 14/14/27 29/29/27 28/28/27
f 15/15/28 3/3/28 17/17/28
f 15/15/28 17/17/28 29/29/28
f 17/17/29 16/16/29 30/30/29
f 17/17/29 30/30/29 31/31/29
f 16/16/30 18/18/30 32/32/30
f 16/16/30 32/32/30 30/30/30
f 18/18/31 19/19/31 33/33/31
f 18/18/31 33/33/31 32/32/31
f 19/19/32 20/20/32 34/34/32
f 19/19/32 34/34/32 33/33/32
f 20/20/33 21/21/33 35/35/33
f 20/20/33 35/35/33 34/34/33
f 21/21/34 22/22/34 36/36/34
f 21/21/34 36/36/34 35/35/34
f 22/22/35 23/23/35 37/37/35
f 22/22/35 37/37/35 36/36/35
f 23/23/36 24/24/36 38/38/36
f 23/23/36 38/38/36 37/37/36
f 24/24/37 25/25/37 39/39/37
f 24/24/37 39/39/37 38/38/37
f 25/25/38 26/26/38 40/40/38
f 25/25/38 40/40/38 39/39/38
f 26/26/39 27/27/39 41/41/39
f 26/26/39 41/41/39 40/40/39
f 27/27/40 28/28/40 42/42/40
f 27/27/40 42/42/40 41/41/40
f 28/28/41 29/29/41 43/43/41
f 28/28/41 43/43/41 42/42/41
f 29/29/42 17/17/42 31/31/42
f 29/29/42 31/31/42 43/43/42
f 31/44/43 30/45/43 44/46/43
f 31/44/43 44/46/43 45/47/43
f 30/48/44 32/49/44 46/50/44
f 30/48/44 46/50/44 44/51/44
f 32/49/45 33/52/45 47/53/45
f 32/49/45 47/53/45 46/50/45
f 33/52/46 34/54/46 48/55/46
f 33/52/46 48/55/46 47/53/46
f 34/54/47 35/56/47 49/57/47
f 34/54/47 49/57/47 48/55/47
f 35/56/48 36/58/48 50/59/48
f 35/56/48 50/59/48 49/57/48
f 36/60/49 37/61/49 51/62/49
f 36/60/49 51/62/49 50/63/49
f 37/61/50 38/64/50 52/65/50
f 37/61/50 52/65/50 51/62/50
f 38/58/51 39/56/51 53/57/51
f 38/58/51 53/57/51 52/59/51
f 39/56/52 40/54/52 54/55/52
f 39/56/52 54/55/52 53/57/52
f 40/54/53 41/52/53 55/53/53
f 40/54/53 55/53/53 54/55/53
f 41/52/54 42/49/54 56/50/54
f 41/52/54 56/50/54 55/53/54
f 42/49/55 43/48/55 57/51/55
f 42/49/55 57/51/55 56/50/55
f 43/66/56 31/44/56 45/47/56
f 43/66/56 45/47/56 57/67/56
f 45/47/57 44/46/57 58/68/57
f 45/47/57 58/68/57 59/69/57
f 44/51/58 46/50/58 60/70/58
f 44/51/58 60/70/58 58/71/58
f 46/50/59 47/53/59 61/72/59
f 46/50/59 61/72/59 60/70/59
f 47/53/60 48/55/60 62/73/60
f 47/53/60 62/73/60 61/72/60
f 48/55/61 49/57/61 63/74/61
f 48/55/61 63/74/61 62/73/61
f 49/57/62 50/59/62 64/75/62
f 49/57/62 64/75/62 63/74/62
f 50/63/63 51/62/63 65/76/63
f 50/63/63 65/76/63 64/77/63
f 51/62/64 52/65/64 66/78/64
f 51/62/64 66/78/64 65/76/64
f 52/59/65 53/57/65 67/74/65
f 52/59/65 67/74/65 66/75/65
f 53/57/66 54/55/66 68/73/66
f 53/57/66 68/73/66 67/74/66
f 54/55/67 55/53/67 69/72/67
f 54/55/67 69/72/67 68/73/67
f 55/53/68 56/50/68 70/70/68
f 55/53/68 70/70/68 69/72/68
f 56/50/69 57/51/69 71/71/69
f 56/50/69 71/71/69 70/70/69
f 57/67/70 45/47/70 59/69/70
f 57/67/70 59/69/70 71/79/70
f 59/31/71 58/30/71 72/16/71
f 59/31/71 72/16/71 73/17/71
f 58/30/72 60/32/72 74/18/72
f 58/30/72 74/18/72 72/16/72
f 60/32/73 61/33/73 75/19/73
f 60/32/73 75/19/73 74/18/73
f 61/33/74 62/34/74 76/20/74
f 61/33/74 76/20/74 75/19/74
f 62/34/75 63/35/75 77/21/75
f 62/34/75 77/21/75 76/20/75
f 63/35/76 64/36/76 78/22/76
f 63/35/76 78/22/76 77/21/76
f 64/36/77 65/37/77 79/23/77
f 64/36/77 79/23/77 78/22/77
f 65/37/78 66/38/78 80/24/78
f 65/37/78 80/24/78 79/23/78
f 66/38/79 67/39/79 81/25/79
f 66/38/79 81/25/79 80/24/79
f 67/39/80 68/40/80 82/26/80
f 67/39/80 82/26/80 81/25/80
f 68/40/81 69/41/81 83/27/81
f 68/40/81 83/27/81 82/26/81
f 69/41/82 70/42/82 84/28/82
f 69/41/82 84/28/82 83/27/82
f 70/42/83 71/43/83 85/29/83
f 70/42/83 85/29/83 84/28/83
f 71/43/84 59/31/84 73/17/84
f 71/43/84 73/17/84 85/29/84
f 73/17/85 72/16/85 86/2/85
f 73/17/85 86/2/85 87/3/85
f 72/16/86 74/18/86 88/4/86
f 72/16/86 88/4/86 86/2/86
f 74/18/87 75/19/87 89/5/87
f 74/18/87 89/5/87 88/4/87
f 75/19/88 76/20/88 90/6/88
f 75/19/88 90/6/88 89/5/88
f 76/20/89 77/21/89 91/7/89
f 76/20/89 91/7/89 90/6/89
f 77/21/90 78/22/90 92/8/90
f 77/21/90 92/8/90 91/7/90
f 78/22/91 79/23/91 93/9/91
f 78/22/91 93/9/91 92/8/91
f 79/23/92 80/24/92 94/10/92
f 79/23/92 94/10/92 93/9/92
f 80/24/93 81/25/93 95/11/93
f 80/24/93 95/11/93 94/10/93
f 81/25/94 82/26/94 96/12/94
f 81/25/94 96/12/94 95/11/94
f 82/26/95 83/27/95 97/13/95
f 82/26/95 97/13/95 96/12/95
f 83/27/96 84/28/96 98/14/96
f 83/27/96 98/14/96 97/13/96
f 84/28/97 85/29/97 99/15/97
f 84/28/97 99/15/97 98/14/97
f 85/29/98 73/17/98 87/3/98
f 85/29/98 87/3/98 99/15/98
f 87/3/99 86/2/99 100/1/99
f 86/2/100 88/4/100 100/1/100
f 88/4/101 89/5/101 100/1/101
f 89/5/102 90/6/102 100/1/102
f 90/6/103 91/7/103 100/1/103
f 91/7/104 92/8/104 100/1/104
f 92/8/105 93/9/105 100/1/105
f 93/9/106 94/10/106 100/1/106
f 94/10/107 95/11/107 100/1/107
f 95/11/108 96/12/108 100/1/108
f 96/12/109 97/13/109 100/1/109
f 97/13/110 98/14/110 100/1/110
f 98/14/111 99/15/111 100/1/111
f 99/15/112 87/3/112 100/1/112
f 101/80/113 102/81/113 103/82/113
f 101/80/114 104/83/114 102/81/114
f 101/80/115 105/84/115 104/83/115
f 101/80/116 106/85/116 105/84/116
f 101/80/117 107/86/117 106/85/117
f 101/80/118 108/87/118 107/86/118
f 101/80/119 109/88/119 108/87/119
f 101/80/120 110/89/120 109/88/120
f 101/80/121 111/90/121 110/89/121
f 101/80/122 103/82/122 111/90/122
f 103/82/123 102/81/123 112/91/123
f 103/82/123 112/91/123 113/92/123
f 102/81/124 104/83/124 114/93/124
f 102/81/124 114/93/124 112/91/124
f 104/83/125 105/84/125 115/94/125
f 104/83/125 115/94/125 114/93/125
f 105/84/126 106/85/126 116/95/126
f 105/84/126 116/95/126 115/94/126
f 106/85/127 107/86/127 117/96/127
f 106/85/127 117/96/127 116/95/127
f 107/86/128 108/87/128 118/97/128
f 107/86/128 118/97/128 117/96/128
f 108/87/129 109/88/129 119/98/129
f 108/87/129 119/98/129 118/97/129
f 109/88/130 110/89/130 120/99/130
f 109/88/130 120/99/130 119/98/130
f 110/89/131 111/90/131 121/100/131
f 110/89/131 121/100/131 120/99/131
f 111/90/132 103/82/132 113/92/132
f 111/90/132 113/92/132 121/100/132
f 113/101/133 112/102/133 122/103/133
f 113/101/133 122/103/133 123/104/133
f 112/102/134 114/105/134 124/106/134
f 112/102/134 124/106/134 122/103/134
f 114/107/135 115/108/135 125/109/135
f 114/107/135 125/109/135 124/110/135
f 115/108/136 116/111/136 126/112/136
f 115/108/136 126/112/136 125/109/136
f 116/111/137 117/113/137 127/114/137
f 116/111/137 127/114/137 126/112/137
f 117/115/138 118/116/138 128/117/138
f 117/115/138 128/117/138 127/118/138
f 118/116/139 119/119/139 129/120/139
f 118/116/139 129/120/139 128/117/139
f 119/121/140 120/122/140 130/123/140
f 119/121/140 130/123/140 129/124/140
f 120/122/141 121/125/141 131/126/141
f 120/122/141 131/126/141 130/123/141
f 121/125/142 113/127/142 123/128/142
f 121/125/142 123/128/142 131/126/142
f 123/92/143 122/91/143 132/81/143
f 123/92/143 132/81/143 133/82/143
f 122/91/144 124/93/144 134/83/144
f 122/91/144 134/83/144 132/81/144
f 124/93/145 125/94/145 135/84/145
f 124/93/145 135/84/145 134/83/145
f 125/94/146 126/95/146 136/85/146
f 125/94/146 136/85/146 135/84/146
f 126/95/147 127/96/147 137/86/147
f 126/95/147 137/86/147 136/85/147
f 127/96/148 128/97/148 138/87/148
f 127/96/148 138/87/148 137/86/148
f 128/97/149 129/98/149 139/88/149
f 128/97/149 139/88/149 138/87/149
f 129/98/150 130/99/150 140/89/150
f 129/98/150 140/89/150 139/88/150
f 130/99/151 131/100/151 141/90/151
f 130/99/151 141/90/151 140/89/151
f 131/100/152 123/92/152 133/82/152
f 131/100/152 133/82/152 141/90/152
f 133/82/153 132/81/153 142/80/153
f 132/81/154 134/83/154 142/80/154
f 134/83/155 135/84/155 142/80/155
f 135/84/156 136/85/156 142/80/156
f 136/85/157 137/86/157 142/80/157
f 137/86/158 138/87/158 142/80/158
f 138/87/159 139/88/159 142/80/159
f 139/88/160 140/89/160 142/80/160
f 140/89/161 141/90/161 142/80/161
f 141/90/162 133/82/162 142/80/162
f 143/129/163 144/130/163 145/131/163
f 143/129/163 145/131/163 146/132/163
f 144/130/164 147/133/164 148/134/164
f 144/130/164 148/134/164 145/131/164
f 147/135/165 149/136/165 150/137/165
f 147/135/165 150/137/165 148/138/165
f 149/139/166 151/140/166 152/141/166
f 149/139/166 152/141/166 150/142/166
f 151/143/167 153/144/167 154/145/167
f 151/143/167 154/145/167 152/146/167
f 153/144/168 143/147/168 146/148/168
f 153/144/168 146/148/168 154/145/168
f 146/132/169 145/131/169 155/149/169
f 145/131/170 148/134/170 155/149/170
f 148/150/171 150/142/171 155/151/171
f 150/142/172 152/141/172 155/151/172
f 152/141/173 154/152/173 155/151/173
f 154/153/174 146/132/174 155/149/174
f 156/154/175 157/155/175 158/156/175
f 156/154/175 158/156/175 159/157/175
f 157/158/176 160/159/176 161/160/176
f 157/158/176 161/160/176 158/161/176
f 160/159/177 162/162/177 163/163/177
f 160/159/177 163/163/177 161/160/177
f 162/164/178 164/165/178 165/166/178
f 162/164/178 165/166/178 163/167/178
f 164/168/179 166/169/179 167/170/179
f 164/168/179 167/170/179 165/171/179
f 166/172/180 156/173/180 159/174/180
f 166/172/180 159/174/180 167/175/180
f 159/174/181 158/176/181 168/177/181
f 158/161/182 161/160/182 168/178/182
f 161/160/183 163/163/183 168/178/183
f 163/179/184 165/180/184 168/177/184
f 165/180/185 167/175/185 168/177/185
f 167/175/186 159/174/186 168/177/186
f 169/181/187 170/182/187 171/183/187
f 169/181/187 171/183/187 172/184/187
f 170/182/188 173/185/188 174/186/188
f 170/182/188 174/186/188 171/183/188
f 173/187/189 175/188/189 176/189/189
f 173/187/189 176/189/189 174/190/189
f 175/188/190 177/191/190 178/192/190
f 175/188/190 178/192/190 176/189/190
f 177/193/191 179/194/191 180/195/191
f 177/193/191 180/195/191 178/196/191
f 179/197/192 169/198/192 172/199/192
f 179/197/192 172/199/192 180/200/192
f 172/184/193 171/183/193 181/201/193
f 171/183/194 174/186/194 181/201/194
f 174/190/195 176/189/195 181/202/195
f 176/203/196 178/196/196 181/204/196
f 178/196/197 180/195/197 181/204/197
f 180/195/198 172/205/198 181/204/198
f 182/206/199 183/207/199 184/208/199
f 182/206/200 185/209/200 183/207/200
f 182/206/201 186/210/201 185/209/201
f 182/206/202 187/211/202 186/210/202
f 182/206/203 188/212/203 187/211/203
f 182/206/204 189/213/204 188/212/204
f 182/206/205 190/214/205 189/213/205
f 182/206/206 191/215/206 190/214/206
f 182/206/207 192/216/207 191/215/207
f 182/206/208 184/208/208 192/216/208
f 184/208/209 183/207/209 193/217/209
f 184/208/209 193/217/209 194/218/209
f 183/207/210 185/209/210 195/219/210
f 183/207/210 195/219/210 193/217/210
f 185/209/211 186/210/211 196/220/211
f 185/209/211 196/220/211 195/219/211
f 186/210/212 187/211/212 197/221/212
f 186/210/212 197/221/212 196/220/212
f 187/211/213 188/212/213 198/222/213
f 187/211/213 198/222/213 197/221/213
f 188/212/214 189/213/214 199/223/214
f 188/212/214 199/223/214 198/222/214
f 189/213/215 190/214/215 200/224/215
f 189/213/215 200/224/215 199/223/215
f 190/214/216 191/215/216 201/225/216
f 190/214/216 201/225/216 200/224/216
f 191/215/217 192/216/217 202/226/217
f 191/215/217 202/226/217 201/225/217
f 192/216/218 184/208/218 194/218/218
f 192/216/218 194/218/218 202/226/218
f 194/227/219 193/228/219 203/229/219
f 194/227/219 203/229/219 204/230/219
f 193/228/220 195/231/220 205/232/220
f 193/228/220 205/232/220 203/229/220
f 195/233/221 196/234/221 206/235/221
f 195/233/221 206/235/221 205/236/221
f 196/234/222 197/237/222 207/238/222
f 196/234/222 207/238/222 206/235/222
f 197/237/223 198/239/223 208/240/223
f 197/237/223 208/240/223 207/238/223
f 198/241/224 199/242/224 209/243/224
f 198/241/224 209/243/224 208/244/224
f 199/242/225 200/245/225 210/246/225
f 199/242/225 210/246/225 209/243/225
f 200/247/226 201/248/226 211/249/226
f 200/247/226 211/249/226 210/250/226
f 201/248/227 202/251/227 212/252/227
f 201/248/227 212/252/227 211/249/227
f 202/251/228 194/253/228 204/254/228
f 202/251/228 204/254/228 212/252/228
f 204/218/229 203/217/229 213/207/229
f 204/218/229 213/207/229 214/208/229
f 203/217/230 205/219/230 215/209/230
f 203/217/230 215/209/230 213/207/230
f 205/219/231 206/220/231 216/210/231
f 205/219/231 216/210/231 215/209/231
f 206/220/232 207/221/232 217/211/232
f 206/220/232 217/211/232 216/210/232
f 207/221/233 208/222/233 218/212/233
f 207/221/233 218/212/233 217/211/233
f 208/222/234 209/223/234 219/213/234
f 208/222/234 219/213/234 218/212/234
f 209/223/235 210/224/235 220/214/235
f 209/223/235 220/214/235 219/213/235
f 210/224/236 211/225/236 221/215/236
f 210/224/236 221/215/236 220/214/236
f 211/225/237 212/226/237 222/216/237
f 211/225/237 222/216/237 221/215/237
f 212/226/238 204/218/238 214/208/238
f 212/226/238 214/208/238 222/216/238
f 214/208/239 213/207/239 223/206/239
f 213/207/240 215/209/240 223/206/240
f 215/209/241 216/210/241 223/206/241
f 216/210/242 217/211/242 223/206/242
f 217/211/243 218/212/243 223/206/243
f 218/212/244 219/213/244 223/206/244
f 219/213/245 220/214/245 223/206/245
f 220/214/246 221/215/246 223/206/246
f 221/215/247 222/216/247 223/206/247
f 222/216/248 214/208/248 223/206/248
f 224/255/249 225/256/249 226/257/249
f 224/255/249 226/257/249 227/258/249
f 225/259/250 228/260/250 229/261/250
f 225/259/250 229/261/250 226/262/250
f 228/260/251 230/263/251 231/264/251
f 228/260/251 231/264/251 229/261/251
f 230/265/252 232/266/252 233/267/252
f 230/265/252 233/267/252 231/268/252
f 232/269/253 234/270/253 235/271/253
f 232/269/253 235/271/253 233/272/253
f 234/270/254 224/273/254 227/274/254
f 234/270/254 227/274/254 235/271/254
f 227/275/255 226/276/255 236/277/255
f 226/276/256 229/278/256 236/277/256
f 229/278/257 231/279/257 236/277/257
f 231/279/258 233/280/258 236/277/258
f 233/280/259 235/281/259 236/277/259
f 235/281/260 227/275/260 236/277/260
f 237/282/261 238/283/261 239/284/261
f 237/282/261 239/284/261 240/285/261
f 238/286/262 241/287/262 242/288/262
f 238/286/262 242/288/262 239/289/262
f 241/287/263 243/290/263 244/291/263
f 241/287/263 244/291/263 242/288/263
f 243/292/264 245/293/264 246/294/264
f 243/292/264 246/294/264 244/295/264
f 245/296/265 247/297/265 248/298/265
f 245/296/265 248/298/265 246/299/265
f 247/300/266 237/301/266 240/302/266
f 247/300/266 240/302/266 248/303/266
f 240/285/267 239/284/267 249/304/267
f 239/305/268 242/306/268 249/307/268
f 242/306/269 244/308/269 249/307/269
f 244/308/270 246/299/270 249/307/270
f 246/299/271 248/298/271 249/307/271
f 248/298/272 240/309/272 249/307/272
f 250/310/273 251/311/273 252/312/273
f 250/310/273 252/312/273 253/313/273
f 251/314/274 254/315/274 255/316/274
f 251/314/274 255/316/274 252/317/274
f 254/315/275 256/318/275 257/319/275
f 254/315/275 257/319/275 255/316/275
f 256/320/276 258/321/276 259/322/276
f 256/320/276 259/322/276 257/323/276
f 258/321/277 260/324/277 261/325/277
f 258/321/277 261/325/277 259/322/277
f 260/326/278 250/310/278 253/313/278
f 260/326/278 253/313/278 261/327/278
f 253/313/279 252/312/279 262/328/279
f 252/317/280 255/316/280 262/329/280
f 255/316/281 257/319/281 262/329/281
f 257/323/282 259/322/282 262/330/282
f 259/322/283 261/325/283 262/330/283
f 261/327/284 253/313/284 262/328/284
f 263/331/285 264/332/285 265/333/285
f 263/331/286 266/334/286 264/332/286
f 263/331/287 267/335/287 266/334/287
f 263/331/288 268/336/288 267/335/288
f 263/331/289 269/337/289 268/336/289
f 263/331/290 270/338/290 269/337/290
f 263/331/291 271/339/291 270/338/291
f 263/331/292 272/340/292 271/339/292
f 263/331/293 273/341/293 272/340/293
f 263/331/294 265/333/294 273/341/294
f 265/333/295 264/332/295 274/342/295
f 265/333/295 274/342/295 275/343/295
f 264/332/296 266/334/296 276/344/296
f 264/332/296 276/344/296 274/342/296
f 266/334/297 267/335/297 277/345/297
f 266/334/297 277/345/297 276/344/297
f 267/335/298 268/336/298 278/346/298
f 267/335/298 278/346/298 277/345/298
f 268/336/299 269/337/299 279/347/299
f 268/336/299 279/347/299 278/346/299
f 269/337/300 270/338/300 280/348/300
f 269/337/300 280/348/300 279/347/300
f 270/338/301 271/339/301 281/349/301
f 270/338/301 281/349/301 280/348/301
f 271/339/302 272/340/302 282/350/302
f 271/339/302 282/350/302 281/349/302
f 272/340/303 273/341/303 283/351/303
f 272/340/303 283/351/303 282/350/303
f 273/341/304 265/333/304 275/343/304
f 273/341/304 275/343/304 283/351/304
f 275/352/305 274/353/305 284/354/305
f 275/352/305 284/354/305 285/355/305
f 274/356/306 276/357/306 286/358/306
f 274/356/306 286/358/306 284/359/306
f 276/357/307 277/360/307 287/361/307
f 276/357/307 287/361/307 286/358/307
f 277/360/308 278/362/308 288/363/308
f 277/360/308 288/363/308 287/361/308
f 278/364/309 279/365/309 289/366/309
f 278/364/309 289/366/309 288/367/309
f 279/365/310 280/368/310 290/369/310
f 279/365/310 290/369/310 289/366/310
f 280/370/311 281/371/311 291/372/311
f 280/370/311 291/372/311 290/373/311
f 281/371/312 282/374/312 292/375/312
f 281/371/312 292/375/312 291/372/312
f 282/374/313 283/376/313 293/377/313
f 282/374/313 293/377/313 292/375/313
f 283/378/314 275/352/314 285/355/314
f 283/378/314 285/355/314 293/379/314
f 285/343/315 284/342/315 294/332/315
f 285/343/315 294/332/315 295/333/315
f 284/342/316 286/344/316 296/334/316
f 284/342/316 296/334/316 294/332/316
f 286/344/317 287/345/317 297/335/317
f 286/344/317 297/335/317 296/334/317
f 287/345/318 288/346/318 298/336/318
f 287/345/318 298/336/318 297/335/318
f 288/346/319 289/347/319 299/337/319
f 288/346/319 299/337/319 298/336/319
f 289/347/320 290/348/320 300/338/320
f 289/347/320 300/338/320 299/337/320
f 290/348/321 291/349/321 301/339/321
f 290/348/321 301/339/321 300/338/321
f 291/349/322 292/350/322 302/340/322
f 291/349/322 302/340/322 301/339/322
f 292/350/323 293/351/323 303/341/323
f 292/350/323 303/341/323 302/340/323
f 293/351/324 285/343/324 295/333/324
f 293/351/324 295/333/324 303/341/324
f 295/333/325 294/332/325 304/331/325
f 294/332/326 296/334/326 304/331/326
f 296/334/327 297/335/327 304/331/327
f 297/335/328 298/336/328 304/331/328
f 298/336/329 299/337/329 304/331/329
f 299/337/330 300/338/330 304/331/330
f 300/338/331 301/339/331 304/331/331
f 301/339/332 302/340/332 304/331/332
f 302/340/333 303/341/333 304/331/333
f 303/341/334 295/333/334 304/331/334
f 305/380/335 306/381/335 307/382/335
f 305/380/335 307/382/335 308/383/335
f 306/384/336 309/385/336 310/386/336
f 306/384/336 310/386/336 307/387/336
f 309/385/337 311/388/337 312/389/337
f 309/385/337 312/389/337 310/386/337
f 311/390/338 313/391/338 314/392/338
f 311/390/338 314/392/338 312/393/338
f 313/394/339 315/395/339 316/396/339
f 313/394/339 316/396/339 314/397/339
f 315/395/340 305/398/340 308/399/340
f 315/395/340 308/399/340 316/396/340
f 308/383/341 307/382/341 317/400/341
f 307/382/342 310/401/342 317/400/342
f 310/402/343 312/393/343 317/403/343
f 312/393/344 314/392/344 317/403/344
f 314/392/345 316/404/345 317/403/345
f 316/405/346 308/383/346 317/400/346
f 318/406/347 319/407/347 320/408/347
f 318/406/347 320/408/347 321/409/347
f 319/407/348 322/410/348 323/411/348
f 319/407/348 323/411/348 320/408/348
f 322/412/349 324/413/349 325/414/349
f 322/412/349 325/414/349 323/415/349
f 324/413/350 326/416/350 327/417/350
f 324/413/350 327/417/350 325/414/350
f 326/418/351 328/419/351 329/420/351
f 326/418/351 329/420/351 327/421/351
f 328/422/352 318/423/352 321/424/352
f 328/422/352 321/424/352 329/425/352
f 321/426/353 320/427/353 330/428/353
f 320/427/354 323/429/354 330/428/354
f 323/429/355 325/430/355 330/428/355
f 325/430/356 327/431/356 330/428/356
f 327/431/357 329/432/357 330/428/357
f 329/432/358 321/426/358 330/428/358
f 331/433/359 332/434/359 333/435/359
f 331/433/359 333/435/359 334/436/359
f 332/434/360 335/437/360 336/438/360
f 332/434/360 336/438/360 333/435/360
f 335/439/361 337/440/361 338/441/361
f 335/439/361 338/441/361 336/442/361
f 337/443/362 339/444/362 340/445/362
f 337/443/362 340/445/362 338/446/362
f 339/444/363 341/447/363 342/448/363
f 339/444/363 342/448/363 340/445/363
f 341/449/364 331/450/364 334/451/364
f 341/449/364 334/451/364 342/452/364
f 334/453/365 333/454/365 343/455/365
f 333/454/366 336/442/366 343/455/366
f 336/442/367 338/441/367 343/455/367
f 338/441/368 340/456/368 343/455/368
f 340/456/369 342/457/369 343/455/369
f 342/452/370 334/451/370 343/458/370
f 344/459/371 345/460/371 346/461/371
f 344/459/372 347/462/372 345/460/372
f 344/459/373 348/463/373 347/462/373
f 344/459/374 349/464/374 348/463/374
f 344/459/375 350/465/375 349/464/375
f 344/459/376 351/466/376 350/465/376
f 344/459/377 352/467/377 351/466/377
f 344/459/378 353/468/378 352/467/378
f 344/459/379 354/469/379 353/468/379
f 344/459/380 346/461/380 354/469/380
f 346/461/381 345/460/381 355/470/381
f 346/461/381 355/470/381 356/471/381
f 345/460/382 347/462/382 357/472/382
f 345/460/382 357/472/382 355/470/382
f 347/462/383 348/463/383 358/473/383
f 347/462/383 358/473/383 357/472/383
f 348/463/384 349/464/384 359/474/384
f 348/463/384 359/474/384 358/473/384
f 349/464/385 350/465/385 360/475/385
f 349/464/385 360/475/385 359/474/385
f 350/465/386 351/466/386 361/476/386
f 350/465/386 361/476/386 360/475/386
f 351/466/387 352/467/387 362/477/387
f 351/466/387 362/477/387 361/476/387
f 352/467/388 353/468/388 363/478/388
f 352/467/388 363/478/388 362/477/388
f 353/468/389 354/469/389 364/479/389
f 353/468/389 364/479/389 363/478/389
f 354/469/390 346/461/390 356/471/390
f 354/469/390 356/471/390 364/479/390
f 356/480/391 355/481/391 365/482/391
f 356/480/391 365/482/391 366/483/391
f 355/484/392 357/485/392 367/486/392
f 355/484/392 367/486/392 365/487/392
f 357/485/393 358/488/393 368/489/393
f 357/485/393 368/489/393 367/486/393
f 358/488/394 359/490/394 369/491/394
f 358/488/394 369/491/394 368/489/394
f 359/492/395 360/493/395 370/494/395
f 359/492/395 370/494/395 369/495/395
f 360/493/396 361/496/396 371/497/396
f 360/493/396 371/497/396 370/494/396
f 361/498/397 362/499/397 372/500/397
f 361/498/397 372/500/397 371/501/397
f 362/499/398 363/502/398 373/503/398
f 362/499/398 373/503/398 372/500/398
f 363/502/399 364/504/399 374/505/399
f 363/502/399 374/505/399 373/503/399
f 364/506/400 356/480/400 366/483/400
f 364/506/400 366/483/400 374/507/400
f 366/471/401 365/470/401 375/460/401
f 366/471/401 375/460/401 376/461/401
f 365/470/402 367/472/402 377/462/402
f 365/470/402 377/462/402 375/460/402
f 367/472/403 368/473/403 378/463/403
f 367/472/403 378/463/403 377/462/403
f 368/473/404 369/474/404 379/464/404
f 368/473/404 379/464/404 378/463/404
f 369/474/405 370/475/405 380/465/405
f 369/474/405 380/465/405 379/464/405
f 370/475/406 371/476/406 381/466/406
f 370/475/406 381/466/406 380/465/406
f 371/476/407 372/477/407 382/467/407
f 371/476/407 382/467/407 381/466/407
f 372/477/408 373/478/408 383/468/408
f 372/477/408 383/468/408 382/467/408
f 373/478/409 374/479/409 384/469/409
f 373/478/409 384/469/409 383/468/409
f 374/479/410 366/471/410 376/461/410
f 374/479/410 376/461/410 384/469/410
f 376/461/411 375/460/411 385/459/411
f 375/460/412 377/462/412 385/459/412
f 377/462/413 378/463/413 385/459/413
f 378/463/414 379/464/414 385/459/414
f 379/464/415 380/465/415 385/459/415
f 380/465/416 381/466/416 385/459/416
f 381/466/417 382/467/417 385/459/417
f 382/467/418 383/468/418 385/459/418
f 383/468/419 384/469/419 385/459/419
f 384/469/420 376/461/420 385/459/420
f 386/508/421 387/509/421 388/510/421
f 386/508/421 388/510/421 389/511/421
f 387/509/422 390/512/422 391/513/422
f 387/509/422 391/513/422 388/510/422
f 390/514/423 392/515/423 393/516/423
f 390/514/423 393/516/423 391/517/423
f 392/518/424 394/519/424 395/520/424
f 392/518/424 395/520/424 393/521/424
f 394/522/425 396/523/425 397/524/425
f 394/522/425 397/524/425 395/525/425
f 396/526/426 386/527/426 389/528/426
f 396/526/426 389/528/426 397/529/426
f 389/530/427 388/531/427 398/532/427
f 388/531/428 391/533/428 398/532/428
f 391/533/429 393/521/429 398/532/429
f 393/521/430 395/520/430 398/532/430
f 395/520/431 397/534/431 398/532/431
f 397/534/432 389/530/432 398/532/432
f 399/535/433 400/536/433 401/537/433
f 399/535/433 401/537/433 402/538/433
f 400/539/434 403/540/434 404/541/434
f 400/539/434 404/541/434 401/542/434
f 403/540/435 405/543/435 406/544/435
f 403/540/435 406/544/435 404/541/435
f 405/545/436 407/546/436 408/547/436
f 405/545/436 408/547/436 406/548/436
f 407/549/437 409/550/437 410/551/437
f 407/549/437 410/551/437 408/552/437
f 409/553/438 399/535/438 402/538/438
f 409/553/438 402/538/438 410/554/438
f 402/538/439 401/537/439 411/555/439
f 401/556/440 404/557/440 411/558/440
f 404/557/441 406/548/441 411/558/441
f 406/548/442 408/547/442 411/558/442
f 408/547/443 410/559/443 411/558/443
f 410/554/444 402/538/444 411/555/444
f 412/560/445 413/561/445 414/562/445
f 412/560/445 414/562/445 415/563/445
f 413/564/446 416/565/446 417/566/446
f 413/564/446 417/566/446 414/567/446
f 416/565/447 418/568/447 419/569/447
f 416/565/447 419/569/447 417/566/447
f 418/570/448 420/571/448 421/572/448
f 418/570/448 421/572/448 419/573/448
f 420/574/449 422/575/449 423/576/449
f 420/574/449 423/576/449 421/577/449
f 422/575/450 412/578/450 415/579/450
f 422/575/450 415/579/450 423/576/450
f 415/580/451 414/581/451 424/582/451
f 414/581/452 417/583/452 424/582/452
f 417/583/453 419/584/453 424/582/453
f 419/584/454 421/585/454 424/582/454
f 421/585/455 423/586/455 424/582/455
f 423/586/456 415/580/456 424/582/456
f 425/587/457 426/588/457 427/589/457
f 425/587/458 428/590/458 426/588/458
f 425/587/459 429/591/459 428/590/459
f 425/587/460 430/592/460 429/591/460
f 425/587/461 431/593/461 430/592/461
f 425/587/462 432/594/462 431/593/462
f 425/587/463 433/595/463 432/594/463
f 425/587/464 434/596/464 433/595/464
f 425/587/465 435/597/465 434/596/465
f 425/587/466 427/589/466 435/597/466
f 427/598/467 426/599/467 436/600/467
f 427/598/467 436/600/467 437/601/467
f 426/588/468 428/590/468 438/602/468
f 426/588/468 438/602/468 436/603/468
f 428/604/469 429/605/469 439/606/469
f 428/604/469 439/606/469 438/607/469
f 429/605/470 430/608/470 440/609/470
f 429/605/470 440/609/470 439/606/470
f 430/610/471 431/611/471 441/612/471
f 430/610/471 441/612/471 440/613/471
f 431/611/472 432/614/472 442/615/472
f 431/611/472 442/615/472 441/612/472
f 432/594/473 433/595/473 443/616/473
f 432/594/473 443/616/473 442/617/473
f 433/618/474 434/619/474 444/620/474
f 433/618/474 444/620/474 443/621/474
f 434/619/475 435/622/475 445/623/475
f 434/619/475 445/623/475 444/620/475
f 435/624/476 427/598/476 437/601/476
f 435/624/476 437/601/476 445/625/476
f 437/601/477 436/600/477 446/626/477
f 437/601/477 446/626/477 447/627/477
f 436/628/478 438/607/478 448/629/478
f 436/628/478 448/629/478 446/630/478
f 438/607/479 439/606/479 449/631/479
f 438/607/479 449/631/479 448/629/479
f 439/606/480 440/609/480 450/632/480
f 439/606/480 450/632/480 449/631/480
f 440/613/481 441/612/481 451/633/481
f 440/613/481 451/633/481 450/634/481
f 441/612/482 442/615/482 452/635/482
f 441/612/482 452/635/482 451/633/482
f 442/636/483 443/621/483 453/637/483
f 442/636/483 453/637/483 452/638/483
f 443/621/484 444/620/484 454/639/484
f 443/621/484 454/639/484 453/637/484
f 444/620/485 445/623/485 455/640/485
f 444/620/485 455/640/485 454/639/485
f 445/625/486 437/601/486 447/627/486
f 445/625/486 447/627/486 455/641/486
f 447/627/487 446/626/487 456/642/487
f 447/627/487 456/642/487 457/643/487
f 446/603/488 448/602/488 458/590/488
f 446/603/488 458/590/488 456/588/488
f 448/629/489 449/631/489 459/644/489
f 448/629/489 459/644/489 458/645/489
f 449/631/490 450/632/490 460/646/490
f 449/631/490 460/646/490 459/644/490
f 450/634/491 451/633/491 461/647/491
f 450/634/491 461/647/491 460/648/491
f 451/633/492 452/635/492 462/649/492
f 451/633/492 462/649/492 461/647/492
f 452/617/493 453/616/493 463/595/493
f 452/617/493 463/595/493 462/594/493
f 453/637/494 454/639/494 464/650/494
f 453/637/494 464/650/494 463/651/494
f 454/639/495 455/640/495 465/652/495
f 454/639/495 465/652/495 464/650/495
f 455/641/496 447/627/496 457/643/496
f 455/641/496 457/643/496 465/653/496
f 457/589/497 456/588/497 466/587/497
f 456/588/498 458/590/498 466/587/498
f 458/590/499 459/591/499 466/587/499
f 459/591/500 460/592/500 466/587/500
f 460/592/501 461/593/501 466/587/501
f 461/593/502 462/594/502 466/587/502
f 462/594/503 463/595/503 466/587/503
f 463/595/504 464/596/504 466/587/504
f 464/596/505 465/597/505 466/587/505
f 465/597/506 457/589/506 466/587/506
f 467/654/507 468/655/507 469/656/507
f 467/654/507 469/656/507 470/657/507
f 468/658/508 471/659/508 472/660/508
f 468/658/508 472/660/508 469/661/508
f 471/659/509 473/662/509 474/663/509
f 471/659/509 474/663/509 472/660/509
f 473/664/510 475/665/510 476/666/510
f 473/664/510 476/666/510 474/667/510
f 475/668/511 477/669/511 478/670/511
f 475/668/511 478/670/511 476/671/511
f 477/669/512 467/672/512 470/673/512
f 477/669/512 470/673/512 478/670/512
f 470/674/513 469/675/513 479/676/513
f 469/675/514 472/677/514 479/676/514
f 472/677/515 474/678/515 479/676/515
f 474/678/516 476/679/516 479/676/516
f 476/679/517 478/680/517 479/676/517
f 478/680/518 470/674/518 479/676/518
f 480/681/519 481/682/519 482/683/519
f 480/681/519 482/683/519 483/684/519
f 481/682/520 484/685/520 485/686/520
f 481/682/520 485/686/520 482/683/520
f 484/687/521 486/688/521 487/689/521
f 484/687/521 487/689/521 485/690/521
f 486/691/522 488/692/522 489/693/522
f 486/691/522 489/693/522 487/694/522
f 488/692/523 490/695/523 491/696/523
f 488/692/523 491/696/523 489/693/523
f 490/697/524 480/698/524 483/699/524
f 490/697/524 483/699/524 491/700/524
f 483/701/525 482/702/525 492/703/525
f 482/702/526 485/704/526 492/703/526
f 485/690/527 487/689/527 492/705/527
f 487/706/528 489/707/528 492/703/528
f 489/707/529 491/708/529 492/703/529
f 491/708/530 483/701/530 492/703/530
f 493/709/531 494/710/531 495/711/531
f 493/709/531 495/711/531 496/712/531
f 494/713/532 497/714/532 498/715/532
f 494/713/532 498/715/532 495/716/532
f 497/717/533 499/718/533 500/719/533
f 497/717/533 500/719/533 498/720/533
f 499/718/534 501/721/534 502/722/534
f 499/718/534 502/722/534 500/719/534
f 501/723/535 503/724/535 504/725/535
f 501/723/535 504/725/535 502/726/535
f 503/727/536 493/709/536 496/712/536
f 503/727/536 496/712/536 504/728/536
f 496/729/537 495/716/537 505/730/537
f 495/716/538 498/715/538 505/730/538
f 498/715/539 500/731/539 505/730/539
f 500/732/540 502/726/540 505/733/540
f 502/726/541 504/725/541 505/733/541
f 504/725/542 496/734/542 505/733/542
f 506/735/543 507/736/543 508/737/543
f 506/735/544 509/738/544 507/736/544
f 506/735/545 510/739/545 509/738/545
f 506/735/546 511/740/546 510/739/546
f 506/735/547 512/741/547 511/740/547
f 506/735/548 513/742/548 512/741/548
f 506/735/549 514/743/549 513/742/549
f 506/735/550 515/744/550 514/743/550
f 506/735/551 516/745/551 515/744/551
f 506/735/552 508/737/552 516/745/552
f 508/737/553 507/736/553 517/746/553
f 508/737/553 517/746/553 518/747/553
f 507/736/554 509/738/554 519/748/554
f 507/736/554 519/748/554 517/746/554
f 509/738/555 510/739/555 520/749/555
f 509/738/555 520/749/555 519/748/555
f 510/739/556 511/740/556 521/750/556
f 510/739/556 521/750/556 520/749/556
f 511/740/557 512/741/557 522/751/557
f 511/740/557 522/751/557 521/750/557
f 512/741/558 513/742/558 523/752/558
f 512/741/558 523/752/558 522/751/558
f 513/742/559 514/743/559 524/753/559
f 513/742/559 524/753/559 523/752/559
f 514/743/560 515/744/560 525/754/560
f 514/743/560 525/754/560 524/753/560
f 515/744/561 516/745/561 526/755/561
f 515/744/561 526/755/561 525/754/561
f 516/745/562 508/737/562 518/747/562
f 516/745/562 518/747/562 526/755/562
f 518/756/563 517/757/563 527/758/563
f 518/756/563 527/758/563 528/759/563
f 517/757/564 519/760/564 529/761/564
f 517/757/564 529/761/564 527/758/564
f 519/762/565 520/763/565 530/764/565
f 519/762/565 530/764/565 529/765/565
f 520/763/566 521/766/566 531/767/566
f 520/763/566 531/767/566 530/764/566
f 521/766/567 522/768/567 532/769/567
f 521/766/567 532/769/567 531/767/567
f 522/770/568 523/771/568 533/772/568
f 522/770/568 533/772/568 532/773/568
f 523/771/569 524/774/569 534/775/569
f 523/771/569 534/775/569 533/772/569
f 524/776/570 525/777/570 535/778/570
f 524/776/570 535/778/570 534/779/570
f 525/777/571 526/780/571 536/781/571
f 525/777/571 536/781/571 535/778/571
f 526/780/572 518/782/572 528/783/572
f 526/780/572 528/783/572 536/781/572
f 528/747/573 527/746/573 537/736/573
f 528/747/573 537/736/573 538/737/573
f 527/746/574 529/748/574 539/738/574
f 527/746/574 539/738/574 537/736/574
f 529/748/575 530/749/575 540/739/575
f 529/748/575 540/739/575 539/738/575
f 530/749/576 531/750/576 541/740/576
f 530/749/576 541/740/576 540/739/576
f 531/750/577 532/751/577 542/741/577
f 531/750/577 542/741/577 541/740/577
f 532/751/578 533/752/578 543/742/578
f 532/751/578 543/742/578 542/741/578
f 533/752/579 534/753/579 544/743/579
f 533/752/579 544/743/579 543/742/579
f 534/753/580 535/754/580 545/744/580
f 534/753/580 545/744/580 544/743/580
f 535/754/581 536/755/581 546/745/581
f 535/754/581 546/745/581 545/744/581
f 536/755/582 528/747/582 538/737/582
f 536/755/582 538/737/582 546/745/582
f 538/737/583 537/736/583 547/735/583
f 537/736/584 539/738/584 547/735/584
f 539/738/585 540/739/585 547/735/585
f 540/739/586 541/740/586 547/735/586
f 541/740/587 542/741/587 547/735/587
f 542/741/588 543/742/588 547/735/588
f 543/742/589 544/743/589 547/735/589
f 544/743/590 545/744/590 547/735/590
f 545/744/591 546/745/591 547/735/591
f 546/745/592 538/737/592 547/735/592
f 548/784/593 549/785/593 550/786/593
f 548/784/593 550/786/593 551/787/593
f 549/788/594 552/789/594 553/790/594
f 549/788/594 553/790/594 550/791/594
f 552/789/595 554/792/595 555/793/595
f 552/789/595 555/793/595 553/790/595
f 554/794/596 556/795/596 557/796/596
f 554/794/596 557/796/596 555/797/596
f 556/795/597 558/798/597 559/799/597
f 556/795/597 559/799/597 557/796/597
f 558/800/598 548/784/598 551/787/598
f 558/800/598 551/787/598 559/801/598
f 551/787/599 550/786/599 560/802/599
f 550/786/600 553/803/600 560/802/600
f 553/790/601 555/793/601 560/804/601
f 555/797/602 557/796/602 560/805/602
f 557/796/603 559/799/603 560/805/603
f 559/801/604 551/787/604 560/802/604
f 561/806/605 562/807/605 563/808/605
f 561/806/605 563/808/605 564/809/605
f 562/810/606 565/811/606 566/812/606
f 562/810/606 566/812/606 563/813/606
f 565/814/607 567/815/607 568/816/607
f 565/814/607 568/816/607 566/817/607
f 567/815/608 569/818/608 570/819/608
f 567/815/608 570/819/608 568/816/608
f 569/820/609 571/821/609 572/822/609
f 569/820/609 572/822/609 570/823/609
f 571/824/610 561/825/610 564/826/610
f 571/824/610 564/826/610 572/827/610
f 564/826/611 563/828/611 573/829/611
f 563/828/612 566/830/612 573/829/612
f 566/817/613 568/816/613 573/831/613
f 568/816/614 570/819/614 573/831/614
f 570/832/615 572/827/615 573/829/615
f 572/827/616 564/826/616 573/829/616
f 574/833/617 575/834/617 576/835/617
f 574/833/617 576/835/617 577/836/617
f 575/837/618 578/838/618 579/839/618
f 575/837/618 579/839/618 576/840/618
f 578/838/619 580/841/619 581/842/619
f 578/838/619 581/842/619 579/839/619
f 580/843/620 582/844/620 583/845/620
f 580/843/620 583/845/620 581/846/620
f 582/847/621 584/848/621 585/849/621
f 582/847/621 585/849/621 583/850/621
f 584/848/622 574/851/622 577/852/622
f 584/848/622 577/852/622 585/849/622
f 577/852/623 576/853/623 586/854/623
f 576/840/624 579/839/624 586/855/624
f 579/839/625 581/842/625 586/855/625
f 581/846/626 583/845/626 586/856/626
f 583/850/627 585/849/627 586/854/627
f 585/849/628 577/852/628 586/854/628
f 587/857/629 588/858/629 589/859/629
f 587/857/630 590/860/630 588/858/630
f 587/857/631 591/861/631 590/860/631
f 587/857/632 592/862/632 591/861/632
f 587/857/633 593/863/633 592/862/633
f 587/857/634 594/864/634 593/863/634
f 587/857/635 595/865/635 594/864/635
f 587/857/636 596/866/636 595/865/636
f 587/857/637 597/867/637 596/866/637
f 587/857/638 589/859/638 597/867/638
f 589/859/639 588/858/639 598/868/639
f 589/859/639 598/868/639 599/869/639
f 588/858/640 590/860/640 600/870/640
f 588/858/640 600/870/640 598/868/640
f 590/871/641 591/872/641 601/873/641
f 590/871/641 601/873/641 600/874/641
f 591/872/642 592/875/642 602/876/642
f 591/872/642 602/876/642 601/873/642
f 592/862/643 593/863/643 603/877/643
f 592/862/643 603/877/643 602/878/643
f 593/863/644 594/864/644 604/879/644
f 593/863/644 604/879/644 603/877/644
f 594/864/645 595/865/645 605/880/645
f 594/864/645 605/880/645 604/879/645
f 595/881/646 596/882/646 606/883/646
f 595/881/646 606/883/646 605/884/646
f 596/882/647 597/885/647 607/886/647
f 596/882/647 607/886/647 606/883/647
f 597/867/648 589/859/648 599/869/648
f 597/867/648 599/869/648 607/887/648
f 599/888/649 598/889/649 608/890/649
f 599/888/649 608/890/649 609/891/649
f 598/889/650 600/892/650 610/893/650
f 598/889/650 610/893/650 608/890/650
f 600/874/651 601/873/651 611/894/651
f 600/874/651 611/894/651 610/895/651
f 601/873/652 602/876/652 612/896/652
f 601/873/652 612/896/652 611/894/652
f 602/897/653 603/898/653 613/899/653
f 602/897/653 613/899/653 612/900/653
f 603/898/654 604/901/654 614/902/654
f 603/898/654 614/902/654 613/899/654
f 604/901/655 605/903/655 615/904/655
f 604/901/655 615/904/655 614/902/655
f 605/884/656 606/883/656 616/905/656
f 605/884/656 616/905/656 615/906/656
f 606/883/657 607/886/657 617/907/657
f 606/883/657 617/907/657 616/905/657
f 607/908/658 599/888/658 609/891/658
f 607/908/658 609/891/658 617/909/658
f 609/869/659 608/868/659 618/858/659
f 609/869/659 618/858/659 619/859/659
f 608/868/660 610/870/660 620/860/660
f 608/868/660 620/860/660 618/858/660
f 610/895/661 611/894/661 621/910/661
f 610/895/661 621/910/661 620/911/661
f 611/894/662 612/896/662 622/912/662
f 611/894/662 622/912/662 621/910/662
f 612/878/663 613/877/663 623/863/663
f 612/878/663 623/863/663 622/862/663
f 613/877/664 614/879/664 624/864/664
f 613/877/664 624/864/664 623/863/664
f 614/879/665 615/880/665 625/865/665
f 614/879/665 625/865/665 624/864/665
f 615/906/666 616/905/666 626/913/666
f 615/906/666 626/913/666 625/914/666
f 616/905/667 617/907/667 627/915/667
f 616/905/667 627/915/667 626/913/667
f 617/887/668 609/869/668 619/859/668
f 617/887/668 619/859/668 627/867/668
f 619/859/669 618/858/669 628/857/669
f 618/858/670 620/860/670 628/857/670
f 620/860/671 621/861/671 628/857/671
f 621/861/672 622/862/672 628/857/672
f 622/862/673 623/863/673 628/857/673
f 623/863/674 624/864/674 628/857/674
f 624/864/675 625/865/675 628/857/675
f 625/865/676 626/866/676 628/857/676
f 626/866/677 627/867/677 628/857/677
f 627/867/678 619/859/678 628/857/678
f 629/916/679 630/917/679 631/918/679
f 629/916/679 631/918/679 632/919/679
f 630/920/680 633/921/680 634/922/680
f 630/920/680 634/922/680 631/923/680
f 633/924/681 635/925/681 636/926/681
f 633/924/681 636/926/681 634/927/681
f 635/925/682 637/928/682 638/929/682
f 635/925/682 638/929/682 636/926/682
f 637/930/683 639/931/683 640/932/683
f 637/930/683 640/932/683 638/933/683
f 639/934/684 629/916/684 632/919/684
f 639/934/684 632/919/684 640/935/684
f 632/936/685 631/937/685 641/938/685
f 631/937/686 634/939/686 641/938/686
f 634/939/687 636/940/687 641/938/687
f 636/940/688 638/941/688 641/938/688
f 638/941/689 640/942/689 641/938/689
f 640/942/690 632/936/690 641/938/690
f 642/943/691 643/944/691 644/945/691
f 642/943/691 644/945/691 645/946/691
f 643/944/692 646/947/692 647/948/692
f 643/944/692 647/948/692 644/945/692
f 646/949/693 648/950/693 649/951/693
f 646/949/693 649/951/693 647/952/693
f 648/950/694 650/953/694 651/954/694
f 648/950/694 651/954/694 649/951/694
f 650/955/695 652/956/695 653/957/695
f 650/955/695 653/957/695 651/958/695
f 652/959/696 642/960/696 645/961/696
f 652/959/696 645/961/696 653/962/696
f 645/946/697 644/945/697 654/963/697
f 644/945/698 647/948/698 654/963/698
f 647/948/699 649/964/699 654/963/699
f 649/965/700 651/958/700 654/966/700
f 651/958/701 653/957/701 654/966/701
f 653/967/702 645/946/702 654/963/702
f 655/968/703 656/969/703 657/970/703
f 655/968/703 657/970/703 658/971/703
f 656/969/704 659/972/704 660/973/704
f 656/969/704 660/973/704 657/970/704
f 659/974/705 661/975/705 662/976/705
f 659/974/705 662/976/705 660/977/705
f 661/978/706 663/979/706 664/980/706
f 661/978/706 664/980/706 662/981/706
f 663/979/707 665/982/707 666/983/707
f 663/979/707 666/983/707 664/980/707
f 665/984/708 655/985/708 658/986/708
f 665/984/708 658/986/708 666/987/708
f 658/988/709 657/989/709 667/990/709
f 657/989/710 660/991/710 667/990/710
f 660/991/711 662/992/711 667/990/711
f 662/992/712 664/993/712 667/990/712
f 664/993/713 666/994/713 667/990/713
f 666/994/714 658/988/714 667/990/714
f 668/995/715 669/996/715 670/997/715
f 668/995/716 671/998/716 669/996/716
f 668/995/717 672/999/717 671/998/717
f 668/995/718 673/1000/718 672/999/718
f 668/995/719 674/1001/719 673/1000/719
f 668/995/720 675/1002/720 674/1001/720
f 668/995/721 676/1003/721 675/1002/721
f 668/995/722 677/1004/722 676/1003/722
f 668/995/723 678/1005/723 677/1004/723
f 668/995/724 670/997/724 678/1005/724
f 670/997/725 669/996/725 679/1006/725
f 670/997/725 679/1006/725 680/1007/725
f 669/996/726 671/998/726 681/1008/726
f 669/996/726 681/1008/726 679/1006/726
f 671/1009/727 672/1010/727 682/1011/727
f 671/1009/727 682/1011/727 681/1012/727
f 672/999/728 673/1000/728 683/1013/728
f 672/999/728 683/1013/728 682/1014/728
f 673/1000/729 674/1001/729 684/1015/729
f 673/1000/729 684/1015/729 683/1013/729
f 674/1001/730 675/1002/730 685/1016/730
f 674/1001/730 685/1016/730 684/1015/730
f 675/1002/731 676/1003/731 686/1017/731
f 675/1002/731 686/1017/731 685/1016/731
f 676/1018/732 677/1019/732 687/1020/732
f 676/1018/732 687/1020/732 686/1021/732
f 677/1004/733 678/1005/733 688/1022/733
f 677/1004/733 688/1022/733 687/1023/733
f 678/1005/734 670/997/734 680/1007/734
f 678/1005/734 680/1007/734 688/1022/734
f 680/1024/735 679/1025/735 689/1026/735
f 680/1024/735 689/1026/735 690/1027/735
f 679/1028/736 681/1012/736 691/1029/736
f 679/1028/736 691/1029/736 689/1030/736
f 681/1012/737 682/1011/737 692/1031/737
f 681/1012/737 692/1031/737 691/1029/737
f 682/1011/738 683/1032/738 693/1033/738
f 682/1011/738 693/1033/738 692/1031/738
f 683/1034/739 684/1035/739 694/1036/739
f 683/1034/739 694/1036/739 693/1037/739
f 684/1035/740 685/1038/740 695/1039/740
f 684/1035/740 695/1039/740 694/1036/740
f 685/1040/741 686/1021/741 696/1041/741
f 685/1040/741 696/1041/741 695/1042/741
f 686/1021/742 687/1020/742 697/1043/742
f 686/1021/742 697/1043/742 696/1041/742
f 687/1020/743 688/1044/743 698/1045/743
f 687/1020/743 698/1045/743 697/1043/743
f 688/1046/744 680/1024/744 690/1027/744
f 688/1046/744 690/1027/744 698/1047/744
f 690/1007/745 689/1006/745 699/996/745
f 690/1007/745 699/996/745 700/997/745
f 689/1006/746 691/1008/746 701/998/746
f 689/1006/746 701/998/746 699/996/746
f 691/1029/747 692/1031/747 702/1048/747
f 691/1029/747 702/1048/747 701/1049/747
f 692/1014/748 693/1013/748 703/1000/748
f 692/1014/748 703/1000/748 702/999/748
f 693/1013/749 694/1015/749 704/1001/749
f 693/1013/749 704/1001/749 703/1000/749
f 694/1015/750 695/1016/750 705/1002/750
f 694/1015/750 705/1002/750 704/1001/750
f 695/1016/751 696/1017/751 706/1003/751
f 695/1016/751 706/1003/751 705/1002/751
f 696/1041/752 697/1043/752 707/1050/752
f 696/1041/752 707/1050/752 706/1051/752
f 697/1023/753 698/1022/753 708/1005/753
f 697/1023/753 708/1005/753 707/1004/753
f 698/1022/754 690/1007/754 700/997/754
f 698/1022/754 700/997/754 708/1005/754
f 700/997/755 699/996/755 709/995/755
f 699/996/756 701/998/756 709/995/756
f 701/998/757 702/999/757 709/995/757
f 702/999/758 703/1000/758 709/995/758
f 703/1000/759 704/1001/759 709/995/759
f 704/1001/760 705/1002/760 709/995/760
f 705/1002/761 706/1003/761 709/995/761
f 706/1003/762 707/1004/762 709/995/762
f 707/1004/763 708/1005/763 709/995/763
f 708/1005/764 700/997/764 709/995/764
f 710/1052/765 711/1053/765 712/1054/765
f 710/1052/765 712/1054/765 713/1055/765
f 711/1056/766 714/1057/766 715/1058/766
f 711/1056/766 715/1058/766 712/1059/766
f 714/1060/767 716/1061/767 717/1062/767
f 714/1060/767 717/1062/767 715/1063/767
f 716/1064/768 718/1065/768 719/1066/768
f 716/1064/768 719/1066/768 717/1067/768
f 718/1065/769 720/1068/769 721/1069/769
f 718/1065/769 721/1069/769 719/1066/769
f 720/1070/770 710/1052/770 713/1055/770
f 720/1070/770 713/1055/770 721/1071/770
f 713/1072/771 712/1073/771 722/1074/771
f 712/1073/772 715/1075/772 722/1074/772
f 715/1075/773 717/1076/773 722/1074/773
f 717/1076/774 719/1077/774 722/1074/774
f 719/1077/775 721/1078/775 722/1074/775
f 721/1078/776 713/1072/776 722/1074/776
f 723/1079/777 724/1080/777 725/1081/777
f 723/1079/777 725/1081/777 726/1082/777
f 724/1083/778 727/1084/778 728/1085/778
f 724/1083/778 728/1085/778 725/1086/778
f 727/1087/779 729/1088/779 730/1089/779
f 727/1087/779 730/1089/779 728/1090/779
f 729/1088/780 731/1091/780 732/1092/780
f 729/1088/780 732/1092/780 730/1089/780
f 731/1093/781 733/1094/781 734/1095/781
f 731/1093/781 734/1095/781 732/1096/781
f 733/1097/782 723/1079/782 726/1082/782
f 733/1097/782 726/1082/782 734/1098/782
f 726/1099/783 725/1100/783 735/1101/783
f 725/1086/784 728/1085/784 735/1102/784
f 728/1103/785 730/1104/785 735/1101/785
f 730/1104/786 732/1096/786 735/1101/786
f 732/1096/787 734/1095/787 735/1101/787
f 734/1095/788 726/1099/788 735/1101/788
f 736/1105/789 737/1106/789 738/1107/789
f 736/1105/789 738/1107/789 739/1108/789
f 737/1109/790 740/1110/790 741/1111/790
f 737/1109/790 741/1111/790 738/1112/790
f 740/1110/791 742/1113/791 743/1114/791
f 740/1110/791 743/1114/791 741/1111/791
f 742/1115/792 744/1116/792 745/1117/792
f 742/1115/792 745/1117/792 743/1118/792
f 744/1119/793 746/1120/793 747/1121/793
f 744/1119/793 747/1121/793 745/1122/793
f 746/1120/794 736/1123/794 739/1124/794
f 746/1120/794 739/1124/794 747/1121/794
f 739/1125/795 738/1126/795 748/1127/795
f 738/1126/796 741/1128/796 748/1127/796
f 741/1128/797 743/1129/797 748/1127/797
f 743/1129/798 745/1130/798 748/1127/798
f 745/1130/799 747/1131/799 748/1127/799
f 747/1131/800 739/1125/800 748/1127/800
f 749/1132/801 750/1133/801 751/1134/801
f 749/1132/802 752/1135/802 750/1133/802
f 749/1132/803 753/1136/803 752/1135/803
f 749/1132/804 754/1137/804 753/1136/804
f 749/1132/805 755/1138/805 754/1137/805
f 749/1132/806 756/1139/806 755/1138/806
f 749/1132/807 757/1140/807 756/1139/807
f 749/1132/808 758/1141/808 757/1140/808
f 749/1132/809 759/1142/809 758/1141/809
f 749/1132/810 751/1134/810 759/1142/810
f 751/1143/811 750/1144/811 760/1145/811
f 751/1143/811 760/1145/811 761/1146/811
f 750/1147/812 752/1148/812 762/1149/812
f 750/1147/812 762/1149/812 760/1150/812
f 752/1148/813 753/1151/813 763/1152/813
f 752/1148/813 763/1152/813 762/1149/813
f 753/1151/814 754/1153/814 764/1154/814
f 753/1151/814 764/1154/814 763/1152/814
f 754/1137/815 755/1138/815 765/1155/815
f 754/1137/815 765/1155/815 764/1156/815
f 755/1157/816 756/1158/816 766/1159/816
f 755/1157/816 766/1159/816 765/1160/816
f 756/1161/817 757/1162/817 767/1163/817
f 756/1161/817 767/1163/817 766/1164/817
f 757/1162/818 758/1165/818 768/1166/818
f 757/1162/818 768/1166/818 767/1163/818
f 758/1165/819 759/1167/819 769/1168/819
f 758/1165/819 769/1168/819 768/1166/819
f 759/1142/820 751/1134/820 761/1169/820
f 759/1142/820 761/1169/820 769/1170/820
f 761/1146/821 760/1145/821 770/1171/821
f 761/1146/821 770/1171/821 771/1172/821
f 760/1150/822 762/1149/822 772/1173/822
f 760/1150/822 772/1173/822 770/1174/822
f 762/1149/823 763/1152/823 773/1175/823
f 762/1149/823 773/1175/823 772/1173/823
f 763/1152/824 764/1154/824 774/1176/824
f 763/1152/824 774/1176/824 773/1175/824
f 764/1177/825 765/1160/825 775/1178/825
f 764/1177/825 775/1178/825 774/1179/825
f 765/1160/826 766/1159/826 776/1180/826
f 765/1160/826 776/1180/826 775/1178/826
f 766/1164/827 767/1163/827 777/1181/827
f 766/1164/827 777/1181/827 776/1182/827
f 767/1163/828 768/1166/828 778/1183/828
f 767/1163/828 778/1183/828 777/1181/828
f 768/1166/829 769/1168/829 779/1184/829
f 768/1166/829 779/1184/829 778/1183/829
f 769/1185/830 761/1146/830 771/1172/830
f 769/1185/830 771/1172/830 779/1186/830
f 771/1172/831 770/1171/831 780/1187/831
f 771/1172/831 780/1187/831 781/1188/831
f 770/1174/832 772/1173/832 782/1189/832
f 770/1174/832 782/1189/832 780/1190/832
f 772/1173/833 773/1175/833 783/1191/833
f 772/1173/833 783/1191/833 782/1189/833
f 773/1175/834 774/1176/834 784/1192/834
f 773/1175/834 784/1192/834 783/1191/834
f 774/1156/835 775/1155/835 785/1138/835
f 774/1156/835 785/1138/835 784/1137/835
f 775/1178/836 776/1180/836 786/1193/836
f 775/1178/836 786/1193/836 785/1194/836
f 776/1182/837 777/1181/837 787/1195/837
f 776/1182/837 787/1195/837 786/1196/837
f 777/1181/838 778/1183/838 788/1197/838
f 777/1181/838 788/1197/838 787/1195/838
f 778/1183/839 779/1184/839 789/1198/839
f 778/1183/839 789/1198/839 788/1197/839
f 779/1170/840 771/1169/840 781/1134/840
f 779/1170/840 781/1134/840 789/1142/840
f 781/1134/841 780/1133/841 790/1132/841
f 780/1133/842 782/1135/842 790/1132/842
f 782/1135/843 783/1136/843 790/1132/843
f 783/1136/844 784/1137/844 790/1132/844
f 784/1137/845 785/1138/845 790/1132/845
f 785/1138/846 786/1139/846 790/1132/846
f 786/1139/847 787/1140/847 790/1132/847
f 787/1140/848 788/1141/848 790/1132/848
f 788/1141/849 789/1142/849 790/1132/849
f 789/1142/850 781/1134/850 790/1132/850
f 791/1199/851 792/1200/851 793/1201/851
f 791/1199/851 793/1201/851 794/1202/851
f 792/1203/852 795/1204/852 796/1205/852
f 792/1203/852 796/1205/852 793/1206/852
f 795/1204/853 797/1207/853 798/1208/853
f 795/1204/853 798/1208/853 796/1205/853
f 797/1209/854 799/1210/854 800/1211/854
f 797/1209/854 800/1211/854 798/1212/854
f 799/1213/855 801/1214/855 802/1215/855
f 799/1213/855 802/1215/855 800/1216/855
f 801/1214/856 791/1217/856 794/1218/856
f 801/1214/856 794/1218/856 802/1215/856
f 794/1202/857 793/1201/857 803/1219/857
f 793/1201/858 796/1220/858 803/1219/858
f 796/1221/859 798/1212/859 803/1222/859
f 798/1212/860 800/1211/860 803/1222/860
f 800/1211/861 802/1223/861 803/1222/861
f 802/1224/862 794/1202/862 803/1219/862
f 804/1225/863 805/1226/863 806/1227/863
f 804/1225/863 806/1227/863 807/1228/863
f 805/1229/864 808/1230/864 809/1231/864
f 805/1229/864 809/1231/864 806/1232/864
f 808/1233/865 810/1234/865 811/1235/865
f 808/1233/865 811/1235/865 809/1236/865
f 810/1234/866 812/1237/866 813/1238/866
f 810/1234/866 813/1238/866 811/1235/866
f 812/1239/867 814/1240/867 815/1241/867
f 812/1239/867 815/1241/867 813/1242/867
f 814/1243/868 804/1225/868 807/1228/868
f 814/1243/868 807/1228/868 815/1244/868
f 807/1228/869 806/1227/869 816/1245/869
f 806/1246/870 809/1236/870 816/1247/870
f 809/1236/871 811/1235/871 816/1247/871
f 811/1235/872 813/1238/872 816/1247/872
f 813/1238/873 815/1248/873 816/1247/873
f 815/1244/874 807/1228/874 816/1245/874
f 817/1249/875 818/1250/875 819/1251/875
f 817/1249/875 819/1251/875 820/1252/875
f 818/1250/876 821/1253/876 822/1254/876
f 818/1250/876 822/1254/876 819/1251/876
f 821/1255/877 823/1256/877 824/1257/877
f 821/1255/877 824/1257/877 822/1258/877
f 823/1259/878 825/1260/878 826/1261/878
f 823/1259/878 826/1261/878 824/1262/878
f 825/1260/879 827/1263/879 828/1264/879
f 825/1260/879 828/1264/879 826/1261/879
f 827/1265/880 817/1266/880 820/1267/880
f 827/1265/880 820/1267/880 828/1268/880
f 820/1269/881 819/1270/881 829/1271/881
f 819/1270/882 822/1272/882 829/1271/882
f 822/1272/883 824/1273/883 829/1271/883
f 824/1273/884 826/1274/884 829/1271/884
f 826/1274/885 828/1275/885 829/1271/885
f 828/1275/886 820/1269/886 829/1271/886
f 830/1276/887 831/1277/887 832/1278/887
f 830/1276/887 833/1279/887 831/1277/887
f 830/1276/887 834/1280/887 833/1279/887
f 830/1276/887 835/1281/887 834/1280/887
f 830/1276/887 836/1282/887 835/1281/887
f 830/1276/887 832/1278/887 836/1282/887
f 832/1283/888 831/1284/888 837/1285/888
f 832/1283/888 837/1285/888 838/1286/888
f 831/1287/889 833/1288/889 839/1289/889
f 831/1287/889 839/1289/889 837/1290/889
f 833/1291/890 834/1292/890 840/1293/890
f 833/1291/890 840/1293/890 839/1294/890
f 834/1292/891 835/1295/891 841/1296/891
f 834/1292/891 841/1296/891 840/1293/891
f 835/1297/892 836/1298/892 842/1299/892
f 835/1297/892 842/1299/892 841/1300/892
f 836/1301/893 832/1283/893 838/1286/893
f 836/1301/893 838/1286/893 842/1302/893
f 838/1303/894 837/1304/894 843/1305/894
f 837/1304/894 839/1306/894 843/1305/894
f 839/1306/894 840/1307/894 843/1305/894
f 840/1307/894 841/1308/894 843/1305/894
f 841/1308/894 842/1309/894 843/1305/894
f 842/1309/894 838/1303/894 843/1305/894
f 844/1310/895 845/1311/895 846/1312/895
f 844/1310/895 847/1313/895 845/1311/895
f 844/1310/895 848/1314/895 847/1313/895
f 844/1310/895 849/1315/895 848/1314/895
f 844/1310/895 850/1316/895 849/1315/895
f 844/1310/895 846/1312/895 850/1316/895
f 846/1317/896 845/1318/896 851/1319/896
f 846/1317/896 851/1319/896 852/1320/896
f 845/1321/897 847/1322/897 853/1323/897
f 845/1321/897 853/1323/897 851/1324/897
f 847/1325/898 848/1326/898 854/1327/898
f 847/1325/898 854/1327/898 853/1328/898
f 848/1326/899 849/1329/899 855/1330/899
f 848/1326/899 855/1330/899 854/1327/899
f 849/1331/900 850/1332/900 856/1333/900
f 849/1331/900 856/1333/900 855/1334/900
f 850/1335/901 846/1317/901 852/1320/901
f 850/1335/901 852/1320/901 856/1336/901
f 852/1337/902 851/1338/902 857/1339/902
f 851/1338/902 853/1340/902 857/1339/902
f 853/1340/902 854/1341/902 857/1339/902
f 854/1341/902 855/1342/902 857/1339/902
f 855/1342/902 856/1343/902 857/1339/902
f 856/1343/902 852/1337/902 857/1339/902
f 858/1344/903 859/1345/903 860/1346/903
f 858/1344/903 861/1347/903 859/1345/903
f 858/1344/903 862/1348/903 861/1347/903
f 858/1344/903 863/1349/903 862/1348/903
f 858/1344/903 864/1350/903 863/1349/903
f 858/1344/903 860/1346/903 864/1350/903
f 860/1351/904 859/1352/904 865/1353/904
f 860/1351/904 865/1353/904 866/1354/904
f 859/1355/905 861/1356/905 867/1357/905
f 859/1355/905 867/1357/905 865/1358/905
f 861/1359/906 862/1360/906 868/1361/906
f 861/1359/906 868/1361/906 867/1362/906
f 862/1360/907 863/1363/907 869/1364/907
f 862/1360/907 869/1364/907 868/1361/907
f 863/1365/908 864/1366/908 870/1367/908
f 863/1365/908 870/1367/908 869/1368/908
f 864/1369/909 860/1351/909 866/1354/909
f 864/1369/909 866/1354/909 870/1370/909
f 866/1371/910 865/1372/910 871/1373/910
f 865/1372/910 867/1374/910 871/1373/910
f 867/1374/910 868/1375/910 871/1373/910
f 868/1375/910 869/1376/910 871/1373/910
f 869/1376/910 870/1377/910 871/1373/910
f 870/1377/910 866/1371/910 871/1373/910
