# Top down wireframe of hull_bloom_carrier.obj, 512 edges
# Generated by tools/gen_meshes.py. Edit the script, not this file.
v 0.505000 0.000000 0.680000
v 0.575000 0.000000 0.680000
v 0.575000 0.000000 -0.020000
v 0.505000 0.000000 -0.020000
v -0.545000 0.000000 -0.020000
v -0.615000 0.000000 -0.020000
v -0.615000 0.000000 0.680000
v -0.545000 0.000000 0.680000
v 0.318550 0.000000 2.169680
v 0.281450 0.000000 2.110320
v -0.038550 0.000000 2.310320
v -0.001450 0.000000 2.369680
v 0.015000 0.000000 1.880000
v -0.055000 0.000000 1.880000
v -0.055000 0.000000 2.340000
v 0.015000 0.000000 2.340000
v 0.268255 0.000000 2.125261
v 0.331745 0.000000 2.154739
v 0.591745 0.000000 1.594739
v 0.528255 0.000000 1.565261
v 0.525680 0.000000 1.573136
v 0.594320 0.000000 1.586864
v 0.754320 0.000000 0.786864
v 0.685680 0.000000 0.773136
v 0.685000 0.000000 0.780000
v 0.755000 0.000000 0.780000
v 0.755000 0.000000 -0.120000
v 0.685000 0.000000 -0.120000
v 0.685648 0.000000 -0.113297
v 0.754352 0.000000 -0.126703
v 0.594352 0.000000 -0.946703
v 0.525648 0.000000 -0.933297
v 0.528255 0.000000 -0.925261
v 0.591745 0.000000 -0.954739
v 0.331745 0.000000 -1.514739
v 0.268255 0.000000 -1.485261
v -0.055000 0.000000 -1.220000
v 0.015000 0.000000 -1.220000
v 0.015000 0.000000 -1.700000
v -0.055000 0.000000 -1.700000
v 0.281450 0.000000 -1.470320
v 0.318550 0.000000 -1.529680
v -0.001450 0.000000 -1.729680
v -0.038550 0.000000 -1.670320
v -0.002254 0.000000 -1.669832
v -0.037746 0.000000 -1.730168
v -0.377746 0.000000 -1.530168
v -0.342254 0.000000 -1.469832
v -0.328255 0.000000 -1.485261
v -0.391745 0.000000 -1.514739
v -0.651745 0.000000 -0.954739
v -0.588255 0.000000 -0.925261
v -0.585499 0.000000 -0.934110
v -0.654501 0.000000 -0.945890
v -0.794501 0.000000 -0.125890
v -0.725499 0.000000 -0.114110
v -0.725000 0.000000 -0.120000
v -0.795000 0.000000 -0.120000
v -0.795000 0.000000 0.780000
v -0.725000 0.000000 0.780000
v -0.725524 0.000000 0.773967
v -0.794476 0.000000 0.786033
v -0.654476 0.000000 1.586033
v -0.585524 0.000000 1.573967
v -0.588255 0.000000 1.565261
v -0.651745 0.000000 1.594739
v -0.391745 0.000000 2.154739
v -0.328255 0.000000 2.125261
v -0.037746 0.000000 2.370168
v -0.002254 0.000000 2.309832
v -0.342254 0.000000 2.109832
v -0.377746 0.000000 2.170168
v 0.333955 0.000000 2.131511
v 0.266045 0.000000 2.148489
v 0.306045 0.000000 2.308489
v 0.373955 0.000000 2.291511
v 0.358251 0.000000 2.329865
v 0.321749 0.000000 2.270135
v -0.038251 0.000000 2.490135
v -0.001749 0.000000 2.549865
v 0.015000 0.000000 2.340000
v -0.055000 0.000000 2.340000
v -0.055000 0.000000 2.520000
v 0.015000 0.000000 2.520000
v 0.308284 0.000000 2.285199
v 0.371716 0.000000 2.314801
v 0.651716 0.000000 1.714801
v 0.588284 0.000000 1.685199
v 0.585565 0.000000 1.693739
v 0.654435 0.000000 1.706261
v 0.814435 0.000000 0.826261
v 0.745565 0.000000 0.813739
v 0.745000 0.000000 0.820000
v 0.815000 0.000000 0.820000
v 0.815000 0.000000 -0.160000
v 0.745000 0.000000 -0.160000
v 0.745565 0.000000 -0.153739
v 0.814435 0.000000 -0.166261
v 0.654435 0.000000 -1.046261
v 0.585565 0.000000 -1.033739
v 0.266347 0.000000 -1.509615
v 0.333653 0.000000 -1.490385
v 0.373653 0.000000 -1.630385
v 0.306347 0.000000 -1.649615
v 0.588284 0.000000 -1.025199
v 0.651716 0.000000 -1.054801
v 0.371716 0.000000 -1.654801
v 0.308284 0.000000 -1.625199
v -0.055000 0.000000 -1.700000
v 0.015000 0.000000 -1.700000
v 0.015000 0.000000 -1.860000
v -0.055000 0.000000 -1.860000
v 0.321749 0.000000 -1.610135
v 0.358251 0.000000 -1.669865
v -0.001749 0.000000 -1.889865
v -0.038251 0.000000 -1.830135
v -0.394648 0.000000 -1.495050
v -0.325352 0.000000 -1.504950
v -0.345352 0.000000 -1.644950
v -0.414648 0.000000 -1.635050
v -0.001749 0.000000 -1.830135
v -0.038251 0.000000 -1.889865
v -0.398251 0.000000 -1.669865
v -0.361749 0.000000 -1.610135
v -0.348284 0.000000 -1.625199
v -0.411716 0.000000 -1.654801
v -0.691716 0.000000 -1.054801
v -0.628284 0.000000 -1.025199
v -0.625565 0.000000 -1.033739
v -0.694435 0.000000 -1.046261
v -0.854435 0.000000 -0.166261
v -0.785565 0.000000 -0.153739
v -0.785000 0.000000 -0.160000
v -0.855000 0.000000 -0.160000
v -0.855000 0.000000 0.820000
v -0.785000 0.000000 0.820000
v -0.785565 0.000000 0.813739
v -0.854435 0.000000 0.826261
v -0.694435 0.000000 1.706261
v -0.625565 0.000000 1.693739
v -0.325270 0.000000 2.144341
v -0.394730 0.000000 2.135659
v -0.414730 0.000000 2.295659
v -0.345270 0.000000 2.304341
v -0.628284 0.000000 1.685199
v -0.691716 0.000000 1.714801
v -0.411716 0.000000 2.314801
v -0.348284 0.000000 2.285199
v -0.038251 0.000000 2.549865
v -0.001749 0.000000 2.490135
v -0.361749 0.000000 2.270135
v -0.398251 0.000000 2.329865
v 0.112289 0.000000 0.252772
v 0.087711 0.000000 0.187228
v -0.072289 0.000000 0.247228
v -0.047711 0.000000 0.312772
v 0.068695 0.000000 0.204348
v 0.131305 0.000000 0.235652
v 0.211305 0.000000 0.075652
v 0.148695 0.000000 0.044348
v 0.145000 0.000000 0.060000
v 0.215000 0.000000 0.060000
v 0.215000 0.000000 -0.140000
v 0.145000 0.000000 -0.140000
v 0.148695 0.000000 -0.124348
v 0.211305 0.000000 -0.155652
v 0.131305 0.000000 -0.315652
v 0.068695 0.000000 -0.284348
v 0.087711 0.000000 -0.267228
v 0.112289 0.000000 -0.332772
v -0.047711 0.000000 -0.392772
v -0.072289 0.000000 -0.327228
v -0.047711 0.000000 -0.327228
v -0.072289 0.000000 -0.392772
v -0.232289 0.000000 -0.332772
v -0.207711 0.000000 -0.267228
v -0.190320 0.000000 -0.281450
v -0.249680 0.000000 -0.318550
v -0.349680 0.000000 -0.158550
v -0.290320 0.000000 -0.121450
v -0.285000 0.000000 -0.140000
v -0.355000 0.000000 -0.140000
v -0.355000 0.000000 0.060000
v -0.285000 0.000000 0.060000
v -0.290320 0.000000 0.041450
v -0.349680 0.000000 0.078550
v -0.249680 0.000000 0.238550
v -0.190320 0.000000 0.201450
v -0.072289 0.000000 0.312772
v -0.047711 0.000000 0.247228
v -0.207711 0.000000 0.187228
v -0.232289 0.000000 0.252772
v 0.131305 0.000000 0.204348
v 0.068695 0.000000 0.235652
v 0.148695 0.000000 0.395652
v 0.211305 0.000000 0.364348
v 0.193462 0.000000 0.412308
v 0.166538 0.000000 0.347692
v -0.073462 0.000000 0.447692
v -0.046538 0.000000 0.512308
v -0.025000 0.000000 0.280000
v -0.095000 0.000000 0.280000
v -0.095000 0.000000 0.480000
v -0.025000 0.000000 0.480000
v 0.192289 0.000000 0.027228
v 0.167711 0.000000 0.092772
v 0.327711 0.000000 0.152772
v 0.352289 0.000000 0.087228
v 0.150192 0.000000 0.361657
v 0.209808 0.000000 0.398343
v 0.369808 0.000000 0.138343
v 0.310192 0.000000 0.101657
v 0.167711 0.000000 -0.172772
v 0.192289 0.000000 -0.107228
v 0.352289 0.000000 -0.167228
v 0.327711 0.000000 -0.232772
v 0.305000 0.000000 0.120000
v 0.375000 0.000000 0.120000
v 0.375000 0.000000 -0.200000
v 0.305000 0.000000 -0.200000
v 0.068695 0.000000 -0.315652
v 0.131305 0.000000 -0.284348
v 0.211305 0.000000 -0.444348
v 0.148695 0.000000 -0.475652
v 0.310192 0.000000 -0.181657
v 0.369808 0.000000 -0.218343
v 0.209808 0.000000 -0.478343
v 0.150192 0.000000 -0.441657
v -0.095000 0.000000 -0.360000
v -0.025000 0.000000 -0.360000
v -0.025000 0.000000 -0.560000
v -0.095000 0.000000 -0.560000
v 0.166538 0.000000 -0.427692
v 0.193462 0.000000 -0.492308
v -0.046538 0.000000 -0.592308
v -0.073462 0.000000 -0.527692
v -0.249680 0.000000 -0.281450
v -0.190320 0.000000 -0.318550
v -0.290320 0.000000 -0.478550
v -0.349680 0.000000 -0.441450
v -0.047436 0.000000 -0.527333
v -0.072564 0.000000 -0.592667
v -0.332564 0.000000 -0.492667
v -0.307436 0.000000 -0.427333
v -0.333787 0.000000 -0.107830
v -0.306213 0.000000 -0.172170
v -0.446213 0.000000 -0.232170
v -0.473787 0.000000 -0.167830
v -0.289184 0.000000 -0.443407
v -0.350816 0.000000 -0.476593
v -0.490816 0.000000 -0.216593
v -0.429184 0.000000 -0.183407
v -0.307711 0.000000 0.092772
v -0.332289 0.000000 0.027228
v -0.492289 0.000000 0.087228
v -0.467711 0.000000 0.152772
v -0.425068 0.000000 -0.197817
v -0.494932 0.000000 -0.202183
v -0.514932 0.000000 0.117817
v -0.445068 0.000000 0.122183
v -0.190320 0.000000 0.238550
v -0.249680 0.000000 0.201450
v -0.349680 0.000000 0.361450
v -0.290320 0.000000 0.398550
v -0.450192 0.000000 0.101657
v -0.509808 0.000000 0.138343
v -0.349808 0.000000 0.398343
v -0.290192 0.000000 0.361657
v -0.072564 0.000000 0.512667
v -0.047436 0.000000 0.447333
v -0.307436 0.000000 0.347333
v -0.332564 0.000000 0.412667
v -0.211068 0.000000 -0.226796
v -0.188932 0.000000 -0.293204
v -0.248932 0.000000 -0.313204
v -0.271068 0.000000 -0.246796
v -0.225000 0.000000 -0.280000
v -0.295000 0.000000 -0.280000
v -0.295000 0.000000 -0.220000
v -0.225000 0.000000 -0.220000
v -0.260000 0.000000 -0.255000
v -0.260000 0.000000 -0.185000
v -0.200000 0.000000 -0.185000
v -0.200000 0.000000 -0.255000
v -0.235251 0.000000 -0.255251
v -0.284749 0.000000 -0.304749
v -0.344749 0.000000 -0.244749
v -0.295251 0.000000 -0.195251
v -0.290878 0.000000 -0.239415
v -0.349122 0.000000 -0.200585
v -0.309122 0.000000 -0.140585
v -0.250878 0.000000 -0.179415
v -0.266796 0.000000 -0.211068
v -0.333204 0.000000 -0.188932
v -0.313204 0.000000 -0.128932
v -0.246796 0.000000 -0.151068
v -0.280000 0.000000 -0.195000
v -0.280000 0.000000 -0.125000
v -0.220000 0.000000 -0.125000
v -0.220000 0.000000 -0.195000
v -0.280000 0.000000 -0.175000
v -0.280000 0.000000 -0.105000
v -0.220000 0.000000 -0.105000
v -0.220000 0.000000 -0.175000
v -0.239415 0.000000 -0.189122
v -0.200585 0.000000 -0.130878
v -0.140585 0.000000 -0.170878
v -0.179415 0.000000 -0.229122
v -0.170878 0.000000 -0.279415
v -0.229122 0.000000 -0.240585
v -0.189122 0.000000 -0.180585
v -0.130878 0.000000 -0.219415
v -0.288932 0.000000 -0.233204
v -0.311068 0.000000 -0.166796
v -0.251068 0.000000 -0.146796
v -0.228932 0.000000 -0.213204
v -0.180000 0.000000 -0.145000
v -0.180000 0.000000 -0.215000
v -0.240000 0.000000 -0.215000
v -0.240000 0.000000 -0.145000
v -0.360000 0.000000 0.185000
v -0.360000 0.000000 0.255000
v -0.280000 0.000000 0.255000
v -0.280000 0.000000 0.185000
v -0.360000 0.000000 0.205000
v -0.360000 0.000000 0.275000
v -0.300000 0.000000 0.275000
v -0.300000 0.000000 0.205000
v -0.360000 0.000000 0.105000
v -0.360000 0.000000 0.175000
v -0.300000 0.000000 0.175000
v -0.300000 0.000000 0.105000
v -0.360000 0.000000 0.145000
v -0.360000 0.000000 0.215000
v -0.300000 0.000000 0.215000
v -0.300000 0.000000 0.145000
v -0.368932 0.000000 0.186796
v -0.391068 0.000000 0.253204
v -0.331068 0.000000 0.273204
v -0.308932 0.000000 0.206796
v -0.330878 0.000000 0.160585
v -0.389122 0.000000 0.199415
v -0.349122 0.000000 0.259415
v -0.290878 0.000000 0.220585
v -0.266796 0.000000 0.191068
v -0.333204 0.000000 0.168932
v -0.353204 0.000000 0.228932
v -0.286796 0.000000 0.251068
v 0.685754 0.000000 1.054524
v 0.674246 0.000000 0.985476
v 0.434246 0.000000 1.025476
v 0.445754 0.000000 1.094524
v 0.651694 0.000000 0.999414
v 0.708306 0.000000 1.040586
v 0.868306 0.000000 0.820586
v 0.811694 0.000000 0.779414
v 0.806347 0.000000 0.790385
v 0.873653 0.000000 0.809615
v 0.953653 0.000000 0.529615
v 0.886347 0.000000 0.510385
v 0.886548 0.000000 0.530293
v 0.953452 0.000000 0.509707
v 0.873452 0.000000 0.249707
v 0.806548 0.000000 0.270293
v 0.819929 0.000000 0.288673
v 0.860071 0.000000 0.231327
v 0.660071 0.000000 0.091327
v 0.619929 0.000000 0.148673
v 0.646261 0.000000 0.154435
v 0.633739 0.000000 0.085565
v 0.413739 0.000000 0.125565
v 0.426261 0.000000 0.194435
v 0.447089 0.000000 0.182163
v 0.392911 0.000000 0.137837
v 0.212911 0.000000 0.357837
v 0.267089 0.000000 0.402163
v 0.274223 0.000000 0.387334
v 0.205777 0.000000 0.372666
v 0.145777 0.000000 0.652666
v 0.214223 0.000000 0.667334
v 0.213452 0.000000 0.649707
v 0.146548 0.000000 0.670293
v 0.226548 0.000000 0.930293
v 0.293452 0.000000 0.909707
v 0.418512 0.000000 1.087627
v 0.461488 0.000000 1.032373
v 0.281488 0.000000 0.892373
v 0.238512 0.000000 0.947627
v 0.714104 0.000000 1.012130
v 0.645896 0.000000 1.027870
v 0.705896 0.000000 1.287870
v 0.774104 0.000000 1.272130
v 0.745754 0.000000 1.314524
v 0.734246 0.000000 1.245476
v 0.374246 0.000000 1.305476
v 0.385754 0.000000 1.374524
v 0.474223 0.000000 1.067334
v 0.405777 0.000000 1.052666
v 0.345777 0.000000 1.332666
v 0.414223 0.000000 1.347334
v 0.860071 0.000000 0.771327
v 0.819929 0.000000 0.828673
v 1.019929 0.000000 0.968673
v 1.060071 0.000000 0.911327
v 0.713756 0.000000 1.256843
v 0.766244 0.000000 1.303157
v 1.066244 0.000000 0.963157
v 1.013756 0.000000 0.916843
v 0.913739 0.000000 0.485565
v 0.926261 0.000000 0.554435
v 1.146261 0.000000 0.514435
v 1.133739 0.000000 0.445565
v 1.005799 0.000000 0.932565
v 1.074201 0.000000 0.947435
v 1.174201 0.000000 0.487435
v 1.105799 0.000000 0.472565
v 0.812911 0.000000 0.237837
v 0.867089 0.000000 0.282163
v 1.047089 0.000000 0.062163
v 0.992911 0.000000 0.017837
v 1.106233 0.000000 0.489209
v 1.173767 0.000000 0.470791
v 1.053767 0.000000 0.030791
v 0.986233 0.000000 0.049209
v 0.606347 0.000000 0.110385
v 0.673653 0.000000 0.129615
v 0.753653 0.000000 -0.150385
v 0.686347 0.000000 -0.169615
v 1.000585 0.000000 0.069122
v 1.039415 0.000000 0.010878
v 0.739415 0.000000 -0.189122
v 0.700585 0.000000 -0.130878
v 0.386548 0.000000 0.170293
v 0.453452 0.000000 0.149707
v 0.373452 0.000000 -0.110293
v 0.306548 0.000000 -0.089707
v 0.725459 0.000000 -0.125428
v 0.714541 0.000000 -0.194572
v 0.334541 0.000000 -0.134572
v 0.345459 0.000000 -0.065428
v 0.218512 0.000000 0.407627
v 0.261488 0.000000 0.352373
v 0.081488 0.000000 0.212373
v 0.038512 0.000000 0.267627
v 0.367018 0.000000 -0.077750
v 0.312982 0.000000 -0.122250
v 0.032982 0.000000 0.217750
v 0.087018 0.000000 0.262250
v 0.186261 0.000000 0.694435
v 0.173739 0.000000 0.625565
v -0.046261 0.000000 0.665565
v -0.033739 0.000000 0.734435
v 0.094201 0.000000 0.247435
v 0.025799 0.000000 0.232565
v -0.074201 0.000000 0.692565
v -0.005799 0.000000 0.707435
v 0.287089 0.000000 0.942163
v 0.232911 0.000000 0.897837
v 0.052911 0.000000 1.117837
v 0.107089 0.000000 1.162163
v -0.006233 0.000000 0.690791
v -0.073767 0.000000 0.709209
v 0.046233 0.000000 1.149209
v 0.113767 0.000000 1.130791
v 0.360585 0.000000 1.369122
v 0.399415 0.000000 1.310878
v 0.099415 0.000000 1.110878
v 0.060585 0.000000 1.169122
v 0.733955 0.000000 0.468489
v 0.666045 0.000000 0.451511
v 0.646045 0.000000 0.531511
v 0.713955 0.000000 0.548489
v 0.626796 0.000000 0.528932
v 0.693204 0.000000 0.551068
v 0.713204 0.000000 0.491068
v 0.646796 0.000000 0.468932
v 0.691068 0.000000 0.573204
v 0.668932 0.000000 0.506796
v 0.608932 0.000000 0.526796
v 0.631068 0.000000 0.593204
v 0.600585 0.000000 0.589122
v 0.639415 0.000000 0.530878
v 0.579415 0.000000 0.490878
v 0.540585 0.000000 0.549122
v 0.526796 0.000000 0.508932
v 0.593204 0.000000 0.531068
v 0.613204 0.000000 0.471068
v 0.546796 0.000000 0.448932
v 0.560585 0.000000 0.430878
v 0.599415 0.000000 0.489122
v 0.659415 0.000000 0.449122
v 0.620585 0.000000 0.390878
v 0.568932 0.000000 0.446796
v 0.591068 0.000000 0.513204
v 0.651068 0.000000 0.493204
v 0.628932 0.000000 0.426796
v 0.680585 0.000000 0.489122
v 0.719415 0.000000 0.430878
v 0.659415 0.000000 0.390878
v 0.620585 0.000000 0.449122
v 0.691068 0.000000 0.513204
v 0.668932 0.000000 0.446796
v 0.608932 0.000000 0.466796
v 0.631068 0.000000 0.533204
v 0.585000 0.000000 0.560000
v 0.655000 0.000000 0.560000
v 0.655000 0.000000 0.500000
v 0.585000 0.000000 0.500000
v 0.868932 0.000000 0.073204
v 0.891068 0.000000 0.006796
v 0.831068 0.000000 -0.013204
v 0.808932 0.000000 0.053204
v 0.848932 0.000000 0.113204
v 0.871068 0.000000 0.046796
v 0.811068 0.000000 0.026796
v 0.788932 0.000000 0.093204
v 0.820000 0.000000 0.055000
v 0.820000 0.000000 -0.015000
v 0.760000 0.000000 -0.015000
v 0.760000 0.000000 0.055000
v 0.795000 0.000000 0.020000
v 0.725000 0.000000 0.020000
v 0.725000 0.000000 0.080000
v 0.795000 0.000000 0.080000
v 0.779415 0.000000 0.030878
v 0.740585 0.000000 0.089122
v 0.800585 0.000000 0.129122
v 0.839415 0.000000 0.070878
v 0.771068 0.000000 0.066796
v 0.748932 0.000000 0.133204
v 0.808932 0.000000 0.153204
v 0.831068 0.000000 0.086796
v 0.891068 0.000000 0.113204
v 0.868932 0.000000 0.046796
v 0.808932 0.000000 0.066796
v 0.831068 0.000000 0.133204
v 0.879415 0.000000 0.109122
v 0.840585 0.000000 0.050878
v 0.780585 0.000000 0.090878
v 0.819415 0.000000 0.149122
v 0.835000 0.000000 0.060000
v 0.765000 0.000000 0.060000
v 0.765000 0.000000 0.120000
v 0.835000 0.000000 0.120000
v 0.471068 0.000000 0.313204
v 0.448932 0.000000 0.246796
v 0.388932 0.000000 0.266796
v 0.411068 0.000000 0.333204
v 0.435000 0.000000 0.300000
v 0.365000 0.000000 0.300000
v 0.365000 0.000000 0.360000
v 0.435000 0.000000 0.360000
v 0.419415 0.000000 0.330878
v 0.380585 0.000000 0.389122
v 0.440585 0.000000 0.429122
v 0.479415 0.000000 0.370878
v 0.535000 0.000000 0.300000
v 0.465000 0.000000 0.300000
v 0.465000 0.000000 0.360000
v 0.535000 0.000000 0.360000
v 0.674246 0.000000 1.194524
v 0.685754 0.000000 1.125476
v 0.565754 0.000000 1.105476
v 0.554246 0.000000 1.174524
v 0.668932 0.000000 1.126796
v 0.691068 0.000000 1.193204
v 0.811068 0.000000 1.153204
v 0.788932 0.000000 1.086796
v 0.768695 0.000000 1.104348
v 0.831305 0.000000 1.135652
v 0.891305 0.000000 1.015652
v 0.828695 0.000000 0.984348
v 0.825000 0.000000 1.000000
v 0.895000 0.000000 1.000000
v 0.895000 0.000000 0.880000
v 0.825000 0.000000 0.880000
v 0.835251 0.000000 0.904749
v 0.884749 0.000000 0.855251
v 0.784749 0.000000 0.755251
v 0.735251 0.000000 0.804749
v 0.754246 0.000000 0.814524
v 0.765754 0.000000 0.745476
v 0.645754 0.000000 0.725476
v 0.634246 0.000000 0.794524
v 0.651068 0.000000 0.793204
v 0.628932 0.000000 0.726796
v 0.508932 0.000000 0.766796
v 0.531068 0.000000 0.833204
v 0.551305 0.000000 0.815652
v 0.488695 0.000000 0.784348
v 0.428695 0.000000 0.904348
v 0.491305 0.000000 0.935652
v 0.494524 0.000000 0.914246
v 0.425476 0.000000 0.925754
v 0.445476 0.000000 1.045754
v 0.514524 0.000000 1.034246
v 0.532670 0.000000 1.161864
v 0.587330 0.000000 1.118136
v 0.507330 0.000000 1.018136
v 0.452670 0.000000 1.061864
v 0.714648 0.000000 1.155050
v 0.645352 0.000000 1.164950
v 0.665352 0.000000 1.304950
v 0.734648 0.000000 1.295050
v 0.689943 0.000000 1.333524
v 0.710057 0.000000 1.266476
v 0.510057 0.000000 1.206476
v 0.489943 0.000000 1.273524
v 0.590012 0.000000 1.158007
v 0.529988 0.000000 1.121993
v 0.469988 0.000000 1.221993
v 0.530012 0.000000 1.258007
v 0.827330 0.000000 1.098136
v 0.772670 0.000000 1.141864
v 0.852670 0.000000 1.241864
v 0.907330 0.000000 1.198136
v 0.685785 0.000000 1.268017
v 0.714215 0.000000 1.331983
v 0.894215 0.000000 1.251983
v 0.865785 0.000000 1.188017
v 0.871068 0.000000 0.966796
v 0.848932 0.000000 1.033204
v 0.968932 0.000000 1.073204
v 0.991068 0.000000 1.006796
v 0.849404 0.000000 1.203002
v 0.910596 0.000000 1.236998
v 1.010596 0.000000 1.056998
v 0.949404 0.000000 1.023002
v 0.847001 0.000000 0.847503
v 0.872999 0.000000 0.912497
v 0.972999 0.000000 0.872497
v 0.947001 0.000000 0.807503
v 0.945174 0.000000 1.043483
v 1.014826 0.000000 1.036517
v 0.994826 0.000000 0.836517
v 0.925174 0.000000 0.843483
v 0.732670 0.000000 0.758136
v 0.787330 0.000000 0.801864
v 0.867330 0.000000 0.701864
v 0.812670 0.000000 0.658136
v 0.932000 0.000000 0.861000
v 0.988000 0.000000 0.819000
v 0.868000 0.000000 0.659000
v 0.812000 0.000000 0.701000
v 0.605000 0.000000 0.760000
v 0.675000 0.000000 0.760000
v 0.675000 0.000000 0.640000
v 0.605000 0.000000 0.640000
v 0.833136 0.000000 0.714320
v 0.846864 0.000000 0.645680
v 0.646864 0.000000 0.605680
v 0.633136 0.000000 0.674320
v 0.495251 0.000000 0.824749
v 0.544749 0.000000 0.775251
v 0.464749 0.000000 0.695251
v 0.415251 0.000000 0.744749
v 0.652999 0.000000 0.672497
v 0.627001 0.000000 0.607503
v 0.427001 0.000000 0.687503
v 0.452999 0.000000 0.752497
v 0.448932 0.000000 0.953204
v 0.471068 0.000000 0.886796
v 0.351068 0.000000 0.846796
v 0.328932 0.000000 0.913204
v 0.469680 0.000000 0.738550
v 0.410320 0.000000 0.701450
v 0.310320 0.000000 0.861450
v 0.369680 0.000000 0.898550
v 0.495652 0.000000 1.071305
v 0.464348 0.000000 1.008695
v 0.344348 0.000000 1.068695
v 0.375652 0.000000 1.131305
v 0.374856 0.000000 0.876831
v 0.305144 0.000000 0.883169
v 0.325144 0.000000 1.103169
v 0.394856 0.000000 1.096831
v 0.475251 0.000000 1.264749
v 0.524749 0.000000 1.215251
v 0.384749 0.000000 1.075251
v 0.335251 0.000000 1.124749
v 0.620000 0.000000 1.085000
v 0.620000 0.000000 1.155000
v 0.680000 0.000000 1.155000
v 0.680000 0.000000 1.085000
v 0.709122 0.000000 1.100585
v 0.650878 0.000000 1.139415
v 0.690878 0.000000 1.199415
v 0.749122 0.000000 1.160585
v 0.700000 0.000000 1.255000
v 0.700000 0.000000 1.185000
v 0.640000 0.000000 1.185000
v 0.640000 0.000000 1.255000
v 0.610878 0.000000 1.239415
v 0.669122 0.000000 1.200585
v 0.629122 0.000000 1.140585
v 0.570878 0.000000 1.179415
v 0.800000 0.000000 0.995000
v 0.800000 0.000000 0.925000
v 0.740000 0.000000 0.925000
v 0.740000 0.000000 0.995000
v 0.375000 0.000000 0.760000
v 0.305000 0.000000 0.760000
v 0.305000 0.000000 0.820000
v 0.375000 0.000000 0.820000
v 0.359415 0.000000 0.730878
v 0.320585 0.000000 0.789122
v 0.380585 0.000000 0.829122
v 0.419415 0.000000 0.770878
v 0.419415 0.000000 0.770878
v 0.380585 0.000000 0.829122
v 0.440585 0.000000 0.869122
v 0.479415 0.000000 0.810878
v 0.391068 0.000000 0.786796
v 0.368932 0.000000 0.853204
v 0.428932 0.000000 0.873204
v 0.451068 0.000000 0.806796
v 0.420000 0.000000 0.895000
v 0.420000 0.000000 0.825000
v 0.360000 0.000000 0.825000
v 0.360000 0.000000 0.895000
v -0.487001 0.000000 -0.007503
v -0.512999 0.000000 -0.072497
v -0.712999 0.000000 0.007503
v -0.687001 0.000000 0.072497
v -0.529808 0.000000 -0.058343
v -0.470192 0.000000 -0.021657
v -0.310192 0.000000 -0.281657
v -0.369808 0.000000 -0.318343
v -0.374940 0.000000 -0.302055
v -0.305060 0.000000 -0.297945
v -0.285060 0.000000 -0.637945
v -0.354940 0.000000 -0.642055
v -0.351779 0.000000 -0.625333
v -0.288221 0.000000 -0.654667
v -0.408221 0.000000 -0.914667
v -0.471779 0.000000 -0.885333
v -0.458007 0.000000 -0.869988
v -0.421993 0.000000 -0.930012
v -0.621993 0.000000 -1.050012
v -0.658007 0.000000 -0.989988
v -0.628039 0.000000 -0.987107
v -0.651961 0.000000 -1.052893
v -0.871961 0.000000 -0.972893
v -0.848039 0.000000 -0.907107
v -0.829184 0.000000 -0.923407
v -0.890816 0.000000 -0.956593
v -1.030816 0.000000 -0.696593
v -0.969184 0.000000 -0.663407
v -0.965060 0.000000 -0.677945
v -1.034940 0.000000 -0.682055
v -1.054940 0.000000 -0.342055
v -0.985060 0.000000 -0.337945
v -0.987830 0.000000 -0.353787
v -1.052170 0.000000 -0.326213
v -0.932170 0.000000 -0.046213
v -0.867830 0.000000 -0.073787
v -0.715652 0.000000 0.071305
v -0.684348 0.000000 0.008695
v -0.884348 0.000000 -0.091305
v -0.915652 0.000000 -0.028695
v -0.467830 0.000000 -0.053787
v -0.532170 0.000000 -0.026213
v -0.412170 0.000000 0.253787
v -0.347830 0.000000 0.226213
v -0.366674 0.000000 0.272364
v -0.393326 0.000000 0.207636
v -0.733326 0.000000 0.347636
v -0.706674 0.000000 0.412364
v -0.665060 0.000000 0.042055
v -0.734940 0.000000 0.037945
v -0.754940 0.000000 0.377945
v -0.685060 0.000000 0.382055
v -0.410389 0.000000 0.222635
v -0.349611 0.000000 0.257365
v -0.109611 0.000000 -0.162635
v -0.170389 0.000000 -0.197365
v -0.174976 0.000000 -0.181295
v -0.105024 0.000000 -0.178705
v -0.085024 0.000000 -0.718705
v -0.154976 0.000000 -0.721295
v -0.470816 0.000000 -0.916593
v -0.409184 0.000000 -0.883407
v -0.269184 0.000000 -1.143407
v -0.330816 0.000000 -1.176593
v -0.152394 0.000000 -0.706748
v -0.087606 0.000000 -0.733252
v -0.267606 0.000000 -1.173252
v -0.332394 0.000000 -1.146748
v -0.674940 0.000000 -1.022055
v -0.605060 0.000000 -1.017945
v -0.585060 0.000000 -1.357945
v -0.654940 0.000000 -1.362055
v -0.318550 0.000000 -1.130320
v -0.281450 0.000000 -1.189680
v -0.601450 0.000000 -1.389680
v -0.638550 0.000000 -1.330320
v -0.892667 0.000000 -0.927436
v -0.827333 0.000000 -0.952564
v -0.927333 0.000000 -1.212564
v -0.992667 0.000000 -1.187436
v -0.605097 0.000000 -1.328331
v -0.634903 0.000000 -1.391669
v -0.974903 0.000000 -1.231669
v -0.945097 0.000000 -1.168331
v -0.929611 0.000000 -1.182635
v -0.990389 0.000000 -1.217365
v -1.230389 0.000000 -0.797365
v -1.169611 0.000000 -0.762635
v -1.165103 0.000000 -0.777316
v -1.234897 0.000000 -0.782684
v -1.274897 0.000000 -0.262684
v -1.205103 0.000000 -0.257316
v -0.870192 0.000000 -0.041657
v -0.929808 0.000000 -0.078343
v -1.089808 0.000000 0.181657
v -1.030192 0.000000 0.218343
v -1.207407 0.000000 -0.272754
v -1.272593 0.000000 -0.247246
v -1.092593 0.000000 0.212754
v -1.027407 0.000000 0.187246
v -0.736376 0.000000 0.410933
v -0.703624 0.000000 0.349067
v -1.043624 0.000000 0.169067
v -1.076376 0.000000 0.230933
v -0.106796 0.000000 -0.708932
v -0.173204 0.000000 -0.731068
v -0.193204 0.000000 -0.671068
v -0.126796 0.000000 -0.648932
v -0.140000 0.000000 -0.685000
v -0.140000 0.000000 -0.755000
v -0.200000 0.000000 -0.755000
v -0.200000 0.000000 -0.685000
v -0.188932 0.000000 -0.686796
v -0.211068 0.000000 -0.753204
v -0.271068 0.000000 -0.733204
v -0.248932 0.000000 -0.666796
v -0.168489 0.000000 -0.626045
v -0.151511 0.000000 -0.693955
v -0.231511 0.000000 -0.713955
v -0.248489 0.000000 -0.646045
v -0.128932 0.000000 -0.606796
v -0.151068 0.000000 -0.673204
v -0.211068 0.000000 -0.653204
v -0.188932 0.000000 -0.586796
v -0.346796 0.000000 -0.691068
v -0.413204 0.000000 -0.668932
v -0.393204 0.000000 -0.608932
v -0.326796 0.000000 -0.631068
v -0.380000 0.000000 -0.545000
v -0.380000 0.000000 -0.615000
v -0.440000 0.000000 -0.615000
v -0.440000 0.000000 -0.545000
v -0.371511 0.000000 -0.646045
v -0.388489 0.000000 -0.713955
v -0.468489 0.000000 -0.693955
v -0.451511 0.000000 -0.626045
v 0.556831 0.000000 1.294856
v 0.563169 0.000000 1.225144
v 0.343169 0.000000 1.205144
v 0.336831 0.000000 1.274856
v 0.542365 0.000000 1.229768
v 0.577635 0.000000 1.290232
v 0.817635 0.000000 1.150232
v 0.782365 0.000000 1.089768
v 0.769611 0.000000 1.102635
v 0.830389 0.000000 1.137365
v 0.990389 0.000000 0.857365
v 0.929611 0.000000 0.822635
v 0.925000 0.000000 0.840000
v 0.995000 0.000000 0.840000
v 0.995000 0.000000 0.560000
v 0.925000 0.000000 0.560000
v 0.932373 0.000000 0.581488
v 0.987627 0.000000 0.538512
v 0.847627 0.000000 0.358512
v 0.792373 0.000000 0.401488
v 0.816831 0.000000 0.414856
v 0.823169 0.000000 0.345144
v 0.603169 0.000000 0.325144
v 0.596831 0.000000 0.394856
v 0.617635 0.000000 0.390232
v 0.582365 0.000000 0.329768
v 0.342365 0.000000 0.469768
v 0.377635 0.000000 0.530232
v 0.390389 0.000000 0.517365
v 0.329611 0.000000 0.482635
v 0.169611 0.000000 0.762635
v 0.230389 0.000000 0.797365
v 0.235000 0.000000 0.780000
v 0.165000 0.000000 0.780000
v 0.165000 0.000000 1.060000
v 0.235000 0.000000 1.060000
v 0.312373 0.000000 1.261488
v 0.367627 0.000000 1.218512
v 0.227627 0.000000 1.038512
v 0.172373 0.000000 1.081488
v 0.594911 0.000000 1.262494
v 0.525089 0.000000 1.257506
v 0.505089 0.000000 1.537506
v 0.574911 0.000000 1.542494
v 0.536135 0.000000 1.574786
v 0.543865 0.000000 1.505214
v 0.183865 0.000000 1.465214
v 0.176135 0.000000 1.534786
v 0.369808 0.000000 1.258343
v 0.310192 0.000000 1.221657
v 0.150192 0.000000 1.481657
v 0.209808 0.000000 1.518343
v 0.827627 0.000000 1.098512
v 0.772373 0.000000 1.141488
v 0.912373 0.000000 1.321488
v 0.967627 0.000000 1.278512
v 0.521993 0.000000 1.509988
v 0.558007 0.000000 1.570012
v 0.958007 0.000000 1.330012
v 0.921993 0.000000 1.269988
v 0.963169 0.000000 0.805144
v 0.956831 0.000000 0.874856
v 1.176831 0.000000 0.894856
v 1.183169 0.000000 0.825144
v 0.909274 0.000000 1.283240
v 0.970726 0.000000 1.316760
v 1.210726 0.000000 0.876760
v 1.149274 0.000000 0.843240
v 0.942365 0.000000 0.529768
v 0.977635 0.000000 0.590232
v 1.217635 0.000000 0.450232
v 1.182365 0.000000 0.389768
v 1.145036 0.000000 0.858411
v 1.214964 0.000000 0.861589
v 1.234964 0.000000 0.421589
v 1.165036 0.000000 0.418411
v 0.790192 0.000000 0.361657
v 0.849808 0.000000 0.398343
v 1.009808 0.000000 0.138343
v 0.950192 0.000000 0.101657
v 1.171776 0.000000 0.440698
v 1.228224 0.000000 0.399302
v 1.008224 0.000000 0.099302
v 0.951776 0.000000 0.140698
v 0.565000 0.000000 0.360000
v 0.635000 0.000000 0.360000
v 0.635000 0.000000 0.080000
v 0.565000 0.000000 0.080000
v 0.976336 0.000000 0.154808
v 0.983664 0.000000 0.085192
v 0.603664 0.000000 0.045192
v 0.596336 0.000000 0.114808
v 0.332373 0.000000 0.521488
v 0.387627 0.000000 0.478512
v 0.247627 0.000000 0.298512
v 0.192373 0.000000 0.341488
v 0.618690 0.000000 0.109592
v 0.581310 0.000000 0.050408
v 0.201310 0.000000 0.290408
v 0.238690 0.000000 0.349592
v 0.196831 0.000000 0.814856
v 0.203169 0.000000 0.745144
v -0.016831 0.000000 0.725144
v -0.023169 0.000000 0.794856
v 0.250726 0.000000 0.336760
v 0.189274 0.000000 0.303240
v -0.050726 0.000000 0.743240
v 0.010726 0.000000 0.776760
v 0.217635 0.000000 1.090232
v 0.182365 0.000000 1.029768
v -0.057635 0.000000 1.169768
v -0.022365 0.000000 1.230232
v 0.014964 0.000000 0.761589
v -0.054964 0.000000 0.758411
v -0.074964 0.000000 1.198411
v -0.005036 0.000000 1.201589
v 0.151776 0.000000 1.520698
v 0.208224 0.000000 1.479302
v -0.011776 0.000000 1.179302
v -0.068224 0.000000 1.220698
v 0.386796 0.000000 0.851068
v 0.453204 0.000000 0.828932
v 0.433204 0.000000 0.768932
v 0.366796 0.000000 0.791068
v 0.380585 0.000000 0.750878
v 0.419415 0.000000 0.809122
v 0.479415 0.000000 0.769122
v 0.440585 0.000000 0.710878
v 0.471068 0.000000 0.706796
v 0.448932 0.000000 0.773204
v 0.508932 0.000000 0.793204
v 0.531068 0.000000 0.726796
v 0.555000 0.000000 0.760000
v 0.485000 0.000000 0.760000
v 0.485000 0.000000 0.820000
v 0.555000 0.000000 0.820000
v 0.431068 0.000000 0.806796
v 0.408932 0.000000 0.873204
v 0.468932 0.000000 0.893204
v 0.491068 0.000000 0.826796
v 0.495000 0.000000 0.760000
v 0.425000 0.000000 0.760000
v 0.425000 0.000000 0.820000
v 0.495000 0.000000 0.820000
v 0.668489 0.000000 1.173955
v 0.651511 0.000000 1.106045
v 0.411511 0.000000 1.166045
v 0.428489 0.000000 1.233955
v 0.634102 0.000000 1.116456
v 0.685898 0.000000 1.163544
v 0.885898 0.000000 0.943544
v 0.834102 0.000000 0.896456
v 0.825930 0.000000 0.911984
v 0.894070 0.000000 0.928016
v 0.974070 0.000000 0.588016
v 0.905930 0.000000 0.571984
v 0.905680 0.000000 0.586864
v 0.974320 0.000000 0.573136
v 0.914320 0.000000 0.273136
v 0.845680 0.000000 0.286864
v 0.855251 0.000000 0.304749
v 0.904749 0.000000 0.255251
v 0.744749 0.000000 0.095251
v 0.695251 0.000000 0.144749
v 0.728489 0.000000 0.153955
v 0.711511 0.000000 0.086045
v 0.471511 0.000000 0.146045
v 0.488489 0.000000 0.213955
v 0.506888 0.000000 0.202406
v 0.453112 0.000000 0.157594
v 0.253112 0.000000 0.397594
v 0.306888 0.000000 0.442406
v 0.313955 0.000000 0.428489
v 0.246045 0.000000 0.411511
v 0.166045 0.000000 0.731511
v 0.233955 0.000000 0.748489
v 0.234320 0.000000 0.733136
v 0.165680 0.000000 0.746864
v 0.225680 0.000000 1.046864
v 0.294320 0.000000 1.033136
v 0.395251 0.000000 1.224749
v 0.444749 0.000000 1.175251
v 0.284749 0.000000 1.015251
v 0.235251 0.000000 1.064749
v 0.694401 0.000000 1.133550
v 0.625599 0.000000 1.146450
v 0.685599 0.000000 1.466450
v 0.754401 0.000000 1.453550
v 0.725459 0.000000 1.494572
v 0.714541 0.000000 1.425428
v 0.334541 0.000000 1.485428
v 0.345459 0.000000 1.554572
v 0.453955 0.000000 1.208489
v 0.386045 0.000000 1.191511
v 0.306045 0.000000 1.511511
v 0.373955 0.000000 1.528489
v 0.693228 0.000000 1.437455
v 0.746772 0.000000 1.482545
v 1.066772 0.000000 1.102545
v 1.013228 0.000000 1.057455
v 1.006120 0.000000 1.071216
v 1.073880 0.000000 1.088784
v 1.213880 0.000000 0.548784
v 1.146120 0.000000 0.531216
v 0.853112 0.000000 0.257594
v 0.906888 0.000000 0.302406
v 1.106888 0.000000 0.062406
v 1.053112 0.000000 0.017594
v 1.145680 0.000000 0.546864
v 1.214320 0.000000 0.533136
v 1.114320 0.000000 0.033136
v 1.045680 0.000000 0.046864
v 0.686045 0.000000 0.111511
v 0.753955 0.000000 0.128489
v 0.833955 0.000000 -0.191511
v 0.766045 0.000000 -0.208489
v 1.057222 0.000000 0.066574
v 1.102778 0.000000 0.013426
v 0.822778 0.000000 -0.226574
v 0.777222 0.000000 -0.173426
v 0.445680 0.000000 0.186864
v 0.514320 0.000000 0.173136
v 0.454320 0.000000 -0.126864
v 0.385680 0.000000 -0.113136
v 0.807210 0.000000 -0.165751
v 0.792790 0.000000 -0.234249
v 0.412790 0.000000 -0.154249
v 0.427210 0.000000 -0.085751
v 0.447471 0.000000 -0.098312
v 0.392529 0.000000 -0.141688
v 0.092529 0.000000 0.238312
v 0.147471 0.000000 0.281688
v 0.153452 0.000000 0.270293
v 0.086548 0.000000 0.249707
v -0.073452 0.000000 0.769707
v -0.006548 0.000000 0.790293
v 0.286888 0.000000 1.062406
v 0.233112 0.000000 1.017594
v 0.033112 0.000000 1.257594
v 0.086888 0.000000 1.302406
v -0.005680 0.000000 0.773136
v -0.074320 0.000000 0.786864
v 0.025680 0.000000 1.286864
v 0.094320 0.000000 1.273136
v 0.317222 0.000000 1.546574
v 0.362778 0.000000 1.493426
v 0.082778 0.000000 1.253426
v 0.037222 0.000000 1.306574
v 0.635000 0.000000 1.040000
v 0.565000 0.000000 1.040000
v 0.565000 0.000000 1.100000
v 0.635000 0.000000 1.100000
v 0.540585 0.000000 1.149122
v 0.579415 0.000000 1.090878
v 0.519415 0.000000 1.050878
v 0.480585 0.000000 1.109122
v -0.664950 0.000000 1.514648
v -0.655050 0.000000 1.445352
v -0.795050 0.000000 1.425352
v -0.804950 0.000000 1.494648
v -0.675652 0.000000 1.448695
v -0.644348 0.000000 1.511305
v -0.524348 0.000000 1.451305
v -0.555652 0.000000 1.388695
v -0.569122 0.000000 1.400585
v -0.510878 0.000000 1.439415
v -0.430878 0.000000 1.319415
v -0.489122 0.000000 1.280585
v -0.494648 0.000000 1.304950
v -0.425352 0.000000 1.295050
v -0.445352 0.000000 1.155050
v -0.514648 0.000000 1.164950
v -0.507330 0.000000 1.181864
v -0.452670 0.000000 1.138136
v -0.532670 0.000000 1.038136
v -0.587330 0.000000 1.081864
v -0.564950 0.000000 1.094648
v -0.555050 0.000000 1.025352
v -0.695050 0.000000 1.005352
v -0.704950 0.000000 1.074648
v -0.684348 0.000000 1.071305
v -0.715652 0.000000 1.008695
v -0.835652 0.000000 1.068695
v -0.804348 0.000000 1.131305
v -0.790878 0.000000 1.119415
v -0.849122 0.000000 1.080585
v -0.929122 0.000000 1.200585
v -0.870878 0.000000 1.239415
v -0.865352 0.000000 1.215050
v -0.934648 0.000000 1.224950
v -0.914648 0.000000 1.364950
v -0.845352 0.000000 1.355050
v -0.827330 0.000000 1.481864
v -0.772670 0.000000 1.438136
v -0.852670 0.000000 1.338136
v -0.907330 0.000000 1.381864
v -0.625000 0.000000 1.480000
v -0.695000 0.000000 1.480000
v -0.695000 0.000000 1.620000
v -0.625000 0.000000 1.620000
v -0.666864 0.000000 1.654320
v -0.653136 0.000000 1.585680
v -0.853136 0.000000 1.545680
v -0.866864 0.000000 1.614320
v -0.768695 0.000000 1.475652
v -0.831305 0.000000 1.444348
v -0.891305 0.000000 1.564348
v -0.828695 0.000000 1.595652
v -0.512670 0.000000 1.398136
v -0.567330 0.000000 1.441864
v -0.487330 0.000000 1.541864
v -0.432670 0.000000 1.498136
v -0.675652 0.000000 1.588695
v -0.644348 0.000000 1.651305
v -0.444348 0.000000 1.551305
v -0.475652 0.000000 1.488695
v -0.448932 0.000000 1.266796
v -0.471068 0.000000 1.333204
v -0.351068 0.000000 1.373204
v -0.328932 0.000000 1.306796
v -0.489122 0.000000 1.500585
v -0.430878 0.000000 1.539415
v -0.310878 0.000000 1.359415
v -0.369122 0.000000 1.320585
v -0.495652 0.000000 1.128695
v -0.464348 0.000000 1.191305
v -0.344348 0.000000 1.131305
v -0.375652 0.000000 1.068695
v -0.374879 0.000000 1.342907
v -0.305121 0.000000 1.337093
v -0.325121 0.000000 1.097093
v -0.394879 0.000000 1.102907
v -0.591305 0.000000 1.044348
v -0.528695 0.000000 1.075652
v -0.468695 0.000000 0.955652
v -0.531305 0.000000 0.924348
v -0.386340 0.000000 1.123048
v -0.333660 0.000000 1.076952
v -0.473660 0.000000 0.916952
v -0.526340 0.000000 0.963048
v -0.734648 0.000000 1.044950
v -0.665352 0.000000 1.035050
v -0.685352 0.000000 0.895050
v -0.754648 0.000000 0.904950
v -0.506261 0.000000 0.974435
v -0.493739 0.000000 0.905565
v -0.713739 0.000000 0.865565
v -0.726261 0.000000 0.934435
v -0.844749 0.000000 1.124749
v -0.795251 0.000000 1.075251
v -0.895251 0.000000 0.975251
v -0.944749 0.000000 1.024749
v -0.704348 0.000000 0.931305
v -0.735652 0.000000 0.868695
v -0.935652 0.000000 0.968695
v -0.904348 0.000000 1.031305
v -0.905754 0.000000 1.254524
v -0.894246 0.000000 1.185476
v -1.014246 0.000000 1.165476
v -1.025754 0.000000 1.234524
v -0.888695 0.000000 1.015652
v -0.951305 0.000000 0.984348
v -1.051305 0.000000 1.184348
v -0.988695 0.000000 1.215652
v -0.866213 0.000000 1.392170
v -0.893787 0.000000 1.327830
v -1.033787 0.000000 1.387830
v -1.006213 0.000000 1.452170
v -0.985000 0.000000 1.200000
v -1.055000 0.000000 1.200000
v -1.055000 0.000000 1.420000
v -0.985000 0.000000 1.420000
v -0.884749 0.000000 1.604749
v -0.835251 0.000000 1.555251
v -0.995251 0.000000 1.395251
v -1.044749 0.000000 1.444749
v -0.660000 0.000000 0.375000
v -0.660000 0.000000 0.305000
v -0.820000 0.000000 0.305000
v -0.820000 0.000000 0.375000
v -0.681000 0.000000 0.312000
v -0.639000 0.000000 0.368000
v -0.479000 0.000000 0.248000
v -0.521000 0.000000 0.192000
v -0.530012 0.000000 0.201993
v -0.469988 0.000000 0.238007
v -0.349988 0.000000 0.038007
v -0.410012 0.000000 0.001993
v -0.415000 0.000000 0.020000
v -0.345000 0.000000 0.020000
v -0.345000 0.000000 -0.200000
v -0.415000 0.000000 -0.200000
v -0.409122 0.000000 -0.180585
v -0.350878 0.000000 -0.219415
v -0.430878 0.000000 -0.339415
v -0.489122 0.000000 -0.300585
v -0.460000 0.000000 -0.285000
v -0.460000 0.000000 -0.355000
v -0.620000 0.000000 -0.355000
v -0.620000 0.000000 -0.285000
v -0.600585 0.000000 -0.290878
v -0.639415 0.000000 -0.349122
v -0.819415 0.000000 -0.229122
v -0.780585 0.000000 -0.170878
v -0.768695 0.000000 -0.184348
v -0.831305 0.000000 -0.215652
v -0.931305 0.000000 -0.015652
v -0.868695 0.000000 0.015652
v -0.865174 0.000000 0.003483
v -0.934826 0.000000 -0.003483
v -0.954826 0.000000 0.196517
v -0.885174 0.000000 0.203483
v -0.848481 0.000000 0.360343
v -0.791519 0.000000 0.319657
v -0.891519 0.000000 0.179657
v -0.948481 0.000000 0.220343
v -0.625174 0.000000 0.343483
v -0.694826 0.000000 0.336517
v -0.714826 0.000000 0.536517
v -0.645174 0.000000 0.543483
v -0.680000 0.000000 0.575000
v -0.680000 0.000000 0.505000
v -0.940000 0.000000 0.505000
v -0.940000 0.000000 0.575000
v -0.789988 0.000000 0.358007
v -0.850012 0.000000 0.321993
v -0.970012 0.000000 0.521993
v -0.909988 0.000000 0.558007
v -0.698927 0.000000 0.510559
v -0.661073 0.000000 0.569441
v -0.381073 0.000000 0.389441
v -0.418927 0.000000 0.330559
v -0.430933 0.000000 0.343624
v -0.369067 0.000000 0.376376
v -0.189067 0.000000 0.036376
v -0.250933 0.000000 0.003624
v -0.399415 0.000000 -0.229122
v -0.360585 0.000000 -0.170878
v -0.180585 0.000000 -0.290878
v -0.219415 0.000000 -0.349122
v -0.254940 0.000000 0.017945
v -0.185060 0.000000 0.022055
v -0.165060 0.000000 -0.317945
v -0.234940 0.000000 -0.322055
v -0.491305 0.000000 -0.335652
v -0.428695 0.000000 -0.304348
v -0.328695 0.000000 -0.504348
v -0.391305 0.000000 -0.535652
v -0.227330 0.000000 -0.298136
v -0.172670 0.000000 -0.341864
v -0.332670 0.000000 -0.541864
v -0.387330 0.000000 -0.498136
v -0.654856 0.000000 -0.323169
v -0.585144 0.000000 -0.316831
v -0.565144 0.000000 -0.536831
v -0.634856 0.000000 -0.543169
v -0.362907 0.000000 -0.485121
v -0.357093 0.000000 -0.554879
v -0.597093 0.000000 -0.574879
v -0.602907 0.000000 -0.505121
v -0.579657 0.000000 -0.511519
v -0.620343 0.000000 -0.568481
v -0.900343 0.000000 -0.368481
v -0.859657 0.000000 -0.311519
v -0.849495 0.000000 -0.322841
v -0.910505 0.000000 -0.357159
v -1.090505 0.000000 -0.037159
v -1.029495 0.000000 -0.002841
v -0.899000 0.000000 0.228000
v -0.941000 0.000000 0.172000
v -1.101000 0.000000 0.292000
v -1.059000 0.000000 0.348000
v -1.025060 0.000000 -0.017945
v -1.094940 0.000000 -0.022055
v -1.114940 0.000000 0.317945
v -1.045060 0.000000 0.322055
v -0.969528 0.000000 0.558791
v -0.910472 0.000000 0.521209
v -1.050472 0.000000 0.301209
v -1.109528 0.000000 0.338791
v -0.775652 0.000000 -0.348695
v -0.744348 0.000000 -0.411305
v -0.824348 0.000000 -0.451305
v -0.855652 0.000000 -0.388695
v -0.806796 0.000000 -0.408932
v -0.873204 0.000000 -0.431068
v -0.893204 0.000000 -0.371068
v -0.826796 0.000000 -0.348932
v -0.848932 0.000000 -0.393204
v -0.871068 0.000000 -0.326796
v -0.811068 0.000000 -0.306796
v -0.788932 0.000000 -0.373204
v -0.845000 0.000000 -0.420000
v -0.915000 0.000000 -0.420000
v -0.915000 0.000000 -0.360000
v -0.845000 0.000000 -0.360000
v -0.828932 0.000000 -0.413204
v -0.851068 0.000000 -0.346796
v -0.791068 0.000000 -0.326796
v -0.768932 0.000000 -0.393204
v -0.848932 0.000000 -0.373204
v -0.871068 0.000000 -0.306796
v -0.811068 0.000000 -0.286796
v -0.788932 0.000000 -0.353204
v -0.791068 0.000000 -0.266796
v -0.768932 0.000000 -0.333204
v -0.828932 0.000000 -0.353204
v -0.851068 0.000000 -0.286796
v -0.460585 0.000000 -0.070878
v -0.499415 0.000000 -0.129122
v -0.559415 0.000000 -0.089122
v -0.520585 0.000000 -0.030878
v -0.633204 0.000000 -0.048932
v -0.566796 0.000000 -0.071068
v -0.586796 0.000000 -0.131068
v -0.653204 0.000000 -0.108932
v -0.644749 0.000000 -0.144749
v -0.595251 0.000000 -0.095251
v -0.535251 0.000000 -0.155251
v -0.584749 0.000000 -0.204749
v -0.548932 0.000000 -0.213204
v -0.571068 0.000000 -0.146796
v -0.511068 0.000000 -0.126796
v -0.488932 0.000000 -0.193204
v -0.513204 0.000000 -0.088932
v -0.446796 0.000000 -0.111068
v -0.466796 0.000000 -0.171068
v -0.533204 0.000000 -0.148932
v 0.154637 0.000000 -2.494972
v 0.085363 0.000000 -2.505028
v -0.094637 0.000000 -1.265028
v -0.025363 0.000000 -1.254972
v -0.072999 0.000000 -1.227503
v -0.047001 0.000000 -1.292497
v -0.147001 0.000000 -1.332497
v -0.172999 0.000000 -1.267503
v 0.114342 0.000000 -2.513244
v 0.045658 0.000000 -2.526756
v -0.194342 0.000000 -1.306756
v -0.125658 0.000000 -1.293244
v 0.154648 0.000000 -2.495050
v 0.085352 0.000000 -2.504950
v -0.094648 0.000000 -1.244950
v -0.025352 0.000000 -1.235050
v 0.114362 0.000000 -2.493349
v 0.045638 0.000000 -2.506651
v -0.194362 0.000000 -1.266651
v -0.125638 0.000000 -1.253349
v -0.066864 0.000000 -1.205680
v -0.053136 0.000000 -1.274320
v -0.153136 0.000000 -1.294320
v -0.166864 0.000000 -1.225680
v 0.073988 0.000000 -2.491642
v 0.006012 0.000000 -2.508358
v -0.293988 0.000000 -1.288358
v -0.226012 0.000000 -1.271642
v -0.166864 0.000000 -1.225680
v -0.153136 0.000000 -1.294320
v -0.253136 0.000000 -1.314320
v -0.266864 0.000000 -1.245680
v 0.073988 0.000000 -2.511642
v 0.006012 0.000000 -2.528358
v -0.293988 0.000000 -1.308358
v -0.226012 0.000000 -1.291642
v -0.160000 0.000000 -1.265000
v -0.160000 0.000000 -1.335000
v -0.260000 0.000000 -1.335000
v -0.260000 0.000000 -1.265000
v -0.165876 0.000000 -2.427783
v -0.234124 0.000000 -2.412217
v 0.025876 0.000000 -1.272217
v 0.094124 0.000000 -1.287783
v 0.066864 0.000000 -1.245680
v 0.053136 0.000000 -1.314320
v -0.046864 0.000000 -1.294320
v -0.033136 0.000000 -1.225680
v -0.185414 0.000000 -2.425367
v -0.254586 0.000000 -2.414633
v -0.074586 0.000000 -1.254633
v -0.005414 0.000000 -1.265367
v -0.165907 0.000000 -2.427915
v -0.234093 0.000000 -2.412085
v 0.025907 0.000000 -1.292085
v 0.094093 0.000000 -1.307915
v -0.185428 0.000000 -2.425459
v -0.254572 0.000000 -2.414541
v -0.074572 0.000000 -1.274541
v -0.005428 0.000000 -1.285459
v 0.066864 0.000000 -1.265680
v 0.053136 0.000000 -1.334320
v -0.046864 0.000000 -1.314320
v -0.033136 0.000000 -1.245680
v -0.225186 0.000000 -2.423601
v -0.294814 0.000000 -2.416399
v -0.174814 0.000000 -1.256399
v -0.105186 0.000000 -1.263601
v -0.033136 0.000000 -1.245680
v -0.046864 0.000000 -1.314320
v -0.146864 0.000000 -1.294320
v -0.133136 0.000000 -1.225680
v -0.225186 0.000000 -2.403601
v -0.294814 0.000000 -2.396399
v -0.174814 0.000000 -1.236399
v -0.105186 0.000000 -1.243601
v -0.033136 0.000000 -1.225680
v -0.046864 0.000000 -1.294320
v -0.146864 0.000000 -1.274320
v -0.133136 0.000000 -1.205680
v 0.453848 0.000000 -2.068907
v 0.386152 0.000000 -2.051093
v 0.586152 0.000000 -1.291093
v 0.653848 0.000000 -1.308907
v 0.632999 0.000000 -1.267503
v 0.607001 0.000000 -1.332497
v 0.507001 0.000000 -1.292497
v 0.532999 0.000000 -1.227503
v 0.414476 0.000000 -2.066033
v 0.345524 0.000000 -2.053967
v 0.485524 0.000000 -1.253967
v 0.554476 0.000000 -1.266033
v 0.453848 0.000000 -2.088907
v 0.386152 0.000000 -2.071093
v 0.586152 0.000000 -1.311093
v 0.653848 0.000000 -1.328907
v 0.414421 0.000000 -2.066341
v 0.345579 0.000000 -2.053659
v 0.485579 0.000000 -1.293659
v 0.554421 0.000000 -1.306341
v 0.626864 0.000000 -1.285680
v 0.613136 0.000000 -1.354320
v 0.513136 0.000000 -1.334320
v 0.526864 0.000000 -1.265680
v 0.394897 0.000000 -2.062684
v 0.325103 0.000000 -2.057316
v 0.385103 0.000000 -1.277316
v 0.454897 0.000000 -1.282684
v 0.526864 0.000000 -1.265680
v 0.513136 0.000000 -1.334320
v 0.413136 0.000000 -1.314320
v 0.426864 0.000000 -1.245680
v 0.394902 0.000000 -2.062618
v 0.325098 0.000000 -2.057382
v 0.385098 0.000000 -1.257382
v 0.454902 0.000000 -1.262618
v 0.520000 0.000000 -1.225000
v 0.520000 0.000000 -1.295000
v 0.420000 0.000000 -1.295000
v 0.420000 0.000000 -1.225000
v 0.225000 0.000000 -1.420000
v 0.295000 0.000000 -1.420000
v 0.295000 0.000000 -1.480000
v 0.225000 0.000000 -1.480000
v 0.231068 0.000000 -1.466796
v 0.208932 0.000000 -1.533204
v 0.148932 0.000000 -1.513204
v 0.171068 0.000000 -1.446796
v 0.195000 0.000000 -1.480000
v 0.125000 0.000000 -1.480000
v 0.125000 0.000000 -1.420000
v 0.195000 0.000000 -1.420000
v 0.200585 0.000000 -1.350878
v 0.239415 0.000000 -1.409122
v 0.179415 0.000000 -1.449122
v 0.140585 0.000000 -1.390878
v -0.528932 0.000000 -1.073204
v -0.551068 0.000000 -1.006796
v -0.491068 0.000000 -0.986796
v -0.468932 0.000000 -1.053204
v -0.468932 0.000000 -0.986796
v -0.491068 0.000000 -1.053204
v -0.551068 0.000000 -1.033204
v -0.528932 0.000000 -0.966796
v -0.559415 0.000000 -1.069122
v -0.520585 0.000000 -1.010878
v -0.460585 0.000000 -1.050878
v -0.499415 0.000000 -1.109122
v -0.515000 0.000000 -1.020000
v -0.445000 0.000000 -1.020000
v -0.445000 0.000000 -1.080000
v -0.515000 0.000000 -1.080000
v -0.575000 0.000000 -1.040000
v -0.505000 0.000000 -1.040000
v -0.505000 0.000000 -1.100000
v -0.575000 0.000000 -1.100000
v -0.491068 0.000000 -1.046796
v -0.468932 0.000000 -1.113204
v -0.528932 0.000000 -1.133204
v -0.551068 0.000000 -1.066796
v -0.545000 0.000000 -1.080000
v -0.615000 0.000000 -1.080000
v -0.615000 0.000000 -1.020000
v -0.545000 0.000000 -1.020000
v -0.460585 0.000000 -0.990878
v -0.499415 0.000000 -1.049122
v -0.559415 0.000000 -1.009122
v -0.520585 0.000000 -0.950878
v -0.499415 0.000000 -1.050878
v -0.460585 0.000000 -1.109122
v -0.520585 0.000000 -1.149122
v -0.559415 0.000000 -1.090878
v -0.520585 0.000000 -1.090878
v -0.559415 0.000000 -1.149122
v -0.619415 0.000000 -1.109122
v -0.580585 0.000000 -1.050878
v -0.565000 0.000000 -1.080000
v -0.635000 0.000000 -1.080000
v -0.635000 0.000000 -1.020000
v -0.565000 0.000000 -1.020000
v -0.559415 0.000000 -0.950878
v -0.520585 0.000000 -1.009122
v -0.580585 0.000000 -1.049122
v -0.619415 0.000000 -0.990878
v -0.724348 0.000000 -0.451305
v -0.755652 0.000000 -0.388695
v -0.675652 0.000000 -0.348695
v -0.644348 0.000000 -0.411305
v -0.644348 0.000000 -0.348695
v -0.675652 0.000000 -0.411305
v -0.755652 0.000000 -0.371305
v -0.724348 0.000000 -0.308695
v -0.705000 0.000000 -0.420000
v -0.775000 0.000000 -0.420000
v -0.775000 0.000000 -0.340000
v -0.705000 0.000000 -0.340000
v -0.755652 0.000000 -0.451305
v -0.724348 0.000000 -0.388695
v -0.644348 0.000000 -0.428695
v -0.675652 0.000000 -0.491305
v -0.695000 0.000000 -0.380000
v -0.625000 0.000000 -0.380000
v -0.625000 0.000000 -0.460000
v -0.695000 0.000000 -0.460000
v -0.775000 0.000000 -0.420000
v -0.705000 0.000000 -0.420000
v -0.705000 0.000000 -0.500000
v -0.775000 0.000000 -0.500000
v -0.675652 0.000000 -0.428695
v -0.644348 0.000000 -0.491305
v -0.724348 0.000000 -0.531305
v -0.755652 0.000000 -0.468695
v -0.759415 0.000000 -0.390878
v -0.720585 0.000000 -0.449122
v -0.780585 0.000000 -0.489122
v -0.819415 0.000000 -0.430878
v -0.720585 0.000000 -0.470878
v -0.759415 0.000000 -0.529122
v -0.819415 0.000000 -0.489122
v -0.780585 0.000000 -0.430878
v -0.720585 0.000000 -0.390878
v -0.759415 0.000000 -0.449122
v -0.819415 0.000000 -0.409122
v -0.780585 0.000000 -0.350878
v -0.765000 0.000000 -0.460000
v -0.835000 0.000000 -0.460000
v -0.835000 0.000000 -0.380000
v -0.765000 0.000000 -0.380000
v -0.759415 0.000000 -0.310878
v -0.720585 0.000000 -0.369122
v -0.780585 0.000000 -0.409122
v -0.819415 0.000000 -0.350878
v -0.621993 0.000000 -0.329988
v -0.658007 0.000000 -0.390012
v -0.758007 0.000000 -0.330012
v -0.721993 0.000000 -0.269988
v -0.675000 0.000000 -0.360000
v -0.605000 0.000000 -0.360000
v -0.605000 0.000000 -0.480000
v -0.675000 0.000000 -0.480000
v -0.658007 0.000000 -0.449988
v -0.621993 0.000000 -0.510012
v -0.721993 0.000000 -0.570012
v -0.758007 0.000000 -0.509988
v -0.721993 0.000000 -0.509988
v -0.758007 0.000000 -0.570012
v -0.858007 0.000000 -0.510012
v -0.821993 0.000000 -0.449988
v -0.805000 0.000000 -0.480000
v -0.875000 0.000000 -0.480000
v -0.875000 0.000000 -0.360000
v -0.805000 0.000000 -0.360000
v -0.758007 0.000000 -0.269988
v -0.721993 0.000000 -0.330012
v -0.821993 0.000000 -0.390012
v -0.858007 0.000000 -0.329988
v -0.344348 0.000000 -1.551305
v -0.375652 0.000000 -1.488695
v -0.295652 0.000000 -1.448695
v -0.264348 0.000000 -1.511305
v -0.264348 0.000000 -1.448695
v -0.295652 0.000000 -1.511305
v -0.375652 0.000000 -1.471305
v -0.344348 0.000000 -1.408695
v -0.325000 0.000000 -1.520000
v -0.395000 0.000000 -1.520000
v -0.395000 0.000000 -1.440000
v -0.325000 0.000000 -1.440000
v -0.375652 0.000000 -1.551305
v -0.344348 0.000000 -1.488695
v -0.264348 0.000000 -1.528695
v -0.295652 0.000000 -1.591305
v -0.315000 0.000000 -1.480000
v -0.245000 0.000000 -1.480000
v -0.245000 0.000000 -1.560000
v -0.315000 0.000000 -1.560000
v -0.395000 0.000000 -1.520000
v -0.325000 0.000000 -1.520000
v -0.325000 0.000000 -1.600000
v -0.395000 0.000000 -1.600000
v -0.295652 0.000000 -1.528695
v -0.264348 0.000000 -1.591305
v -0.344348 0.000000 -1.631305
v -0.375652 0.000000 -1.568695
v -0.379415 0.000000 -1.490878
v -0.340585 0.000000 -1.549122
v -0.400585 0.000000 -1.589122
v -0.439415 0.000000 -1.530878
v -0.340585 0.000000 -1.570878
v -0.379415 0.000000 -1.629122
v -0.439415 0.000000 -1.589122
v -0.400585 0.000000 -1.530878
v -0.340585 0.000000 -1.490878
v -0.379415 0.000000 -1.549122
v -0.439415 0.000000 -1.509122
v -0.400585 0.000000 -1.450878
v -0.385000 0.000000 -1.560000
v -0.455000 0.000000 -1.560000
v -0.455000 0.000000 -1.480000
v -0.385000 0.000000 -1.480000
v -0.379415 0.000000 -1.410878
v -0.340585 0.000000 -1.469122
v -0.400585 0.000000 -1.509122
v -0.439415 0.000000 -1.450878
v -0.241993 0.000000 -1.429988
v -0.278007 0.000000 -1.490012
v -0.378007 0.000000 -1.430012
v -0.341993 0.000000 -1.369988
v -0.295000 0.000000 -1.460000
v -0.225000 0.000000 -1.460000
v -0.225000 0.000000 -1.580000
v -0.295000 0.000000 -1.580000
v -0.278007 0.000000 -1.549988
v -0.241993 0.000000 -1.610012
v -0.341993 0.000000 -1.670012
v -0.378007 0.000000 -1.609988
v -0.341993 0.000000 -1.609988
v -0.378007 0.000000 -1.670012
v -0.478007 0.000000 -1.610012
v -0.441993 0.000000 -1.549988
v -0.425000 0.000000 -1.580000
v -0.495000 0.000000 -1.580000
v -0.495000 0.000000 -1.460000
v -0.425000 0.000000 -1.460000
v -0.378007 0.000000 -1.369988
v -0.341993 0.000000 -1.430012
v -0.441993 0.000000 -1.490012
v -0.478007 0.000000 -1.429988
v -0.515000 0.000000 -1.420000
v -0.445000 0.000000 -1.420000
v -0.445000 0.000000 -1.480000
v -0.515000 0.000000 -1.480000
v -0.531068 0.000000 -1.426796
v -0.508932 0.000000 -1.493204
v -0.568932 0.000000 -1.513204
v -0.591068 0.000000 -1.446796
v -0.508932 0.000000 -1.466796
v -0.531068 0.000000 -1.533204
v -0.591068 0.000000 -1.513204
v -0.568932 0.000000 -1.446796
v -0.500585 0.000000 -1.430878
v -0.539415 0.000000 -1.489122
v -0.599415 0.000000 -1.449122
v -0.560585 0.000000 -1.390878
v -0.545000 0.000000 -1.480000
v -0.615000 0.000000 -1.480000
v -0.615000 0.000000 -1.420000
v -0.545000 0.000000 -1.420000
v -0.531068 0.000000 -1.366796
v -0.508932 0.000000 -1.433204
v -0.568932 0.000000 -1.453204
v -0.591068 0.000000 -1.386796
v -0.440585 0.000000 -1.390878
v -0.479415 0.000000 -1.449122
v -0.539415 0.000000 -1.409122
v -0.500585 0.000000 -1.350878
v -0.495000 0.000000 -1.420000
v -0.425000 0.000000 -1.420000
v -0.425000 0.000000 -1.500000
v -0.495000 0.000000 -1.500000
v -0.471068 0.000000 -1.466796
v -0.448932 0.000000 -1.533204
v -0.508932 0.000000 -1.553204
v -0.531068 0.000000 -1.486796
v -0.511511 0.000000 -1.486045
v -0.528489 0.000000 -1.553955
v -0.608489 0.000000 -1.533955
v -0.591511 0.000000 -1.466045
v -0.565000 0.000000 -1.500000
v -0.635000 0.000000 -1.500000
v -0.635000 0.000000 -1.420000
v -0.565000 0.000000 -1.420000
v -0.535652 0.000000 -1.348695
v -0.504348 0.000000 -1.411305
v -0.584348 0.000000 -1.451305
v -0.615652 0.000000 -1.388695
v -0.344348 0.000000 -0.771305
v -0.375652 0.000000 -0.708695
v -0.295652 0.000000 -0.668695
v -0.264348 0.000000 -0.731305
v -0.259000 0.000000 -0.672000
v -0.301000 0.000000 -0.728000
v -0.381000 0.000000 -0.668000
v -0.339000 0.000000 -0.612000
v -0.325000 0.000000 -0.740000
v -0.395000 0.000000 -0.740000
v -0.395000 0.000000 -0.640000
v -0.325000 0.000000 -0.640000
v -0.375652 0.000000 -0.771305
v -0.344348 0.000000 -0.708695
v -0.264348 0.000000 -0.748695
v -0.295652 0.000000 -0.811305
v -0.315000 0.000000 -0.700000
v -0.245000 0.000000 -0.700000
v -0.245000 0.000000 -0.780000
v -0.315000 0.000000 -0.780000
v -0.395000 0.000000 -0.740000
v -0.325000 0.000000 -0.740000
v -0.325000 0.000000 -0.820000
v -0.395000 0.000000 -0.820000
v -0.295652 0.000000 -0.748695
v -0.264348 0.000000 -0.811305
v -0.344348 0.000000 -0.851305
v -0.375652 0.000000 -0.788695
v -0.379415 0.000000 -0.710878
v -0.340585 0.000000 -0.769122
v -0.400585 0.000000 -0.809122
v -0.439415 0.000000 -0.750878
v -0.340585 0.000000 -0.790878
v -0.379415 0.000000 -0.849122
v -0.439415 0.000000 -0.809122
v -0.400585 0.000000 -0.750878
v -0.340585 0.000000 -0.710878
v -0.379415 0.000000 -0.769122
v -0.439415 0.000000 -0.729122
v -0.400585 0.000000 -0.670878
v -0.385000 0.000000 -0.780000
v -0.455000 0.000000 -0.780000
v -0.455000 0.000000 -0.700000
v -0.385000 0.000000 -0.700000
v -0.384749 0.000000 -0.615251
v -0.335251 0.000000 -0.664749
v -0.395251 0.000000 -0.724749
v -0.444749 0.000000 -0.675251
v -0.241993 0.000000 -0.649988
v -0.278007 0.000000 -0.710012
v -0.378007 0.000000 -0.650012
v -0.341993 0.000000 -0.589988
v -0.295000 0.000000 -0.680000
v -0.225000 0.000000 -0.680000
v -0.225000 0.000000 -0.780000
v -0.295000 0.000000 -0.780000
v -0.278007 0.000000 -0.749988
v -0.241993 0.000000 -0.810012
v -0.341993 0.000000 -0.870012
v -0.378007 0.000000 -0.809988
v -0.341993 0.000000 -0.809988
v -0.378007 0.000000 -0.870012
v -0.478007 0.000000 -0.810012
v -0.441993 0.000000 -0.749988
v -0.425000 0.000000 -0.780000
v -0.495000 0.000000 -0.780000
v -0.495000 0.000000 -0.680000
v -0.425000 0.000000 -0.680000
v -0.378007 0.000000 -0.589988
v -0.341993 0.000000 -0.650012
v -0.441993 0.000000 -0.710012
v -0.478007 0.000000 -0.649988
v -0.065000 0.000000 -1.540000
v -0.135000 0.000000 -1.540000
v -0.135000 0.000000 -1.480000
v -0.065000 0.000000 -1.480000
v -0.095000 0.000000 -1.500000
v -0.025000 0.000000 -1.500000
v -0.025000 0.000000 -1.560000
v -0.095000 0.000000 -1.560000
v -0.105000 0.000000 -1.560000
v -0.175000 0.000000 -1.560000
v -0.175000 0.000000 -1.500000
v -0.105000 0.000000 -1.500000
v -0.020585 0.000000 -1.470878
v -0.059415 0.000000 -1.529122
v -0.119415 0.000000 -1.489122
v -0.080585 0.000000 -1.430878
v -0.075000 0.000000 -1.500000
v -0.005000 0.000000 -1.500000
v -0.005000 0.000000 -1.560000
v -0.075000 0.000000 -1.560000
v -0.059415 0.000000 -1.530878
v -0.020585 0.000000 -1.589122
v -0.080585 0.000000 -1.629122
v -0.119415 0.000000 -1.570878
v -0.080585 0.000000 -1.570878
v -0.119415 0.000000 -1.629122
v -0.179415 0.000000 -1.589122
v -0.140585 0.000000 -1.530878
v -0.125000 0.000000 -1.560000
v -0.195000 0.000000 -1.560000
v -0.195000 0.000000 -1.500000
v -0.125000 0.000000 -1.500000
v -0.119415 0.000000 -1.430878
v -0.080585 0.000000 -1.489122
v -0.140585 0.000000 -1.529122
v -0.179415 0.000000 -1.470878
v -0.075000 0.000000 -0.840000
v -0.005000 0.000000 -0.840000
v -0.005000 0.000000 -0.900000
v -0.075000 0.000000 -0.900000
v -0.115000 0.000000 -0.860000
v -0.045000 0.000000 -0.860000
v -0.045000 0.000000 -0.920000
v -0.115000 0.000000 -0.920000
v -0.085000 0.000000 -0.900000
v -0.155000 0.000000 -0.900000
v -0.155000 0.000000 -0.840000
v -0.085000 0.000000 -0.840000
v -0.000585 0.000000 -0.790878
v -0.039415 0.000000 -0.849122
v -0.099415 0.000000 -0.809122
v -0.060585 0.000000 -0.750878
v -0.055000 0.000000 -0.820000
v 0.015000 0.000000 -0.820000
v 0.015000 0.000000 -0.900000
v -0.055000 0.000000 -0.900000
v -0.039415 0.000000 -0.870878
v -0.000585 0.000000 -0.929122
v -0.060585 0.000000 -0.969122
v -0.099415 0.000000 -0.910878
v -0.060585 0.000000 -0.910878
v -0.099415 0.000000 -0.969122
v -0.159415 0.000000 -0.929122
v -0.120585 0.000000 -0.870878
v -0.105000 0.000000 -0.900000
v -0.175000 0.000000 -0.900000
v -0.175000 0.000000 -0.820000
v -0.105000 0.000000 -0.820000
v -0.099415 0.000000 -0.750878
v -0.060585 0.000000 -0.809122
v -0.120585 0.000000 -0.849122
v -0.159415 0.000000 -0.790878
v 0.435652 0.000000 -1.311305
v 0.404348 0.000000 -1.248695
v 0.484348 0.000000 -1.208695
v 0.515652 0.000000 -1.271305
v 0.515652 0.000000 -1.208695
v 0.484348 0.000000 -1.271305
v 0.404348 0.000000 -1.231305
v 0.435652 0.000000 -1.168695
v 0.455000 0.000000 -1.280000
v 0.385000 0.000000 -1.280000
v 0.385000 0.000000 -1.200000
v 0.455000 0.000000 -1.200000
v 0.404348 0.000000 -1.311305
v 0.435652 0.000000 -1.248695
v 0.515652 0.000000 -1.288695
v 0.484348 0.000000 -1.351305
v 0.465000 0.000000 -1.240000
v 0.535000 0.000000 -1.240000
v 0.535000 0.000000 -1.320000
v 0.465000 0.000000 -1.320000
v 0.385000 0.000000 -1.280000
v 0.455000 0.000000 -1.280000
v 0.455000 0.000000 -1.360000
v 0.385000 0.000000 -1.360000
v 0.484348 0.000000 -1.288695
v 0.515652 0.000000 -1.351305
v 0.435652 0.000000 -1.391305
v 0.404348 0.000000 -1.328695
v 0.400585 0.000000 -1.250878
v 0.439415 0.000000 -1.309122
v 0.379415 0.000000 -1.349122
v 0.340585 0.000000 -1.290878
v 0.439415 0.000000 -1.330878
v 0.400585 0.000000 -1.389122
v 0.340585 0.000000 -1.349122
v 0.379415 0.000000 -1.290878
v 0.439415 0.000000 -1.250878
v 0.400585 0.000000 -1.309122
v 0.340585 0.000000 -1.269122
v 0.379415 0.000000 -1.210878
v 0.395000 0.000000 -1.320000
v 0.325000 0.000000 -1.320000
v 0.325000 0.000000 -1.240000
v 0.395000 0.000000 -1.240000
v 0.400585 0.000000 -1.170878
v 0.439415 0.000000 -1.229122
v 0.379415 0.000000 -1.269122
v 0.340585 0.000000 -1.210878
v 0.538007 0.000000 -1.189988
v 0.501993 0.000000 -1.250012
v 0.401993 0.000000 -1.190012
v 0.438007 0.000000 -1.129988
v 0.485000 0.000000 -1.220000
v 0.555000 0.000000 -1.220000
v 0.555000 0.000000 -1.340000
v 0.485000 0.000000 -1.340000
v 0.507001 0.000000 -1.307503
v 0.532999 0.000000 -1.372497
v 0.432999 0.000000 -1.412497
v 0.407001 0.000000 -1.347503
v 0.435652 0.000000 -1.348695
v 0.404348 0.000000 -1.411305
v 0.324348 0.000000 -1.371305
v 0.355652 0.000000 -1.308695
v 0.375000 0.000000 -1.340000
v 0.305000 0.000000 -1.340000
v 0.305000 0.000000 -1.220000
v 0.375000 0.000000 -1.220000
v 0.399000 0.000000 -1.132000
v 0.441000 0.000000 -1.188000
v 0.361000 0.000000 -1.248000
v 0.319000 0.000000 -1.192000
v -0.684348 0.000000 -0.931305
v -0.715652 0.000000 -0.868695
v -0.635652 0.000000 -0.828695
v -0.604348 0.000000 -0.891305
v -0.604348 0.000000 -0.828695
v -0.635652 0.000000 -0.891305
v -0.715652 0.000000 -0.851305
v -0.684348 0.000000 -0.788695
v -0.665000 0.000000 -0.900000
v -0.735000 0.000000 -0.900000
v -0.735000 0.000000 -0.820000
v -0.665000 0.000000 -0.820000
v -0.715652 0.000000 -0.931305
v -0.684348 0.000000 -0.868695
v -0.604348 0.000000 -0.908695
v -0.635652 0.000000 -0.971305
v -0.655000 0.000000 -0.860000
v -0.585000 0.000000 -0.860000
v -0.585000 0.000000 -0.940000
v -0.655000 0.000000 -0.940000
v -0.735000 0.000000 -0.900000
v -0.665000 0.000000 -0.900000
v -0.665000 0.000000 -0.980000
v -0.735000 0.000000 -0.980000
v -0.635652 0.000000 -0.908695
v -0.604348 0.000000 -0.971305
v -0.684348 0.000000 -1.011305
v -0.715652 0.000000 -0.948695
v -0.719415 0.000000 -0.870878
v -0.680585 0.000000 -0.929122
v -0.740585 0.000000 -0.969122
v -0.779415 0.000000 -0.910878
v -0.680585 0.000000 -0.950878
v -0.719415 0.000000 -1.009122
v -0.779415 0.000000 -0.969122
v -0.740585 0.000000 -0.910878
v -0.680585 0.000000 -0.870878
v -0.719415 0.000000 -0.929122
v -0.779415 0.000000 -0.889122
v -0.740585 0.000000 -0.830878
v -0.725000 0.000000 -0.940000
v -0.795000 0.000000 -0.940000
v -0.795000 0.000000 -0.860000
v -0.725000 0.000000 -0.860000
v -0.719415 0.000000 -0.790878
v -0.680585 0.000000 -0.849122
v -0.740585 0.000000 -0.889122
v -0.779415 0.000000 -0.830878
v -0.581993 0.000000 -0.829988
v -0.618007 0.000000 -0.890012
v -0.718007 0.000000 -0.830012
v -0.681993 0.000000 -0.769988
v -0.635000 0.000000 -0.860000
v -0.565000 0.000000 -0.860000
v -0.565000 0.000000 -0.960000
v -0.635000 0.000000 -0.960000
v -0.618007 0.000000 -0.929988
v -0.581993 0.000000 -0.990012
v -0.681993 0.000000 -1.050012
v -0.718007 0.000000 -0.989988
v -0.679000 0.000000 -0.992000
v -0.721000 0.000000 -1.048000
v -0.801000 0.000000 -0.988000
v -0.759000 0.000000 -0.932000
v -0.745000 0.000000 -0.960000
v -0.815000 0.000000 -0.960000
v -0.815000 0.000000 -0.860000
v -0.745000 0.000000 -0.860000
v -0.721000 0.000000 -0.772000
v -0.679000 0.000000 -0.828000
v -0.759000 0.000000 -0.888000
v -0.801000 0.000000 -0.832000
vn 0.000000 1.000000 0.000000
vn 0.000000 1.000000 0.000000
vn 0.000000 1.000000 0.000000
vn 0.000000 1.000000 0.000000
vn 0.000000 1.000000 0.000000
vn 0.000000 1.000000 0.000000
vn 0.000000 1.000000 0.000000
vn 0.000000 1.000000 0.000000
vn 0.000000 1.000000 0.000000
vn 0.000000 1.000000 0.000000
vn 0.000000 1.000000 0.000000
vn 0.000000 1.000000 0.000000
vn 0.000000 1.000000 0.000000
vn 0.000000 1.000000 0.000000
vn 0.000000 1.000000 0.000000
vn 0.000000 1.000000 0.000000
vn 0.000000 1.000000 0.000000
vn 0.000000 1.000000 0.000000
vn 0.000000 1.000000 0.000000
vn 0.000000 1.000000 0.000000
vn 0.000000 1.000000 0.000000
vn 0.000000 1.000000 0.000000
vn 0.000000 1.000000 0.000000
vn 0.000000 1.000000 0.000000
vn 0.000000 1.000000 0.000000
vn 0.000000 1.000000 0.000000
vn 0.000000 1.000000 0.000000
vn 0.000000 1.000000 0.000000
vn 0.000000 1.000000 0.000000
vn 0.000000 1.000000 0.000000
vn 0.000000 1.000000 0.000000
vn 0.000000 1.000000 0.000000
vn 0.000000 1.000000 0.000000
vn 0.000000 1.000000 0.000000
vn 0.000000 1.000000 0.000000
vn 0.000000 1.000000 0.000000
vn 0.000000 1.000000 0.000000
vn 0.000000 1.000000 0.000000
vn 0.000000 1.000000 0.000000
vn 0.000000 1.000000 0.000000
vn 0.000000 1.000000 0.000000
vn 0.000000 1.000000 0.000000
vn 0.000000 1.000000 0.000000
vn 0.000000 1.000000 0.000000
vn 0.000000 1.000000 0.000000
vn 0.000000 1.000000 0.000000
vn 0.000000 1.000000 0.000000
vn 0.000000 1.000000 0.000000
vn 0.000000 1.000000 0.000000
vn 0.000000 1.000000 0.000000
vn 0.000000 1.000000 0.000000
vn 0.000000 1.000000 0.000000
vn 0.000000 1.000000 0.000000
vn 0.000000 1.000000 0.000000
vn 0.000000 1.000000 0.000000
vn 0.000000 1.000000 0.000000
vn 0.000000 1.000000 0.000000
vn 0.000000 1.000000 0.000000
vn 0.000000 1.000000 0.000000
vn 0.000000 1.000000 0.000000
vn 0.000000 1.000000 0.000000
vn 0.000000 1.000000 0.000000
vn 0.000000 1.000000 0.000000
vn 0.000000 1.000000 0.000000
vn 0.000000 1.000000 0.000000
vn 0.000000 1.000000 0.000000
vn 0.000000 1.000000 0.000000
vn 0.000000 1.000000 0.000000
vn 0.000000 1.000000 0.000000
vn 0.000000 1.000000 0.000000
vn 0.000000 1.000000 0.000000
vn 0.000000 1.000000 0.000000
vn 0.000000 1.000000 0.000000
vn 0.000000 1.000000 0.000000
vn 0.000000 1.000000 0.000000
vn 0.000000 1.000000 0.000000
vn 0.000000 1.000000 0.000000
vn 0.000000 1.000000 0.000000
vn 0.000000 1.000000 0.000000
vn 0.000000 1.000000 0.000000
vn 0.000000 1.000000 0.000000
vn 0.000000 1.000000 0.000000
vn 0.000000 1.000000 0.000000
vn 0.000000 1.000000 0.000000
vn 0.000000 1.000000 0.000000
vn 0.000000 1.000000 0.000000
vn 0.000000 1.000000 0.000000
vn 0.000000 1.000000 0.000000
vn 0.000000 1.000000 0.000000
vn 0.000000 1.000000 0.000000
vn 0.000000 1.000000 0.000000
vn 0.000000 1.000000 0.000000
vn 0.000000 1.000000 0.000000
vn 0.000000 1.000000 0.000000
vn 0.000000 1.000000 0.000000
vn 0.000000 1.000000 0.000000
vn 0.000000 1.000000 0.000000
vn 0.000000 1.000000 0.000000
vn 0.000000 1.000000 0.000000
vn 0.000000 1.000000 0.000000
vn 0.000000 1.000000 0.000000
vn 0.000000 1.000000 0.000000
vn 0.000000 1.000000 0.000000
vn 0.000000 1.000000 0.000000
vn 0.000000 1.000000 0.000000
vn 0.000000 1.000000 0.000000
vn 0.000000 1.000000 0.000000
vn 0.000000 1.000000 0.000000
vn 0.000000 1.000000 0.000000
vn 0.000000 1.000000 0.000000
vn 0.000000 1.000000 0.000000
vn 0.000000 1.000000 0.000000
vn 0.000000 1.000000 0.000000
vn 0.000000 1.000000 0.000000
vn 0.000000 1.000000 0.000000
vn 0.000000 1.000000 0.000000
vn 0.000000 1.000000 0.000000
vn 0.000000 1.000000 0.000000
vn 0.000000 1.000000 0.000000
vn 0.000000 1.000000 0.000000
vn 0.000000 1.000000 0.000000
vn 0.000000 1.000000 0.000000
vn 0.000000 1.000000 0.000000
vn 0.000000 1.000000 0.000000
vn 0.000000 1.000000 0.000000
vn 0.000000 1.000000 0.000000
vn 0.000000 1.000000 0.000000
vn 0.000000 1.000000 0.000000
vn 0.000000 1.000000 0.000000
vn 0.000000 1.000000 0.000000
vn 0.000000 1.000000 0.000000
vn 0.000000 1.000000 0.000000
vn 0.000000 1.000000 0.000000
vn 0.000000 1.000000 0.000000
vn 0.000000 1.000000 0.000000
vn 0.000000 1.000000 0.000000
vn 0.000000 1.000000 0.000000
vn 0.000000 1.000000 0.000000
vn 0.000000 1.000000 0.000000
vn 0.000000 1.000000 0.000000
vn 0.000000 1.000000 0.000000
vn 0.000000 1.000000 0.000000
vn 0.000000 1.000000 0.000000
vn 0.000000 1.000000 0.000000
vn 0.000000 1.000000 0.000000
vn 0.000000 1.000000 0.000000
vn 0.000000 1.000000 0.000000
vn 0.000000 1.000000 0.000000
vn 0.000000 1.000000 0.000000
vn 0.000000 1.000000 0.000000
vn 0.000000 1.000000 0.000000
vn 0.000000 1.000000 0.000000
vn 0.000000 1.000000 0.000000
vn 0.000000 1.000000 0.000000
vn 0.000000 1.000000 0.000000
vn 0.000000 1.000000 0.000000
vn 0.000000 1.000000 0.000000
vn 0.000000 1.000000 0.000000
vn 0.000000 1.000000 0.000000
vn 0.000000 1.000000 0.000000
vn 0.000000 1.000000 0.000000
vn 0.000000 1.000000 0.000000
vn 0.000000 1.000000 0.000000
vn 0.000000 1.000000 0.000000
vn 0.000000 1.000000 0.000000
vn 0.000000 1.000000 0.000000
vn 0.000000 1.000000 0.000000
vn 0.000000 1.000000 0.000000
vn 0.000000 1.000000 0.000000
vn 0.000000 1.000000 0.000000
vn 0.000000 1.000000 0.000000
vn 0.000000 1.000000 0.000000
vn 0.000000 1.000000 0.000000
vn 0.000000 1.000000 0.000000
vn 0.000000 1.000000 0.000000
vn 0.000000 1.000000 0.000000
vn 0.000000 1.000000 0.000000
vn 0.000000 1.000000 0.000000
vn 0.000000 1.000000 0.000000
vn 0.000000 1.000000 0.000000
vn 0.000000 1.000000 0.000000
vn 0.000000 1.000000 0.000000
vn 0.000000 1.000000 0.000000
vn 0.000000 1.000000 0.000000
vn 0.000000 1.000000 0.000000
vn 0.000000 1.000000 0.000000
vn 0.000000 1.000000 0.000000
vn 0.000000 1.000000 0.000000
vn 0.000000 1.000000 0.000000
vn 0.000000 1.000000 0.000000
vn 0.000000 1.000000 0.000000
vn 0.000000 1.000000 0.000000
vn 0.000000 1.000000 0.000000
vn 0.000000 1.000000 0.000000
vn 0.000000 1.000000 0.000000
vn 0.000000 1.000000 0.000000
vn 0.000000 1.000000 0.000000
vn 0.000000 1.000000 0.000000
vn 0.000000 1.000000 0.000000
vn 0.000000 1.000000 0.000000
vn 0.000000 1.000000 0.000000
vn 0.000000 1.000000 0.000000
vn 0.000000 1.000000 0.000000
vn 0.000000 1.000000 0.000000
vn 0.000000 1.000000 0.000000
vn 0.000000 1.000000 0.000000
vn 0.000000 1.000000 0.000000
vn 0.000000 1.000000 0.000000
vn 0.000000 1.000000 0.000000
vn 0.000000 1.000000 0.000000
vn 0.000000 1.000000 0.000000
vn 0.000000 1.000000 0.000000
vn 0.000000 1.000000 0.000000
vn 0.000000 1.000000 0.000000
vn 0.000000 1.000000 0.000000
vn 0.000000 1.000000 0.000000
vn 0.000000 1.000000 0.000000
vn 0.000000 1.000000 0.000000
vn 0.000000 1.000000 0.000000
vn 0.000000 1.000000 0.000000
vn 0.000000 1.000000 0.000000
vn 0.000000 1.000000 0.000000
vn 0.000000 1.000000 0.000000
vn 0.000000 1.000000 0.000000
vn 0.000000 1.000000 0.000000
vn 0.000000 1.000000 0.000000
vn 0.000000 1.000000 0.000000
vn 0.000000 1.000000 0.000000
vn 0.000000 1.000000 0.000000
vn 0.000000 1.000000 0.000000
vn 0.000000 1.000000 0.000000
vn 0.000000 1.000000 0.000000
vn 0.000000 1.000000 0.000000
vn 0.000000 1.000000 0.000000
vn 0.000000 1.000000 0.000000
vn 0.000000 1.000000 0.000000
vn 0.000000 1.000000 0.000000
vn 0.000000 1.000000 0.000000
vn 0.000000 1.000000 0.000000
vn 0.000000 1.000000 0.000000
vn 0.000000 1.000000 0.000000
vn 0.000000 1.000000 0.000000
vn 0.000000 1.000000 0.000000
vn 0.000000 1.000000 0.000000
vn 0.000000 1.000000 0.000000
vn 0.000000 1.000000 0.000000
vn 0.000000 1.000000 0.000000
vn 0.000000 1.000000 0.000000
vn 0.000000 1.000000 0.000000
vn 0.000000 1.000000 0.000000
vn 0.000000 1.000000 0.000000
vn 0.000000 1.000000 0.000000
vn 0.000000 1.000000 0.000000
vn 0.000000 1.000000 0.000000
vn 0.000000 1.000000 0.000000
vn 0.000000 1.000000 0.000000
vn 0.000000 1.000000 0.000000
vn 0.000000 1.000000 0.000000
vn 0.000000 1.000000 0.000000
vn 0.000000 1.000000 0.000000
vn 0.000000 1.000000 0.000000
vn 0.000000 1.000000 0.000000
vn 0.000000 1.000000 0.000000
vn 0.000000 1.000000 0.000000
vn 0.000000 1.000000 0.000000
vn 0.000000 1.000000 0.000000
vn 0.000000 1.000000 0.000000
vn 0.000000 1.000000 0.000000
vn 0.000000 1.000000 0.000000
vn 0.000000 1.000000 0.000000
vn 0.000000 1.000000 0.000000
vn 0.000000 1.000000 0.000000
vn 0.000000 1.000000 0.000000
vn 0.000000 1.000000 0.000000
vn 0.000000 1.000000 0.000000
vn 0.000000 1.000000 0.000000
vn 0.000000 1.000000 0.000000
vn 0.000000 1.000000 0.000000
vn 0.000000 1.000000 0.000000
vn 0.000000 1.000000 0.000000
vn 0.000000 1.000000 0.000000
vn 0.000000 1.000000 0.000000
vn 0.000000 1.000000 0.000000
vn 0.000000 1.000000 0.000000
vn 0.000000 1.000000 0.000000
vn 0.000000 1.000000 0.000000
vn 0.000000 1.000000 0.000000
vn 0.000000 1.000000 0.000000
vn 0.000000 1.000000 0.000000
vn 0.000000 1.000000 0.000000
vn 0.000000 1.000000 0.000000
vn 0.000000 1.000000 0.000000
vn 0.000000 1.000000 0.000000
vn 0.000000 1.000000 0.000000
vn 0.000000 1.000000 0.000000
vn 0.000000 1.000000 0.000000
vn 0.000000 1.000000 0.000000
vn 0.000000 1.000000 0.000000
vn 0.000000 1.000000 0.000000
vn 0.000000 1.000000 0.000000
vn 0.000000 1.000000 0.000000
vn 0.000000 1.000000 0.000000
vn 0.000000 1.000000 0.000000
vn 0.000000 1.000000 0.000000
vn 0.000000 1.000000 0.000000
vn 0.000000 1.000000 0.000000
vn 0.000000 1.000000 0.000000
vn 0.000000 1.000000 0.000000
vn 0.000000 1.000000 0.000000
vn 0.000000 1.000000 0.000000
vn 0.000000 1.000000 0.000000
vn 0.000000 1.000000 0.000000
vn 0.000000 1.000000 0.000000
vn 0.000000 1.000000 0.000000
vn 0.000000 1.000000 0.000000
vn 0.000000 1.000000 0.000000
vn 0.000000 1.000000 0.000000
vn 0.000000 1.000000 0.000000
vn 0.000000 1.000000 0.000000
vn 0.000000 1.000000 0.000000
vn 0.000000 1.000000 0.000000
vn 0.000000 1.000000 0.000000
vn 0.000000 1.000000 0.000000
vn 0.000000 1.000000 0.000000
vn 0.000000 1.000000 0.000000
vn 0.000000 1.000000 0.000000
vn 0.000000 1.000000 0.000000
vn 0.000000 1.000000 0.000000
vn 0.000000 1.000000 0.000000
vn 0.000000 1.000000 0.000000
vn 0.000000 1.000000 0.000000
vn 0.000000 1.000000 0.000000
vn 0.000000 1.000000 0.000000
vn 0.000000 1.000000 0.000000
vn 0.000000 1.000000 0.000000
vn 0.000000 1.000000 0.000000
vn 0.000000 1.000000 0.000000
vn 0.000000 1.000000 0.000000
vn 0.000000 1.000000 0.000000
vn 0.000000 1.000000 0.000000
vn 0.000000 1.000000 0.000000
vn 0.000000 1.000000 0.000000
vn 0.000000 1.000000 0.000000
vn 0.000000 1.000000 0.000000
vn 0.000000 1.000000 0.000000
vn 0.000000 1.000000 0.000000
vn 0.000000 1.000000 0.000000
vn 0.000000 1.000000 0.000000
vn 0.000000 1.000000 0.000000
vn 0.000000 1.000000 0.000000
vn 0.000000 1.000000 0.000000
vn 0.000000 1.000000 0.000000
vn 0.000000 1.000000 0.000000
vn 0.000000 1.000000 0.000000
vn 0.000000 1.000000 0.000000
vn 0.000000 1.000000 0.000000
vn 0.000000 1.000000 0.000000
vn 0.000000 1.000000 0.000000
vn 0.000000 1.000000 0.000000
vn 0.000000 1.000000 0.000000
vn 0.000000 1.000000 0.000000
vn 0.000000 1.000000 0.000000
vn 0.000000 1.000000 0.000000
vn 0.000000 1.000000 0.000000
vn 0.000000 1.000000 0.000000
vn 0.000000 1.000000 0.000000
vn 0.000000 1.000000 0.000000
vn 0.000000 1.000000 0.000000
vn 0.000000 1.000000 0.000000
vn 0.000000 1.000000 0.000000
vn 0.000000 1.000000 0.000000
vn 0.000000 1.000000 0.000000
vn 0.000000 1.000000 0.000000
vn 0.000000 1.000000 0.000000
vn 0.000000 1.000000 0.000000
vn 0.000000 1.000000 0.000000
vn 0.000000 1.000000 0.000000
vn 0.000000 1.000000 0.000000
vn 0.000000 1.000000 0.000000
vn 0.000000 1.000000 0.000000
vn 0.000000 1.000000 0.000000
vn 0.000000 1.000000 0.000000
vn 0.000000 1.000000 0.000000
vn 0.000000 1.000000 0.000000
vn 0.000000 1.000000 0.000000
vn 0.000000 1.000000 0.000000
vn 0.000000 1.000000 0.000000
vn 0.000000 1.000000 0.000000
vn 0.000000 1.000000 0.000000
vn 0.000000 1.000000 0.000000
vn 0.000000 1.000000 0.000000
vn 0.000000 1.000000 0.000000
vn 0.000000 1.000000 0.000000
vn 0.000000 1.000000 0.000000
vn 0.000000 1.000000 0.000000
vn 0.000000 1.000000 0.000000
vn 0.000000 1.000000 0.000000
vn 0.000000 1.000000 0.000000
vn 0.000000 1.000000 0.000000
vn 0.000000 1.000000 0.000000
vn 0.000000 1.000000 0.000000
vn 0.000000 1.000000 0.000000
vn 0.000000 1.000000 0.000000
vn 0.000000 1.000000 0.000000
vn 0.000000 1.000000 0.000000
vn 0.000000 1.000000 0.000000
vn 0.000000 1.000000 0.000000
vn 0.000000 1.000000 0.000000
vn 0.000000 1.000000 0.000000
vn 0.000000 1.000000 0.000000
vn 0.000000 1.000000 0.000000
vn 0.000000 1.000000 0.000000
vn 0.000000 1.000000 0.000000
vn 0.000000 1.000000 0.000000
vn 0.000000 1.000000 0.000000
vn 0.000000 1.000000 0.000000
vn 0.000000 1.000000 0.000000
vn 0.000000 1.000000 0.000000
vn 0.000000 1.000000 0.000000
vn 0.000000 1.000000 0.000000
vn 0.000000 1.000000 0.000000
vn 0.000000 1.000000 0.000000
vn 0.000000 1.000000 0.000000
vn 0.000000 1.000000 0.000000
vn 0.000000 1.000000 0.000000
vn 0.000000 1.000000 0.000000
vn 0.000000 1.000000 0.000000
vn 0.000000 1.000000 0.000000
vn 0.000000 1.000000 0.000000
vn 0.000000 1.000000 0.000000
vn 0.000000 1.000000 0.000000
vn 0.000000 1.000000 0.000000
vn 0.000000 1.000000 0.000000
vn 0.000000 1.000000 0.000000
vn 0.000000 1.000000 0.000000
vn 0.000000 1.000000 0.000000
vn 0.000000 1.000000 0.000000
vn 0.000000 1.000000 0.000000
vn 0.000000 1.000000 0.000000
vn 0.000000 1.000000 0.000000
vn 0.000000 1.000000 0.000000
vn 0.000000 1.000000 0.000000
vn 0.000000 1.000000 0.000000
vn 0.000000 1.000000 0.000000
vn 0.000000 1.000000 0.000000
vn 0.000000 1.000000 0.000000
vn 0.000000 1.000000 0.000000
vn 0.000000 1.000000 0.000000
vn 0.000000 1.000000 0.000000
vn 0.000000 1.000000 0.000000
vn 0.000000 1.000000 0.000000
vn 0.000000 1.000000 0.000000
vn 0.000000 1.000000 0.000000
vn 0.000000 1.000000 0.000000
vn 0.000000 1.000000 0.000000
vn 0.000000 1.000000 0.000000
vn 0.000000 1.000000 0.000000
vn 0.000000 1.000000 0.000000
vn 0.000000 1.000000 0.000000
vn 0.000000 1.000000 0.000000
vn 0.000000 1.000000 0.000000
vn 0.000000 1.000000 0.000000
vn 0.000000 1.000000 0.000000
vn 0.000000 1.000000 0.000000
vn 0.000000 1.000000 0.000000
vn 0.000000 1.000000 0.000000
vn 0.000000 1.000000 0.000000
vn 0.000000 1.000000 0.000000
vn 0.000000 1.000000 0.000000
vn 0.000000 1.000000 0.000000
vn 0.000000 1.000000 0.000000
vn 0.000000 1.000000 0.000000
vn 0.000000 1.000000 0.000000
vn 0.000000 1.000000 0.000000
vn 0.000000 1.000000 0.000000
vn 0.000000 1.000000 0.000000
vn 0.000000 1.000000 0.000000
vn 0.000000 1.000000 0.000000
vn 0.000000 1.000000 0.000000
vn 0.000000 1.000000 0.000000
vn 0.000000 1.000000 0.000000
vn 0.000000 1.000000 0.000000
vn 0.000000 1.000000 0.000000
vn 0.000000 1.000000 0.000000
vn 0.000000 1.000000 0.000000
vn 0.000000 1.000000 0.000000
vn 0.000000 1.000000 0.000000
vn 0.000000 1.000000 0.000000
vn 0.000000 1.000000 0.000000
vn 0.000000 1.000000 0.000000
vn 0.000000 1.000000 0.000000
vn 0.000000 1.000000 0.000000
vn 0.000000 1.000000 0.000000
vn 0.000000 1.000000 0.000000
vn 0.000000 1.000000 0.000000
vn 0.000000 1.000000 0.000000
vn 0.000000 1.000000 0.000000
vn 0.000000 1.000000 0.000000
vn 0.000000 1.000000 0.000000
vn 0.000000 1.000000 0.000000
vn 0.000000 1.000000 0.000000
vn 0.000000 1.000000 0.000000
vn 0.000000 1.000000 0.000000
vn 0.000000 1.000000 0.000000
vn 0.000000 1.000000 0.000000
vn 0.000000 1.000000 0.000000
vn 0.000000 1.000000 0.000000
vn 0.000000 1.000000 0.000000
vn 0.000000 1.000000 0.000000
vn 0.000000 1.000000 0.000000
vn 0.000000 1.000000 0.000000
vn 0.000000 1.000000 0.000000
f 1//1 3//1 2//1
f 1//1 4//1 3//1
f 5//2 7//2 6//2
f 5//2 8//2 7//2
f 9//3 11//3 10//3
f 9//3 12//3 11//3
f 13//4 15//4 14//4
f 13//4 16//4 15//4
f 17//5 19//5 18//5
f 17//5 20//5 19//5
f 21//6 23//6 22//6
f 21//6 24//6 23//6
f 25//7 27//7 26//7
f 25//7 28//7 27//7
f 29//8 31//8 30//8
f 29//8 32//8 31//8
f 33//9 35//9 34//9
f 33//9 36//9 35//9
f 37//10 39//10 38//10
f 37//10 40//10 39//10
f 41//11 43//11 42//11
f 41//11 44//11 43//11
f 45//12 47//12 46//12
f 45//12 48//12 47//12
f 49//13 51//13 50//13
f 49//13 52//13 51//13
f 53//14 55//14 54//14
f 53//14 56//14 55//14
f 57//15 59//15 58//15
f 57//15 60//15 59//15
f 61//16 63//16 62//16
f 61//16 64//16 63//16
f 65//17 67//17 66//17
f 65//17 68//17 67//17
f 69//18 71//18 70//18
f 69//18 72//18 71//18
f 73//19 75//19 74//19
f 73//19 76//19 75//19
f 77//20 79//20 78//20
f 77//20 80//20 79//20
f 81//21 83//21 82//21
f 81//21 84//21 83//21
f 85//22 87//22 86//22
f 85//22 88//22 87//22
f 89//23 91//23 90//23
f 89//23 92//23 91//23
f 93//24 95//24 94//24
f 93//24 96//24 95//24
f 97//25 99//25 98//25
f 97//25 100//25 99//25
f 101//26 103//26 102//26
f 101//26 104//26 103//26
f 105//27 107//27 106//27
f 105//27 108//27 107//27
f 109//28 111//28 110//28
f 109//28 112//28 111//28
f 113//29 115//29 114//29
f 113//29 116//29 115//29
f 117//30 119//30 118//30
f 117//30 120//30 119//30
f 121//31 123//31 122//31
f 121//31 124//31 123//31
f 125//32 127//32 126//32
f 125//32 128//32 127//32
f 129//33 131//33 130//33
f 129//33 132//33 131//33
f 133//34 135//34 134//34
f 133//34 136//34 135//34
f 137//35 139//35 138//35
f 137//35 140//35 139//35
f 141//36 143//36 142//36
f 141//36 144//36 143//36
f 145//37 147//37 146//37
f 145//37 148//37 147//37
f 149//38 151//38 150//38
f 149//38 152//38 151//38
f 153//39 155//39 154//39
f 153//39 156//39 155//39
f 157//40 159//40 158//40
f 157//40 160//40 159//40
f 161//41 163//41 162//41
f 161//41 164//41 163//41
f 165//42 167//42 166//42
f 165//42 168//42 167//42
f 169//43 171//43 170//43
f 169//43 172//43 171//43
f 173//44 175//44 174//44
f 173//44 176//44 175//44
f 177//45 179//45 178//45
f 177//45 180//45 179//45
f 181//46 183//46 182//46
f 181//46 184//46 183//46
f 185//47 187//47 186//47
f 185//47 188//47 187//47
f 189//48 191//48 190//48
f 189//48 192//48 191//48
f 193//49 195//49 194//49
f 193//49 196//49 195//49
f 197//50 199//50 198//50
f 197//50 200//50 199//50
f 201//51 203//51 202//51
f 201//51 204//51 203//51
f 205//52 207//52 206//52
f 205//52 208//52 207//52
f 209//53 211//53 210//53
f 209//53 212//53 211//53
f 213//54 215//54 214//54
f 213//54 216//54 215//54
f 217//55 219//55 218//55
f 217//55 220//55 219//55
f 221//56 223//56 222//56
f 221//56 224//56 223//56
f 225//57 227//57 226//57
f 225//57 228//57 227//57
f 229//58 231//58 230//58
f 229//58 232//58 231//58
f 233//59 235//59 234//59
f 233//59 236//59 235//59
f 237//60 239//60 238//60
f 237//60 240//60 239//60
f 241//61 243//61 242//61
f 241//61 244//61 243//61
f 245//62 247//62 246//62
f 245//62 248//62 247//62
f 249//63 251//63 250//63
f 249//63 252//63 251//63
f 253//64 255//64 254//64
f 253//64 256//64 255//64
f 257//65 259//65 258//65
f 257//65 260//65 259//65
f 261//66 263//66 262//66
f 261//66 264//66 263//66
f 265//67 267//67 266//67
f 265//67 268//67 267//67
f 269//68 271//68 270//68
f 269//68 272//68 271//68
f 273//69 275//69 274//69
f 273//69 276//69 275//69
f 277//70 279//70 278//70
f 277//70 280//70 279//70
f 281//71 283//71 282//71
f 281//71 284//71 283//71
f 285//72 287//72 286//72
f 285//72 288//72 287//72
f 289//73 291//73 290//73
f 289//73 292//73 291//73
f 293//74 295//74 294//74
f 293//74 296//74 295//74
f 297//75 299//75 298//75
f 297//75 300//75 299//75
f 301//76 303//76 302//76
f 301//76 304//76 303//76
f 305//77 307//77 306//77
f 305//77 308//77 307//77
f 309//78 311//78 310//78
f 309//78 312//78 311//78
f 313//79 315//79 314//79
f 313//79 316//79 315//79
f 317//80 319//80 318//80
f 317//80 320//80 319//80
f 321//81 323//81 322//81
f 321//81 324//81 323//81
f 325//82 327//82 326//82
f 325//82 328//82 327//82
f 329//83 331//83 330//83
f 329//83 332//83 331//83
f 333//84 335//84 334//84
f 333//84 336//84 335//84
f 337//85 339//85 338//85
f 337//85 340//85 339//85
f 341//86 343//86 342//86
f 341//86 344//86 343//86
f 345//87 347//87 346//87
f 345//87 348//87 347//87
f 349//88 351//88 350//88
f 349//88 352//88 351//88
f 353//89 355//89 354//89
f 353//89 356//89 355//89
f 357//90 359//90 358//90
f 357//90 360//90 359//90
f 361//91 363//91 362//91
f 361//91 364//91 363//91
f 365//92 367//92 366//92
f 365//92 368//92 367//92
f 369//93 371//93 370//93
f 369//93 372//93 371//93
f 373//94 375//94 374//94
f 373//94 376//94 375//94
f 377//95 379//95 378//95
f 377//95 380//95 379//95
f 381//96 383//96 382//96
f 381//96 384//96 383//96
f 385//97 387//97 386//97
f 385//97 388//97 387//97
f 389//98 391//98 390//98
f 389//98 392//98 391//98
f 393//99 395//99 394//99
f 393//99 396//99 395//99
f 397//100 399//100 398//100
f 397//100 400//100 399//100
f 401//101 403//101 402//101
f 401//101 404//101 403//101
f 405//102 407//102 406//102
f 405//102 408//102 407//102
f 409//103 411//103 410//103
f 409//103 412//103 411//103
f 413//104 415//104 414//104
f 413//104 416//104 415//104
f 417//105 419//105 418//105
f 417//105 420//105 419//105
f 421//106 423//106 422//106
f 421//106 424//106 423//106
f 425//107 427//107 426//107
f 425//107 428//107 427//107
f 429//108 431//108 430//108
f 429//108 432//108 431//108
f 433//109 435//109 434//109
f 433//109 436//109 435//109
f 437//110 439//110 438//110
f 437//110 440//110 439//110
f 441//111 443//111 442//111
f 441//111 444//111 443//111
f 445//112 447//112 446//112
f 445//112 448//112 447//112
f 449//113 451//113 450//113
f 449//113 452//113 451//113
f 453//114 455//114 454//114
f 453//114 456//114 455//114
f 457//115 459//115 458//115
f 457//115 460//115 459//115
f 461//116 463//116 462//116
f 461//116 464//116 463//116
f 465//117 467//117 466//117
f 465//117 468//117 467//117
f 469//118 471//118 470//118
f 469//118 472//118 471//118
f 473//119 475//119 474//119
f 473//119 476//119 475//119
f 477//120 479//120 478//120
f 477//120 480//120 479//120
f 481//121 483//121 482//121
f 481//121 484//121 483//121
f 485//122 487//122 486//122
f 485//122 488//122 487//122
f 489//123 491//123 490//123
f 489//123 492//123 491//123
f 493//124 495//124 494//124
f 493//124 496//124 495//124
f 497//125 499//125 498//125
f 497//125 500//125 499//125
f 501//126 503//126 502//126
f 501//126 504//126 503//126
f 505//127 507//127 506//127
f 505//127 508//127 507//127
f 509//128 511//128 510//128
f 509//128 512//128 511//128
f 513//129 515//129 514//129
f 513//129 516//129 515//129
f 517//130 519//130 518//130
f 517//130 520//130 519//130
f 521//131 523//131 522//131
f 521//131 524//131 523//131
f 525//132 527//132 526//132
f 525//132 528//132 527//132
f 529//133 531//133 530//133
f 529//133 532//133 531//133
f 533//134 535//134 534//134
f 533//134 536//134 535//134
f 537//135 539//135 538//135
f 537//135 540//135 539//135
f 541//136 543//136 542//136
f 541//136 544//136 543//136
f 545//137 547//137 546//137
f 545//137 548//137 547//137
f 549//138 551//138 550//138
f 549//138 552//138 551//138
f 553//139 555//139 554//139
f 553//139 556//139 555//139
f 557//140 559//140 558//140
f 557//140 560//140 559//140
f 561//141 563//141 562//141
f 561//141 564//141 563//141
f 565//142 567//142 566//142
f 565//142 568//142 567//142
f 569//143 571//143 570//143
f 569//143 572//143 571//143
f 573//144 575//144 574//144
f 573//144 576//144 575//144
f 577//145 579//145 578//145
f 577//145 580//145 579//145
f 581//146 583//146 582//146
f 581//146 584//146 583//146
f 585//147 587//147 586//147
f 585//147 588//147 587//147
f 589//148 591//148 590//148
f 589//148 592//148 591//148
f 593//149 595//149 594//149
f 593//149 596//149 595//149
f 597//150 599//150 598//150
f 597//150 600//150 599//150
f 601//151 603//151 602//151
f 601//151 604//151 603//151
f 605//152 607//152 606//152
f 605//152 608//152 607//152
f 609//153 611//153 610//153
f 609//153 612//153 611//153
f 613//154 615//154 614//154
f 613//154 616//154 615//154
f 617//155 619//155 618//155
f 617//155 620//155 619//155
f 621//156 623//156 622//156
f 621//156 624//156 623//156
f 625//157 627//157 626//157
f 625//157 628//157 627//157
f 629//158 631//158 630//158
f 629//158 632//158 631//158
f 633//159 635//159 634//159
f 633//159 636//159 635//159
f 637//160 639//160 638//160
f 637//160 640//160 639//160
f 641//161 643//161 642//161
f 641//161 644//161 643//161
f 645//162 647//162 646//162
f 645//162 648//162 647//162
f 649//163 651//163 650//163
f 649//163 652//163 651//163
f 653//164 655//164 654//164
f 653//164 656//164 655//164
f 657//165 659//165 658//165
f 657//165 660//165 659//165
f 661//166 663//166 662//166
f 661//166 664//166 663//166
f 665//167 667//167 666//167
f 665//167 668//167 667//167
f 669//168 671//168 670//168
f 669//168 672//168 671//168
f 673//169 675//169 674//169
f 673//169 676//169 675//169
f 677//170 679//170 678//170
f 677//170 680//170 679//170
f 681//171 683//171 682//171
f 681//171 684//171 683//171
f 685//172 687//172 686//172
f 685//172 688//172 687//172
f 689//173 691//173 690//173
f 689//173 692//173 691//173
f 693//174 695//174 694//174
f 693//174 696//174 695//174
f 697//175 699//175 698//175
f 697//175 700//175 699//175
f 701//176 703//176 702//176
f 701//176 704//176 703//176
f 705//177 707//177 706//177
f 705//177 708//177 707//177
f 709//178 711//178 710//178
f 709//178 712//178 711//178
f 713//179 715//179 714//179
f 713//179 716//179 715//179
f 717//180 719//180 718//180
f 717//180 720//180 719//180
f 721//181 723//181 722//181
f 721//181 724//181 723//181
f 725//182 727//182 726//182
f 725//182 728//182 727//182
f 729//183 731//183 730//183
f 729//183 732//183 731//183
f 733//184 735//184 734//184
f 733//184 736//184 735//184
f 737//185 739//185 738//185
f 737//185 740//185 739//185
f 741//186 743//186 742//186
f 741//186 744//186 743//186
f 745//187 747//187 746//187
f 745//187 748//187 747//187
f 749//188 751//188 750//188
f 749//188 752//188 751//188
f 753//189 755//189 754//189
f 753//189 756//189 755//189
f 757//190 759//190 758//190
f 757//190 760//190 759//190
f 761//191 763//191 762//191
f 761//191 764//191 763//191
f 765//192 767//192 766//192
f 765//192 768//192 767//192
f 769//193 771//193 770//193
f 769//193 772//193 771//193
f 773//194 775//194 774//194
f 773//194 776//194 775//194
f 777//195 779//195 778//195
f 777//195 780//195 779//195
f 781//196 783//196 782//196
f 781//196 784//196 783//196
f 785//197 787//197 786//197
f 785//197 788//197 787//197
f 789//198 791//198 790//198
f 789//198 792//198 791//198
f 793//199 795//199 794//199
f 793//199 796//199 795//199
f 797//200 799//200 798//200
f 797//200 800//200 799//200
f 801//201 803//201 802//201
f 801//201 804//201 803//201
f 805//202 807//202 806//202
f 805//202 808//202 807//202
f 809//203 811//203 810//203
f 809//203 812//203 811//203
f 813//204 815//204 814//204
f 813//204 816//204 815//204
f 817//205 819//205 818//205
f 817//205 820//205 819//205
f 821//206 823//206 822//206
f 821//206 824//206 823//206
f 825//207 827//207 826//207
f 825//207 828//207 827//207
f 829//208 831//208 830//208
f 829//208 832//208 831//208
f 833//209 835//209 834//209
f 833//209 836//209 835//209
f 837//210 839//210 838//210
f 837//210 840//210 839//210
f 841//211 843//211 842//211
f 841//211 844//211 843//211
f 845//212 847//212 846//212
f 845//212 848//212 847//212
f 849//213 851//213 850//213
f 849//213 852//213 851//213
f 853//214 855//214 854//214
f 853//214 856//214 855//214
f 857//215 859//215 858//215
f 857//215 860//215 859//215
f 861//216 863//216 862//216
f 861//216 864//216 863//216
f 865//217 867//217 866//217
f 865//217 868//217 867//217
f 869//218 871//218 870//218
f 869//218 872//218 871//218
f 873//219 875//219 874//219
f 873//219 876//219 875//219
f 877//220 879//220 878//220
f 877//220 880//220 879//220
f 881//221 883//221 882//221
f 881//221 884//221 883//221
f 885//222 887//222 886//222
f 885//222 888//222 887//222
f 889//223 891//223 890//223
f 889//223 892//223 891//223
f 893//224 895//224 894//224
f 893//224 896//224 895//224
f 897//225 899//225 898//225
f 897//225 900//225 899//225
f 901//226 903//226 902//226
f 901//226 904//226 903//226
f 905//227 907//227 906//227
f 905//227 908//227 907//227
f 909//228 911//228 910//228
f 909//228 912//228 911//228
f 913//229 915//229 914//229
f 913//229 916//229 915//229
f 917//230 919//230 918//230
f 917//230 920//230 919//230
f 921//231 923//231 922//231
f 921//231 924//231 923//231
f 925//232 927//232 926//232
f 925//232 928//232 927//232
f 929//233 931//233 930//233
f 929//233 932//233 931//233
f 933//234 935//234 934//234
f 933//234 936//234 935//234
f 937//235 939//235 938//235
f 937//235 940//235 939//235
f 941//236 943//236 942//236
f 941//236 944//236 943//236
f 945//237 947//237 946//237
f 945//237 948//237 947//237
f 949//238 951//238 950//238
f 949//238 952//238 951//238
f 953//239 955//239 954//239
f 953//239 956//239 955//239
f 957//240 959//240 958//240
f 957//240 960//240 959//240
f 961//241 963//241 962//241
f 961//241 964//241 963//241
f 965//242 967//242 966//242
f 965//242 968//242 967//242
f 969//243 971//243 970//243
f 969//243 972//243 971//243
f 973//244 975//244 974//244
f 973//244 976//244 975//244
f 977//245 979//245 978//245
f 977//245 980//245 979//245
f 981//246 983//246 982//246
f 981//246 984//246 983//246
f 985//247 987//247 986//247
f 985//247 988//247 987//247
f 989//248 991//248 990//248
f 989//248 992//248 991//248
f 993//249 995//249 994//249
f 993//249 996//249 995//249
f 997//250 999//250 998//250
f 997//250 1000//250 999//250
f 1001//251 1003//251 1002//251
f 1001//251 1004//251 1003//251
f 1005//252 1007//252 1006//252
f 1005//252 1008//252 1007//252
f 1009//253 1011//253 1010//253
f 1009//253 1012//253 1011//253
f 1013//254 1015//254 1014//254
f 1013//254 1016//254 1015//254
f 1017//255 1019//255 1018//255
f 1017//255 1020//255 1019//255
f 1021//256 1023//256 1022//256
f 1021//256 1024//256 1023//256
f 1025//257 1027//257 1026//257
f 1025//257 1028//257 1027//257
f 1029//258 1031//258 1030//258
f 1029//258 1032//258 1031//258
f 1033//259 1035//259 1034//259
f 1033//259 1036//259 1035//259
f 1037//260 1039//260 1038//260
f 1037//260 1040//260 1039//260
f 1041//261 1043//261 1042//261
f 1041//261 1044//261 1043//261
f 1045//262 1047//262 1046//262
f 1045//262 1048//262 1047//262
f 1049//263 1051//263 1050//263
f 1049//263 1052//263 1051//263
f 1053//264 1055//264 1054//264
f 1053//264 1056//264 1055//264
f 1057//265 1059//265 1058//265
f 1057//265 1060//265 1059//265
f 1061//266 1063//266 1062//266
f 1061//266 1064//266 1063//266
f 1065//267 1067//267 1066//267
f 1065//267 1068//267 1067//267
f 1069//268 1071//268 1070//268
f 1069//268 1072//268 1071//268
f 1073//269 1075//269 1074//269
f 1073//269 1076//269 1075//269
f 1077//270 1079//270 1078//270
f 1077//270 1080//270 1079//270
f 1081//271 1083//271 1082//271
f 1081//271 1084//271 1083//271
f 1085//272 1087//272 1086//272
f 1085//272 1088//272 1087//272
f 1089//273 1091//273 1090//273
f 1089//273 1092//273 1091//273
f 1093//274 1095//274 1094//274
f 1093//274 1096//274 1095//274
f 1097//275 1099//275 1098//275
f 1097//275 1100//275 1099//275
f 1101//276 1103//276 1102//276
f 1101//276 1104//276 1103//276
f 1105//277 1107//277 1106//277
f 1105//277 1108//277 1107//277
f 1109//278 1111//278 1110//278
f 1109//278 1112//278 1111//278
f 1113//279 1115//279 1114//279
f 1113//279 1116//279 1115//279
f 1117//280 1119//280 1118//280
f 1117//280 1120//280 1119//280
f 1121//281 1123//281 1122//281
f 1121//281 1124//281 1123//281
f 1125//282 1127//282 1126//282
f 1125//282 1128//282 1127//282
f 1129//283 1131//283 1130//283
f 1129//283 1132//283 1131//283
f 1133//284 1135//284 1134//284
f 1133//284 1136//284 1135//284
f 1137//285 1139//285 1138//285
f 1137//285 1140//285 1139//285
f 1141//286 1143//286 1142//286
f 1141//286 1144//286 1143//286
f 1145//287 1147//287 1146//287
f 1145//287 1148//287 1147//287
f 1149//288 1151//288 1150//288
f 1149//288 1152//288 1151//288
f 1153//289 1155//289 1154//289
f 1153//289 1156//289 1155//289
f 1157//290 1159//290 1158//290
f 1157//290 1160//290 1159//290
f 1161//291 1163//291 1162//291
f 1161//291 1164//291 1163//291
f 1165//292 1167//292 1166//292
f 1165//292 1168//292 1167//292
f 1169//293 1171//293 1170//293
f 1169//293 1172//293 1171//293
f 1173//294 1175//294 1174//294
f 1173//294 1176//294 1175//294
f 1177//295 1179//295 1178//295
f 1177//295 1180//295 1179//295
f 1181//296 1183//296 1182//296
f 1181//296 1184//296 1183//296
f 1185//297 1187//297 1186//297
f 1185//297 1188//297 1187//297
f 1189//298 1191//298 1190//298
f 1189//298 1192//298 1191//298
f 1193//299 1195//299 1194//299
f 1193//299 1196//299 1195//299
f 1197//300 1199//300 1198//300
f 1197//300 1200//300 1199//300
f 1201//301 1203//301 1202//301
f 1201//301 1204//301 1203//301
f 1205//302 1207//302 1206//302
f 1205//302 1208//302 1207//302
f 1209//303 1211//303 1210//303
f 1209//303 1212//303 1211//303
f 1213//304 1215//304 1214//304
f 1213//304 1216//304 1215//304
f 1217//305 1219//305 1218//305
f 1217//305 1220//305 1219//305
f 1221//306 1223//306 1222//306
f 1221//306 1224//306 1223//306
f 1225//307 1227//307 1226//307
f 1225//307 1228//307 1227//307
f 1229//308 1231//308 1230//308
f 1229//308 1232//308 1231//308
f 1233//309 1235//309 1234//309
f 1233//309 1236//309 1235//309
f 1237//310 1239//310 1238//310
f 1237//310 1240//310 1239//310
f 1241//311 1243//311 1242//311
f 1241//311 1244//311 1243//311
f 1245//312 1247//312 1246//312
f 1245//312 1248//312 1247//312
f 1249//313 1251//313 1250//313
f 1249//313 1252//313 1251//313
f 1253//314 1255//314 1254//314
f 1253//314 1256//314 1255//314
f 1257//315 1259//315 1258//315
f 1257//315 1260//315 1259//315
f 1261//316 1263//316 1262//316
f 1261//316 1264//316 1263//316
f 1265//317 1267//317 1266//317
f 1265//317 1268//317 1267//317
f 1269//318 1271//318 1270//318
f 1269//318 1272//318 1271//318
f 1273//319 1275//319 1274//319
f 1273//319 1276//319 1275//319
f 1277//320 1279//320 1278//320
f 1277//320 1280//320 1279//320
f 1281//321 1283//321 1282//321
f 1281//321 1284//321 1283//321
f 1285//322 1287//322 1286//322
f 1285//322 1288//322 1287//322
f 1289//323 1291//323 1290//323
f 1289//323 1292//323 1291//323
f 1293//324 1295//324 1294//324
f 1293//324 1296//324 1295//324
f 1297//325 1299//325 1298//325
f 1297//325 1300//325 1299//325
f 1301//326 1303//326 1302//326
f 1301//326 1304//326 1303//326
f 1305//327 1307//327 1306//327
f 1305//327 1308//327 1307//327
f 1309//328 1311//328 1310//328
f 1309//328 1312//328 1311//328
f 1313//329 1315//329 1314//329
f 1313//329 1316//329 1315//329
f 1317//330 1319//330 1318//330
f 1317//330 1320//330 1319//330
f 1321//331 1323//331 1322//331
f 1321//331 1324//331 1323//331
f 1325//332 1327//332 1326//332
f 1325//332 1328//332 1327//332
f 1329//333 1331//333 1330//333
f 1329//333 1332//333 1331//333
f 1333//334 1335//334 1334//334
f 1333//334 1336//334 1335//334
f 1337//335 1339//335 1338//335
f 1337//335 1340//335 1339//335
f 1341//336 1343//336 1342//336
f 1341//336 1344//336 1343//336
f 1345//337 1347//337 1346//337
f 1345//337 1348//337 1347//337
f 1349//338 1351//338 1350//338
f 1349//338 1352//338 1351//338
f 1353//339 1355//339 1354//339
f 1353//339 1356//339 1355//339
f 1357//340 1359//340 1358//340
f 1357//340 1360//340 1359//340
f 1361//341 1363//341 1362//341
f 1361//341 1364//341 1363//341
f 1365//342 1367//342 1366//342
f 1365//342 1368//342 1367//342
f 1369//343 1371//343 1370//343
f 1369//343 1372//343 1371//343
f 1373//344 1375//344 1374//344
f 1373//344 1376//344 1375//344
f 1377//345 1379//345 1378//345
f 1377//345 1380//345 1379//345
f 1381//346 1383//346 1382//346
f 1381//346 1384//346 1383//346
f 1385//347 1387//347 1386//347
f 1385//347 1388//347 1387//347
f 1389//348 1391//348 1390//348
f 1389//348 1392//348 1391//348
f 1393//349 1395//349 1394//349
f 1393//349 1396//349 1395//349
f 1397//350 1399//350 1398//350
f 1397//350 1400//350 1399//350
f 1401//351 1403//351 1402//351
f 1401//351 1404//351 1403//351
f 1405//352 1407//352 1406//352
f 1405//352 1408//352 1407//352
f 1409//353 1411//353 1410//353
f 1409//353 1412//353 1411//353
f 1413//354 1415//354 1414//354
f 1413//354 1416//354 1415//354
f 1417//355 1419//355 1418//355
f 1417//355 1420//355 1419//355
f 1421//356 1423//356 1422//356
f 1421//356 1424//356 1423//356
f 1425//357 1427//357 1426//357
f 1425//357 1428//357 1427//357
f 1429//358 1431//358 1430//358
f 1429//358 1432//358 1431//358
f 1433//359 1435//359 1434//359
f 1433//359 1436//359 1435//359
f 1437//360 1439//360 1438//360
f 1437//360 1440//360 1439//360
f 1441//361 1443//361 1442//361
f 1441//361 1444//361 1443//361
f 1445//362 1447//362 1446//362
f 1445//362 1448//362 1447//362
f 1449//363 1451//363 1450//363
f 1449//363 1452//363 1451//363
f 1453//364 1455//364 1454//364
f 1453//364 1456//364 1455//364
f 1457//365 1459//365 1458//365
f 1457//365 1460//365 1459//365
f 1461//366 1463//366 1462//366
f 1461//366 1464//366 1463//366
f 1465//367 1467//367 1466//367
f 1465//367 1468//367 1467//367
f 1469//368 1471//368 1470//368
f 1469//368 1472//368 1471//368
f 1473//369 1475//369 1474//369
f 1473//369 1476//369 1475//369
f 1477//370 1479//370 1478//370
f 1477//370 1480//370 1479//370
f 1481//371 1483//371 1482//371
f 1481//371 1484//371 1483//371
f 1485//372 1487//372 1486//372
f 1485//372 1488//372 1487//372
f 1489//373 1491//373 1490//373
f 1489//373 1492//373 1491//373
f 1493//374 1495//374 1494//374
f 1493//374 1496//374 1495//374
f 1497//375 1499//375 1498//375
f 1497//375 1500//375 1499//375
f 1501//376 1503//376 1502//376
f 1501//376 1504//376 1503//376
f 1505//377 1507//377 1506//377
f 1505//377 1508//377 1507//377
f 1509//378 1511//378 1510//378
f 1509//378 1512//378 1511//378
f 1513//379 1515//379 1514//379
f 1513//379 1516//379 1515//379
f 1517//380 1519//380 1518//380
f 1517//380 1520//380 1519//380
f 1521//381 1523//381 1522//381
f 1521//381 1524//381 1523//381
f 1525//382 1527//382 1526//382
f 1525//382 1528//382 1527//382
f 1529//383 1531//383 1530//383
f 1529//383 1532//383 1531//383
f 1533//384 1535//384 1534//384
f 1533//384 1536//384 1535//384
f 1537//385 1539//385 1538//385
f 1537//385 1540//385 1539//385
f 1541//386 1543//386 1542//386
f 1541//386 1544//386 1543//386
f 1545//387 1547//387 1546//387
f 1545//387 1548//387 1547//387
f 1549//388 1551//388 1550//388
f 1549//388 1552//388 1551//388
f 1553//389 1555//389 1554//389
f 1553//389 1556//389 1555//389
f 1557//390 1559//390 1558//390
f 1557//390 1560//390 1559//390
f 1561//391 1563//391 1562//391
f 1561//391 1564//391 1563//391
f 1565//392 1567//392 1566//392
f 1565//392 1568//392 1567//392
f 1569//393 1571//393 1570//393
f 1569//393 1572//393 1571//393
f 1573//394 1575//394 1574//394
f 1573//394 1576//394 1575//394
f 1577//395 1579//395 1578//395
f 1577//395 1580//395 1579//395
f 1581//396 1583//396 1582//396
f 1581//396 1584//396 1583//396
f 1585//397 1587//397 1586//397
f 1585//397 1588//397 1587//397
f 1589//398 1591//398 1590//398
f 1589//398 1592//398 1591//398
f 1593//399 1595//399 1594//399
f 1593//399 1596//399 1595//399
f 1597//400 1599//400 1598//400
f 1597//400 1600//400 1599//400
f 1601//401 1603//401 1602//401
f 1601//401 1604//401 1603//401
f 1605//402 1607//402 1606//402
f 1605//402 1608//402 1607//402
f 1609//403 1611//403 1610//403
f 1609//403 1612//403 1611//403
f 1613//404 1615//404 1614//404
f 1613//404 1616//404 1615//404
f 1617//405 1619//405 1618//405
f 1617//405 1620//405 1619//405
f 1621//406 1623//406 1622//406
f 1621//406 1624//406 1623//406
f 1625//407 1627//407 1626//407
f 1625//407 1628//407 1627//407
f 1629//408 1631//408 1630//408
f 1629//408 1632//408 1631//408
f 1633//409 1635//409 1634//409
f 1633//409 1636//409 1635//409
f 1637//410 1639//410 1638//410
f 1637//410 1640//410 1639//410
f 1641//411 1643//411 1642//411
f 1641//411 1644//411 1643//411
f 1645//412 1647//412 1646//412
f 1645//412 1648//412 1647//412
f 1649//413 1651//413 1650//413
f 1649//413 1652//413 1651//413
f 1653//414 1655//414 1654//414
f 1653//414 1656//414 1655//414
f 1657//415 1659//415 1658//415
f 1657//415 1660//415 1659//415
f 1661//416 1663//416 1662//416
f 1661//416 1664//416 1663//416
f 1665//417 1667//417 1666//417
f 1665//417 1668//417 1667//417
f 1669//418 1671//418 1670//418
f 1669//418 1672//418 1671//418
f 1673//419 1675//419 1674//419
f 1673//419 1676//419 1675//419
f 1677//420 1679//420 1678//420
f 1677//420 1680//420 1679//420
f 1681//421 1683//421 1682//421
f 1681//421 1684//421 1683//421
f 1685//422 1687//422 1686//422
f 1685//422 1688//422 1687//422
f 1689//423 1691//423 1690//423
f 1689//423 1692//423 1691//423
f 1693//424 1695//424 1694//424
f 1693//424 1696//424 1695//424
f 1697//425 1699//425 1698//425
f 1697//425 1700//425 1699//425
f 1701//426 1703//426 1702//426
f 1701//426 1704//426 1703//426
f 1705//427 1707//427 1706//427
f 1705//427 1708//427 1707//427
f 1709//428 1711//428 1710//428
f 1709//428 1712//428 1711//428
f 1713//429 1715//429 1714//429
f 1713//429 1716//429 1715//429
f 1717//430 1719//430 1718//430
f 1717//430 1720//430 1719//430
f 1721//431 1723//431 1722//431
f 1721//431 1724//431 1723//431
f 1725//432 1727//432 1726//432
f 1725//432 1728//432 1727//432
f 1729//433 1731//433 1730//433
f 1729//433 1732//433 1731//433
f 1733//434 1735//434 1734//434
f 1733//434 1736//434 1735//434
f 1737//435 1739//435 1738//435
f 1737//435 1740//435 1739//435
f 1741//436 1743//436 1742//436
f 1741//436 1744//436 1743//436
f 1745//437 1747//437 1746//437
f 1745//437 1748//437 1747//437
f 1749//438 1751//438 1750//438
f 1749//438 1752//438 1751//438
f 1753//439 1755//439 1754//439
f 1753//439 1756//439 1755//439
f 1757//440 1759//440 1758//440
f 1757//440 1760//440 1759//440
f 1761//441 1763//441 1762//441
f 1761//441 1764//441 1763//441
f 1765//442 1767//442 1766//442
f 1765//442 1768//442 1767//442
f 1769//443 1771//443 1770//443
f 1769//443 1772//443 1771//443
f 1773//444 1775//444 1774//444
f 1773//444 1776//444 1775//444
f 1777//445 1779//445 1778//445
f 1777//445 1780//445 1779//445
f 1781//446 1783//446 1782//446
f 1781//446 1784//446 1783//446
f 1785//447 1787//447 1786//447
f 1785//447 1788//447 1787//447
f 1789//448 1791//448 1790//448
f 1789//448 1792//448 1791//448
f 1793//449 1795//449 1794//449
f 1793//449 1796//449 1795//449
f 1797//450 1799//450 1798//450
f 1797//450 1800//450 1799//450
f 1801//451 1803//451 1802//451
f 1801//451 1804//451 1803//451
f 1805//452 1807//452 1806//452
f 1805//452 1808//452 1807//452
f 1809//453 1811//453 1810//453
f 1809//453 1812//453 1811//453
f 1813//454 1815//454 1814//454
f 1813//454 1816//454 1815//454
f 1817//455 1819//455 1818//455
f 1817//455 1820//455 1819//455
f 1821//456 1823//456 1822//456
f 1821//456 1824//456 1823//456
f 1825//457 1827//457 1826//457
f 1825//457 1828//457 1827//457
f 1829//458 1831//458 1830//458
f 1829//458 1832//458 1831//458
f 1833//459 1835//459 1834//459
f 1833//459 1836//459 1835//459
f 1837//460 1839//460 1838//460
f 1837//460 1840//460 1839//460
f 1841//461 1843//461 1842//461
f 1841//461 1844//461 1843//461
f 1845//462 1847//462 1846//462
f 1845//462 1848//462 1847//462
f 1849//463 1851//463 1850//463
f 1849//463 1852//463 1851//463
f 1853//464 1855//464 1854//464
f 1853//464 1856//464 1855//464
f 1857//465 1859//465 1858//465
f 1857//465 1860//465 1859//465
f 1861//466 1863//466 1862//466
f 1861//466 1864//466 1863//466
f 1865//467 1867//467 1866//467
f 1865//467 1868//467 1867//467
f 1869//468 1871//468 1870//468
f 1869//468 1872//468 1871//468
f 1873//469 1875//469 1874//469
f 1873//469 1876//469 1875//469
f 1877//470 1879//470 1878//470
f 1877//470 1880//470 1879//470
f 1881//471 1883//471 1882//471
f 1881//471 1884//471 1883//471
f 1885//472 1887//472 1886//472
f 1885//472 1888//472 1887//472
f 1889//473 1891//473 1890//473
f 1889//473 1892//473 1891//473
f 1893//474 1895//474 1894//474
f 1893//474 1896//474 1895//474
f 1897//475 1899//475 1898//475
f 1897//475 1900//475 1899//475
f 1901//476 1903//476 1902//476
f 1901//476 1904//476 1903//476
f 1905//477 1907//477 1906//477
f 1905//477 1908//477 1907//477
f 1909//478 1911//478 1910//478
f 1909//478 1912//478 1911//478
f 1913//479 1915//479 1914//479
f 1913//479 1916//479 1915//479
f 1917//480 1919//480 1918//480
f 1917//480 1920//480 1919//480
f 1921//481 1923//481 1922//481
f 1921//481 1924//481 1923//481
f 1925//482 1927//482 1926//482
f 1925//482 1928//482 1927//482
f 1929//483 1931//483 1930//483
f 1929//483 1932//483 1931//483
f 1933//484 1935//484 1934//484
f 1933//484 1936//484 1935//484
f 1937//485 1939//485 1938//485
f 1937//485 1940//485 1939//485
f 1941//486 1943//486 1942//486
f 1941//486 1944//486 1943//486
f 1945//487 1947//487 1946//487
f 1945//487 1948//487 1947//487
f 1949//488 1951//488 1950//488
f 1949//488 1952//488 1951//488
f 1953//489 1955//489 1954//489
f 1953//489 1956//489 1955//489
f 1957//490 1959//490 1958//490
f 1957//490 1960//490 1959//490
f 1961//491 1963//491 1962//491
f 1961//491 1964//491 1963//491
f 1965//492 1967//492 1966//492
f 1965//492 1968//492 1967//492
f 1969//493 1971//493 1970//493
f 1969//493 1972//493 1971//493
f 1973//494 1975//494 1974//494
f 1973//494 1976//494 1975//494
f 1977//495 1979//495 1978//495
f 1977//495 1980//495 1979//495
f 1981//496 1983//496 1982//496
f 1981//496 1984//496 1983//496
f 1985//497 1987//497 1986//497
f 1985//497 1988//497 1987//497
f 1989//498 1991//498 1990//498
f 1989//498 1992//498 1991//498
f 1993//499 1995//499 1994//499
f 1993//499 1996//499 1995//499
f 1997//500 1999//500 1998//500
f 1997//500 2000//500 1999//500
f 2001//501 2003//501 2002//501
f 2001//501 2004//501 2003//501
f 2005//502 2007//502 2006//502
f 2005//502 2008//502 2007//502
f 2009//503 2011//503 2010//503
f 2009//503 2012//503 2011//503
f 2013//504 2015//504 2014//504
f 2013//504 2016//504 2015//504
f 2017//505 2019//505 2018//505
f 2017//505 2020//505 2019//505
f 2021//506 2023//506 2022//506
f 2021//506 2024//506 2023//506
f 2025//507 2027//507 2026//507
f 2025//507 2028//507 2027//507
f 2029//508 2031//508 2030//508
f 2029//508 2032//508 2031//508
f 2033//509 2035//509 2034//509
f 2033//509 2036//509 2035//509
f 2037//510 2039//510 2038//510
f 2037//510 2040//510 2039//510
f 2041//511 2043//511 2042//511
f 2041//511 2044//511 2043//511
f 2045//512 2047//512 2046//512
f 2045//512 2048//512 2047//512
