# Bloom tender, from tools/gen_fleet.py
# Generated by tools. Edit the generator script.
v -0.000909 0.128790 0.134037
v 0.110434 0.159984 0.868763
v -0.000909 0.159984 0.949521
v 0.199725 0.159984 0.642483
v 0.249278 0.159984 0.315499
v 0.249278 0.159984 -0.047425
v 0.199725 0.159984 -0.374409
v 0.110434 0.159984 -0.600689
v -0.000909 0.159984 -0.681447
v -0.112253 0.159984 -0.600689
v -0.201544 0.159984 -0.374409
v -0.251096 0.159984 -0.047425
v -0.251096 0.159984 0.315499
v -0.201544 0.159984 0.642483
v -0.112253 0.159984 0.868763
v 0.204827 0.248818 1.491633
v -0.000909 0.248818 1.640855
v 0.369815 0.248818 1.073523
v 0.461376 0.248818 0.469336
v 0.461376 0.248818 -0.201262
v 0.369815 0.248818 -0.805449
v 0.204827 0.248818 -1.223559
v -0.000909 0.248818 -1.372781
v -0.206646 0.248818 -1.223559
v -0.371633 0.248818 -0.805449
v -0.463194 0.248818 -0.201262
v -0.463194 0.248818 0.469336
v -0.371633 0.248818 1.073523
v -0.206646 0.248818 1.491633
v 0.267898 0.381767 1.907822
v -0.000909 0.381767 2.102790
v 0.483465 0.381767 1.361535
v 0.603095 0.381767 0.572126
v 0.603095 0.381767 -0.304052
v 0.483465 0.381767 -1.093460
v 0.267898 0.381767 -1.639748
v -0.000909 0.381767 -1.834716
v -0.269717 0.381767 -1.639748
v -0.485283 0.381767 -1.093460
v -0.604914 0.381767 -0.304052
v -0.604914 0.381767 0.572126
v -0.485283 0.381767 1.361535
v -0.269717 0.381767 1.907822
v 0.290046 0.538591 2.053968
v -0.000909 0.538591 2.265000
v 0.523373 0.538591 1.462671
v 0.652860 0.538591 0.608221
v 0.652860 0.538591 -0.340147
v 0.523373 0.538591 -1.194597
v 0.290046 0.538591 -1.785894
v -0.000909 0.538591 -1.996926
v -0.291864 0.538591 -1.785894
v -0.525192 0.538591 -1.194597
v -0.654679 0.538591 -0.340147
v -0.654679 0.538591 0.608221
v -0.525192 0.538591 1.462671
v -0.291864 0.538591 2.053968
v 0.267898 0.695415 1.907822
v -0.000909 0.695415 2.102790
v 0.483465 0.695415 1.361535
v 0.603095 0.695415 0.572126
v 0.603095 0.695415 -0.304052
v 0.483465 0.695415 -1.093460
v 0.267898 0.695415 -1.639748
v -0.000909 0.695415 -1.834716
v -0.269717 0.695415 -1.639748
v -0.485283 0.695415 -1.093460
v -0.604914 0.695415 -0.304052
v -0.604914 0.695415 0.572126
v -0.485283 0.695415 1.361535
v -0.269717 0.695415 1.907822
v 0.204827 0.828363 1.491633
v -0.000909 0.828363 1.640855
v 0.369815 0.828363 1.073523
v 0.461376 0.828363 0.469336
v 0.461376 0.828363 -0.201262
v 0.369815 0.828363 -0.805449
v 0.204827 0.828363 -1.223559
v -0.000909 0.828363 -1.372781
v -0.206646 0.828363 -1.223559
v -0.371633 0.828363 -0.805449
v -0.463194 0.828363 -0.201262
v -0.463194 0.828363 0.469336
v -0.371633 0.828363 1.073523
v -0.206646 0.828363 1.491633
v 0.110434 0.917197 0.868763
v -0.000909 0.917197 0.949521
v 0.199725 0.917197 0.642483
v 0.249278 0.917197 0.315499
v 0.249278 0.917197 -0.047425
v 0.199725 0.917197 -0.374409
v 0.110434 0.917197 -0.600689
v -0.000909 0.917197 -0.681447
v -0.112253 0.917197 -0.600689
v -0.201544 0.917197 -0.374409
v -0.251096 0.917197 -0.047425
v -0.251096 0.917197 0.315499
v -0.201544 0.917197 0.642483
v -0.112253 0.917197 0.868763
v -0.000909 0.948391 0.134037
v 0.441685 0.016587 1.228865
v 0.530805 0.076827 1.478573
v 0.405266 0.076827 1.519131
v 0.622303 0.076827 1.342636
v 0.644810 0.076827 1.163242
v 0.589731 0.076827 1.008914
v 0.478103 0.076827 0.938600
v 0.352565 0.076827 0.979158
v 0.261067 0.076827 1.115095
v 0.238559 0.076827 1.294489
v 0.293639 0.076827 1.448817
v 0.585884 0.234537 1.632901
v 0.382758 0.234537 1.698524
v 0.733930 0.234537 1.412950
v 0.770349 0.234537 1.122684
v 0.681229 0.234537 0.872977
v 0.500611 0.234537 0.759206
v 0.297486 0.234537 0.824830
v 0.149439 0.234537 1.044781
v 0.113021 0.234537 1.335046
v 0.202141 0.234537 1.584754
v 0.585884 0.429478 1.632901
v 0.382758 0.429478 1.698524
v 0.733930 0.429478 1.412950
v 0.770349 0.429478 1.122684
v 0.681229 0.429478 0.872977
v 0.500611 0.429478 0.759206
v 0.297486 0.429478 0.824830
v 0.149439 0.429478 1.044781
v 0.113021 0.429478 1.335046
v 0.202141 0.429478 1.584754
v 0.530805 0.587188 1.478573
v 0.405266 0.587188 1.519131
v 0.622303 0.587188 1.342636
v 0.644810 0.587188 1.163242
v 0.589731 0.587188 1.008914
v 0.478103 0.587188 0.938600
v 0.352565 0.587188 0.979158
v 0.261067 0.587188 1.115095
v 0.238559 0.587188 1.294489
v 0.293639 0.587188 1.448817
v 0.441685 0.647428 1.228865
v 0.389304 0.566747 1.469778
v 0.415708 0.546265 1.505218
v 0.419873 0.582440 1.513217
v 0.401202 0.596922 1.488157
v 0.464246 0.550355 1.504893
v 0.454194 0.585331 1.512987
v 0.486378 0.574926 1.469129
v 0.469844 0.602706 1.487698
v 0.459974 0.595408 1.433689
v 0.451173 0.617188 1.462638
v 0.411436 0.591318 1.434013
v 0.416852 0.614297 1.462867
v 0.434563 0.611817 1.495579
v 0.548239 0.374981 1.589508
v 0.593579 0.357785 1.599815
v 0.587577 0.380670 1.629477
v 0.555518 0.392830 1.622189
v 0.632825 0.387907 1.596649
v 0.615328 0.401970 1.627239
v 0.626731 0.435225 1.583177
v 0.611019 0.435428 1.617713
v 0.581391 0.452421 1.572870
v 0.578960 0.447588 1.610425
v 0.542146 0.422299 1.576036
v 0.551209 0.426288 1.612663
v 0.581522 0.417868 1.633872
v 0.406818 0.616539 1.212060
v 0.396276 0.615252 1.249171
v 0.407124 0.642670 1.247323
v 0.414578 0.643579 1.221081
v 0.423163 0.614438 1.276854
v 0.426136 0.642094 1.266898
v 0.460592 0.614911 1.267428
v 0.452602 0.642429 1.260232
v 0.471133 0.616198 1.230317
v 0.460056 0.643338 1.233991
v 0.444246 0.617012 1.202633
v 0.441044 0.643914 1.214416
v 0.433543 0.654303 1.241035
v -0.406389 0.102891 -0.877758
v -0.322528 0.142098 -0.673812
v -0.424388 0.142098 -0.634675
v -0.252700 0.142098 -0.790849
v -0.241575 0.142098 -0.941082
v -0.293404 0.142098 -1.067128
v -0.388389 0.142098 -1.120841
v -0.490249 0.142098 -1.081704
v -0.560077 0.142098 -0.964667
v -0.571202 0.142098 -0.814433
v -0.519373 0.142098 -0.688388
v -0.270700 0.244742 -0.547766
v -0.435513 0.244742 -0.484441
v -0.157715 0.244742 -0.737136
v -0.139715 0.244742 -0.980219
v -0.223576 0.244742 -1.184165
v -0.377264 0.244742 -1.271074
v -0.542078 0.244742 -1.207750
v -0.655062 0.244742 -1.018379
v -0.673062 0.244742 -0.775296
v -0.589202 0.244742 -0.571350
v -0.270700 0.371617 -0.547766
v -0.435513 0.371617 -0.484441
v -0.157715 0.371617 -0.737136
v -0.139715 0.371617 -0.980219
v -0.223576 0.371617 -1.184165
v -0.377264 0.371617 -1.271074
v -0.542078 0.371617 -1.207750
v -0.655062 0.371617 -1.018379
v -0.673062 0.371617 -0.775296
v -0.589202 0.371617 -0.571350
v -0.322528 0.474261 -0.673812
v -0.424388 0.474261 -0.634675
v -0.252700 0.474261 -0.790849
v -0.241575 0.474261 -0.941082
v -0.293404 0.474261 -1.067128
v -0.388389 0.474261 -1.120841
v -0.490249 0.474261 -1.081704
v -0.560077 0.474261 -0.964667
v -0.571202 0.474261 -0.814433
v -0.519373 0.474261 -0.688388
v -0.406389 0.513468 -0.877758
v -0.464297 0.178733 -0.615727
v -0.446736 0.157725 -0.635308
v -0.443286 0.146939 -0.612167
v -0.455703 0.161794 -0.598321
v -0.413132 0.157103 -0.633438
v -0.419524 0.146499 -0.610844
v -0.397089 0.177489 -0.611987
v -0.408180 0.160914 -0.595676
v -0.414650 0.198497 -0.592406
v -0.420597 0.175769 -0.581831
v -0.448254 0.199119 -0.594277
v -0.444359 0.176209 -0.583153
v -0.432458 0.154413 -0.590016
v -0.481435 0.205566 -0.575416
v -0.467317 0.181946 -0.590777
v -0.463607 0.175415 -0.567855
v -0.473590 0.192117 -0.556994
v -0.435913 0.179353 -0.590253
v -0.441401 0.173581 -0.567485
v -0.418628 0.200379 -0.574368
v -0.429179 0.188449 -0.556253
v -0.432747 0.223999 -0.559007
v -0.439162 0.205151 -0.545391
v -0.464150 0.226593 -0.559531
v -0.461368 0.206985 -0.545762
v -0.451945 0.185027 -0.549056
v -0.457552 0.126414 -0.820905
v -0.440707 0.120812 -0.857855
v -0.434006 0.093474 -0.843995
v -0.445918 0.097435 -0.817868
v -0.399922 0.119785 -0.861844
v -0.405167 0.092748 -0.846816
v -0.375982 0.124358 -0.828883
v -0.388239 0.095982 -0.823510
v -0.392828 0.129960 -0.791934
v -0.400151 0.099942 -0.797383
v -0.433613 0.130987 -0.787945
v -0.428990 0.100669 -0.794562
v -0.417208 0.084830 -0.818947
v -0.488595 0.000000 0.425604
v -0.395625 0.070451 0.691935
v -0.530397 0.070451 0.733531
v -0.296364 0.070451 0.548608
v -0.270528 0.070451 0.358299
v -0.327987 0.070451 0.193697
v -0.446792 0.070451 0.117676
v -0.581564 0.070451 0.159273
v -0.680825 0.070451 0.302599
v -0.706661 0.070451 0.492909
v -0.649202 0.070451 0.657510
v -0.338167 0.254894 0.856536
v -0.556233 0.254894 0.923841
v -0.177559 0.254894 0.624630
v -0.135756 0.254894 0.316702
v -0.228726 0.254894 0.050371
v -0.420956 0.254894 -0.072634
v -0.639023 0.254894 -0.005329
v -0.799630 0.254894 0.226578
v -0.841433 0.254894 0.534505
v -0.748464 0.254894 0.800836
v -0.338167 0.482878 0.856536
v -0.556233 0.482878 0.923841
v -0.177559 0.482878 0.624630
v -0.135756 0.482878 0.316702
v -0.228726 0.482878 0.050371
v -0.420956 0.482878 -0.072634
v -0.639023 0.482878 -0.005329
v -0.799630 0.482878 0.226578
v -0.841433 0.482878 0.534505
v -0.748464 0.482878 0.800836
v -0.395625 0.667320 0.691935
v -0.530397 0.667320 0.733531
v -0.296364 0.667320 0.548608
v -0.270528 0.667320 0.358299
v -0.327987 0.667320 0.193697
v -0.446792 0.667320 0.117676
v -0.581564 0.667320 0.159273
v -0.680825 0.667320 0.302599
v -0.706661 0.667320 0.492909
v -0.649202 0.667320 0.657510
v -0.488595 0.737771 0.425604
v -0.496132 0.688754 0.256365
v -0.537998 0.696106 0.231568
v -0.540093 0.723355 0.257486
v -0.510489 0.718157 0.275020
v -0.581234 0.685736 0.252660
v -0.570666 0.716022 0.272400
v -0.582603 0.668013 0.298549
v -0.571634 0.703490 0.304849
v -0.540737 0.660661 0.323346
v -0.542029 0.698292 0.322383
v -0.497501 0.671032 0.302254
v -0.511457 0.705625 0.307469
v -0.541763 0.724260 0.295103
v -0.668366 0.539382 0.792069
v -0.664356 0.510237 0.808876
v -0.659290 0.527482 0.827569
v -0.662125 0.548090 0.815684
v -0.633421 0.500389 0.818571
v -0.637416 0.520518 0.834424
v -0.606495 0.519685 0.811459
v -0.618376 0.534163 0.829395
v -0.610504 0.548830 0.794652
v -0.621211 0.554771 0.817511
v -0.641439 0.558678 0.784957
v -0.643085 0.561735 0.810655
v -0.641419 0.545928 0.831145
v -0.681753 0.216152 0.806012
v -0.663063 0.164105 0.777795
v -0.655991 0.152768 0.823395
v -0.669207 0.189571 0.843347
v -0.602827 0.149085 0.777097
v -0.613397 0.142147 0.822901
v -0.561281 0.186113 0.804617
v -0.584020 0.168330 0.842361
v -0.579971 0.238160 0.832834
v -0.597236 0.205133 0.862314
v -0.640207 0.253180 0.833532
v -0.639829 0.215753 0.862807
v -0.628724 0.169762 0.858403
v -0.463921 0.459143 0.137619
v -0.458931 0.510834 0.434864
v -0.619195 0.510834 0.414497
v -0.300574 0.510834 0.341693
v -0.204610 0.510834 0.170573
v -0.207694 0.510834 -0.013134
v -0.308648 0.510834 -0.139258
v -0.468912 0.510834 -0.159625
v -0.627269 0.510834 -0.066454
v -0.723233 0.510834 0.104666
v -0.720149 0.510834 0.288373
v -0.455847 0.646160 0.618571
v -0.715159 0.646160 0.585617
v -0.199620 0.646160 0.467818
v -0.044347 0.646160 0.190940
v -0.049337 0.646160 -0.106305
v -0.212684 0.646160 -0.310378
v -0.471996 0.646160 -0.343332
v -0.728223 0.646160 -0.192579
v -0.883496 0.646160 0.084299
v -0.878506 0.646160 0.381544
v -0.455847 0.813433 0.618571
v -0.715159 0.813433 0.585617
v -0.199620 0.813433 0.467818
v -0.044347 0.813433 0.190940
v -0.049337 0.813433 -0.106305
v -0.212684 0.813433 -0.310378
v -0.471996 0.813433 -0.343332
v -0.728223 0.813433 -0.192579
v -0.883496 0.813433 0.084299
v -0.878506 0.813433 0.381544
v -0.458931 0.948759 0.434864
v -0.619195 0.948759 0.414497
v -0.300574 0.948759 0.341693
v -0.204610 0.948759 0.170573
v -0.207694 0.948759 -0.013134
v -0.308648 0.948759 -0.139258
v -0.468912 0.948759 -0.159625
v -0.627269 0.948759 -0.066454
v -0.723233 0.948759 0.104666
v -0.720149 0.948759 0.288373
v -0.463921 1.000449 0.137619
v -0.226968 0.526040 0.272185
v -0.196503 0.539783 0.304733
v -0.220434 0.522357 0.324697
v -0.241975 0.512639 0.301682
v -0.208424 0.572918 0.335333
v -0.228862 0.545787 0.346334
v -0.250809 0.592310 0.333384
v -0.258833 0.559499 0.344956
v -0.281273 0.578568 0.300836
v -0.280375 0.549782 0.321941
v -0.269353 0.545433 0.270236
v -0.271946 0.526352 0.300304
v -0.255174 0.526498 0.331825
v -0.223274 0.796569 -0.265957
v -0.252342 0.846681 -0.296344
v -0.282663 0.840449 -0.256992
v -0.262109 0.805015 -0.235505
v -0.309905 0.837910 -0.326160
v -0.323366 0.834247 -0.278075
v -0.338400 0.779028 -0.325590
v -0.343516 0.792611 -0.277671
v -0.309333 0.728916 -0.295203
v -0.322962 0.757177 -0.256185
v -0.251770 0.737687 -0.265387
v -0.282259 0.763379 -0.235101
v -0.311915 0.803375 -0.240357
v -0.747509 0.592369 0.072762
v -0.771766 0.570411 0.033779
v -0.770169 0.540891 0.059143
v -0.753017 0.556418 0.086708
v -0.748245 0.534899 0.005923
v -0.753537 0.515781 0.039446
v -0.700467 0.521346 0.017051
v -0.719753 0.506197 0.047315
v -0.676210 0.543304 0.056035
v -0.702601 0.521724 0.074880
v -0.699732 0.578816 0.083890
v -0.719233 0.546834 0.094577
v -0.741520 0.520724 0.076168
v 0.560341 0.357452 -0.396484
v 0.607840 0.402972 -0.181248
v 0.484405 0.402972 -0.177028
v 0.713131 0.402972 -0.267681
v 0.760062 0.402972 -0.403312
v 0.730706 0.402972 -0.536335
v 0.636276 0.402972 -0.615940
v 0.512841 0.402972 -0.611720
v 0.407550 0.402972 -0.525287
v 0.360619 0.402972 -0.389656
v 0.389976 0.402972 -0.256633
v 0.637196 0.522145 -0.048225
v 0.437475 0.522145 -0.041397
v 0.807561 0.522145 -0.188076
v 0.883496 0.522145 -0.407532
v 0.835997 0.522145 -0.622768
v 0.683207 0.522145 -0.751571
v 0.483485 0.522145 -0.744743
v 0.313120 0.522145 -0.604891
v 0.237185 0.522145 -0.385436
v 0.284684 0.522145 -0.170200
v 0.637196 0.669452 -0.048225
v 0.437475 0.669452 -0.041397
v 0.807561 0.669452 -0.188076
v 0.883496 0.669452 -0.407532
v 0.835997 0.669452 -0.622768
v 0.683207 0.669452 -0.751571
v 0.483485 0.669452 -0.744743
v 0.313120 0.669452 -0.604891
v 0.237185 0.669452 -0.385436
v 0.284684 0.669452 -0.170200
v 0.607840 0.788625 -0.181248
v 0.484405 0.788625 -0.177028
v 0.713131 0.788625 -0.267681
v 0.760062 0.788625 -0.403312
v 0.730706 0.788625 -0.536335
v 0.636276 0.788625 -0.615940
v 0.512841 0.788625 -0.611720
v 0.407550 0.788625 -0.525287
v 0.360619 0.788625 -0.389656
v 0.389976 0.788625 -0.256633
v 0.560341 0.834145 -0.396484
v 0.567521 0.381674 -0.370175
v 0.536552 0.381725 -0.377132
v 0.542746 0.359161 -0.383664
v 0.564645 0.359125 -0.378745
v 0.527091 0.381359 -0.407428
v 0.536057 0.358902 -0.405087
v 0.548600 0.380943 -0.430768
v 0.551265 0.358608 -0.421590
v 0.579569 0.380892 -0.423810
v 0.573164 0.358572 -0.416671
v 0.589030 0.381258 -0.393514
v 0.579854 0.358830 -0.395248
v 0.557912 0.349570 -0.400042
v 0.491473 0.396289 -0.360766
v 0.449940 0.391091 -0.404089
v 0.464451 0.347476 -0.400501
v 0.493819 0.351151 -0.369867
v 0.466826 0.379858 -0.460812
v 0.476391 0.339533 -0.440610
v 0.525246 0.373823 -0.474213
v 0.517700 0.335265 -0.450086
v 0.566779 0.379021 -0.430890
v 0.547069 0.338941 -0.419452
v 0.549892 0.390254 -0.374167
v 0.535128 0.346884 -0.379343
v 0.504683 0.325875 -0.406864
v 0.372931 0.704052 -0.606705
v 0.338457 0.699460 -0.616766
v 0.335804 0.700825 -0.589218
v 0.360181 0.704072 -0.582104
v 0.321602 0.668169 -0.609872
v 0.323886 0.678699 -0.584342
v 0.339221 0.641470 -0.592916
v 0.336344 0.659820 -0.572353
v 0.373695 0.646062 -0.582855
v 0.360720 0.663067 -0.565239
v 0.390550 0.677353 -0.589750
v 0.372639 0.685193 -0.570114
v 0.345026 0.685750 -0.567874
v -0.278290 0.489182 -2.252217
v -0.246212 0.469533 -2.245607
v -0.278290 0.451097 -2.255090
v -0.246212 0.507618 -2.242735
v -0.278290 0.527267 -2.249345
v -0.310367 0.508832 -2.258827
v -0.310367 0.470747 -2.261700
v -0.396742 0.374021 -1.417862
v -0.484225 0.323742 -1.443724
v -0.396742 0.477890 -1.410028
v -0.484225 0.531479 -1.428055
v -0.571708 0.481200 -1.453917
v -0.571708 0.377331 -1.461751
v -0.484225 0.427611 -1.435889
v 0.442644 0.466570 -2.230595
v 0.475551 0.448361 -2.223942
v 0.442644 0.428974 -2.223868
v 0.475551 0.485957 -2.230669
v 0.442644 0.504167 -2.237322
v 0.409737 0.484780 -2.237249
v 0.409737 0.447184 -2.230521
v 0.449981 0.559832 -1.413688
v 0.360234 0.506959 -1.413487
v 0.449981 0.662367 -1.432035
v 0.360234 0.712030 -1.450181
v 0.270487 0.659156 -1.449980
v 0.270487 0.556621 -1.431633
v 0.360234 0.609494 -1.431834
v -0.403412 0.318576 -2.187790
v -0.371286 0.298433 -2.192366
v -0.403412 0.280918 -2.181418
v -0.371286 0.336092 -2.198738
v -0.403412 0.356234 -2.194163
v -0.435538 0.338718 -2.183215
v -0.435538 0.301060 -2.176842
v -0.130386 0.389890 -1.454206
v -0.218003 0.342120 -1.424348
v -0.130386 0.492594 -1.471586
v -0.218003 0.547528 -1.459107
v -0.305619 0.499758 -1.429250
v -0.305619 0.397054 -1.411870
v -0.218003 0.444824 -1.441728
v 0.147073 0.861056 -2.254324
v 0.179362 0.840944 -2.250915
v 0.147073 0.823560 -2.261590
v 0.179362 0.878440 -2.243649
v 0.147073 0.898552 -2.247059
v 0.114784 0.881169 -2.257734
v 0.114784 0.843673 -2.265000
v 0.050706 0.648286 -1.430067
v -0.037356 0.600877 -1.459183
v 0.050706 0.750548 -1.410252
v -0.037356 0.805401 -1.419551
v -0.125417 0.757992 -1.448667
v -0.125417 0.655730 -1.468482
v -0.037356 0.703139 -1.439367
v -0.429179 0.542861 -1.928860
v -0.396345 0.524631 -1.935812
v -0.429179 0.505144 -1.934871
v -0.396345 0.562349 -1.929802
v -0.429179 0.580579 -1.922850
v -0.462013 0.561091 -1.921908
v -0.462013 0.523373 -1.927918
v -0.279907 0.415933 -1.463300
v -0.369455 0.362785 -1.460732
v -0.279907 0.518799 -1.446908
v -0.369455 0.568517 -1.427948
v -0.459003 0.515368 -1.425379
v -0.459003 0.412502 -1.441771
v -0.369455 0.465651 -1.444340
v -0.185032 0.316481 -1.932942
v -0.152200 0.297642 -1.927852
v -0.185032 0.278349 -1.930774
v -0.152200 0.335774 -1.930020
v -0.185032 0.354613 -1.935109
v -0.217864 0.335319 -1.938031
v -0.217864 0.297187 -1.935863
v -0.155622 0.293035 -1.427743
v -0.245165 0.240416 -1.435711
v -0.155622 0.397031 -1.433655
v -0.245165 0.448408 -1.447535
v -0.334707 0.395789 -1.455503
v -0.334707 0.291793 -1.449591
v -0.245165 0.344412 -1.441623
v -0.248329 0.699875 -2.091326
v -0.215291 0.680951 -2.088313
v -0.248329 0.661788 -2.088483
v -0.215291 0.719038 -2.091157
v -0.248329 0.737963 -2.094170
v -0.281367 0.718800 -2.094339
v -0.281367 0.680713 -2.091496
v -0.190140 0.697453 -1.424194
v -0.280243 0.645192 -1.424656
v -0.190140 0.801328 -1.431948
v -0.280243 0.852941 -1.440166
v -0.370347 0.800680 -1.440628
v -0.370347 0.696805 -1.432874
v -0.280243 0.749066 -1.432411
v 0.289893 0.713862 -2.020415
v 0.321950 0.695772 -2.010225
v 0.289893 0.675898 -2.016233
v 0.321950 0.733736 -2.014407
v 0.289893 0.751826 -2.024597
v 0.257836 0.731952 -2.030605
v 0.257836 0.693988 -2.026423
v 0.230254 0.727881 -1.417482
v 0.142826 0.673679 -1.433867
v 0.230254 0.831419 -1.428887
v 0.142826 0.880754 -1.456677
v 0.055397 0.826553 -1.473063
v 0.055397 0.723015 -1.461658
v 0.142826 0.777217 -1.445272
v 0.091860 0.072908 1.519163
v 0.157553 0.096866 1.636707
v 0.091860 0.096866 1.664456
v 0.198154 0.096866 1.564061
v 0.198154 0.096866 1.474265
v 0.157553 0.096866 1.401619
v 0.091860 0.096866 1.373870
v 0.026167 0.096866 1.401619
v -0.014433 0.096866 1.474265
v -0.014433 0.096866 1.564061
v 0.026167 0.096866 1.636707
v 0.205644 0.162319 1.722756
v 0.091860 0.162319 1.770818
v 0.275966 0.162319 1.596929
v 0.275966 0.162319 1.441397
v 0.205644 0.162319 1.315570
v 0.091860 0.162319 1.267508
v -0.021923 0.162319 1.315570
v -0.092246 0.162319 1.441397
v -0.092246 0.162319 1.596929
v -0.021923 0.162319 1.722756
v 0.223247 0.251730 1.754252
v 0.091860 0.251730 1.809749
v 0.304448 0.251730 1.608959
v 0.304448 0.251730 1.429367
v 0.223247 0.251730 1.284074
v 0.091860 0.251730 1.228577
v -0.039526 0.251730 1.284074
v -0.120727 0.251730 1.429367
v -0.120727 0.251730 1.608959
v -0.039526 0.251730 1.754252
v 0.205644 0.341141 1.722756
v 0.091860 0.341141 1.770818
v 0.275966 0.341141 1.596929
v 0.275966 0.341141 1.441397
v 0.205644 0.341141 1.315570
v 0.091860 0.341141 1.267508
v -0.021923 0.341141 1.315570
v -0.092246 0.341141 1.441397
v -0.092246 0.341141 1.596929
v -0.021923 0.341141 1.722756
v 0.157553 0.406595 1.636707
v 0.091860 0.406595 1.664456
v 0.198154 0.406595 1.564061
v 0.198154 0.406595 1.474265
v 0.157553 0.406595 1.401619
v 0.091860 0.406595 1.373870
v 0.026167 0.406595 1.401619
v -0.014433 0.406595 1.474265
v -0.014433 0.406595 1.564061
v 0.026167 0.406595 1.636707
v 0.091860 0.430552 1.519163
v -0.040874 0.072908 0.826600
v 0.024820 0.096866 0.944144
v -0.040874 0.096866 0.971893
v 0.065420 0.096866 0.871498
v 0.065420 0.096866 0.781702
v 0.024820 0.096866 0.709056
v -0.040874 0.096866 0.681307
v -0.106567 0.096866 0.709056
v -0.147167 0.096866 0.781702
v -0.147167 0.096866 0.871498
v -0.106567 0.096866 0.944144
v 0.072910 0.162319 1.030193
v -0.040874 0.162319 1.078255
v 0.143232 0.162319 0.904366
v 0.143232 0.162319 0.748834
v 0.072910 0.162319 0.623007
v -0.040874 0.162319 0.574945
v -0.154657 0.162319 0.623007
v -0.224980 0.162319 0.748834
v -0.224980 0.162319 0.904366
v -0.154657 0.162319 1.030193
v 0.090513 0.251730 1.061689
v -0.040874 0.251730 1.117186
v 0.171714 0.251730 0.916396
v 0.171714 0.251730 0.736804
v 0.090513 0.251730 0.591511
v -0.040874 0.251730 0.536014
v -0.172260 0.251730 0.591511
v -0.253461 0.251730 0.736804
v -0.253461 0.251730 0.916396
v -0.172260 0.251730 1.061689
v 0.072910 0.341141 1.030193
v -0.040874 0.341141 1.078255
v 0.143232 0.341141 0.904366
v 0.143232 0.341141 0.748834
v 0.072910 0.341141 0.623007
v -0.040874 0.341141 0.574945
v -0.154657 0.341141 0.623007
v -0.224980 0.341141 0.748834
v -0.224980 0.341141 0.904366
v -0.154657 0.341141 1.030193
v 0.024820 0.406595 0.944144
v -0.040874 0.406595 0.971893
v 0.065420 0.406595 0.871498
v 0.065420 0.406595 0.781702
v 0.024820 0.406595 0.709056
v -0.040874 0.406595 0.681307
v -0.106567 0.406595 0.709056
v -0.147167 0.406595 0.781702
v -0.147167 0.406595 0.871498
v -0.106567 0.406595 0.944144
v -0.040874 0.430552 0.826600
v -0.077327 0.072908 0.134037
v -0.011634 0.096866 0.251582
v -0.077327 0.096866 0.279330
v 0.028967 0.096866 0.178935
v 0.028967 0.096866 0.089139
v -0.011634 0.096866 0.016493
v -0.077327 0.096866 -0.011256
v -0.143020 0.096866 0.016493
v -0.183621 0.096866 0.089139
v -0.183621 0.096866 0.178935
v -0.143020 0.096866 0.251582
v 0.036457 0.162319 0.337630
v -0.077327 0.162319 0.385692
v 0.106779 0.162319 0.211803
v 0.106779 0.162319 0.056272
v 0.036457 0.162319 -0.069556
v -0.077327 0.162319 -0.117618
v -0.191111 0.162319 -0.069556
v -0.261433 0.162319 0.056272
v -0.261433 0.162319 0.211803
v -0.191111 0.162319 0.337630
v 0.054059 0.251730 0.369126
v -0.077327 0.251730 0.424623
v 0.135261 0.251730 0.223833
v 0.135261 0.251730 0.044241
v 0.054059 0.251730 -0.101052
v -0.077327 0.251730 -0.156549
v -0.208713 0.251730 -0.101052
v -0.289914 0.251730 0.044241
v -0.289914 0.251730 0.223833
v -0.208713 0.251730 0.369126
v 0.036457 0.341141 0.337630
v -0.077327 0.341141 0.385692
v 0.106779 0.341141 0.211803
v 0.106779 0.341141 0.056272
v 0.036457 0.341141 -0.069556
v -0.077327 0.341141 -0.117618
v -0.191111 0.341141 -0.069556
v -0.261433 0.341141 0.056272
v -0.261433 0.341141 0.211803
v -0.191111 0.341141 0.337630
v -0.011634 0.406595 0.251582
v -0.077327 0.406595 0.279330
v 0.028967 0.406595 0.178935
v 0.028967 0.406595 0.089139
v -0.011634 0.406595 0.016493
v -0.077327 0.406595 -0.011256
v -0.143020 0.406595 0.016493
v -0.183621 0.406595 0.089139
v -0.183621 0.406595 0.178935
v -0.143020 0.406595 0.251582
v -0.077327 0.430552 0.134037
v 0.025022 0.072908 -0.558526
v 0.090715 0.096866 -0.440981
v 0.025022 0.096866 -0.413233
v 0.131315 0.096866 -0.513628
v 0.131315 0.096866 -0.603424
v 0.090715 0.096866 -0.676070
v 0.025022 0.096866 -0.703819
v -0.040671 0.096866 -0.676070
v -0.081272 0.096866 -0.603424
v -0.081272 0.096866 -0.513628
v -0.040671 0.096866 -0.440981
v 0.138806 0.162319 -0.354933
v 0.025022 0.162319 -0.306871
v 0.209128 0.162319 -0.480760
v 0.209128 0.162319 -0.636291
v 0.138806 0.162319 -0.762119
v 0.025022 0.162319 -0.810181
v -0.088762 0.162319 -0.762119
v -0.159084 0.162319 -0.636291
v -0.159084 0.162319 -0.480760
v -0.088762 0.162319 -0.354933
v 0.156408 0.251730 -0.323437
v 0.025022 0.251730 -0.267940
v 0.237609 0.251730 -0.468730
v 0.237609 0.251730 -0.648322
v 0.156408 0.251730 -0.793615
v 0.025022 0.251730 -0.849112
v -0.106364 0.251730 -0.793615
v -0.187566 0.251730 -0.648322
v -0.187566 0.251730 -0.468730
v -0.106364 0.251730 -0.323437
v 0.138806 0.341141 -0.354933
v 0.025022 0.341141 -0.306871
v 0.209128 0.341141 -0.480760
v 0.209128 0.341141 -0.636291
v 0.138806 0.341141 -0.762119
v 0.025022 0.341141 -0.810181
v -0.088762 0.341141 -0.762119
v -0.159084 0.341141 -0.636291
v -0.159084 0.341141 -0.480760
v -0.088762 0.341141 -0.354933
v 0.090715 0.406595 -0.440981
v 0.025022 0.406595 -0.413233
v 0.131315 0.406595 -0.513628
v 0.131315 0.406595 -0.603424
v 0.090715 0.406595 -0.676070
v 0.025022 0.406595 -0.703819
v -0.040671 0.406595 -0.676070
v -0.081272 0.406595 -0.603424
v -0.081272 0.406595 -0.513628
v -0.040671 0.406595 -0.440981
v 0.025022 0.430552 -0.558526
v 0.179669 0.072908 -1.251089
v 0.245362 0.096866 -1.133544
v 0.179669 0.096866 -1.105796
v 0.285962 0.096866 -1.206191
v 0.285962 0.096866 -1.295987
v 0.245362 0.096866 -1.368633
v 0.179669 0.096866 -1.396382
v 0.113976 0.096866 -1.368633
v 0.073375 0.096866 -1.295987
v 0.073375 0.096866 -1.206191
v 0.113976 0.096866 -1.133544
v 0.293452 0.162319 -1.047496
v 0.179669 0.162319 -0.999434
v 0.363775 0.162319 -1.173323
v 0.363775 0.162319 -1.328854
v 0.293452 0.162319 -1.454682
v 0.179669 0.162319 -1.502743
v 0.065885 0.162319 -1.454682
v -0.004437 0.162319 -1.328854
v -0.004437 0.162319 -1.173323
v 0.065885 0.162319 -1.047496
v 0.311055 0.251730 -1.016000
v 0.179669 0.251730 -0.960503
v 0.392256 0.251730 -1.161293
v 0.392256 0.251730 -1.340885
v 0.311055 0.251730 -1.486178
v 0.179669 0.251730 -1.541675
v 0.048282 0.251730 -1.486178
v -0.032919 0.251730 -1.340885
v -0.032919 0.251730 -1.161293
v 0.048282 0.251730 -1.016000
v 0.293452 0.341141 -1.047496
v 0.179669 0.341141 -0.999434
v 0.363775 0.341141 -1.173323
v 0.363775 0.341141 -1.328854
v 0.293452 0.341141 -1.454682
v 0.179669 0.341141 -1.502743
v 0.065885 0.341141 -1.454682
v -0.004437 0.341141 -1.328854
v -0.004437 0.341141 -1.173323
v 0.065885 0.341141 -1.047496
v 0.245362 0.406595 -1.133544
v 0.179669 0.406595 -1.105796
v 0.285962 0.406595 -1.206191
v 0.285962 0.406595 -1.295987
v 0.245362 0.406595 -1.368633
v 0.179669 0.406595 -1.396382
v 0.113976 0.406595 -1.368633
v 0.073375 0.406595 -1.295987
v 0.073375 0.406595 -1.206191
v 0.113976 0.406595 -1.133544
v 0.179669 0.430552 -1.251089
vt 0.500000 0.578125
vt 0.518628 0.605061
vt 0.500000 0.608022
vt 0.533566 0.596766
vt 0.541856 0.584778
vt 0.541856 0.571472
vt 0.533566 0.559484
vt 0.518628 0.551189
vt 0.500000 0.548228
vt 0.481372 0.551189
vt 0.466434 0.559484
vt 0.458144 0.571472
vt 0.458144 0.584778
vt 0.466434 0.596766
vt 0.481372 0.605061
vt 0.534419 0.627897
vt 0.500000 0.633368
vt 0.562022 0.612568
vt 0.577340 0.590418
vt 0.577340 0.565832
vt 0.562022 0.543682
vt 0.534419 0.528353
vt 0.500000 0.522882
vt 0.465581 0.528353
vt 0.437978 0.543682
vt 0.422660 0.565832
vt 0.422660 0.590418
vt 0.437978 0.612568
vt 0.465581 0.627897
vt 0.544971 0.643155
vt 0.500000 0.650303
vt 0.581035 0.623127
vt 0.601049 0.594186
vt 0.601049 0.562064
vt 0.581035 0.533123
vt 0.544971 0.513095
vt 0.500000 0.505947
vt 0.455029 0.513095
vt 0.418965 0.533123
vt 0.398951 0.562064
vt 0.398951 0.594186
vt 0.418965 0.623127
vt 0.455029 0.643155
vt 0.548676 0.648513
vt 0.500000 0.656250
vt 0.817605 0.548228
vt 0.789566 0.548228
vt 0.794757 0.578125
vt 0.825106 0.578125
vt 0.749048 0.548228
vt 0.750901 0.578125
vt 0.704077 0.548228
vt 0.702224 0.578125
vt 0.663559 0.548228
vt 0.658368 0.578125
vt 0.635520 0.548228
vt 0.628019 0.578125
vt 0.500000 0.500000
vt 0.548676 0.507737
vt 0.451324 0.507737
vt 0.451324 0.648513
vt 0.789566 0.608022
vt 0.817605 0.608022
vt 0.749048 0.608022
vt 0.704077 0.608022
vt 0.663559 0.608022
vt 0.635520 0.608022
vt 0.500000 0.578125
vt 0.529658 0.619662
vt 0.487880 0.626409
vt 0.560107 0.597050
vt 0.567597 0.567209
vt 0.549268 0.541537
vt 0.512120 0.529841
vt 0.470342 0.536588
vt 0.439893 0.559200
vt 0.432403 0.589041
vt 0.450732 0.614713
vt 0.547988 0.645334
vt 0.480390 0.656250
vt 0.597255 0.608746
vt 0.753058 0.514921
vt 0.711280 0.514921
vt 0.701835 0.553983
vt 0.769432 0.553983
vt 0.675340 0.514921
vt 0.643683 0.553983
vt 0.519610 0.500000
vt 0.579717 0.518925
vt 0.452012 0.510916
vt 0.402745 0.547504
vt 0.700067 0.514921
vt 0.741845 0.514921
vt 0.751290 0.553983
vt 0.683693 0.553983
vt 0.777785 0.514921
vt 0.809442 0.553983
vt 0.420283 0.637325
vt 0.706953 0.553983
vt 0.774550 0.553983
vt 0.774550 0.602267
vt 0.706953 0.602267
vt 0.820655 0.553983
vt 0.769432 0.602267
vt 0.820655 0.602267
vt 0.701835 0.602267
vt 0.643683 0.602267
vt 0.806280 0.553983
vt 0.746172 0.553983
vt 0.746172 0.602267
vt 0.806280 0.602267
vt 0.678575 0.553983
vt 0.678575 0.602267
vt 0.632470 0.553983
vt 0.683693 0.602267
vt 0.632470 0.602267
vt 0.751290 0.602267
vt 0.809442 0.602267
vt 0.646845 0.553983
vt 0.646845 0.602267
vt 0.711280 0.641329
vt 0.753058 0.641329
vt 0.675340 0.641329
vt 0.741845 0.641329
vt 0.700067 0.641329
vt 0.777785 0.641329
vt 0.050356 0.308324
vt 0.092133 0.281250
vt 0.101562 0.329067
vt 0.072021 0.348211
vt 0.033313 0.281250
vt 0.080188 0.286656
vt 0.070480 0.332889
vt 0.037335 0.329067
vt 0.091751 0.286656
vt 0.049590 0.319135
vt 0.071480 0.355856
vt 0.101292 0.332889
vt 0.007812 0.346209
vt 0.041939 0.375000
vt 0.076062 0.281250
vt 0.029187 0.281633
vt 0.034418 0.315647
vt 0.067563 0.315376
vt 0.008195 0.340804
vt 0.042209 0.371178
vt 0.019303 0.348211
vt 0.051522 0.367900
vt 0.070480 0.374729
vt 0.085595 0.344918
vt 0.051522 0.354209
vt 0.019303 0.345459
vt 0.576613 0.408382
vt 0.623488 0.424222
vt 0.617283 0.469808
vt 0.584137 0.458608
vt 0.664062 0.419357
vt 0.645974 0.466368
vt 0.708419 0.412653
vt 0.687715 0.459528
vt 0.740790 0.459729
vt 0.755431 0.426584
vt 0.657762 0.398652
vt 0.610887 0.382812
vt 0.608373 0.440528
vt 0.641519 0.451728
vt 0.570312 0.387677
vt 0.579682 0.443968
vt 0.676740 0.446722
vt 0.697445 0.399847
vt 0.747671 0.417529
vt 0.733030 0.450674
vt 0.685700 0.417529
vt 0.718845 0.405483
vt 0.712585 0.442333
vt 0.747536 0.426584
vt 0.743081 0.459729
vt 0.709936 0.471775
vt 0.681245 0.450674
vt 0.683782 0.387752
vt 0.730657 0.384726
vt 0.728323 0.449204
vt 0.695177 0.451343
vt 0.765625 0.382812
vt 0.753049 0.447850
vt 0.705548 0.382812
vt 0.752423 0.383924
vt 0.742417 0.448637
vt 0.709271 0.447850
vt 0.753718 0.383924
vt 0.706843 0.386950
vt 0.711484 0.450776
vt 0.744630 0.448637
vt 0.671875 0.388864
vt 0.686758 0.452129
vt 0.731952 0.388864
vt 0.685077 0.387752
vt 0.694796 0.451343
vt 0.727942 0.452129
vt 0.593234 0.406115
vt 0.583898 0.439261
vt 0.616985 0.431319
vt 0.607709 0.463987
vt 0.640854 0.455567
vt 0.650190 0.422421
vt 0.626379 0.397695
vt 0.500000 0.578125
vt 0.534395 0.618635
vt 0.492617 0.626409
vt 0.563035 0.595388
vt 0.567597 0.565547
vt 0.546340 0.540510
vt 0.507383 0.529841
vt 0.465605 0.537615
vt 0.436965 0.560862
vt 0.432403 0.590703
vt 0.453660 0.615740
vt 0.555652 0.643672
vt 0.488055 0.656250
vt 0.601992 0.606057
vt 0.750730 0.514921
vt 0.708953 0.514921
vt 0.698070 0.553983
vt 0.765667 0.553983
vt 0.574980 0.517263
vt 0.609375 0.557773
vt 0.511945 0.500000
vt 0.444348 0.512578
vt 0.398008 0.550193
vt 0.702395 0.514921
vt 0.744172 0.514921
vt 0.755055 0.553983
vt 0.687458 0.553983
vt 0.425020 0.638987
vt 0.390625 0.598477
vt 0.714617 0.553983
vt 0.782215 0.553983
vt 0.782215 0.602267
vt 0.714617 0.602267
vt 0.818328 0.553983
vt 0.765667 0.602267
vt 0.818328 0.602267
vt 0.698070 0.602267
vt 0.641355 0.553983
vt 0.641355 0.602267
vt 0.801542 0.553983
vt 0.738508 0.553983
vt 0.738508 0.602267
vt 0.801542 0.602267
vt 0.670910 0.553983
vt 0.670910 0.602267
vt 0.634797 0.553983
vt 0.687458 0.602267
vt 0.634797 0.602267
vt 0.755055 0.602267
vt 0.811770 0.553983
vt 0.811770 0.602267
vt 0.651583 0.553983
vt 0.651583 0.602267
vt 0.708953 0.641329
vt 0.750730 0.641329
vt 0.744172 0.641329
vt 0.702395 0.641329
vt 0.042139 0.338679
vt 0.007812 0.301250
vt 0.048381 0.282034
vt 0.072654 0.308500
vt 0.032308 0.281250
vt 0.079183 0.284528
vt 0.070267 0.324137
vt 0.037122 0.321819
vt 0.011091 0.300142
vt 0.048696 0.336463
vt 0.077290 0.306933
vt 0.050699 0.281250
vt 0.083022 0.373892
vt 0.101562 0.333399
vt 0.077067 0.373892
vt 0.030192 0.375000
vt 0.035625 0.334183
vt 0.068771 0.333399
vt 0.079744 0.375000
vt 0.099244 0.334183
vt 0.019801 0.346091
vt 0.052225 0.360651
vt 0.086092 0.350728
vt 0.086092 0.306933
vt 0.052225 0.295350
vt 0.019801 0.308500
vt 0.039542 0.337815
vt 0.007812 0.296043
vt 0.055159 0.284493
vt 0.077596 0.314031
vt 0.028887 0.281250
vt 0.075762 0.282332
vt 0.067570 0.329362
vt 0.034425 0.328597
vt 0.008895 0.291456
vt 0.041706 0.328641
vt 0.079126 0.307544
vt 0.055925 0.281250
vt 0.073436 0.370413
vt 0.101562 0.337081
vt 0.080488 0.370413
vt 0.033613 0.375000
vt 0.037766 0.340324
vt 0.070912 0.337081
vt 0.072354 0.375000
vt 0.100797 0.340324
vt 0.019523 0.351033
vt 0.051832 0.367430
vt 0.085814 0.352564
vt 0.085814 0.307544
vt 0.051832 0.301492
vt 0.019523 0.314031
vt 0.059748 0.365711
vt 0.012873 0.354334
vt 0.030456 0.298808
vt 0.063601 0.306853
vt 0.027173 0.354334
vt 0.074048 0.352246
vt 0.068020 0.297332
vt 0.034874 0.298808
vt 0.007812 0.352246
vt 0.049627 0.361535
vt 0.056444 0.303900
vt 0.026877 0.297332
vt 0.096502 0.372912
vt 0.089590 0.311945
vt 0.082202 0.372912
vt 0.035327 0.375000
vt 0.040639 0.313421
vt 0.073785 0.311945
vt 0.101562 0.375000
vt 0.093168 0.313421
vt 0.021184 0.337039
vt 0.034874 0.303893
vt 0.054181 0.335670
vt 0.068020 0.300315
vt 0.087475 0.329882
vt 0.073785 0.363028
vt 0.040639 0.366606
vt 0.500000 0.578125
vt 0.528819 0.619886
vt 0.487042 0.626409
vt 0.559589 0.597412
vt 0.567597 0.567571
vt 0.549786 0.541761
vt 0.512958 0.529841
vt 0.471181 0.536364
vt 0.440411 0.558838
vt 0.432403 0.588679
vt 0.450214 0.614489
vt 0.713604 0.514921
vt 0.755382 0.514921
vt 0.773193 0.553983
vt 0.705596 0.553983
vt 0.785028 0.514921
vt 0.753565 0.514921
vt 0.770253 0.553983
vt 0.821162 0.553983
vt 0.711787 0.514921
vt 0.702656 0.553983
vt 0.675653 0.514921
vt 0.644190 0.553983
vt 0.520967 0.500000
vt 0.580556 0.519287
vt 0.739521 0.514921
vt 0.697743 0.514921
vt 0.679932 0.553983
vt 0.747529 0.553983
vt 0.668097 0.514921
vt 0.699560 0.514921
vt 0.682872 0.553983
vt 0.631963 0.553983
vt 0.741338 0.514921
vt 0.750469 0.553983
vt 0.777472 0.514921
vt 0.808935 0.553983
vt 0.479033 0.656250
vt 0.419444 0.636963
vt 0.773193 0.602267
vt 0.705596 0.602267
vt 0.770253 0.602267
vt 0.821162 0.602267
vt 0.702656 0.602267
vt 0.644190 0.602267
vt 0.807118 0.553983
vt 0.747529 0.602267
vt 0.807118 0.602267
vt 0.679932 0.602267
vt 0.682872 0.602267
vt 0.631963 0.602267
vt 0.750469 0.602267
vt 0.808935 0.602267
vt 0.646007 0.553983
vt 0.646007 0.602267
vt 0.755382 0.641329
vt 0.713604 0.641329
vt 0.753565 0.641329
vt 0.785028 0.641329
vt 0.711787 0.641329
vt 0.675653 0.641329
vt 0.697743 0.641329
vt 0.739521 0.641329
vt 0.699560 0.641329
vt 0.668097 0.641329
vt 0.741338 0.641329
vt 0.777472 0.641329
vt 0.664062 0.408142
vt 0.618672 0.382812
vt 0.616401 0.409287
vt 0.648497 0.427198
vt 0.720234 0.435061
vt 0.673359 0.419774
vt 0.684817 0.464418
vt 0.717963 0.475228
vt 0.693420 0.419774
vt 0.740295 0.393650
vt 0.746730 0.445946
vt 0.713585 0.464418
vt 0.671875 0.393650
vt 0.717266 0.382812
vt 0.715864 0.438283
vt 0.683768 0.445946
vt 0.764141 0.398100
vt 0.749010 0.449092
vt 0.744080 0.398100
vt 0.697205 0.424224
vt 0.716261 0.467565
vt 0.749406 0.449092
vt 0.614590 0.447712
vt 0.583255 0.424522
vt 0.582205 0.457668
vt 0.614302 0.475579
vt 0.647447 0.460344
vt 0.021291 0.340839
vt 0.053144 0.296300
vt 0.088570 0.322654
vt 0.066047 0.354148
vt 0.013887 0.296300
vt 0.060762 0.281250
vt 0.054709 0.312012
vt 0.021564 0.322654
vt 0.101562 0.310739
vt 0.083559 0.332864
vt 0.058039 0.310739
vt 0.026186 0.355279
vt 0.069508 0.364358
vt 0.092031 0.332864
vt 0.095488 0.299624
vt 0.048613 0.281250
vt 0.046118 0.329954
vt 0.079264 0.342946
vt 0.007812 0.294729
vt 0.017268 0.339485
vt 0.017268 0.354148
vt 0.048644 0.350844
vt 0.079264 0.364358
vt 0.048644 0.368786
vt 0.039440 0.343736
vt 0.008576 0.299790
vt 0.058453 0.290217
vt 0.080278 0.321292
vt 0.022357 0.282013
vt 0.069232 0.281250
vt 0.061006 0.331351
vt 0.027861 0.331891
vt 0.101562 0.311351
vt 0.083867 0.352636
vt 0.037914 0.318372
vt 0.068778 0.362318
vt 0.101023 0.334432
vt 0.079198 0.303357
vt 0.087018 0.362318
vt 0.040143 0.375000
vt 0.040437 0.343399
vt 0.073583 0.334432
vt 0.069542 0.375000
vt 0.101562 0.343399
vt 0.017576 0.321292
vt 0.027861 0.290217
vt 0.049079 0.304567
vt 0.049079 0.370183
vt 0.083867 0.303357
vt 0.500000 0.578125
vt 0.501301 0.626409
vt 0.459523 0.623101
vt 0.542581 0.611274
vt 0.567597 0.583478
vt 0.566794 0.553637
vt 0.540477 0.533149
vt 0.498699 0.529841
vt 0.457419 0.544976
vt 0.432403 0.572772
vt 0.433206 0.602613
vt 0.502105 0.656250
vt 0.434507 0.650897
vt 0.568898 0.631762
vt 0.609375 0.586786
vt 0.608074 0.538502
vt 0.565493 0.505353
vt 0.497895 0.500000
vt 0.431102 0.524488
vt 0.390625 0.569464
vt 0.391926 0.617748
vt 0.661070 0.553983
vt 0.728667 0.553983
vt 0.728667 0.602267
vt 0.661070 0.602267
vt 0.795461 0.553983
vt 0.795461 0.602267
vt 0.801654 0.553983
vt 0.738688 0.553983
vt 0.738688 0.602267
vt 0.801654 0.602267
vt 0.671091 0.553983
vt 0.671091 0.602267
vt 0.624682 0.553983
vt 0.624682 0.602267
vt 0.792055 0.553983
vt 0.724458 0.553983
vt 0.724458 0.602267
vt 0.792055 0.602267
vt 0.657664 0.553983
vt 0.657664 0.602267
vt 0.651471 0.553983
vt 0.714437 0.553983
vt 0.714437 0.602267
vt 0.651471 0.602267
vt 0.782034 0.553983
vt 0.782034 0.602267
vt 0.828443 0.553983
vt 0.828443 0.602267
vt 0.630370 0.385213
vt 0.664062 0.425311
vt 0.637597 0.449906
vt 0.613773 0.421552
vt 0.714374 0.414753
vt 0.752072 0.453743
vt 0.765625 0.421817
vt 0.738969 0.394247
vt 0.752442 0.453743
vt 0.705567 0.476562
vt 0.696693 0.437953
vt 0.729838 0.421817
vt 0.749671 0.476562
vt 0.709573 0.460392
vt 0.735574 0.426519
vt 0.763928 0.437953
vt 0.671875 0.421401
vt 0.708917 0.398948
vt 0.583495 0.382812
vt 0.580628 0.419855
vt 0.599176 0.458687
vt 0.739160 0.394247
vt 0.700739 0.399121
vt 0.672869 0.426519
vt 0.747750 0.399121
vt 0.664062 0.444795
vt 0.641399 0.413510
vt 0.617758 0.454025
vt 0.633784 0.476147
vt 0.596518 0.382812
vt 0.586023 0.432319
vt 0.671875 0.469580
vt 0.672463 0.422705
vt 0.721797 0.433519
vt 0.721382 0.466664
vt 0.703748 0.382812
vt 0.743919 0.405310
vt 0.596964 0.414685
vt 0.641845 0.445382
vt 0.618073 0.476562
vt 0.586338 0.454856
vt 0.743408 0.389795
vt 0.765625 0.436670
vt 0.735346 0.443393
vt 0.719636 0.410248
vt 0.719321 0.471602
vt 0.696514 0.442088
vt 0.687585 0.466664
vt 0.760214 0.442088
vt 0.687900 0.405310
vt 0.078493 0.375000
vt 0.037269 0.351111
vt 0.064092 0.318995
vt 0.093241 0.335887
vt 0.007812 0.312476
vt 0.043263 0.291677
vt 0.030889 0.281250
vt 0.077764 0.293018
vt 0.058843 0.325021
vt 0.025697 0.316700
vt 0.101562 0.334242
vt 0.075671 0.354171
vt 0.101562 0.321620
vt 0.078486 0.360255
vt 0.059353 0.325461
vt 0.075671 0.298142
vt 0.031611 0.375000
vt 0.026207 0.335887
vt 0.082095 0.297055
vt 0.009380 0.337529
vt 0.037487 0.355533
vt 0.037487 0.297055
vt 0.500000 0.578125
vt 0.516077 0.625480
vt 0.474299 0.626409
vt 0.551713 0.606464
vt 0.567597 0.576623
vt 0.557662 0.547355
vt 0.525701 0.529841
vt 0.483923 0.530770
vt 0.448287 0.549786
vt 0.432403 0.579627
vt 0.442338 0.608895
vt 0.526012 0.654748
vt 0.458415 0.656250
vt 0.583674 0.623978
vt 0.609375 0.575694
vt 0.593298 0.528339
vt 0.541585 0.500000
vt 0.473988 0.501502
vt 0.416326 0.532272
vt 0.390625 0.580556
vt 0.406702 0.627911
vt 0.684977 0.553983
vt 0.752575 0.553983
vt 0.752575 0.602267
vt 0.684977 0.602267
vt 0.810237 0.553983
vt 0.810237 0.602267
vt 0.790757 0.553983
vt 0.723159 0.553983
vt 0.723159 0.602267
vt 0.790757 0.602267
vt 0.656862 0.553983
vt 0.656862 0.602267
vt 0.819861 0.553983
vt 0.768148 0.553983
vt 0.768148 0.602267
vt 0.819861 0.602267
vt 0.700550 0.553983
vt 0.700550 0.602267
vt 0.642888 0.553983
vt 0.642888 0.602267
vt 0.662368 0.553983
vt 0.729966 0.553983
vt 0.729966 0.602267
vt 0.662368 0.602267
vt 0.796263 0.553983
vt 0.796263 0.602267
vt 0.633264 0.553983
vt 0.633264 0.602267
vt 0.069007 0.374852
vt 0.022132 0.375000
vt 0.031509 0.309212
vt 0.064654 0.309107
vt 0.090798 0.375000
vt 0.043923 0.373934
vt 0.047546 0.308458
vt 0.080692 0.309212
vt 0.007812 0.372720
vt 0.022012 0.307599
vt 0.040368 0.372720
vt 0.087243 0.372571
vt 0.077548 0.307494
vt 0.044403 0.307599
vt 0.018577 0.372571
vt 0.065452 0.373637
vt 0.062769 0.308248
vt 0.029623 0.307494
vt 0.101562 0.374852
vt 0.088303 0.309107
vt 0.064654 0.361740
vt 0.031509 0.354129
vt 0.054463 0.328789
vt 0.021383 0.320983
vt 0.044403 0.295449
vt 0.077548 0.303061
vt 0.087674 0.336206
vt 0.101562 0.375000
vt 0.065762 0.368080
vt 0.068727 0.310010
vt 0.094042 0.314904
vt 0.018887 0.353124
vt 0.035581 0.299435
vt 0.021362 0.353124
vt 0.068237 0.345089
vt 0.062182 0.293753
vt 0.029037 0.299435
vt 0.007812 0.345089
vt 0.043613 0.352009
vt 0.053066 0.298647
vt 0.027751 0.293753
vt 0.090488 0.366965
vt 0.086211 0.309222
vt 0.088013 0.366965
vt 0.041138 0.375000
vt 0.043021 0.314904
vt 0.076166 0.309222
vt 0.043021 0.367479
vt 0.019456 0.342164
vt 0.051737 0.336906
vt 0.029037 0.309019
vt 0.062182 0.301188
vt 0.085747 0.326503
vt 0.076166 0.359649
vt 0.640106 0.401118
vt 0.593231 0.382812
vt 0.589623 0.432935
vt 0.622769 0.445878
vt 0.671875 0.469656
vt 0.684419 0.422796
vt 0.730867 0.438565
vt 0.721997 0.471700
vt 0.715269 0.382812
vt 0.752681 0.410292
vt 0.594269 0.426206
vt 0.641144 0.444511
vt 0.623503 0.476562
vt 0.590357 0.463619
vt 0.742707 0.389689
vt 0.765625 0.436549
vt 0.741271 0.448290
vt 0.725065 0.415155
vt 0.721030 0.436549
vt 0.690180 0.476533
vt 0.734941 0.476562
vt 0.756755 0.448290
vt 0.602162 0.471767
vt 0.760830 0.449125
vt 0.674980 0.438565
vt 0.691919 0.410292
vt 0.703724 0.449125
vt 0.724331 0.476562
vt 0.814380 0.624436
vt 0.835938 0.609657
vt 0.814380 0.595790
vt 0.835938 0.638303
vt 0.814380 0.653082
vt 0.792823 0.639216
vt 0.792823 0.610570
vt 0.587818 0.501213
vt 0.609375 0.502952
vt 0.508211 0.654813
vt 0.449418 0.650068
vt 0.621321 0.609657
vt 0.622059 0.638303
vt 0.835938 0.615943
vt 0.833925 0.537818
vt 0.609375 0.503479
vt 0.587818 0.502267
vt 0.449418 0.652943
vt 0.508211 0.656250
vt 0.566260 0.500527
vt 0.390625 0.648198
vt 0.617925 0.639216
vt 0.617188 0.610570
vt 0.822652 0.540307
vt 0.824665 0.618432
vt 0.566260 0.500000
vt 0.390625 0.646761
vt 0.675981 0.500000
vt 0.734774 0.537818
vt 0.675981 0.578125
vt 0.734774 0.615943
vt 0.675981 0.656250
vt 0.617188 0.618432
vt 0.617188 0.540307
vt 0.800834 0.520754
vt 0.835938 0.510702
vt 0.800834 0.500000
vt 0.835938 0.531455
vt 0.800834 0.541507
vt 0.765731 0.530805
vt 0.765731 0.510052
vt 0.574272 0.502552
vt 0.609375 0.502538
vt 0.582098 0.656212
vt 0.486362 0.656250
vt 0.620740 0.510702
vt 0.618954 0.531455
vt 0.831012 0.628836
vt 0.835884 0.572235
vt 0.609375 0.501262
vt 0.574272 0.500000
vt 0.486362 0.649291
vt 0.582098 0.652732
vt 0.539168 0.500014
vt 0.390625 0.649329
vt 0.617207 0.530805
vt 0.618993 0.510052
vt 0.831119 0.570463
vt 0.826248 0.627063
vt 0.539168 0.501290
vt 0.390625 0.652808
vt 0.712924 0.543048
vt 0.808661 0.572235
vt 0.712924 0.599649
vt 0.808661 0.628836
vt 0.712924 0.656250
vt 0.617188 0.627063
vt 0.617188 0.570463
vt 0.640217 0.522070
vt 0.663247 0.510265
vt 0.640217 0.500000
vt 0.663247 0.532335
vt 0.640217 0.544140
vt 0.617188 0.533875
vt 0.617188 0.511805
vt 0.413655 0.503439
vt 0.436685 0.501265
vt 0.609375 0.647843
vt 0.546566 0.653772
vt 0.618959 0.510265
vt 0.617188 0.532335
vt 0.819337 0.624055
vt 0.824168 0.563864
vt 0.436685 0.500000
vt 0.413655 0.500909
vt 0.546566 0.646870
vt 0.609375 0.644392
vt 0.390625 0.503082
vt 0.483758 0.652799
vt 0.621503 0.533875
vt 0.623275 0.511805
vt 0.835938 0.568063
vt 0.831106 0.628254
vt 0.390625 0.504348
vt 0.483758 0.656250
vt 0.773129 0.535868
vt 0.835938 0.563864
vt 0.773129 0.596059
vt 0.835938 0.624055
vt 0.773129 0.656250
vt 0.710320 0.628254
vt 0.710320 0.568063
vt 0.812762 0.636568
vt 0.835938 0.626011
vt 0.812762 0.616887
vt 0.835938 0.645693
vt 0.812762 0.656250
vt 0.789587 0.647125
vt 0.789587 0.627444
vt 0.586200 0.500623
vt 0.609375 0.502575
vt 0.517034 0.652628
vt 0.453830 0.647305
vt 0.620792 0.626011
vt 0.622652 0.645693
vt 0.835938 0.578562
vt 0.830866 0.524885
vt 0.609375 0.503903
vt 0.586200 0.503280
vt 0.453830 0.654550
vt 0.517034 0.656250
vt 0.563025 0.501328
vt 0.390625 0.649228
vt 0.619047 0.647125
vt 0.617188 0.627444
vt 0.821035 0.528792
vt 0.826106 0.582470
vt 0.563025 0.500000
vt 0.390625 0.645605
vt 0.680392 0.500000
vt 0.743597 0.524885
vt 0.680392 0.553677
vt 0.743597 0.578562
vt 0.680392 0.607355
vt 0.617188 0.582470
vt 0.617188 0.528792
vt 0.656629 0.629191
vt 0.696070 0.616112
vt 0.656629 0.602131
vt 0.696070 0.643172
vt 0.656629 0.656250
vt 0.617188 0.642269
vt 0.617188 0.615210
vt 0.430066 0.500288
vt 0.469507 0.500000
vt 0.609375 0.644642
vt 0.501808 0.645428
vt 0.617188 0.616112
vt 0.619763 0.643172
vt 0.826711 0.611928
vt 0.819686 0.538130
vt 0.469507 0.501840
vt 0.430066 0.503968
vt 0.501808 0.655464
vt 0.609375 0.649660
vt 0.390625 0.504256
vt 0.394241 0.656250
vt 0.623146 0.642269
vt 0.620571 0.615210
vt 0.828913 0.535668
vt 0.835938 0.609467
vt 0.390625 0.502416
vt 0.394241 0.651232
vt 0.728371 0.500000
vt 0.835937 0.538130
vt 0.728371 0.573798
vt 0.835938 0.611928
vt 0.728371 0.647597
vt 0.620804 0.609467
vt 0.620804 0.535668
vt 0.796585 0.557142
vt 0.835938 0.542990
vt 0.796585 0.528496
vt 0.835938 0.571636
vt 0.796585 0.585788
vt 0.757233 0.571294
vt 0.757233 0.542648
vt 0.570023 0.502222
vt 0.609375 0.503117
vt 0.605273 0.656250
vt 0.497949 0.653810
vt 0.621551 0.542990
vt 0.620622 0.571636
vt 0.833403 0.617654
vt 0.835938 0.539529
vt 0.609375 0.502453
vt 0.570023 0.500895
vt 0.497949 0.650190
vt 0.605273 0.654440
vt 0.530671 0.500000
vt 0.390625 0.647750
vt 0.617188 0.571294
vt 0.618117 0.542648
vt 0.826572 0.538596
vt 0.824037 0.616721
vt 0.530671 0.500664
vt 0.390625 0.649560
vt 0.724512 0.500000
vt 0.831836 0.539529
vt 0.724512 0.578125
vt 0.831836 0.617654
vt 0.724512 0.656250
vt 0.617188 0.616721
vt 0.617188 0.538596
vt 0.765303 0.541128
vt 0.805407 0.526895
vt 0.765303 0.512482
vt 0.805407 0.555540
vt 0.765303 0.569774
vt 0.725198 0.555362
vt 0.725198 0.526716
vt 0.538740 0.501365
vt 0.578844 0.501405
vt 0.609375 0.656250
vt 0.500000 0.656142
vt 0.619155 0.526895
vt 0.618226 0.555540
vt 0.833406 0.617431
vt 0.835938 0.539306
vt 0.578844 0.500742
vt 0.538740 0.500040
vt 0.500000 0.652526
vt 0.609375 0.654442
vt 0.498636 0.500000
vt 0.390625 0.652418
vt 0.617188 0.555362
vt 0.618116 0.526716
vt 0.833104 0.538819
vt 0.830573 0.616944
vt 0.498636 0.500663
vt 0.390625 0.654226
vt 0.726562 0.500000
vt 0.835938 0.539306
vt 0.726562 0.578125
vt 0.835938 0.617431
vt 0.726562 0.656250
vt 0.617188 0.616944
vt 0.617188 0.538819
vt 0.809629 0.530320
vt 0.835938 0.516671
vt 0.809629 0.501674
vt 0.835938 0.545316
vt 0.809629 0.558966
vt 0.783321 0.543970
vt 0.783321 0.515324
vt 0.583067 0.503663
vt 0.609375 0.505194
vt 0.534124 0.656250
vt 0.462374 0.652074
vt 0.624459 0.516671
vt 0.622967 0.545316
vt 0.831868 0.619023
vt 0.835938 0.540898
vt 0.609375 0.504128
vt 0.583067 0.501531
vt 0.462374 0.646261
vt 0.534124 0.653343
vt 0.556759 0.500000
vt 0.390625 0.642086
vt 0.617188 0.543970
vt 0.618680 0.515324
vt 0.820176 0.537227
vt 0.816107 0.615352
vt 0.556759 0.501066
vt 0.390625 0.644992
vt 0.688937 0.500000
vt 0.760686 0.540898
vt 0.688937 0.578125
vt 0.760686 0.619023
vt 0.688937 0.656250
vt 0.617188 0.615352
vt 0.617188 0.537227
vt 0.500000 0.578125
vt 0.533799 0.609727
vt 0.500000 0.617188
vt 0.554688 0.590196
vt 0.554688 0.566054
vt 0.533799 0.546523
vt 0.500000 0.539062
vt 0.466201 0.546523
vt 0.445312 0.566054
vt 0.445312 0.590196
vt 0.466201 0.609727
vt 0.558541 0.632862
vt 0.500000 0.645783
vt 0.594722 0.599033
vt 0.594722 0.557217
vt 0.558541 0.523388
vt 0.500000 0.510467
vt 0.441459 0.523388
vt 0.405278 0.557217
vt 0.405278 0.599033
vt 0.441459 0.632862
vt 0.726562 0.539062
vt 0.785104 0.539062
vt 0.794160 0.578125
vt 0.726562 0.578125
vt 0.803194 0.539062
vt 0.755833 0.539062
vt 0.760361 0.578125
vt 0.815049 0.578125
vt 0.697292 0.539062
vt 0.692764 0.578125
vt 0.649931 0.539062
vt 0.638076 0.578125
vt 0.785104 0.539062
vt 0.726562 0.539062
vt 0.726562 0.578125
vt 0.794160 0.578125
vt 0.668021 0.539062
vt 0.658965 0.578125
vt 0.668021 0.539062
vt 0.658965 0.578125
vt 0.785104 0.617188
vt 0.726562 0.617188
vt 0.755833 0.617188
vt 0.803194 0.617188
vt 0.697292 0.617188
vt 0.649931 0.617188
vt 0.726562 0.617188
vt 0.785104 0.617188
vt 0.668021 0.617188
vt 0.668021 0.617188
vt 0.500000 0.578125
vt 0.533799 0.609727
vt 0.500000 0.617188
vt 0.554688 0.590196
vt 0.554688 0.566054
vt 0.533799 0.546523
vt 0.500000 0.539062
vt 0.466201 0.546523
vt 0.445312 0.566054
vt 0.445312 0.590196
vt 0.466201 0.609727
vt 0.558541 0.632862
vt 0.500000 0.645783
vt 0.594722 0.599033
vt 0.594722 0.557217
vt 0.558541 0.523388
vt 0.500000 0.510467
vt 0.441459 0.523388
vt 0.405278 0.557217
vt 0.405278 0.599033
vt 0.441459 0.632862
vt 0.726562 0.539062
vt 0.785104 0.539062
vt 0.794160 0.578125
vt 0.726562 0.578125
vt 0.803194 0.539062
vt 0.755833 0.539062
vt 0.760361 0.578125
vt 0.815049 0.578125
vt 0.697292 0.539062
vt 0.692764 0.578125
vt 0.649931 0.539062
vt 0.638076 0.578125
vt 0.785104 0.539062
vt 0.726562 0.539062
vt 0.726562 0.578125
vt 0.794160 0.578125
vt 0.668021 0.539062
vt 0.658965 0.578125
vt 0.668021 0.539062
vt 0.658965 0.578125
vt 0.785104 0.617188
vt 0.726562 0.617188
vt 0.755833 0.617188
vt 0.803194 0.617188
vt 0.697292 0.617188
vt 0.649931 0.617188
vt 0.726562 0.617188
vt 0.785104 0.617188
vt 0.668021 0.617188
vt 0.668021 0.617188
vt 0.500000 0.578125
vt 0.533799 0.609727
vt 0.500000 0.617188
vt 0.554688 0.590196
vt 0.554688 0.566054
vt 0.533799 0.546523
vt 0.500000 0.539062
vt 0.466201 0.546523
vt 0.445312 0.566054
vt 0.445312 0.590196
vt 0.466201 0.609727
vt 0.558541 0.632862
vt 0.500000 0.645783
vt 0.594722 0.599033
vt 0.594722 0.557217
vt 0.558541 0.523388
vt 0.500000 0.510467
vt 0.441459 0.523388
vt 0.405278 0.557217
vt 0.405278 0.599033
vt 0.441459 0.632862
vt 0.726562 0.539062
vt 0.785104 0.539062
vt 0.794160 0.578125
vt 0.726562 0.578125
vt 0.803194 0.539062
vt 0.755833 0.539062
vt 0.760361 0.578125
vt 0.815049 0.578125
vt 0.697292 0.539062
vt 0.692764 0.578125
vt 0.649931 0.539062
vt 0.638076 0.578125
vt 0.785104 0.539062
vt 0.726562 0.539062
vt 0.726562 0.578125
vt 0.794160 0.578125
vt 0.668021 0.539062
vt 0.658965 0.578125
vt 0.668021 0.539062
vt 0.658965 0.578125
vt 0.785104 0.617188
vt 0.726562 0.617188
vt 0.755833 0.617188
vt 0.803194 0.617188
vt 0.697292 0.617188
vt 0.649931 0.617188
vt 0.726562 0.617188
vt 0.785104 0.617188
vt 0.668021 0.617188
vt 0.668021 0.617188
vt 0.500000 0.578125
vt 0.533799 0.609727
vt 0.500000 0.617188
vt 0.554688 0.590196
vt 0.554688 0.566054
vt 0.533799 0.546523
vt 0.500000 0.539062
vt 0.466201 0.546523
vt 0.445312 0.566054
vt 0.445312 0.590196
vt 0.466201 0.609727
vt 0.558541 0.632862
vt 0.500000 0.645783
vt 0.594722 0.599033
vt 0.594722 0.557217
vt 0.558541 0.523388
vt 0.500000 0.510467
vt 0.441459 0.523388
vt 0.405278 0.557217
vt 0.405278 0.599033
vt 0.441459 0.632862
vt 0.726562 0.539062
vt 0.785104 0.539062
vt 0.794160 0.578125
vt 0.726562 0.578125
vt 0.803194 0.539062
vt 0.755833 0.539062
vt 0.760361 0.578125
vt 0.815049 0.578125
vt 0.697292 0.539062
vt 0.692764 0.578125
vt 0.649931 0.539062
vt 0.638076 0.578125
vt 0.785104 0.539062
vt 0.726562 0.539062
vt 0.726562 0.578125
vt 0.794160 0.578125
vt 0.668021 0.539062
vt 0.658965 0.578125
vt 0.668021 0.539062
vt 0.658965 0.578125
vt 0.785104 0.617188
vt 0.726562 0.617188
vt 0.755833 0.617188
vt 0.803194 0.617188
vt 0.697292 0.617188
vt 0.649931 0.617188
vt 0.726562 0.617188
vt 0.785104 0.617188
vt 0.668021 0.617188
vt 0.668021 0.617188
vt 0.500000 0.578125
vt 0.533799 0.609727
vt 0.500000 0.617188
vt 0.554688 0.590196
vt 0.554688 0.566054
vt 0.533799 0.546523
vt 0.500000 0.539062
vt 0.466201 0.546523
vt 0.445312 0.566054
vt 0.445312 0.590196
vt 0.466201 0.609727
vt 0.558541 0.632862
vt 0.500000 0.645783
vt 0.594722 0.599033
vt 0.594722 0.557217
vt 0.558541 0.523388
vt 0.500000 0.510467
vt 0.441459 0.523388
vt 0.405278 0.557217
vt 0.405278 0.599033
vt 0.441459 0.632862
vt 0.726562 0.539062
vt 0.785104 0.539062
vt 0.794160 0.578125
vt 0.726562 0.578125
vt 0.803194 0.539062
vt 0.755833 0.539062
vt 0.760361 0.578125
vt 0.815049 0.578125
vt 0.697292 0.539062
vt 0.692764 0.578125
vt 0.649931 0.539062
vt 0.638076 0.578125
vt 0.785104 0.539062
vt 0.726562 0.539062
vt 0.726562 0.578125
vt 0.794160 0.578125
vt 0.668021 0.539062
vt 0.658965 0.578125
vt 0.668021 0.539062
vt 0.658965 0.578125
vt 0.785104 0.617188
vt 0.726562 0.617188
vt 0.755833 0.617188
vt 0.803194 0.617188
vt 0.697292 0.617188
vt 0.649931 0.617188
vt 0.726562 0.617188
vt 0.785104 0.617188
vt 0.668021 0.617188
vt 0.668021 0.617188
vn 0.027714 -0.998885 0.038210
vn 0.077469 -0.996526 0.030569
vn 0.111618 -0.993607 0.016915
vn 0.123726 -0.992316 0.000000
vn 0.111618 -0.993607 -0.016915
vn 0.077469 -0.996526 -0.030569
vn 0.027714 -0.998885 -0.038210
vn -0.027714 -0.998885 -0.038210
vn -0.077469 -0.996526 -0.030569
vn -0.111618 -0.993607 -0.016915
vn -0.123726 -0.992316 -0.000000
vn -0.111618 -0.993607 0.016915
vn -0.077469 -0.996526 0.030569
vn -0.027714 -0.998885 0.038210
vn 0.092047 -0.987635 0.126907
vn 0.251418 -0.962780 0.099210
vn 0.352550 -0.934267 0.053427
vn 0.386317 -0.922366 0.000000
vn 0.352550 -0.934267 -0.053427
vn 0.251418 -0.962780 -0.099210
vn 0.092047 -0.987635 -0.126907
vn -0.092047 -0.987635 -0.126907
vn -0.251418 -0.962780 -0.099210
vn -0.352550 -0.934267 -0.053427
vn -0.386317 -0.922366 -0.000000
vn -0.352550 -0.934267 0.053427
vn -0.251418 -0.962780 0.099210
vn -0.092047 -0.987635 0.126907
vn 0.196688 -0.942219 0.271179
vn 0.495151 -0.846551 0.195388
vn 0.642456 -0.760113 0.097361
vn 0.684179 -0.729314 0.000000
vn 0.642456 -0.760113 -0.097361
vn 0.495151 -0.846551 -0.195388
vn 0.196688 -0.942219 -0.271179
vn -0.196688 -0.942219 -0.271179
vn -0.495151 -0.846551 -0.195388
vn -0.642456 -0.760113 -0.097361
vn -0.684179 -0.729314 -0.000000
vn -0.642456 -0.760113 0.097361
vn -0.495151 -0.846551 0.195388
vn -0.196688 -0.942219 0.271179
vn 0.450168 -0.641975 0.620659
vn 0.840736 -0.427902 0.331757
vn 0.933716 -0.328866 0.141499
vn 0.953159 -0.302468 0.000000
vn 0.933716 -0.328866 -0.141499
vn 0.840736 -0.427902 -0.331757
vn 0.450168 -0.641975 -0.620659
vn -0.450168 -0.641975 -0.620659
vn -0.840736 -0.427902 -0.331757
vn -0.933716 -0.328866 -0.141499
vn -0.953159 -0.302468 -0.000000
vn -0.933716 -0.328866 0.141499
vn -0.840736 -0.427902 0.331757
vn -0.450168 -0.641975 0.620659
vn 0.450168 0.641975 0.620659
vn 0.840736 0.427902 0.331757
vn 0.933716 0.328866 0.141499
vn 0.953159 0.302468 0.000000
vn 0.933716 0.328866 -0.141499
vn 0.840736 0.427902 -0.331757
vn 0.450168 0.641975 -0.620659
vn -0.450168 0.641975 -0.620659
vn -0.840736 0.427902 -0.331757
vn -0.933716 0.328866 -0.141499
vn -0.953159 0.302468 -0.000000
vn -0.933716 0.328866 0.141499
vn -0.840736 0.427902 0.331757
vn -0.450168 0.641975 0.620659
vn 0.196688 0.942219 0.271179
vn 0.495151 0.846551 0.195388
vn 0.642456 0.760113 0.097361
vn 0.684179 0.729314 0.000000
vn 0.642456 0.760113 -0.097361
vn 0.495151 0.846551 -0.195388
vn 0.196688 0.942219 -0.271179
vn -0.196688 0.942219 -0.271179
vn -0.495151 0.846551 -0.195388
vn -0.642456 0.760113 -0.097361
vn -0.684179 0.729314 -0.000000
vn -0.642456 0.760113 0.097361
vn -0.495151 0.846551 0.195388
vn -0.196688 0.942219 0.271179
vn 0.092047 0.987635 0.126907
vn 0.251418 0.962780 0.099210
vn 0.352550 0.934267 0.053427
vn 0.386317 0.922366 0.000000
vn 0.352550 0.934267 -0.053427
vn 0.251418 0.962780 -0.099210
vn 0.092047 0.987635 -0.126907
vn -0.092047 0.987635 -0.126907
vn -0.251418 0.962780 -0.099210
vn -0.352550 0.934267 -0.053427
vn -0.386317 0.922366 -0.000000
vn -0.352550 0.934267 0.053427
vn -0.251418 0.962780 0.099210
vn -0.092047 0.987635 0.126907
vn 0.027714 0.998885 0.038210
vn 0.077469 0.996526 0.030569
vn 0.111618 0.993607 0.016915
vn 0.123726 0.992316 0.000000
vn 0.111618 0.993607 -0.016915
vn 0.077469 0.996526 -0.030569
vn 0.027714 0.998885 -0.038210
vn -0.027714 0.998885 -0.038210
vn -0.077469 0.996526 -0.030569
vn -0.111618 0.993607 -0.016915
vn -0.123726 0.992316 -0.000000
vn -0.111618 0.993607 0.016915
vn -0.077469 0.996526 0.030569
vn -0.027714 0.998885 0.038210
vn 0.068142 -0.975125 0.210921
vn 0.225408 -0.962379 0.151719
vn 0.295107 -0.954747 0.037026
vn 0.255902 -0.962379 -0.091331
vn 0.118137 -0.975125 -0.187550
vn -0.068142 -0.975125 -0.210921
vn -0.225408 -0.962379 -0.151719
vn -0.295107 -0.954747 -0.037026
vn -0.255902 -0.962379 0.091331
vn -0.118137 -0.975125 0.187550
vn 0.213234 -0.720343 0.660028
vn 0.636427 -0.641451 0.428371
vn 0.790806 -0.603971 0.099220
vn 0.722527 -0.641451 -0.257868
vn 0.369681 -0.720343 -0.586892
vn -0.213234 -0.720343 -0.660028
vn -0.636427 -0.641451 -0.428371
vn -0.790806 -0.603971 -0.099220
vn -0.722527 -0.641451 0.257868
vn -0.369681 -0.720343 0.586892
vn 0.307423 0.000000 0.951573
vn 0.829584 0.000000 0.558382
vn 0.992221 0.000000 0.124490
vn 0.941815 0.000000 -0.336131
vn 0.532975 -0.000000 -0.846131
vn -0.307423 0.000000 -0.951573
vn -0.829584 -0.000000 -0.558382
vn -0.992221 -0.000000 -0.124490
vn -0.941815 0.000000 0.336131
vn -0.532975 -0.000000 0.846131
vn 0.213234 0.720343 0.660028
vn 0.636427 0.641451 0.428371
vn 0.790806 0.603971 0.099220
vn 0.722527 0.641451 -0.257868
vn 0.369681 0.720343 -0.586892
vn -0.213234 0.720343 -0.660028
vn -0.636427 0.641451 -0.428371
vn -0.790806 0.603971 -0.099220
vn -0.722527 0.641451 0.257868
vn -0.369681 0.720343 0.586892
vn 0.068142 0.975125 0.210921
vn 0.225408 0.962379 0.151719
vn 0.295107 0.954747 0.037026
vn 0.255902 0.962379 -0.091331
vn 0.118137 0.975125 -0.187550
vn -0.068142 0.975125 -0.210921
vn -0.225408 0.962379 -0.151719
vn -0.295107 0.954747 -0.037026
vn -0.255902 0.962379 0.091331
vn -0.118137 0.975125 0.187550
vn -0.811160 -0.035686 0.583734
vn 0.024938 -0.218570 0.975502
vn 0.813377 0.101184 0.572870
vn 0.765716 0.603823 -0.221531
vn -0.070383 0.786708 -0.613300
vn -0.858821 0.466953 -0.210667
vn -0.422128 0.612386 0.668424
vn -0.038860 0.528552 0.848011
vn 0.322560 0.675127 0.663444
vn 0.300712 0.905537 0.299291
vn -0.082556 0.989371 0.119704
vn -0.443976 0.842796 0.304271
vn -0.404038 -0.761970 0.506117
vn 0.523207 -0.620268 0.584399
vn 0.886628 0.228644 0.402011
vn 0.322804 0.935853 0.141341
vn -0.604441 0.794150 0.063059
vn -0.967862 -0.054761 0.245447
vn -0.275111 -0.156856 0.948531
vn 0.149938 -0.091899 0.984415
vn 0.316530 0.297242 0.900808
vn 0.058073 0.621427 0.781317
vn -0.366976 0.556470 0.745432
vn -0.533568 0.167329 0.829039
vn -0.906900 0.342262 -0.245741
vn -0.676773 0.312691 0.666486
vn 0.228710 0.307889 0.923524
vn 0.904066 0.332659 0.268335
vn 0.673938 0.362230 -0.643892
vn -0.231545 0.367031 -0.900930
vn -0.418860 0.903811 -0.087644
vn -0.313370 0.890256 0.330521
vn 0.101704 0.888055 0.448347
vn 0.411287 0.899409 0.148008
vn 0.305796 0.912964 -0.270157
vn -0.109277 0.915165 -0.387983
vn 0.062800 -0.984551 0.163447
vn 0.186209 -0.976209 0.111099
vn 0.237789 -0.971157 0.017608
vn 0.200542 -0.976209 -0.082461
vn 0.086189 -0.984551 -0.152415
vn -0.062800 -0.984551 -0.163447
vn -0.186209 -0.976209 -0.111099
vn -0.237789 -0.971157 -0.017608
vn -0.200542 -0.976209 0.082461
vn -0.086189 -0.984551 0.152415
vn 0.215810 -0.798710 0.561683
vn 0.588479 -0.728297 0.351106
vn 0.718880 -0.693093 0.053231
vn 0.633774 -0.728297 -0.260601
vn 0.296186 -0.798710 -0.523771
vn -0.215810 -0.798710 -0.561683
vn -0.588479 -0.728297 -0.351106
vn -0.718880 -0.693093 -0.053231
vn -0.633774 -0.728297 0.260601
vn -0.296186 -0.798710 0.523771
vn 0.358658 0.000000 0.933469
vn 0.858766 -0.000000 0.512368
vn 0.997270 -0.000000 0.073846
vn 0.924865 0.000000 -0.380294
vn 0.492235 0.000000 -0.870462
vn -0.358658 0.000000 -0.933469
vn -0.858766 -0.000000 -0.512368
vn -0.997270 0.000000 -0.073846
vn -0.924865 0.000000 0.380294
vn -0.492235 -0.000000 0.870462
vn 0.215810 0.798710 0.561683
vn 0.588479 0.728297 0.351106
vn 0.718880 0.693093 0.053231
vn 0.633774 0.728297 -0.260601
vn 0.296186 0.798710 -0.523771
vn -0.215810 0.798710 -0.561683
vn -0.588479 0.728297 -0.351106
vn -0.718880 0.693093 -0.053231
vn -0.633774 0.728297 0.260601
vn -0.296186 0.798710 0.523771
vn 0.062800 0.984551 0.163447
vn 0.186209 0.976209 0.111099
vn 0.237789 0.971157 0.017608
vn 0.200542 0.976209 -0.082461
vn 0.086189 0.984551 -0.152415
vn -0.062800 0.984551 -0.163447
vn -0.186209 0.976209 -0.111099
vn -0.237789 0.971157 -0.017608
vn -0.200542 0.976209 0.082461
vn -0.086189 0.984551 0.152415
vn -0.819226 -0.556780 -0.137350
vn 0.006789 -0.905977 -0.423273
vn 0.808306 -0.586901 -0.046775
vn 0.783809 0.081371 0.615647
vn -0.042205 0.430568 0.901571
vn -0.843723 0.111493 0.525072
vn -0.414728 -0.781351 0.466359
vn -0.036083 -0.941423 0.335292
vn 0.331333 -0.795159 0.507879
vn 0.320103 -0.488823 0.811533
vn -0.058542 -0.328751 0.942601
vn -0.425958 -0.475015 0.770014
vn -0.860082 -0.510119 -0.006140
vn -0.075095 -0.962145 -0.261989
vn 0.764490 -0.644294 0.020958
vn 0.819088 0.125582 0.559753
vn 0.034101 0.577608 0.815601
vn -0.805484 0.259758 0.532655
vn -0.439629 -0.659396 0.609855
vn -0.079790 -0.866605 0.492575
vn 0.305076 -0.720902 0.622277
vn 0.330103 -0.367990 0.869261
vn -0.029735 -0.160782 0.986542
vn -0.414601 -0.306484 0.856839
vn -0.861689 -0.381066 -0.335084
vn -0.097673 -0.468951 -0.877807
vn 0.760388 -0.421945 -0.493733
vn 0.854434 -0.287054 0.433063
vn 0.090418 -0.199168 0.975785
vn -0.767643 -0.246174 0.591711
vn -0.403027 -0.914072 -0.045172
vn -0.052802 -0.954359 -0.293957
vn 0.340533 -0.932812 -0.117897
vn 0.383644 -0.870977 0.306946
vn 0.033419 -0.830691 0.555730
vn -0.359917 -0.852238 0.379671
vn 0.071504 -0.970163 0.231671
vn 0.242639 -0.955452 0.168041
vn 0.319223 -0.946688 0.043336
vn 0.278656 -0.955452 -0.097272
vn 0.130679 -0.970163 -0.204223
vn -0.071504 -0.970163 -0.231671
vn -0.242639 -0.955452 -0.168041
vn -0.319223 -0.946688 -0.043336
vn -0.278656 -0.955452 0.097272
vn -0.130679 -0.970163 0.204223
vn 0.214391 -0.686686 0.694621
vn 0.653198 -0.607198 0.452375
vn 0.814181 -0.569994 0.110529
vn 0.750159 -0.607198 -0.261862
vn 0.391816 -0.686686 -0.612325
vn -0.214391 -0.686686 -0.694621
vn -0.653198 -0.607198 -0.452375
vn -0.814181 -0.569994 -0.110529
vn -0.750159 -0.607198 0.261862
vn -0.391816 -0.686686 0.612325
vn 0.294917 0.000000 0.955523
vn 0.822097 -0.000000 0.569347
vn 0.990911 -0.000000 0.134521
vn 0.944130 0.000000 -0.329572
vn 0.538983 0.000000 -0.842317
vn -0.294917 0.000000 -0.955523
vn -0.822097 -0.000000 -0.569347
vn -0.990911 0.000000 -0.134521
vn -0.944130 0.000000 0.329572
vn -0.538983 0.000000 0.842317
vn 0.214391 0.686686 0.694621
vn 0.653198 0.607198 0.452375
vn 0.814181 0.569994 0.110529
vn 0.750159 0.607198 -0.261862
vn 0.391816 0.686686 -0.612325
vn -0.214391 0.686686 -0.694621
vn -0.653198 0.607198 -0.452375
vn -0.814181 0.569994 -0.110529
vn -0.750159 0.607198 0.261862
vn -0.391816 0.686686 0.612325
vn 0.071504 0.970163 0.231671
vn 0.242639 0.955452 0.168041
vn 0.319223 0.946688 0.043336
vn 0.278656 0.955452 -0.097272
vn 0.130679 0.970163 -0.204223
vn -0.071504 0.970163 -0.231671
vn -0.242639 0.955452 -0.168041
vn -0.319223 0.946688 -0.043336
vn -0.278656 0.955452 0.097272
vn -0.130679 0.970163 0.204223
vn 0.476136 0.624999 -0.618603
vn -0.463654 0.591663 -0.659515
vn -0.956227 0.281434 0.080161
vn -0.509009 0.004541 0.860749
vn 0.430781 0.037877 0.901661
vn 0.923354 0.348107 0.161985
vn 0.181882 0.983197 -0.015591
vn -0.248918 0.967915 -0.034345
vn -0.474714 0.825706 0.304723
vn -0.269709 0.698779 0.662545
vn 0.161091 0.714060 0.681299
vn 0.386886 0.856269 0.342231
vn -0.967816 0.011835 0.251379
vn -0.407329 -0.613590 0.676454
vn 0.520738 -0.462040 0.717879
vn 0.888317 0.314934 0.334230
vn 0.327829 0.940359 -0.090845
vn -0.600237 0.788809 -0.132270
vn -0.531627 0.367052 0.763312
vn -0.274700 0.080357 0.958166
vn 0.150726 0.149828 0.977156
vn 0.319225 0.505993 0.801291
vn 0.062297 0.792688 0.606436
vn -0.363129 0.723218 0.587447
vn -0.930126 -0.363255 0.053947
vn -0.239261 -0.950311 -0.199157
vn 0.651669 -0.757666 0.035626
vn 0.851733 0.022034 0.523512
vn 0.160868 0.609090 0.776615
vn -0.730062 0.416445 0.541833
vn -0.513126 -0.544138 0.663789
vn -0.196433 -0.813244 0.547766
vn 0.211970 -0.724936 0.655391
vn 0.303679 -0.367521 0.879038
vn -0.013014 -0.098415 0.995060
vn -0.421416 -0.186723 0.887436
vn -0.021812 -0.984918 0.171641
vn 0.099350 -0.980620 0.168860
vn 0.181980 -0.977992 0.102054
vn 0.195891 -0.980620 -0.003289
vn 0.135079 -0.984918 -0.108121
vn 0.021812 -0.984918 -0.171641
vn -0.099350 -0.980620 -0.168860
vn -0.181980 -0.977992 -0.102054
vn -0.195891 -0.980620 0.003289
vn -0.135079 -0.984918 0.108121
vn -0.075262 -0.802245 0.592231
vn 0.327595 -0.763322 0.556795
vn 0.584803 -0.741923 0.327958
vn 0.645927 -0.763322 -0.010844
vn 0.466076 -0.802245 -0.373063
vn 0.075262 -0.802245 -0.592231
vn -0.327595 -0.763322 -0.556795
vn -0.584803 -0.741923 -0.327958
vn -0.645927 -0.763322 0.010844
vn -0.466076 -0.802245 0.373063
vn -0.126068 0.000000 0.992022
vn 0.507098 -0.000000 0.861888
vn 0.872208 0.000000 0.489135
vn 0.999859 0.000000 -0.016786
vn 0.780704 -0.000000 -0.624902
vn 0.126068 0.000000 -0.992022
vn -0.507098 -0.000000 -0.861888
vn -0.872208 0.000000 -0.489135
vn -0.999859 0.000000 0.016786
vn -0.780704 -0.000000 0.624902
vn -0.075262 0.802245 0.592231
vn 0.327595 0.763322 0.556795
vn 0.584803 0.741923 0.327958
vn 0.645927 0.763322 -0.010844
vn 0.466076 0.802245 -0.373063
vn 0.075262 0.802245 -0.592231
vn -0.327595 0.763322 -0.556795
vn -0.584803 0.741923 -0.327958
vn -0.645927 0.763322 0.010844
vn -0.466076 0.802245 0.373063
vn -0.021812 0.984918 0.171641
vn 0.099350 0.980620 0.168860
vn 0.181980 0.977992 0.102054
vn 0.195891 0.980620 -0.003289
vn 0.135079 0.984918 -0.108121
vn 0.021812 0.984918 -0.171641
vn -0.099350 0.980620 -0.168860
vn -0.181980 0.977992 -0.102054
vn -0.195891 0.980620 0.003289
vn -0.135079 0.984918 0.108121
vn 0.514728 -0.848402 -0.123570
vn 0.730757 -0.302325 0.612041
vn 0.098156 0.309568 0.945797
vn -0.750474 0.375385 0.543944
vn -0.966503 -0.170692 -0.191666
vn -0.333902 -0.782585 -0.525423
vn -0.024943 -0.912384 0.408574
vn 0.074085 -0.662063 0.745778
vn -0.215900 -0.381570 0.898772
vn -0.604912 -0.351400 0.714562
vn -0.703940 -0.601722 0.377358
vn -0.413955 -0.882214 0.224364
vn 0.554510 0.642415 0.528982
vn -0.165158 0.985845 0.028857
vn -0.880075 0.423830 -0.214092
vn -0.875324 -0.481614 0.043083
vn -0.155656 -0.825044 0.543207
vn 0.559261 -0.263029 0.786157
vn -0.100849 0.472438 0.875575
vn -0.430746 0.629866 0.646318
vn -0.758464 0.372239 0.534950
vn -0.756286 -0.042817 0.652839
vn -0.426390 -0.200246 0.882096
vn -0.098672 0.057382 0.993464
vn -0.877629 0.284189 0.386011
vn -0.885481 -0.329465 -0.327682
vn -0.124162 -0.853376 -0.506293
vn 0.645009 -0.763632 0.028788
vn 0.652862 -0.149978 0.742481
vn -0.108457 0.373933 0.921093
vn -0.659740 -0.400316 0.635996
vn -0.663339 -0.681615 0.308839
vn -0.314350 -0.921776 0.226963
vn 0.038238 -0.880638 0.472245
vn 0.041838 -0.599338 0.799402
vn -0.307151 -0.359178 0.881277
vn 0.007023 -0.978648 0.205424
vn 0.143191 -0.974202 0.174434
vn 0.224070 -0.971484 0.077532
vn 0.220376 -0.974202 -0.048634
vn 0.132481 -0.978648 -0.157154
vn -0.007023 -0.978648 -0.205424
vn -0.143191 -0.974202 -0.174434
vn -0.224070 -0.971484 -0.077532
vn -0.220376 -0.974202 0.048634
vn -0.132481 -0.978648 0.157154
vn 0.022712 -0.747110 0.664313
vn 0.444400 -0.713747 0.541363
vn 0.679269 -0.695234 0.235038
vn 0.683947 -0.713747 -0.150937
vn 0.428425 -0.747110 -0.508212
vn -0.022712 -0.747110 -0.664313
vn -0.444400 -0.713747 -0.541363
vn -0.679269 -0.695234 -0.235038
vn -0.683947 -0.713747 0.150937
vn -0.428425 -0.747110 0.508212
vn 0.034168 0.000000 0.999416
vn 0.634491 0.000000 0.772930
vn 0.945026 -0.000000 0.326995
vn 0.976504 0.000000 -0.215500
vn 0.644537 0.000000 -0.764573
vn -0.034168 0.000000 -0.999416
vn -0.634491 0.000000 -0.772930
vn -0.945026 -0.000000 -0.326995
vn -0.976504 0.000000 0.215500
vn -0.644537 0.000000 0.764573
vn 0.022712 0.747110 0.664313
vn 0.444400 0.713747 0.541363
vn 0.679269 0.695234 0.235038
vn 0.683947 0.713747 -0.150937
vn 0.428425 0.747110 -0.508212
vn -0.022712 0.747110 -0.664313
vn -0.444400 0.713747 -0.541363
vn -0.679269 0.695234 -0.235038
vn -0.683947 0.713747 0.150937
vn -0.428425 0.747110 0.508212
vn 0.007023 0.978648 0.205424
vn 0.143191 0.974202 0.174434
vn 0.224070 0.971484 0.077532
vn 0.220376 0.974202 -0.048634
vn 0.132481 0.978648 -0.157154
vn -0.007023 0.978648 -0.205424
vn -0.143191 0.974202 -0.174434
vn -0.224070 0.971484 -0.077532
vn -0.220376 0.974202 0.048634
vn -0.132481 0.978648 0.157154
vn -0.207849 -0.324228 0.922863
vn -0.900057 -0.329617 0.285046
vn -0.693789 -0.343007 -0.633249
vn 0.204687 -0.351008 -0.913727
vn 0.896895 -0.345619 -0.275910
vn 0.690627 -0.332229 0.642385
vn -0.098776 -0.895893 0.433151
vn -0.416084 -0.898363 0.140776
vn -0.321531 -0.904501 -0.280171
vn 0.090330 -0.908169 -0.408742
vn 0.407639 -0.905698 -0.116367
vn 0.313085 -0.899560 0.304580
vn -0.699967 -0.175937 0.692165
vn -0.922311 -0.324165 -0.210377
vn -0.242952 -0.479947 -0.842986
vn 0.658752 -0.487501 -0.573052
vn 0.881096 -0.339272 0.329490
vn 0.201737 -0.183490 0.962098
vn -0.366477 -0.814860 0.449108
vn -0.468399 -0.882808 0.035382
vn -0.156981 -0.954219 -0.254606
vn 0.256360 -0.957681 -0.130868
vn 0.358283 -0.889733 0.282857
vn 0.046865 -0.818323 0.572845
vn -0.114519 0.991598 -0.060157
vn -0.884991 0.452984 -0.107684
vn -0.873532 -0.417471 0.250319
vn -0.091601 -0.749314 0.655849
vn 0.678872 -0.210700 0.703377
vn 0.667413 0.659756 0.345373
vn -0.280603 0.722679 0.631662
vn -0.633787 0.475779 0.609876
vn -0.628535 0.076761 0.773984
vn -0.270097 -0.075355 0.959880
vn 0.083088 0.171545 0.981666
vn 0.077835 0.570563 0.817557
vn 0.243956 0.072939 -0.967039
vn 0.500260 -0.865829 -0.008931
vn 0.984046 -0.013381 0.177410
vn 0.500260 0.857373 0.121042
vn -0.467313 0.875680 -0.121668
vn -0.951100 0.023232 -0.308009
vn -0.467313 -0.847523 -0.251641
vn -0.243956 -0.072939 0.967039
vn 0.101039 -0.175233 -0.979329
vn 0.503286 -0.853770 0.133341
vn 0.999511 0.005508 0.030785
vn 0.503286 0.847034 -0.170987
vn -0.489165 0.829281 -0.270204
vn -0.985390 -0.029998 -0.167648
vn -0.489165 -0.871523 0.034124
vn -0.101039 0.175233 0.979329
vn -0.237993 -0.162053 -0.957652
vn 0.466926 -0.883253 -0.042949
vn 0.951259 -0.051454 -0.304070
vn 0.466926 0.819946 -0.331163
vn -0.501739 0.859548 -0.097134
vn -0.986072 0.027750 0.163987
vn -0.501739 -0.843651 0.191079
vn 0.237993 0.162053 0.957652
vn 0.216884 0.185707 -0.958371
vn 0.501540 -0.856432 -0.122400
vn 0.988540 -0.028717 0.148200
vn 0.501540 0.840164 0.206356
vn -0.472462 0.881330 -0.006088
vn -0.959463 0.053615 -0.276688
vn -0.472462 -0.815266 -0.334844
vn -0.216884 -0.185707 0.958371
vn -0.120836 0.156215 -0.980304
vn 0.479178 -0.822195 -0.307220
vn 0.972231 0.036828 -0.231107
vn 0.479178 0.876960 -0.036453
vn -0.506928 0.858071 0.082088
vn -0.999982 -0.000952 0.005975
vn -0.506928 -0.841085 -0.188679
vn 0.120836 -0.156215 0.980304
vn 0.121291 -0.056339 -0.991017
vn 0.506931 -0.861975 -0.004472
vn 0.999976 0.000389 0.006847
vn 0.506931 0.855915 -0.102134
vn -0.479160 0.849076 -0.222433
vn -0.972206 -0.013289 -0.233752
vn -0.479160 -0.868814 -0.124771
vn -0.121291 0.056339 0.991017
vn 0.048244 -0.074361 -0.996064
vn 0.501717 -0.865028 0.002494
vn 0.999282 -0.002820 -0.037774
vn 0.501717 0.855810 -0.125974
vn -0.493414 0.852232 -0.173906
vn -0.990980 -0.009977 -0.133638
vn -0.493414 -0.868607 -0.045438
vn -0.048244 0.074361 0.996064
vn 0.246336 -0.106118 -0.963357
vn 0.505855 -0.853588 0.124493
vn 0.988243 0.016740 0.151972
vn 0.505855 0.860220 -0.064291
vn -0.458922 0.833370 -0.308032
vn -0.941311 -0.036958 -0.335511
vn -0.458922 -0.880437 -0.119249
vn -0.246336 0.106118 0.963357
vn 0.068560 -0.984355 0.162312
vn 0.178492 -0.978871 0.099756
vn 0.219875 -0.975528 0.000000
vn 0.178492 -0.978871 -0.099756
vn 0.068560 -0.984355 -0.162312
vn -0.068560 -0.984355 -0.162312
vn -0.178492 -0.978871 -0.099756
vn -0.219875 -0.975528 -0.000000
vn -0.178492 -0.978871 0.099756
vn -0.068560 -0.984355 0.162312
vn 0.216143 -0.831526 0.511709
vn 0.536699 -0.788660 0.299950
vn 0.643717 -0.765264 0.000000
vn 0.536699 -0.788660 -0.299950
vn 0.216143 -0.831526 -0.511709
vn -0.216143 -0.831526 -0.511709
vn -0.536699 -0.788660 -0.299950
vn -0.643717 -0.765264 -0.000000
vn -0.536699 -0.788660 0.299950
vn -0.216143 -0.831526 0.511709
vn 0.361140 -0.372273 0.854980
vn 0.825523 -0.325043 0.461367
vn 0.952826 -0.303517 0.000000
vn 0.825523 -0.325043 -0.461367
vn 0.361140 -0.372273 -0.854980
vn -0.361140 -0.372273 -0.854980
vn -0.825523 -0.325043 -0.461367
vn -0.952826 -0.303517 -0.000000
vn -0.825523 -0.325043 0.461367
vn -0.361140 -0.372273 0.854980
vn 0.361140 0.372273 0.854980
vn 0.825523 0.325043 0.461367
vn 0.952826 0.303517 0.000000
vn 0.825523 0.325043 -0.461367
vn 0.361140 0.372273 -0.854980
vn -0.361140 0.372273 -0.854980
vn -0.825523 0.325043 -0.461367
vn -0.952826 0.303517 -0.000000
vn -0.825523 0.325043 0.461367
vn -0.361140 0.372273 0.854980
vn 0.216143 0.831526 0.511709
vn 0.536699 0.788660 0.299950
vn 0.643717 0.765264 0.000000
vn 0.536699 0.788660 -0.299950
vn 0.216143 0.831526 -0.511709
vn -0.216143 0.831526 -0.511709
vn -0.536699 0.788660 -0.299950
vn -0.643717 0.765264 -0.000000
vn -0.536699 0.788660 0.299950
vn -0.216143 0.831526 0.511709
vn 0.068560 0.984355 0.162312
vn 0.178492 0.978871 0.099756
vn 0.219875 0.975528 0.000000
vn 0.178492 0.978871 -0.099756
vn 0.068560 0.984355 -0.162312
vn -0.068560 0.984355 -0.162312
vn -0.178492 0.978871 -0.099756
vn -0.219875 0.975528 -0.000000
vn -0.178492 0.978871 0.099756
vn -0.068560 0.984355 0.162312
vn 0.068560 -0.984355 0.162312
vn 0.178492 -0.978871 0.099756
vn 0.219875 -0.975528 0.000000
vn 0.178492 -0.978871 -0.099756
vn 0.068560 -0.984355 -0.162312
vn -0.068560 -0.984355 -0.162312
vn -0.178492 -0.978871 -0.099756
vn -0.219875 -0.975528 -0.000000
vn -0.178492 -0.978871 0.099756
vn -0.068560 -0.984355 0.162312
vn 0.216143 -0.831526 0.511709
vn 0.536699 -0.788660 0.299950
vn 0.643717 -0.765264 0.000000
vn 0.536699 -0.788660 -0.299950
vn 0.216143 -0.831526 -0.511709
vn -0.216143 -0.831526 -0.511709
vn -0.536699 -0.788660 -0.299950
vn -0.643717 -0.765264 -0.000000
vn -0.536699 -0.788660 0.299950
vn -0.216143 -0.831526 0.511709
vn 0.361140 -0.372273 0.854980
vn 0.825523 -0.325043 0.461367
vn 0.952826 -0.303517 0.000000
vn 0.825523 -0.325043 -0.461367
vn 0.361140 -0.372273 -0.854980
vn -0.361140 -0.372273 -0.854980
vn -0.825523 -0.325043 -0.461367
vn -0.952826 -0.303517 -0.000000
vn -0.825523 -0.325043 0.461367
vn -0.361140 -0.372273 0.854980
vn 0.361140 0.372273 0.854980
vn 0.825523 0.325043 0.461367
vn 0.952826 0.303517 0.000000
vn 0.825523 0.325043 -0.461367
vn 0.361140 0.372273 -0.854980
vn -0.361140 0.372273 -0.854980
vn -0.825523 0.325043 -0.461367
vn -0.952826 0.303517 -0.000000
vn -0.825523 0.325043 0.461367
vn -0.361140 0.372273 0.854980
vn 0.216143 0.831526 0.511709
vn 0.536699 0.788660 0.299950
vn 0.643717 0.765264 0.000000
vn 0.536699 0.788660 -0.299950
vn 0.216143 0.831526 -0.511709
vn -0.216143 0.831526 -0.511709
vn -0.536699 0.788660 -0.299950
vn -0.643717 0.765264 -0.000000
vn -0.536699 0.788660 0.299950
vn -0.216143 0.831526 0.511709
vn 0.068560 0.984355 0.162312
vn 0.178492 0.978871 0.099756
vn 0.219875 0.975528 0.000000
vn 0.178492 0.978871 -0.099756
vn 0.068560 0.984355 -0.162312
vn -0.068560 0.984355 -0.162312
vn -0.178492 0.978871 -0.099756
vn -0.219875 0.975528 -0.000000
vn -0.178492 0.978871 0.099756
vn -0.068560 0.984355 0.162312
vn 0.068560 -0.984355 0.162312
vn 0.178492 -0.978871 0.099756
vn 0.219875 -0.975528 0.000000
vn 0.178492 -0.978871 -0.099756
vn 0.068560 -0.984355 -0.162312
vn -0.068560 -0.984355 -0.162312
vn -0.178492 -0.978871 -0.099756
vn -0.219875 -0.975528 0.000000
vn -0.178492 -0.978871 0.099756
vn -0.068560 -0.984355 0.162312
vn 0.216143 -0.831526 0.511709
vn 0.536699 -0.788660 0.299950
vn 0.643717 -0.765264 0.000000
vn 0.536699 -0.788660 -0.299950
vn 0.216143 -0.831526 -0.511709
vn -0.216143 -0.831526 -0.511709
vn -0.536699 -0.788660 -0.299950
vn -0.643717 -0.765264 0.000000
vn -0.536699 -0.788660 0.299950
vn -0.216143 -0.831526 0.511709
vn 0.361140 -0.372273 0.854980
vn 0.825523 -0.325043 0.461367
vn 0.952826 -0.303517 0.000000
vn 0.825523 -0.325043 -0.461367
vn 0.361140 -0.372273 -0.854980
vn -0.361140 -0.372273 -0.854980
vn -0.825523 -0.325043 -0.461367
vn -0.952826 -0.303517 0.000000
vn -0.825523 -0.325043 0.461367
vn -0.361140 -0.372273 0.854980
vn 0.361140 0.372273 0.854980
vn 0.825523 0.325043 0.461367
vn 0.952826 0.303517 0.000000
vn 0.825523 0.325043 -0.461367
vn 0.361140 0.372273 -0.854980
vn -0.361140 0.372273 -0.854980
vn -0.825523 0.325043 -0.461367
vn -0.952826 0.303517 -0.000000
vn -0.825523 0.325043 0.461367
vn -0.361140 0.372273 0.854980
vn 0.216143 0.831526 0.511709
vn 0.536699 0.788660 0.299950
vn 0.643717 0.765264 0.000000
vn 0.536699 0.788660 -0.299950
vn 0.216143 0.831526 -0.511709
vn -0.216143 0.831526 -0.511709
vn -0.536699 0.788660 -0.299950
vn -0.643717 0.765264 -0.000000
vn -0.536699 0.788660 0.299950
vn -0.216143 0.831526 0.511709
vn 0.068560 0.984355 0.162312
vn 0.178492 0.978871 0.099756
vn 0.219875 0.975528 0.000000
vn 0.178492 0.978871 -0.099756
vn 0.068560 0.984355 -0.162312
vn -0.068560 0.984355 -0.162312
vn -0.178492 0.978871 -0.099756
vn -0.219875 0.975528 0.000000
vn -0.178492 0.978871 0.099756
vn -0.068560 0.984355 0.162312
vn 0.068560 -0.984355 0.162312
vn 0.178492 -0.978871 0.099756
vn 0.219875 -0.975528 0.000000
vn 0.178492 -0.978871 -0.099756
vn 0.068560 -0.984355 -0.162312
vn -0.068560 -0.984355 -0.162312
vn -0.178492 -0.978871 -0.099756
vn -0.219875 -0.975528 0.000000
vn -0.178492 -0.978871 0.099756
vn -0.068560 -0.984355 0.162312
vn 0.216143 -0.831526 0.511709
vn 0.536699 -0.788660 0.299950
vn 0.643717 -0.765264 0.000000
vn 0.536699 -0.788660 -0.299950
vn 0.216143 -0.831526 -0.511709
vn -0.216143 -0.831526 -0.511709
vn -0.536699 -0.788660 -0.299950
vn -0.643717 -0.765264 -0.000000
vn -0.536699 -0.788660 0.299950
vn -0.216143 -0.831526 0.511709
vn 0.361140 -0.372273 0.854980
vn 0.825523 -0.325043 0.461367
vn 0.952826 -0.303517 0.000000
vn 0.825523 -0.325043 -0.461367
vn 0.361140 -0.372273 -0.854980
vn -0.361140 -0.372273 -0.854980
vn -0.825523 -0.325043 -0.461367
vn -0.952826 -0.303517 -0.000000
vn -0.825523 -0.325043 0.461367
vn -0.361140 -0.372273 0.854980
vn 0.361140 0.372273 0.854980
vn 0.825523 0.325043 0.461367
vn 0.952826 0.303517 0.000000
vn 0.825523 0.325043 -0.461367
vn 0.361140 0.372273 -0.854980
vn -0.361140 0.372273 -0.854980
vn -0.825523 0.325043 -0.461367
vn -0.952826 0.303517 0.000000
vn -0.825523 0.325043 0.461367
vn -0.361140 0.372273 0.854980
vn 0.216143 0.831526 0.511709
vn 0.536699 0.788660 0.299950
vn 0.643717 0.765264 0.000000
vn 0.536699 0.788660 -0.299950
vn 0.216143 0.831526 -0.511709
vn -0.216143 0.831526 -0.511709
vn -0.536699 0.788660 -0.299950
vn -0.643717 0.765264 0.000000
vn -0.536699 0.788660 0.299950
vn -0.216143 0.831526 0.511709
vn 0.068560 0.984355 0.162312
vn 0.178492 0.978871 0.099756
vn 0.219875 0.975528 0.000000
vn 0.178492 0.978871 -0.099756
vn 0.068560 0.984355 -0.162312
vn -0.068560 0.984355 -0.162312
vn -0.178492 0.978871 -0.099756
vn -0.219875 0.975528 -0.000000
vn -0.178492 0.978871 0.099756
vn -0.068560 0.984355 0.162312
vn 0.068560 -0.984355 0.162312
vn 0.178492 -0.978871 0.099756
vn 0.219875 -0.975528 0.000000
vn 0.178492 -0.978871 -0.099756
vn 0.068560 -0.984355 -0.162312
vn -0.068560 -0.984355 -0.162312
vn -0.178492 -0.978871 -0.099756
vn -0.219875 -0.975528 0.000000
vn -0.178492 -0.978871 0.099756
vn -0.068560 -0.984355 0.162312
vn 0.216143 -0.831526 0.511709
vn 0.536699 -0.788660 0.299950
vn 0.643717 -0.765264 0.000000
vn 0.536699 -0.788660 -0.299950
vn 0.216143 -0.831526 -0.511709
vn -0.216143 -0.831526 -0.511709
vn -0.536699 -0.788660 -0.299950
vn -0.643717 -0.765264 -0.000000
vn -0.536699 -0.788660 0.299950
vn -0.216143 -0.831526 0.511709
vn 0.361140 -0.372273 0.854980
vn 0.825523 -0.325043 0.461367
vn 0.952826 -0.303517 0.000000
vn 0.825523 -0.325043 -0.461367
vn 0.361140 -0.372273 -0.854980
vn -0.361140 -0.372273 -0.854980
vn -0.825523 -0.325043 -0.461367
vn -0.952826 -0.303517 -0.000000
vn -0.825523 -0.325043 0.461367
vn -0.361140 -0.372273 0.854980
vn 0.361140 0.372273 0.854980
vn 0.825523 0.325043 0.461367
vn 0.952826 0.303517 0.000000
vn 0.825523 0.325043 -0.461367
vn 0.361140 0.372273 -0.854980
vn -0.361140 0.372273 -0.854980
vn -0.825523 0.325043 -0.461367
vn -0.952826 0.303517 -0.000000
vn -0.825523 0.325043 0.461367
vn -0.361140 0.372273 0.854980
vn 0.216143 0.831526 0.511709
vn 0.536699 0.788660 0.299950
vn 0.643717 0.765264 0.000000
vn 0.536699 0.788660 -0.299950
vn 0.216143 0.831526 -0.511709
vn -0.216143 0.831526 -0.511709
vn -0.536699 0.788660 -0.299950
vn -0.643717 0.765264 -0.000000
vn -0.536699 0.788660 0.299950
vn -0.216143 0.831526 0.511709
vn 0.068560 0.984355 0.162312
vn 0.178492 0.978871 0.099756
vn 0.219875 0.975528 0.000000
vn 0.178492 0.978871 -0.099756
vn 0.068560 0.984355 -0.162312
vn -0.068560 0.984355 -0.162312
vn -0.178492 0.978871 -0.099756
vn -0.219875 0.975528 -0.000000
vn -0.178492 0.978871 0.099756
vn -0.068560 0.984355 0.162312
f 1/1/1 2/2/1 3/3/1
f 1/1/2 4/4/2 2/2/2
f 1/1/3 5/5/3 4/4/3
f 1/1/4 6/6/4 5/5/4
f 1/1/5 7/7/5 6/6/5
f 1/1/6 8/8/6 7/7/6
f 1/1/7 9/9/7 8/8/7
f 1/1/8 10/10/8 9/9/8
f 1/1/9 11/11/9 10/10/9
f 1/1/10 12/12/10 11/11/10
f 1/1/11 13/13/11 12/12/11
f 1/1/12 14/14/12 13/13/12
f 1/1/13 15/15/13 14/14/13
f 1/1/14 3/3/14 15/15/14
f 3/3/15 2/2/15 16/16/15
f 3/3/15 16/16/15 17/17/15
f 2/2/16 4/4/16 18/18/16
f 2/2/16 18/18/16 16/16/16
f 4/4/17 5/5/17 19/19/17
f 4/4/17 19/19/17 18/18/17
f 5/5/18 6/6/18 20/20/18
f 5/5/18 20/20/18 19/19/18
f 6/6/19 7/7/19 21/21/19
f 6/6/19 21/21/19 20/20/19
f 7/7/20 8/8/20 22/22/20
f 7/7/20 22/22/20 21/21/20
f 8/8/21 9/9/21 23/23/21
f 8/8/21 23/23/21 22/22/21
f 9/9/22 10/10/22 24/24/22
f 9/9/22 24/24/22 23/23/22
f 10/10/23 11/11/23 25/25/23
f 10/10/23 25/25/23 24/24/23
f 11/11/24 12/12/24 26/26/24
f 11/11/24 26/26/24 25/25/24
f 12/12/25 13/13/25 27/27/25
f 12/12/25 27/27/25 26/26/25
f 13/13/26 14/14/26 28/28/26
f 13/13/26 28/28/26 27/27/26
f 14/14/27 15/15/27 29/29/27
f 14/14/27 29/29/27 28/28/27
f 15/15/28 3/3/28 17/17/28
f 15/15/28 17/17/28 29/29/28
f 17/17/29 16/16/29 30/30/29
f 17/17/29 30/30/29 31/31/29
f 16/16/30 18/18/30 32/32/30
f 16/16/30 32/32/30 30/30/30
f 18/18/31 19/19/31 33/33/31
f 18/18/31 33/33/31 32/32/31
f 19/19/32 20/20/32 34/34/32
f 19/19/32 34/34/32 33/33/32
f 20/20/33 21/21/33 35/35/33
f 20/20/33 35/35/33 34/34/33
f 21/21/34 22/22/34 36/36/34
f 21/21/34 36/36/34 35/35/34
f 22/22/35 23/23/35 37/37/35
f 22/22/35 37/37/35 36/36/35
f 23/23/36 24/24/36 38/38/36
f 23/23/36 38/38/36 37/37/36
f 24/24/37 25/25/37 39/39/37
f 24/24/37 39/39/37 38/38/37
f 25/25/38 26/26/38 40/40/38
f 25/25/38 40/40/38 39/39/38
f 26/26/39 27/27/39 41/41/39
f 26/26/39 41/41/39 40/40/39
f 27/27/40 28/28/40 42/42/40
f 27/27/40 42/42/40 41/41/40
f 28/28/41 29/29/41 43/43/41
f 28/28/41 43/43/41 42/42/41
f 29/29/42 17/17/42 31/31/42
f 29/29/42 31/31/42 43/43/42
f 31/31/43 30/30/43 44/44/43
f 31/31/43 44/44/43 45/45/43
f 30/46/44 32/47/44 46/48/44
f 30/46/44 46/48/44 44/49/44
f 32/47/45 33/50/45 47/51/45
f 32/47/45 47/51/45 46/48/45
f 33/50/46 34/52/46 48/53/46
f 33/50/46 48/53/46 47/51/46
f 34/52/47 35/54/47 49/55/47
f 34/52/47 49/55/47 48/53/47
f 35/54/48 36/56/48 50/57/48
f 35/54/48 50/57/48 49/55/48
f 36/36/49 37/37/49 51/58/49
f 36/36/49 51/58/49 50/59/49
f 37/37/50 38/38/50 52/60/50
f 37/37/50 52/60/50 51/58/50
f 38/56/51 39/54/51 53/55/51
f 38/56/51 53/55/51 52/57/51
f 39/54/52 40/52/52 54/53/52
f 39/54/52 54/53/52 53/55/52
f 40/52/53 41/50/53 55/51/53
f 40/52/53 55/51/53 54/53/53
f 41/50/54 42/47/54 56/48/54
f 41/50/54 56/48/54 55/51/54
f 42/47/55 43/46/55 57/49/55
f 42/47/55 57/49/55 56/48/55
f 43/43/56 31/31/56 45/45/56
f 43/43/56 45/45/56 57/61/56
f 45/45/57 44/44/57 58/30/57
f 45/45/57 58/30/57 59/31/57
f 44/49/58 46/48/58 60/62/58
f 44/49/58 60/62/58 58/63/58
f 46/48/59 47/51/59 61/64/59
f 46/48/59 61/64/59 60/62/59
f 47/51/60 48/53/60 62/65/60
f 47/51/60 62/65/60 61/64/60
f 48/53/61 49/55/61 63/66/61
f 48/53/61 63/66/61 62/65/61
f 49/55/62 50/57/62 64/67/62
f 49/55/62 64/67/62 63/66/62
f 50/59/63 51/58/63 65/37/63
f 50/59/63 65/37/63 64/36/63
f 51/58/64 52/60/64 66/38/64
f 51/58/64 66/38/64 65/37/64
f 52/57/65 53/55/65 67/66/65
f 52/57/65 67/66/65 66/67/65
f 53/55/66 54/53/66 68/65/66
f 53/55/66 68/65/66 67/66/66
f 54/53/67 55/51/67 69/64/67
f 54/53/67 69/64/67 68/65/67
f 55/51/68 56/48/68 70/62/68
f 55/51/68 70/62/68 69/64/68
f 56/48/69 57/49/69 71/63/69
f 56/48/69 71/63/69 70/62/69
f 57/61/70 45/45/70 59/31/70
f 57/61/70 59/31/70 71/43/70
f 59/31/71 58/30/71 72/16/71
f 59/31/71 72/16/71 73/17/71
f 58/30/72 60/32/72 74/18/72
f 58/30/72 74/18/72 72/16/72
f 60/32/73 61/33/73 75/19/73
f 60/32/73 75/19/73 74/18/73
f 61/33/74 62/34/74 76/20/74
f 61/33/74 76/20/74 75/19/74
f 62/34/75 63/35/75 77/21/75
f 62/34/75 77/21/75 76/20/75
f 63/35/76 64/36/76 78/22/76
f 63/35/76 78/22/76 77/21/76
f 64/36/77 65/37/77 79/23/77
f 64/36/77 79/23/77 78/22/77
f 65/37/78 66/38/78 80/24/78
f 65/37/78 80/24/78 79/23/78
f 66/38/79 67/39/79 81/25/79
f 66/38/79 81/25/79 80/24/79
f 67/39/80 68/40/80 82/26/80
f 67/39/80 82/26/80 81/25/80
f 68/40/81 69/41/81 83/27/81
f 68/40/81 83/27/81 82/26/81
f 69/41/82 70/42/82 84/28/82
f 69/41/82 84/28/82 83/27/82
f 70/42/83 71/43/83 85/29/83
f 70/42/83 85/29/83 84/28/83
f 71/43/84 59/31/84 73/17/84
f 71/43/84 73/17/84 85/29/84
f 73/17/85 72/16/85 86/2/85
f 73/17/85 86/2/85 87/3/85
f 72/16/86 74/18/86 88/4/86
f 72/16/86 88/4/86 86/2/86
f 74/18/87 75/19/87 89/5/87
f 74/18/87 89/5/87 88/4/87
f 75/19/88 76/20/88 90/6/88
f 75/19/88 90/6/88 89/5/88
f 76/20/89 77/21/89 91/7/89
f 76/20/89 91/7/89 90/6/89
f 77/21/90 78/22/90 92/8/90
f 77/21/90 92/8/90 91/7/90
f 78/22/91 79/23/91 93/9/91
f 78/22/91 93/9/91 92/8/91
f 79/23/92 80/24/92 94/10/92
f 79/23/92 94/10/92 93/9/92
f 80/24/93 81/25/93 95/11/93
f 80/24/93 95/11/93 94/10/93
f 81/25/94 82/26/94 96/12/94
f 81/25/94 96/12/94 95/11/94
f 82/26/95 83/27/95 97/13/95
f 82/26/95 97/13/95 96/12/95
f 83/27/96 84/28/96 98/14/96
f 83/27/96 98/14/96 97/13/96
f 84/28/97 85/29/97 99/15/97
f 84/28/97 99/15/97 98/14/97
f 85/29/98 73/17/98 87/3/98
f 85/29/98 87/3/98 99/15/98
f 87/3/99 86/2/99 100/1/99
f 86/2/100 88/4/100 100/1/100
f 88/4/101 89/5/101 100/1/101
f 89/5/102 90/6/102 100/1/102
f 90/6/103 91/7/103 100/1/103
f 91/7/104 92/8/104 100/1/104
f 92/8/105 93/9/105 100/1/105
f 93/9/106 94/10/106 100/1/106
f 94/10/107 95/11/107 100/1/107
f 95/11/108 96/12/108 100/1/108
f 96/12/109 97/13/109 100/1/109
f 97/13/110 98/14/110 100/1/110
f 98/14/111 99/15/111 100/1/111
f 99/15/112 87/3/112 100/1/112
f 101/68/113 102/69/113 103/70/113
f 101/68/114 104/71/114 102/69/114
f 101/68/115 105/72/115 104/71/115
f 101/68/116 106/73/116 105/72/116
f 101/68/117 107/74/117 106/73/117
f 101/68/118 108/75/118 107/74/118
f 101/68/119 109/76/119 108/75/119
f 101/68/120 110/77/120 109/76/120
f 101/68/121 111/78/121 110/77/121
f 101/68/122 103/70/122 111/78/122
f 103/70/123 102/69/123 112/79/123
f 103/70/123 112/79/123 113/80/123
f 102/69/124 104/71/124 114/81/124
f 102/69/124 114/81/124 112/79/124
f 104/82/125 105/83/125 115/84/125
f 104/82/125 115/84/125 114/85/125
f 105/83/126 106/86/126 116/87/126
f 105/83/126 116/87/126 115/84/126
f 106/73/127 107/74/127 117/88/127
f 106/73/127 117/88/127 116/89/127
f 107/74/128 108/75/128 118/90/128
f 107/74/128 118/90/128 117/88/128
f 108/75/129 109/76/129 119/91/129
f 108/75/129 119/91/129 118/90/129
f 109/92/130 110/93/130 120/94/130
f 109/92/130 120/94/130 119/95/130
f 110/93/131 111/96/131 121/97/131
f 110/93/131 121/97/131 120/94/131
f 111/78/132 103/70/132 113/80/132
f 111/78/132 113/80/132 121/98/132
f 113/99/133 112/100/133 122/101/133
f 113/99/133 122/101/133 123/102/133
f 112/103/134 114/85/134 124/104/134
f 112/103/134 124/104/134 122/105/134
f 114/85/135 115/84/135 125/106/135
f 114/85/135 125/106/135 124/104/135
f 115/84/136 116/87/136 126/107/136
f 115/84/136 126/107/136 125/106/136
f 116/108/137 117/109/137 127/110/137
f 116/108/137 127/110/137 126/111/137
f 117/109/138 118/112/138 128/113/138
f 117/109/138 128/113/138 127/110/138
f 118/114/139 119/95/139 129/115/139
f 118/114/139 129/115/139 128/116/139
f 119/95/140 120/94/140 130/117/140
f 119/95/140 130/117/140 129/115/140
f 120/94/141 121/97/141 131/118/141
f 120/94/141 131/118/141 130/117/141
f 121/119/142 113/99/142 123/102/142
f 121/119/142 123/102/142 131/120/142
f 123/80/143 122/79/143 132/69/143
f 123/80/143 132/69/143 133/70/143
f 122/79/144 124/81/144 134/71/144
f 122/79/144 134/71/144 132/69/144
f 124/104/145 125/106/145 135/121/145
f 124/104/145 135/121/145 134/122/145
f 125/106/146 126/107/146 136/123/146
f 125/106/146 136/123/146 135/121/146
f 126/89/147 127/88/147 137/74/147
f 126/89/147 137/74/147 136/73/147
f 127/88/148 128/90/148 138/75/148
f 127/88/148 138/75/148 137/74/148
f 128/90/149 129/91/149 139/76/149
f 128/90/149 139/76/149 138/75/149
f 129/115/150 130/117/150 140/124/150
f 129/115/150 140/124/150 139/125/150
f 130/117/151 131/118/151 141/126/151
f 130/117/151 141/126/151 140/124/151
f 131/98/152 123/80/152 133/70/152
f 131/98/152 133/70/152 141/78/152
f 133/70/153 132/69/153 142/68/153
f 132/69/154 134/71/154 142/68/154
f 134/71/155 135/72/155 142/68/155
f 135/72/156 136/73/156 142/68/156
f 136/73/157 137/74/157 142/68/157
f 137/74/158 138/75/158 142/68/158
f 138/75/159 139/76/159 142/68/159
f 139/76/160 140/77/160 142/68/160
f 140/77/161 141/78/161 142/68/161
f 141/78/162 133/70/162 142/68/162
f 143/127/163 144/128/163 145/129/163
f 143/127/163 145/129/163 146/130/163
f 144/131/164 147/132/164 148/133/164
f 144/131/164 148/133/164 145/134/164
f 147/135/165 149/136/165 150/137/165
f 147/135/165 150/137/165 148/138/165
f 149/136/166 151/139/166 152/140/166
f 149/136/166 152/140/166 150/137/166
f 151/141/167 153/142/167 154/143/167
f 151/141/167 154/143/167 152/144/167
f 153/145/168 143/127/168 146/130/168
f 153/145/168 146/130/168 154/146/168
f 146/147/169 145/134/169 155/148/169
f 145/134/170 148/133/170 155/148/170
f 148/149/171 150/150/171 155/151/171
f 150/150/172 152/144/172 155/151/172
f 152/144/173 154/143/173 155/151/173
f 154/143/174 146/152/174 155/151/174
f 156/153/175 157/154/175 158/155/175
f 156/153/175 158/155/175 159/156/175
f 157/154/176 160/157/176 161/158/176
f 157/154/176 161/158/176 158/155/176
f 160/159/177 162/160/177 163/161/177
f 160/159/177 163/161/177 161/162/177
f 162/163/178 164/164/178 165/165/178
f 162/163/178 165/165/178 163/166/178
f 164/164/179 166/167/179 167/168/179
f 164/164/179 167/168/179 165/165/179
f 166/169/180 156/170/180 159/171/180
f 166/169/180 159/171/180 167/172/180
f 159/173/181 158/174/181 168/175/181
f 158/174/182 161/176/182 168/175/182
f 161/176/183 163/177/183 168/175/183
f 163/177/184 165/178/184 168/175/184
f 165/178/185 167/179/185 168/175/185
f 167/179/186 159/173/186 168/175/186
f 169/180/187 170/181/187 171/182/187
f 169/180/187 171/182/187 172/183/187
f 170/181/188 173/184/188 174/185/188
f 170/181/188 174/185/188 171/182/188
f 173/186/189 175/187/189 176/188/189
f 173/186/189 176/188/189 174/189/189
f 175/190/190 177/191/190 178/192/190
f 175/190/190 178/192/190 176/193/190
f 177/191/191 179/194/191 180/195/191
f 177/191/191 180/195/191 178/192/191
f 179/196/192 169/197/192 172/198/192
f 179/196/192 172/198/192 180/199/192
f 172/200/193 171/201/193 181/202/193
f 171/201/194 174/203/194 181/202/194
f 174/203/195 176/204/195 181/202/195
f 176/204/196 178/205/196 181/202/196
f 178/205/197 180/206/197 181/202/197
f 180/206/198 172/200/198 181/202/198
f 182/207/199 183/208/199 184/209/199
f 182/207/200 185/210/200 183/208/200
f 182/207/201 186/211/201 185/210/201
f 182/207/202 187/212/202 186/211/202
f 182/207/203 188/213/203 187/212/203
f 182/207/204 189/214/204 188/213/204
f 182/207/205 190/215/205 189/214/205
f 182/207/206 191/216/206 190/215/206
f 182/207/207 192/217/207 191/216/207
f 182/207/208 184/209/208 192/217/208
f 184/209/209 183/208/209 193/218/209
f 184/209/209 193/218/209 194/219/209
f 183/208/210 185/210/210 195/220/210
f 183/208/210 195/220/210 193/218/210
f 185/221/211 186/222/211 196/223/211
f 185/221/211 196/223/211 195/224/211
f 186/211/212 187/212/212 197/225/212
f 186/211/212 197/225/212 196/226/212
f 187/212/213 188/213/213 198/227/213
f 187/212/213 198/227/213 197/225/213
f 188/213/214 189/214/214 199/228/214
f 188/213/214 199/228/214 198/227/214
f 189/214/215 190/215/215 200/229/215
f 189/214/215 200/229/215 199/228/215
f 190/230/216 191/231/216 201/232/216
f 190/230/216 201/232/216 200/233/216
f 191/216/217 192/217/217 202/234/217
f 191/216/217 202/234/217 201/235/217
f 192/217/218 184/209/218 194/219/218
f 192/217/218 194/219/218 202/234/218
f 194/236/219 193/237/219 203/238/219
f 194/236/219 203/238/219 204/239/219
f 193/240/220 195/224/220 205/241/220
f 193/240/220 205/241/220 203/242/220
f 195/224/221 196/223/221 206/243/221
f 195/224/221 206/243/221 205/241/221
f 196/223/222 197/244/222 207/245/222
f 196/223/222 207/245/222 206/243/222
f 197/246/223 198/247/223 208/248/223
f 197/246/223 208/248/223 207/249/223
f 198/247/224 199/250/224 209/251/224
f 198/247/224 209/251/224 208/248/224
f 199/252/225 200/233/225 210/253/225
f 199/252/225 210/253/225 209/254/225
f 200/233/226 201/232/226 211/255/226
f 200/233/226 211/255/226 210/253/226
f 201/232/227 202/256/227 212/257/227
f 201/232/227 212/257/227 211/255/227
f 202/258/228 194/236/228 204/239/228
f 202/258/228 204/239/228 212/259/228
f 204/219/229 203/218/229 213/208/229
f 204/219/229 213/208/229 214/209/229
f 203/218/230 205/220/230 215/210/230
f 203/218/230 215/210/230 213/208/230
f 205/241/231 206/243/231 216/260/231
f 205/241/231 216/260/231 215/261/231
f 206/226/232 207/225/232 217/212/232
f 206/226/232 217/212/232 216/211/232
f 207/225/233 208/227/233 218/213/233
f 207/225/233 218/213/233 217/212/233
f 208/227/234 209/228/234 219/214/234
f 208/227/234 219/214/234 218/213/234
f 209/228/235 210/229/235 220/215/235
f 209/228/235 220/215/235 219/214/235
f 210/253/236 211/255/236 221/262/236
f 210/253/236 221/262/236 220/263/236
f 211/235/237 212/234/237 222/217/237
f 211/235/237 222/217/237 221/216/237
f 212/234/238 204/219/238 214/209/238
f 212/234/238 214/209/238 222/217/238
f 214/209/239 213/208/239 223/207/239
f 213/208/240 215/210/240 223/207/240
f 215/210/241 216/211/241 223/207/241
f 216/211/242 217/212/242 223/207/242
f 217/212/243 218/213/243 223/207/243
f 218/213/244 219/214/244 223/207/244
f 219/214/245 220/215/245 223/207/245
f 220/215/246 221/216/246 223/207/246
f 221/216/247 222/217/247 223/207/247
f 222/217/248 214/209/248 223/207/248
f 224/264/249 225/265/249 226/266/249
f 224/264/249 226/266/249 227/267/249
f 225/268/250 228/269/250 229/270/250
f 225/268/250 229/270/250 226/271/250
f 228/272/251 230/273/251 231/274/251
f 228/272/251 231/274/251 229/275/251
f 230/273/252 232/276/252 233/277/252
f 230/273/252 233/277/252 231/274/252
f 232/278/253 234/279/253 235/280/253
f 232/278/253 235/280/253 233/281/253
f 234/282/254 224/264/254 227/267/254
f 234/282/254 227/267/254 235/283/254
f 227/284/255 226/271/255 236/285/255
f 226/271/256 229/270/256 236/285/256
f 229/270/257 231/286/257 236/285/257
f 231/287/258 233/281/258 236/288/258
f 233/281/259 235/280/259 236/288/259
f 235/280/260 227/289/260 236/288/260
f 237/290/261 238/291/261 239/292/261
f 237/290/261 239/292/261 240/293/261
f 238/294/262 241/295/262 242/296/262
f 238/294/262 242/296/262 239/297/262
f 241/298/263 243/299/263 244/300/263
f 241/298/263 244/300/263 242/301/263
f 243/299/264 245/302/264 246/303/264
f 243/299/264 246/303/264 244/300/264
f 245/304/265 247/305/265 248/306/265
f 245/304/265 248/306/265 246/307/265
f 247/308/266 237/290/266 240/293/266
f 247/308/266 240/293/266 248/309/266
f 240/310/267 239/297/267 249/311/267
f 239/297/268 242/296/268 249/311/268
f 242/296/269 244/312/269 249/311/269
f 244/313/270 246/307/270 249/314/270
f 246/307/271 248/306/271 249/314/271
f 248/306/272 240/315/272 249/314/272
f 250/316/273 251/317/273 252/318/273
f 250/316/273 252/318/273 253/319/273
f 251/320/274 254/321/274 255/322/274
f 251/320/274 255/322/274 252/323/274
f 254/324/275 256/325/275 257/326/275
f 254/324/275 257/326/275 255/327/275
f 256/325/276 258/328/276 259/329/276
f 256/325/276 259/329/276 257/326/276
f 258/330/277 260/331/277 261/332/277
f 258/330/277 261/332/277 259/333/277
f 260/334/278 250/316/278 253/319/278
f 260/334/278 253/319/278 261/335/278
f 253/336/279 252/337/279 262/338/279
f 252/337/280 255/339/280 262/338/280
f 255/339/281 257/340/281 262/338/281
f 257/340/282 259/341/282 262/338/282
f 259/341/283 261/342/283 262/338/283
f 261/342/284 253/336/284 262/338/284
f 263/343/285 264/344/285 265/345/285
f 263/343/286 266/346/286 264/344/286
f 263/343/287 267/347/287 266/346/287
f 263/343/288 268/348/288 267/347/288
f 263/343/289 269/349/289 268/348/289
f 263/343/290 270/350/290 269/349/290
f 263/343/291 271/351/291 270/350/291
f 263/343/292 272/352/292 271/351/292
f 263/343/293 273/353/293 272/352/293
f 263/343/294 265/345/294 273/353/294
f 265/354/295 264/355/295 274/356/295
f 265/354/295 274/356/295 275/357/295
f 264/358/296 266/359/296 276/360/296
f 264/358/296 276/360/296 274/361/296
f 266/359/297 267/362/297 277/363/297
f 266/359/297 277/363/297 276/360/297
f 267/362/298 268/364/298 278/365/298
f 267/362/298 278/365/298 277/363/298
f 268/348/299 269/349/299 279/366/299
f 268/348/299 279/366/299 278/367/299
f 269/368/300 270/369/300 280/370/300
f 269/368/300 280/370/300 279/371/300
f 270/372/301 271/373/301 281/374/301
f 270/372/301 281/374/301 280/375/301
f 271/373/302 272/376/302 282/377/302
f 271/373/302 282/377/302 281/374/302
f 272/376/303 273/378/303 283/379/303
f 272/376/303 283/379/303 282/377/303
f 273/353/304 265/345/304 275/380/304
f 273/353/304 275/380/304 283/381/304
f 275/357/305 274/356/305 284/382/305
f 275/357/305 284/382/305 285/383/305
f 274/361/306 276/360/306 286/384/306
f 274/361/306 286/384/306 284/385/306
f 276/360/307 277/363/307 287/386/307
f 276/360/307 287/386/307 286/384/307
f 277/363/308 278/365/308 288/387/308
f 277/363/308 288/387/308 287/386/308
f 278/388/309 279/371/309 289/389/309
f 278/388/309 289/389/309 288/390/309
f 279/371/310 280/370/310 290/391/310
f 279/371/310 290/391/310 289/389/310
f 280/375/311 281/374/311 291/392/311
f 280/375/311 291/392/311 290/393/311
f 281/374/312 282/377/312 292/394/312
f 281/374/312 292/394/312 291/392/312
f 282/377/313 283/379/313 293/395/313
f 282/377/313 293/395/313 292/394/313
f 283/396/314 275/357/314 285/383/314
f 283/396/314 285/383/314 293/397/314
f 285/383/315 284/382/315 294/398/315
f 285/383/315 294/398/315 295/399/315
f 284/385/316 286/384/316 296/400/316
f 284/385/316 296/400/316 294/401/316
f 286/384/317 287/386/317 297/402/317
f 286/384/317 297/402/317 296/400/317
f 287/386/318 288/387/318 298/403/318
f 287/386/318 298/403/318 297/402/318
f 288/367/319 289/366/319 299/349/319
f 288/367/319 299/349/319 298/348/319
f 289/389/320 290/391/320 300/404/320
f 289/389/320 300/404/320 299/405/320
f 290/393/321 291/392/321 301/406/321
f 290/393/321 301/406/321 300/407/321
f 291/392/322 292/394/322 302/408/322
f 291/392/322 302/408/322 301/406/322
f 292/394/323 293/395/323 303/409/323
f 292/394/323 303/409/323 302/408/323
f 293/381/324 285/380/324 295/345/324
f 293/381/324 295/345/324 303/353/324
f 295/345/325 294/344/325 304/343/325
f 294/344/326 296/346/326 304/343/326
f 296/346/327 297/347/327 304/343/327
f 297/347/328 298/348/328 304/343/328
f 298/348/329 299/349/329 304/343/329
f 299/349/330 300/350/330 304/343/330
f 300/350/331 301/351/331 304/343/331
f 301/351/332 302/352/332 304/343/332
f 302/352/333 303/353/333 304/343/333
f 303/353/334 295/345/334 304/343/334
f 305/410/335 306/411/335 307/412/335
f 305/410/335 307/412/335 308/413/335
f 306/414/336 309/415/336 310/416/336
f 306/414/336 310/416/336 307/417/336
f 309/418/337 311/419/337 312/420/337
f 309/418/337 312/420/337 310/421/337
f 311/422/338 313/423/338 314/424/338
f 311/422/338 314/424/338 312/425/338
f 313/423/339 315/426/339 316/427/339
f 313/423/339 316/427/339 314/424/339
f 315/428/340 305/429/340 308/430/340
f 315/428/340 308/430/340 316/431/340
f 308/413/341 307/412/341 317/432/341
f 307/412/342 310/433/342 317/432/342
f 310/433/343 312/434/343 317/432/343
f 312/434/344 314/435/344 317/432/344
f 314/435/345 316/436/345 317/432/345
f 316/436/346 308/413/346 317/432/346
f 318/437/347 319/438/347 320/439/347
f 318/437/347 320/439/347 321/440/347
f 319/441/348 322/442/348 323/443/348
f 319/441/348 323/443/348 320/444/348
f 322/442/349 324/445/349 325/446/349
f 322/442/349 325/446/349 323/443/349
f 324/447/350 326/448/350 327/449/350
f 324/447/350 327/449/350 325/450/350
f 326/451/351 328/452/351 329/453/351
f 326/451/351 329/453/351 327/454/351
f 328/452/352 318/455/352 321/456/352
f 328/452/352 321/456/352 329/453/352
f 321/457/353 320/444/353 330/458/353
f 320/444/354 323/443/354 330/458/354
f 323/443/355 325/446/355 330/458/355
f 325/446/356 327/459/356 330/458/356
f 327/454/357 329/453/357 330/460/357
f 329/453/358 321/456/358 330/460/358
f 331/461/359 332/462/359 333/463/359
f 331/461/359 333/463/359 334/464/359
f 332/465/360 335/466/360 336/467/360
f 332/465/360 336/467/360 333/468/360
f 335/466/361 337/469/361 338/470/361
f 335/466/361 338/470/361 336/467/361
f 337/471/362 339/472/362 340/473/362
f 337/471/362 340/473/362 338/474/362
f 339/475/363 341/476/363 342/477/363
f 339/475/363 342/477/363 340/478/363
f 341/479/364 331/461/364 334/464/364
f 341/479/364 334/464/364 342/480/364
f 334/481/365 333/482/365 343/483/365
f 333/468/366 336/467/366 343/484/366
f 336/467/367 338/470/367 343/484/367
f 338/485/368 340/478/368 343/483/368
f 340/478/369 342/477/369 343/483/369
f 342/477/370 334/481/370 343/483/370
f 344/486/371 345/487/371 346/488/371
f 344/486/372 347/489/372 345/487/372
f 344/486/373 348/490/373 347/489/373
f 344/486/374 349/491/374 348/490/374
f 344/486/375 350/492/375 349/491/375
f 344/486/376 351/493/376 350/492/376
f 344/486/377 352/494/377 351/493/377
f 344/486/378 353/495/378 352/494/378
f 344/486/379 354/496/379 353/495/379
f 344/486/380 346/488/380 354/496/380
f 346/488/381 345/487/381 355/497/381
f 346/488/381 355/497/381 356/498/381
f 345/487/382 347/489/382 357/499/382
f 345/487/382 357/499/382 355/497/382
f 347/489/383 348/490/383 358/500/383
f 347/489/383 358/500/383 357/499/383
f 348/490/384 349/491/384 359/501/384
f 348/490/384 359/501/384 358/500/384
f 349/491/385 350/492/385 360/502/385
f 349/491/385 360/502/385 359/501/385
f 350/492/386 351/493/386 361/503/386
f 350/492/386 361/503/386 360/502/386
f 351/493/387 352/494/387 362/504/387
f 351/493/387 362/504/387 361/503/387
f 352/494/388 353/495/388 363/505/388
f 352/494/388 363/505/388 362/504/388
f 353/495/389 354/496/389 364/506/389
f 353/495/389 364/506/389 363/505/389
f 354/496/390 346/488/390 356/498/390
f 354/496/390 356/498/390 364/506/390
f 356/507/391 355/508/391 365/509/391
f 356/507/391 365/509/391 366/510/391
f 355/508/392 357/511/392 367/512/392
f 355/508/392 367/512/392 365/509/392
f 357/513/393 358/514/393 368/515/393
f 357/513/393 368/515/393 367/516/393
f 358/514/394 359/517/394 369/518/394
f 358/514/394 369/518/394 368/515/394
f 359/517/395 360/519/395 370/520/395
f 359/517/395 370/520/395 369/518/395
f 360/521/396 361/522/396 371/523/396
f 360/521/396 371/523/396 370/524/396
f 361/522/397 362/525/397 372/526/397
f 361/522/397 372/526/397 371/523/397
f 362/527/398 363/528/398 373/529/398
f 362/527/398 373/529/398 372/530/398
f 363/528/399 364/531/399 374/532/399
f 363/528/399 374/532/399 373/529/399
f 364/531/400 356/533/400 366/534/400
f 364/531/400 366/534/400 374/532/400
f 366/498/401 365/497/401 375/487/401
f 366/498/401 375/487/401 376/488/401
f 365/497/402 367/499/402 377/489/402
f 365/497/402 377/489/402 375/487/402
f 367/499/403 368/500/403 378/490/403
f 367/499/403 378/490/403 377/489/403
f 368/500/404 369/501/404 379/491/404
f 368/500/404 379/491/404 378/490/404
f 369/501/405 370/502/405 380/492/405
f 369/501/405 380/492/405 379/491/405
f 370/502/406 371/503/406 381/493/406
f 370/502/406 381/493/406 380/492/406
f 371/503/407 372/504/407 382/494/407
f 371/503/407 382/494/407 381/493/407
f 372/504/408 373/505/408 383/495/408
f 372/504/408 383/495/408 382/494/408
f 373/505/409 374/506/409 384/496/409
f 373/505/409 384/496/409 383/495/409
f 374/506/410 366/498/410 376/488/410
f 374/506/410 376/488/410 384/496/410
f 376/488/411 375/487/411 385/486/411
f 375/487/412 377/489/412 385/486/412
f 377/489/413 378/490/413 385/486/413
f 378/490/414 379/491/414 385/486/414
f 379/491/415 380/492/415 385/486/415
f 380/492/416 381/493/416 385/486/416
f 381/493/417 382/494/417 385/486/417
f 382/494/418 383/495/418 385/486/418
f 383/495/419 384/496/419 385/486/419
f 384/496/420 376/488/420 385/486/420
f 386/535/421 387/536/421 388/537/421
f 386/535/421 388/537/421 389/538/421
f 387/539/422 390/540/422 391/541/422
f 387/539/422 391/541/422 388/542/422
f 390/543/423 392/544/423 393/545/423
f 390/543/423 393/545/423 391/546/423
f 392/547/424 394/548/424 395/549/424
f 392/547/424 395/549/424 393/550/424
f 394/548/425 396/551/425 397/552/425
f 394/548/425 397/552/425 395/549/425
f 396/553/426 386/535/426 389/538/426
f 396/553/426 389/538/426 397/554/426
f 389/538/427 388/537/427 398/555/427
f 388/556/428 391/546/428 398/557/428
f 391/546/429 393/545/429 398/557/429
f 393/545/430 395/558/430 398/557/430
f 395/549/431 397/552/431 398/559/431
f 397/554/432 389/538/432 398/555/432
f 399/560/433 400/561/433 401/562/433
f 399/560/433 401/562/433 402/563/433
f 400/561/434 403/564/434 404/565/434
f 400/561/434 404/565/434 401/562/434
f 403/566/435 405/567/435 406/568/435
f 403/566/435 406/568/435 404/569/435
f 405/567/436 407/570/436 408/571/436
f 405/567/436 408/571/436 406/568/436
f 407/572/437 409/573/437 410/574/437
f 407/572/437 410/574/437 408/575/437
f 409/576/438 399/577/438 402/578/438
f 409/576/438 402/578/438 410/579/438
f 402/578/439 401/580/439 411/581/439
f 401/580/440 404/582/440 411/581/440
f 404/569/441 406/568/441 411/583/441
f 406/568/442 408/571/442 411/583/442
f 408/584/443 410/579/443 411/581/443
f 410/579/444 402/578/444 411/581/444
f 412/585/445 413/586/445 414/587/445
f 412/585/445 414/587/445 415/588/445
f 413/586/446 416/589/446 417/590/446
f 413/586/446 417/590/446 414/587/446
f 416/591/447 418/592/447 419/593/447
f 416/591/447 419/593/447 417/594/447
f 418/592/448 420/595/448 421/596/448
f 418/592/448 421/596/448 419/593/448
f 420/597/449 422/598/449 423/599/449
f 420/597/449 423/599/449 421/600/449
f 422/598/450 412/601/450 415/602/450
f 422/598/450 415/602/450 423/599/450
f 415/588/451 414/587/451 424/603/451
f 414/604/452 417/594/452 424/605/452
f 417/594/453 419/593/453 424/605/453
f 419/593/454 421/596/454 424/605/454
f 421/600/455 423/599/455 424/606/455
f 423/599/456 415/602/456 424/606/456
f 425/607/457 426/608/457 427/609/457
f 425/607/458 428/610/458 426/608/458
f 425/607/459 429/611/459 428/610/459
f 425/607/460 430/612/460 429/611/460
f 425/607/461 431/613/461 430/612/461
f 425/607/462 432/614/462 431/613/462
f 425/607/463 433/615/463 432/614/463
f 425/607/464 434/616/464 433/615/464
f 425/607/465 435/617/465 434/616/465
f 425/607/466 427/609/466 435/617/466
f 427/609/467 426/608/467 436/618/467
f 427/609/467 436/618/467 437/619/467
f 426/608/468 428/610/468 438/620/468
f 426/608/468 438/620/468 436/618/468
f 428/610/469 429/611/469 439/621/469
f 428/610/469 439/621/469 438/620/469
f 429/611/470 430/612/470 440/622/470
f 429/611/470 440/622/470 439/621/470
f 430/612/471 431/613/471 441/623/471
f 430/612/471 441/623/471 440/622/471
f 431/613/472 432/614/472 442/624/472
f 431/613/472 442/624/472 441/623/472
f 432/614/473 433/615/473 443/625/473
f 432/614/473 443/625/473 442/624/473
f 433/615/474 434/616/474 444/626/474
f 433/615/474 444/626/474 443/625/474
f 434/616/475 435/617/475 445/627/475
f 434/616/475 445/627/475 444/626/475
f 435/617/476 427/609/476 437/619/476
f 435/617/476 437/619/476 445/627/476
f 437/628/477 436/629/477 446/630/477
f 437/628/477 446/630/477 447/631/477
f 436/629/478 438/632/478 448/633/478
f 436/629/478 448/633/478 446/630/478
f 438/634/479 439/635/479 449/636/479
f 438/634/479 449/636/479 448/637/479
f 439/635/480 440/638/480 450/639/480
f 439/635/480 450/639/480 449/636/480
f 440/640/481 441/641/481 451/642/481
f 440/640/481 451/642/481 450/643/481
f 441/641/482 442/644/482 452/645/482
f 441/641/482 452/645/482 451/642/482
f 442/644/483 443/646/483 453/647/483
f 442/644/483 453/647/483 452/645/483
f 443/648/484 444/649/484 454/650/484
f 443/648/484 454/650/484 453/651/484
f 444/649/485 445/652/485 455/653/485
f 444/649/485 455/653/485 454/650/485
f 445/654/486 437/628/486 447/631/486
f 445/654/486 447/631/486 455/655/486
f 447/619/487 446/618/487 456/608/487
f 447/619/487 456/608/487 457/609/487
f 446/618/488 448/620/488 458/610/488
f 446/618/488 458/610/488 456/608/488
f 448/620/489 449/621/489 459/611/489
f 448/620/489 459/611/489 458/610/489
f 449/621/490 450/622/490 460/612/490
f 449/621/490 460/612/490 459/611/490
f 450/622/491 451/623/491 461/613/491
f 450/622/491 461/613/491 460/612/491
f 451/623/492 452/624/492 462/614/492
f 451/623/492 462/614/492 461/613/492
f 452/624/493 453/625/493 463/615/493
f 452/624/493 463/615/493 462/614/493
f 453/625/494 454/626/494 464/616/494
f 453/625/494 464/616/494 463/615/494
f 454/626/495 455/627/495 465/617/495
f 454/626/495 465/617/495 464/616/495
f 455/627/496 447/619/496 457/609/496
f 455/627/496 457/609/496 465/617/496
f 457/609/497 456/608/497 466/607/497
f 456/608/498 458/610/498 466/607/498
f 458/610/499 459/611/499 466/607/499
f 459/611/500 460/612/500 466/607/500
f 460/612/501 461/613/501 466/607/501
f 461/613/502 462/614/502 466/607/502
f 462/614/503 463/615/503 466/607/503
f 463/615/504 464/616/504 466/607/504
f 464/616/505 465/617/505 466/607/505
f 465/617/506 457/609/506 466/607/506
f 467/656/507 468/657/507 469/658/507
f 467/656/507 469/658/507 470/659/507
f 468/660/508 471/661/508 472/662/508
f 468/660/508 472/662/508 469/663/508
f 471/661/509 473/664/509 474/665/509
f 471/661/509 474/665/509 472/662/509
f 473/666/510 475/667/510 476/668/510
f 473/666/510 476/668/510 474/669/510
f 475/670/511 477/671/511 478/672/511
f 475/670/511 478/672/511 476/673/511
f 477/671/512 467/674/512 470/675/512
f 477/671/512 470/675/512 478/672/512
f 470/676/513 469/677/513 479/678/513
f 469/677/514 472/679/514 479/678/514
f 472/679/515 474/680/515 479/678/515
f 474/680/516 476/681/516 479/678/516
f 476/681/517 478/682/517 479/678/517
f 478/682/518 470/676/518 479/678/518
f 480/683/519 481/684/519 482/685/519
f 480/683/519 482/685/519 483/686/519
f 481/684/520 484/687/520 485/688/520
f 481/684/520 485/688/520 482/685/520
f 484/689/521 486/690/521 487/691/521
f 484/689/521 487/691/521 485/692/521
f 486/693/522 488/694/522 489/695/522
f 486/693/522 489/695/522 487/696/522
f 488/694/523 490/697/523 491/698/523
f 488/694/523 491/698/523 489/695/523
f 490/699/524 480/700/524 483/701/524
f 490/699/524 483/701/524 491/702/524
f 483/703/525 482/704/525 492/705/525
f 482/704/526 485/706/526 492/705/526
f 485/706/527 487/707/527 492/705/527
f 487/707/528 489/708/528 492/705/528
f 489/708/529 491/709/529 492/705/529
f 491/709/530 483/703/530 492/705/530
f 493/710/531 494/711/531 495/712/531
f 493/710/531 495/712/531 496/713/531
f 494/714/532 497/715/532 498/716/532
f 494/714/532 498/716/532 495/717/532
f 497/715/533 499/718/533 500/719/533
f 497/715/533 500/719/533 498/716/533
f 499/720/534 501/721/534 502/722/534
f 499/720/534 502/722/534 500/723/534
f 501/724/535 503/725/535 504/726/535
f 501/724/535 504/726/535 502/727/535
f 503/728/536 493/729/536 496/730/536
f 503/728/536 496/730/536 504/731/536
f 496/713/537 495/712/537 505/732/537
f 495/717/538 498/716/538 505/733/538
f 498/734/539 500/735/539 505/736/539
f 500/735/540 502/727/540 505/736/540
f 502/727/541 504/726/541 505/736/541
f 504/726/542 496/737/542 505/736/542
f 506/738/543 507/739/543 508/740/543
f 506/738/543 509/741/543 507/739/543
f 506/738/543 510/742/543 509/741/543
f 506/738/543 511/743/543 510/742/543
f 506/738/543 512/744/543 511/743/543
f 506/738/543 508/740/543 512/744/543
f 508/745/544 507/746/544 513/747/544
f 508/745/544 513/747/544 514/748/544
f 507/749/545 509/750/545 515/751/545
f 507/749/545 515/751/545 513/752/545
f 509/753/546 510/754/546 516/755/546
f 509/753/546 516/755/546 515/756/546
f 510/754/547 511/757/547 517/758/547
f 510/754/547 517/758/547 516/755/547
f 511/759/548 512/760/548 518/761/548
f 511/759/548 518/761/548 517/762/548
f 512/763/549 508/745/549 514/748/549
f 512/763/549 514/748/549 518/764/549
f 514/765/550 513/766/550 519/767/550
f 513/766/550 515/768/550 519/767/550
f 515/768/550 516/769/550 519/767/550
f 516/769/550 517/770/550 519/767/550
f 517/770/550 518/771/550 519/767/550
f 518/771/550 514/765/550 519/767/550
f 520/772/551 521/773/551 522/774/551
f 520/772/551 523/775/551 521/773/551
f 520/772/551 524/776/551 523/775/551
f 520/772/551 525/777/551 524/776/551
f 520/772/551 526/778/551 525/777/551
f 520/772/551 522/774/551 526/778/551
f 522/779/552 521/780/552 527/781/552
f 522/779/552 527/781/552 528/782/552
f 521/783/553 523/784/553 529/785/553
f 521/783/553 529/785/553 527/786/553
f 523/787/554 524/788/554 530/789/554
f 523/787/554 530/789/554 529/790/554
f 524/788/555 525/791/555 531/792/555
f 524/788/555 531/792/555 530/789/555
f 525/793/556 526/794/556 532/795/556
f 525/793/556 532/795/556 531/796/556
f 526/797/557 522/779/557 528/782/557
f 526/797/557 528/782/557 532/798/557
f 528/799/558 527/800/558 533/801/558
f 527/800/558 529/802/558 533/801/558
f 529/802/558 530/803/558 533/801/558
f 530/803/558 531/804/558 533/801/558
f 531/804/558 532/805/558 533/801/558
f 532/805/558 528/799/558 533/801/558
f 534/806/559 535/807/559 536/808/559
f 534/806/559 537/809/559 535/807/559
f 534/806/559 538/810/559 537/809/559
f 534/806/559 539/811/559 538/810/559
f 534/806/559 540/812/559 539/811/559
f 534/806/559 536/808/559 540/812/559
f 536/813/560 535/814/560 541/815/560
f 536/813/560 541/815/560 542/816/560
f 535/817/561 537/818/561 543/819/561
f 535/817/561 543/819/561 541/820/561
f 537/821/562 538/822/562 544/823/562
f 537/821/562 544/823/562 543/824/562
f 538/822/563 539/825/563 545/826/563
f 538/822/563 545/826/563 544/823/563
f 539/827/564 540/828/564 546/829/564
f 539/827/564 546/829/564 545/830/564
f 540/831/565 536/813/565 542/816/565
f 540/831/565 542/816/565 546/832/565
f 542/833/566 541/834/566 547/835/566
f 541/834/566 543/836/566 547/835/566
f 543/836/566 544/837/566 547/835/566
f 544/837/566 545/838/566 547/835/566
f 545/838/566 546/839/566 547/835/566
f 546/839/566 542/833/566 547/835/566
f 548/840/567 549/841/567 550/842/567
f 548/840/567 551/843/567 549/841/567
f 548/840/567 552/844/567 551/843/567
f 548/840/567 553/845/567 552/844/567
f 548/840/567 554/846/567 553/845/567
f 548/840/567 550/842/567 554/846/567
f 550/847/568 549/848/568 555/849/568
f 550/847/568 555/849/568 556/850/568
f 549/851/569 551/852/569 557/853/569
f 549/851/569 557/853/569 555/854/569
f 551/855/570 552/856/570 558/857/570
f 551/855/570 558/857/570 557/858/570
f 552/856/571 553/859/571 559/860/571
f 552/856/571 559/860/571 558/857/571
f 553/861/572 554/862/572 560/863/572
f 553/861/572 560/863/572 559/864/572
f 554/865/573 550/847/573 556/850/573
f 554/865/573 556/850/573 560/866/573
f 556/867/574 555/868/574 561/869/574
f 555/868/574 557/870/574 561/869/574
f 557/870/574 558/871/574 561/869/574
f 558/871/574 559/872/574 561/869/574
f 559/872/574 560/873/574 561/869/574
f 560/873/574 556/867/574 561/869/574
f 562/874/575 563/875/575 564/876/575
f 562/874/575 565/877/575 563/875/575
f 562/874/575 566/878/575 565/877/575
f 562/874/575 567/879/575 566/878/575
f 562/874/575 568/880/575 567/879/575
f 562/874/575 564/876/575 568/880/575
f 564/881/576 563/882/576 569/883/576
f 564/881/576 569/883/576 570/884/576
f 563/885/577 565/886/577 571/887/577
f 563/885/577 571/887/577 569/888/577
f 565/889/578 566/890/578 572/891/578
f 565/889/578 572/891/578 571/892/578
f 566/890/579 567/893/579 573/894/579
f 566/890/579 573/894/579 572/891/579
f 567/895/580 568/896/580 574/897/580
f 567/895/580 574/897/580 573/898/580
f 568/899/581 564/881/581 570/884/581
f 568/899/581 570/884/581 574/900/581
f 570/901/582 569/902/582 575/903/582
f 569/902/582 571/904/582 575/903/582
f 571/904/582 572/905/582 575/903/582
f 572/905/582 573/906/582 575/903/582
f 573/906/582 574/907/582 575/903/582
f 574/907/582 570/901/582 575/903/582
f 576/908/583 577/909/583 578/910/583
f 576/908/583 579/911/583 577/909/583
f 576/908/583 580/912/583 579/911/583
f 576/908/583 581/913/583 580/912/583
f 576/908/583 582/914/583 581/913/583
f 576/908/583 578/910/583 582/914/583
f 578/915/584 577/916/584 583/917/584
f 578/915/584 583/917/584 584/918/584
f 577/919/585 579/920/585 585/921/585
f 577/919/585 585/921/585 583/922/585
f 579/923/586 580/924/586 586/925/586
f 579/923/586 586/925/586 585/926/586
f 580/924/587 581/927/587 587/928/587
f 580/924/587 587/928/587 586/925/587
f 581/929/588 582/930/588 588/931/588
f 581/929/588 588/931/588 587/932/588
f 582/933/589 578/915/589 584/918/589
f 582/933/589 584/918/589 588/934/589
f 584/935/590 583/936/590 589/937/590
f 583/936/590 585/938/590 589/937/590
f 585/938/590 586/939/590 589/937/590
f 586/939/590 587/940/590 589/937/590
f 587/940/590 588/941/590 589/937/590
f 588/941/590 584/935/590 589/937/590
f 590/942/591 591/943/591 592/944/591
f 590/942/591 593/945/591 591/943/591
f 590/942/591 594/946/591 593/945/591
f 590/942/591 595/947/591 594/946/591
f 590/942/591 596/948/591 595/947/591
f 590/942/591 592/944/591 596/948/591
f 592/949/592 591/950/592 597/951/592
f 592/949/592 597/951/592 598/952/592
f 591/953/593 593/954/593 599/955/593
f 591/953/593 599/955/593 597/956/593
f 593/957/594 594/958/594 600/959/594
f 593/957/594 600/959/594 599/960/594
f 594/958/595 595/961/595 601/962/595
f 594/958/595 601/962/595 600/959/595
f 595/963/596 596/964/596 602/965/596
f 595/963/596 602/965/596 601/966/596
f 596/967/597 592/949/597 598/952/597
f 596/967/597 598/952/597 602/968/597
f 598/969/598 597/970/598 603/971/598
f 597/970/598 599/972/598 603/971/598
f 599/972/598 600/973/598 603/971/598
f 600/973/598 601/974/598 603/971/598
f 601/974/598 602/975/598 603/971/598
f 602/975/598 598/969/598 603/971/598
f 604/976/599 605/977/599 606/978/599
f 604/976/599 607/979/599 605/977/599
f 604/976/599 608/980/599 607/979/599
f 604/976/599 609/981/599 608/980/599
f 604/976/599 610/982/599 609/981/599
f 604/976/599 606/978/599 610/982/599
f 606/983/600 605/984/600 611/985/600
f 606/983/600 611/985/600 612/986/600
f 605/987/601 607/988/601 613/989/601
f 605/987/601 613/989/601 611/990/601
f 607/991/602 608/992/602 614/993/602
f 607/991/602 614/993/602 613/994/602
f 608/992/603 609/995/603 615/996/603
f 608/992/603 615/996/603 614/993/603
f 609/997/604 610/998/604 616/999/604
f 609/997/604 616/999/604 615/1000/604
f 610/1001/605 606/983/605 612/986/605
f 610/1001/605 612/986/605 616/1002/605
f 612/1003/606 611/1004/606 617/1005/606
f 611/1004/606 613/1006/606 617/1005/606
f 613/1006/606 614/1007/606 617/1005/606
f 614/1007/606 615/1008/606 617/1005/606
f 615/1008/606 616/1009/606 617/1005/606
f 616/1009/606 612/1003/606 617/1005/606
f 618/1010/607 619/1011/607 620/1012/607
f 618/1010/608 621/1013/608 619/1011/608
f 618/1010/609 622/1014/609 621/1013/609
f 618/1010/610 623/1015/610 622/1014/610
f 618/1010/611 624/1016/611 623/1015/611
f 618/1010/612 625/1017/612 624/1016/612
f 618/1010/613 626/1018/613 625/1017/613
f 618/1010/614 627/1019/614 626/1018/614
f 618/1010/615 628/1020/615 627/1019/615
f 618/1010/616 620/1012/616 628/1020/616
f 620/1012/617 619/1011/617 629/1021/617
f 620/1012/617 629/1021/617 630/1022/617
f 619/1011/618 621/1013/618 631/1023/618
f 619/1011/618 631/1023/618 629/1021/618
f 621/1013/619 622/1014/619 632/1024/619
f 621/1013/619 632/1024/619 631/1023/619
f 622/1014/620 623/1015/620 633/1025/620
f 622/1014/620 633/1025/620 632/1024/620
f 623/1015/621 624/1016/621 634/1026/621
f 623/1015/621 634/1026/621 633/1025/621
f 624/1016/622 625/1017/622 635/1027/622
f 624/1016/622 635/1027/622 634/1026/622
f 625/1017/623 626/1018/623 636/1028/623
f 625/1017/623 636/1028/623 635/1027/623
f 626/1018/624 627/1019/624 637/1029/624
f 626/1018/624 637/1029/624 636/1028/624
f 627/1019/625 628/1020/625 638/1030/625
f 627/1019/625 638/1030/625 637/1029/625
f 628/1020/626 620/1012/626 630/1022/626
f 628/1020/626 630/1022/626 638/1030/626
f 630/1031/627 629/1032/627 639/1033/627
f 630/1031/627 639/1033/627 640/1034/627
f 629/1035/628 631/1036/628 641/1037/628
f 629/1035/628 641/1037/628 639/1038/628
f 631/1036/629 632/1039/629 642/1040/629
f 631/1036/629 642/1040/629 641/1037/629
f 632/1039/630 633/1041/630 643/1042/630
f 632/1039/630 643/1042/630 642/1040/630
f 633/1043/631 634/1044/631 644/1045/631
f 633/1043/631 644/1045/631 643/1046/631
f 634/1044/632 635/1047/632 645/1048/632
f 634/1044/632 645/1048/632 644/1045/632
f 635/1041/633 636/1039/633 646/1040/633
f 635/1041/633 646/1040/633 645/1042/633
f 636/1039/634 637/1036/634 647/1037/634
f 636/1039/634 647/1037/634 646/1040/634
f 637/1036/635 638/1035/635 648/1038/635
f 637/1036/635 648/1038/635 647/1037/635
f 638/1049/636 630/1031/636 640/1034/636
f 638/1049/636 640/1034/636 648/1050/636
f 640/1034/637 639/1033/637 649/1051/637
f 640/1034/637 649/1051/637 650/1052/637
f 639/1038/638 641/1037/638 651/1053/638
f 639/1038/638 651/1053/638 649/1054/638
f 641/1037/639 642/1040/639 652/1055/639
f 641/1037/639 652/1055/639 651/1053/639
f 642/1040/640 643/1042/640 653/1056/640
f 642/1040/640 653/1056/640 652/1055/640
f 643/1046/641 644/1045/641 654/1057/641
f 643/1046/641 654/1057/641 653/1058/641
f 644/1045/642 645/1048/642 655/1059/642
f 644/1045/642 655/1059/642 654/1057/642
f 645/1042/643 646/1040/643 656/1055/643
f 645/1042/643 656/1055/643 655/1056/643
f 646/1040/644 647/1037/644 657/1053/644
f 646/1040/644 657/1053/644 656/1055/644
f 647/1037/645 648/1038/645 658/1054/645
f 647/1037/645 658/1054/645 657/1053/645
f 648/1050/646 640/1034/646 650/1052/646
f 648/1050/646 650/1052/646 658/1060/646
f 650/1022/647 649/1021/647 659/1011/647
f 650/1022/647 659/1011/647 660/1012/647
f 649/1021/648 651/1023/648 661/1013/648
f 649/1021/648 661/1013/648 659/1011/648
f 651/1023/649 652/1024/649 662/1014/649
f 651/1023/649 662/1014/649 661/1013/649
f 652/1024/650 653/1025/650 663/1015/650
f 652/1024/650 663/1015/650 662/1014/650
f 653/1025/651 654/1026/651 664/1016/651
f 653/1025/651 664/1016/651 663/1015/651
f 654/1026/652 655/1027/652 665/1017/652
f 654/1026/652 665/1017/652 664/1016/652
f 655/1027/653 656/1028/653 666/1018/653
f 655/1027/653 666/1018/653 665/1017/653
f 656/1028/654 657/1029/654 667/1019/654
f 656/1028/654 667/1019/654 666/1018/654
f 657/1029/655 658/1030/655 668/1020/655
f 657/1029/655 668/1020/655 667/1019/655
f 658/1030/656 650/1022/656 660/1012/656
f 658/1030/656 660/1012/656 668/1020/656
f 660/1012/657 659/1011/657 669/1010/657
f 659/1011/658 661/1013/658 669/1010/658
f 661/1013/659 662/1014/659 669/1010/659
f 662/1014/660 663/1015/660 669/1010/660
f 663/1015/661 664/1016/661 669/1010/661
f 664/1016/662 665/1017/662 669/1010/662
f 665/1017/663 666/1018/663 669/1010/663
f 666/1018/664 667/1019/664 669/1010/664
f 667/1019/665 668/1020/665 669/1010/665
f 668/1020/666 660/1012/666 669/1010/666
f 670/1061/667 671/1062/667 672/1063/667
f 670/1061/668 673/1064/668 671/1062/668
f 670/1061/669 674/1065/669 673/1064/669
f 670/1061/670 675/1066/670 674/1065/670
f 670/1061/671 676/1067/671 675/1066/671
f 670/1061/672 677/1068/672 676/1067/672
f 670/1061/673 678/1069/673 677/1068/673
f 670/1061/674 679/1070/674 678/1069/674
f 670/1061/675 680/1071/675 679/1070/675
f 670/1061/676 672/1063/676 680/1071/676
f 672/1063/677 671/1062/677 681/1072/677
f 672/1063/677 681/1072/677 682/1073/677
f 671/1062/678 673/1064/678 683/1074/678
f 671/1062/678 683/1074/678 681/1072/678
f 673/1064/679 674/1065/679 684/1075/679
f 673/1064/679 684/1075/679 683/1074/679
f 674/1065/680 675/1066/680 685/1076/680
f 674/1065/680 685/1076/680 684/1075/680
f 675/1066/681 676/1067/681 686/1077/681
f 675/1066/681 686/1077/681 685/1076/681
f 676/1067/682 677/1068/682 687/1078/682
f 676/1067/682 687/1078/682 686/1077/682
f 677/1068/683 678/1069/683 688/1079/683
f 677/1068/683 688/1079/683 687/1078/683
f 678/1069/684 679/1070/684 689/1080/684
f 678/1069/684 689/1080/684 688/1079/684
f 679/1070/685 680/1071/685 690/1081/685
f 679/1070/685 690/1081/685 689/1080/685
f 680/1071/686 672/1063/686 682/1073/686
f 680/1071/686 682/1073/686 690/1081/686
f 682/1082/687 681/1083/687 691/1084/687
f 682/1082/687 691/1084/687 692/1085/687
f 681/1086/688 683/1087/688 693/1088/688
f 681/1086/688 693/1088/688 691/1089/688
f 683/1087/689 684/1090/689 694/1091/689
f 683/1087/689 694/1091/689 693/1088/689
f 684/1090/690 685/1092/690 695/1093/690
f 684/1090/690 695/1093/690 694/1091/690
f 685/1094/691 686/1095/691 696/1096/691
f 685/1094/691 696/1096/691 695/1097/691
f 686/1095/692 687/1098/692 697/1099/692
f 686/1095/692 697/1099/692 696/1096/692
f 687/1092/693 688/1090/693 698/1091/693
f 687/1092/693 698/1091/693 697/1093/693
f 688/1090/694 689/1087/694 699/1088/694
f 688/1090/694 699/1088/694 698/1091/694
f 689/1087/695 690/1086/695 700/1089/695
f 689/1087/695 700/1089/695 699/1088/695
f 690/1100/696 682/1082/696 692/1085/696
f 690/1100/696 692/1085/696 700/1101/696
f 692/1085/697 691/1084/697 701/1102/697
f 692/1085/697 701/1102/697 702/1103/697
f 691/1089/698 693/1088/698 703/1104/698
f 691/1089/698 703/1104/698 701/1105/698
f 693/1088/699 694/1091/699 704/1106/699
f 693/1088/699 704/1106/699 703/1104/699
f 694/1091/700 695/1093/700 705/1107/700
f 694/1091/700 705/1107/700 704/1106/700
f 695/1097/701 696/1096/701 706/1108/701
f 695/1097/701 706/1108/701 705/1109/701
f 696/1096/702 697/1099/702 707/1110/702
f 696/1096/702 707/1110/702 706/1108/702
f 697/1093/703 698/1091/703 708/1106/703
f 697/1093/703 708/1106/703 707/1107/703
f 698/1091/704 699/1088/704 709/1104/704
f 698/1091/704 709/1104/704 708/1106/704
f 699/1088/705 700/1089/705 710/1105/705
f 699/1088/705 710/1105/705 709/1104/705
f 700/1101/706 692/1085/706 702/1103/706
f 700/1101/706 702/1103/706 710/1111/706
f 702/1073/707 701/1072/707 711/1062/707
f 702/1073/707 711/1062/707 712/1063/707
f 701/1072/708 703/1074/708 713/1064/708
f 701/1072/708 713/1064/708 711/1062/708
f 703/1074/709 704/1075/709 714/1065/709
f 703/1074/709 714/1065/709 713/1064/709
f 704/1075/710 705/1076/710 715/1066/710
f 704/1075/710 715/1066/710 714/1065/710
f 705/1076/711 706/1077/711 716/1067/711
f 705/1076/711 716/1067/711 715/1066/711
f 706/1077/712 707/1078/712 717/1068/712
f 706/1077/712 717/1068/712 716/1067/712
f 707/1078/713 708/1079/713 718/1069/713
f 707/1078/713 718/1069/713 717/1068/713
f 708/1079/714 709/1080/714 719/1070/714
f 708/1079/714 719/1070/714 718/1069/714
f 709/1080/715 710/1081/715 720/1071/715
f 709/1080/715 720/1071/715 719/1070/715
f 710/1081/716 702/1073/716 712/1063/716
f 710/1081/716 712/1063/716 720/1071/716
f 712/1063/717 711/1062/717 721/1061/717
f 711/1062/718 713/1064/718 721/1061/718
f 713/1064/719 714/1065/719 721/1061/719
f 714/1065/720 715/1066/720 721/1061/720
f 715/1066/721 716/1067/721 721/1061/721
f 716/1067/722 717/1068/722 721/1061/722
f 717/1068/723 718/1069/723 721/1061/723
f 718/1069/724 719/1070/724 721/1061/724
f 719/1070/725 720/1071/725 721/1061/725
f 720/1071/726 712/1063/726 721/1061/726
f 722/1112/727 723/1113/727 724/1114/727
f 722/1112/728 725/1115/728 723/1113/728
f 722/1112/729 726/1116/729 725/1115/729
f 722/1112/730 727/1117/730 726/1116/730
f 722/1112/731 728/1118/731 727/1117/731
f 722/1112/732 729/1119/732 728/1118/732
f 722/1112/733 730/1120/733 729/1119/733
f 722/1112/734 731/1121/734 730/1120/734
f 722/1112/735 732/1122/735 731/1121/735
f 722/1112/736 724/1114/736 732/1122/736
f 724/1114/737 723/1113/737 733/1123/737
f 724/1114/737 733/1123/737 734/1124/737
f 723/1113/738 725/1115/738 735/1125/738
f 723/1113/738 735/1125/738 733/1123/738
f 725/1115/739 726/1116/739 736/1126/739
f 725/1115/739 736/1126/739 735/1125/739
f 726/1116/740 727/1117/740 737/1127/740
f 726/1116/740 737/1127/740 736/1126/740
f 727/1117/741 728/1118/741 738/1128/741
f 727/1117/741 738/1128/741 737/1127/741
f 728/1118/742 729/1119/742 739/1129/742
f 728/1118/742 739/1129/742 738/1128/742
f 729/1119/743 730/1120/743 740/1130/743
f 729/1119/743 740/1130/743 739/1129/743
f 730/1120/744 731/1121/744 741/1131/744
f 730/1120/744 741/1131/744 740/1130/744
f 731/1121/745 732/1122/745 742/1132/745
f 731/1121/745 742/1132/745 741/1131/745
f 732/1122/746 724/1114/746 734/1124/746
f 732/1122/746 734/1124/746 742/1132/746
f 734/1133/747 733/1134/747 743/1135/747
f 734/1133/747 743/1135/747 744/1136/747
f 733/1137/748 735/1138/748 745/1139/748
f 733/1137/748 745/1139/748 743/1140/748
f 735/1138/749 736/1141/749 746/1142/749
f 735/1138/749 746/1142/749 745/1139/749
f 736/1141/750 737/1143/750 747/1144/750
f 736/1141/750 747/1144/750 746/1142/750
f 737/1145/751 738/1146/751 748/1147/751
f 737/1145/751 748/1147/751 747/1148/751
f 738/1146/752 739/1149/752 749/1150/752
f 738/1146/752 749/1150/752 748/1147/752
f 739/1143/753 740/1141/753 750/1142/753
f 739/1143/753 750/1142/753 749/1144/753
f 740/1141/754 741/1138/754 751/1139/754
f 740/1141/754 751/1139/754 750/1142/754
f 741/1138/755 742/1137/755 752/1140/755
f 741/1138/755 752/1140/755 751/1139/755
f 742/1151/756 734/1133/756 744/1136/756
f 742/1151/756 744/1136/756 752/1152/756
f 744/1136/757 743/1135/757 753/1153/757
f 744/1136/757 753/1153/757 754/1154/757
f 743/1140/758 745/1139/758 755/1155/758
f 743/1140/758 755/1155/758 753/1156/758
f 745/1139/759 746/1142/759 756/1157/759
f 745/1139/759 756/1157/759 755/1155/759
f 746/1142/760 747/1144/760 757/1158/760
f 746/1142/760 757/1158/760 756/1157/760
f 747/1148/761 748/1147/761 758/1159/761
f 747/1148/761 758/1159/761 757/1160/761
f 748/1147/762 749/1150/762 759/1161/762
f 748/1147/762 759/1161/762 758/1159/762
f 749/1144/763 750/1142/763 760/1157/763
f 749/1144/763 760/1157/763 759/1158/763
f 750/1142/764 751/1139/764 761/1155/764
f 750/1142/764 761/1155/764 760/1157/764
f 751/1139/765 752/1140/765 762/1156/765
f 751/1139/765 762/1156/765 761/1155/765
f 752/1152/766 744/1136/766 754/1154/766
f 752/1152/766 754/1154/766 762/1162/766
f 754/1124/767 753/1123/767 763/1113/767
f 754/1124/767 763/1113/767 764/1114/767
f 753/1123/768 755/1125/768 765/1115/768
f 753/1123/768 765/1115/768 763/1113/768
f 755/1125/769 756/1126/769 766/1116/769
f 755/1125/769 766/1116/769 765/1115/769
f 756/1126/770 757/1127/770 767/1117/770
f 756/1126/770 767/1117/770 766/1116/770
f 757/1127/771 758/1128/771 768/1118/771
f 757/1127/771 768/1118/771 767/1117/771
f 758/1128/772 759/1129/772 769/1119/772
f 758/1128/772 769/1119/772 768/1118/772
f 759/1129/773 760/1130/773 770/1120/773
f 759/1129/773 770/1120/773 769/1119/773
f 760/1130/774 761/1131/774 771/1121/774
f 760/1130/774 771/1121/774 770/1120/774
f 761/1131/775 762/1132/775 772/1122/775
f 761/1131/775 772/1122/775 771/1121/775
f 762/1132/776 754/1124/776 764/1114/776
f 762/1132/776 764/1114/776 772/1122/776
f 764/1114/777 763/1113/777 773/1112/777
f 763/1113/778 765/1115/778 773/1112/778
f 765/1115/779 766/1116/779 773/1112/779
f 766/1116/780 767/1117/780 773/1112/780
f 767/1117/781 768/1118/781 773/1112/781
f 768/1118/782 769/1119/782 773/1112/782
f 769/1119/783 770/1120/783 773/1112/783
f 770/1120/784 771/1121/784 773/1112/784
f 771/1121/785 772/1122/785 773/1112/785
f 772/1122/786 764/1114/786 773/1112/786
f 774/1163/787 775/1164/787 776/1165/787
f 774/1163/788 777/1166/788 775/1164/788
f 774/1163/789 778/1167/789 777/1166/789
f 774/1163/790 779/1168/790 778/1167/790
f 774/1163/791 780/1169/791 779/1168/791
f 774/1163/792 781/1170/792 780/1169/792
f 774/1163/793 782/1171/793 781/1170/793
f 774/1163/794 783/1172/794 782/1171/794
f 774/1163/795 784/1173/795 783/1172/795
f 774/1163/796 776/1165/796 784/1173/796
f 776/1165/797 775/1164/797 785/1174/797
f 776/1165/797 785/1174/797 786/1175/797
f 775/1164/798 777/1166/798 787/1176/798
f 775/1164/798 787/1176/798 785/1174/798
f 777/1166/799 778/1167/799 788/1177/799
f 777/1166/799 788/1177/799 787/1176/799
f 778/1167/800 779/1168/800 789/1178/800
f 778/1167/800 789/1178/800 788/1177/800
f 779/1168/801 780/1169/801 790/1179/801
f 779/1168/801 790/1179/801 789/1178/801
f 780/1169/802 781/1170/802 791/1180/802
f 780/1169/802 791/1180/802 790/1179/802
f 781/1170/803 782/1171/803 792/1181/803
f 781/1170/803 792/1181/803 791/1180/803
f 782/1171/804 783/1172/804 793/1182/804
f 782/1171/804 793/1182/804 792/1181/804
f 783/1172/805 784/1173/805 794/1183/805
f 783/1172/805 794/1183/805 793/1182/805
f 784/1173/806 776/1165/806 786/1175/806
f 784/1173/806 786/1175/806 794/1183/806
f 786/1184/807 785/1185/807 795/1186/807
f 786/1184/807 795/1186/807 796/1187/807
f 785/1188/808 787/1189/808 797/1190/808
f 785/1188/808 797/1190/808 795/1191/808
f 787/1189/809 788/1192/809 798/1193/809
f 787/1189/809 798/1193/809 797/1190/809
f 788/1192/810 789/1194/810 799/1195/810
f 788/1192/810 799/1195/810 798/1193/810
f 789/1196/811 790/1197/811 800/1198/811
f 789/1196/811 800/1198/811 799/1199/811
f 790/1197/812 791/1200/812 801/1201/812
f 790/1197/812 801/1201/812 800/1198/812
f 791/1194/813 792/1192/813 802/1193/813
f 791/1194/813 802/1193/813 801/1195/813
f 792/1192/814 793/1189/814 803/1190/814
f 792/1192/814 803/1190/814 802/1193/814
f 793/1189/815 794/1188/815 804/1191/815
f 793/1189/815 804/1191/815 803/1190/815
f 794/1202/816 786/1184/816 796/1187/816
f 794/1202/816 796/1187/816 804/1203/816
f 796/1187/817 795/1186/817 805/1204/817
f 796/1187/817 805/1204/817 806/1205/817
f 795/1191/818 797/1190/818 807/1206/818
f 795/1191/818 807/1206/818 805/1207/818
f 797/1190/819 798/1193/819 808/1208/819
f 797/1190/819 808/1208/819 807/1206/819
f 798/1193/820 799/1195/820 809/1209/820
f 798/1193/820 809/1209/820 808/1208/820
f 799/1199/821 800/1198/821 810/1210/821
f 799/1199/821 810/1210/821 809/1211/821
f 800/1198/822 801/1201/822 811/1212/822
f 800/1198/822 811/1212/822 810/1210/822
f 801/1195/823 802/1193/823 812/1208/823
f 801/1195/823 812/1208/823 811/1209/823
f 802/1193/824 803/1190/824 813/1206/824
f 802/1193/824 813/1206/824 812/1208/824
f 803/1190/825 804/1191/825 814/1207/825
f 803/1190/825 814/1207/825 813/1206/825
f 804/1203/826 796/1187/826 806/1205/826
f 804/1203/826 806/1205/826 814/1213/826
f 806/1175/827 805/1174/827 815/1164/827
f 806/1175/827 815/1164/827 816/1165/827
f 805/1174/828 807/1176/828 817/1166/828
f 805/1174/828 817/1166/828 815/1164/828
f 807/1176/829 808/1177/829 818/1167/829
f 807/1176/829 818/1167/829 817/1166/829
f 808/1177/830 809/1178/830 819/1168/830
f 808/1177/830 819/1168/830 818/1167/830
f 809/1178/831 810/1179/831 820/1169/831
f 809/1178/831 820/1169/831 819/1168/831
f 810/1179/832 811/1180/832 821/1170/832
f 810/1179/832 821/1170/832 820/1169/832
f 811/1180/833 812/1181/833 822/1171/833
f 811/1180/833 822/1171/833 821/1170/833
f 812/1181/834 813/1182/834 823/1172/834
f 812/1181/834 823/1172/834 822/1171/834
f 813/1182/835 814/1183/835 824/1173/835
f 813/1182/835 824/1173/835 823/1172/835
f 814/1183/836 806/1175/836 816/1165/836
f 814/1183/836 816/1165/836 824/1173/836
f 816/1165/837 815/1164/837 825/1163/837
f 815/1164/838 817/1166/838 825/1163/838
f 817/1166/839 818/1167/839 825/1163/839
f 818/1167/840 819/1168/840 825/1163/840
f 819/1168/841 820/1169/841 825/1163/841
f 820/1169/842 821/1170/842 825/1163/842
f 821/1170/843 822/1171/843 825/1163/843
f 822/1171/844 823/1172/844 825/1163/844
f 823/1172/845 824/1173/845 825/1163/845
f 824/1173/846 816/1165/846 825/1163/846
f 826/1214/847 827/1215/847 828/1216/847
f 826/1214/848 829/1217/848 827/1215/848
f 826/1214/849 830/1218/849 829/1217/849
f 826/1214/850 831/1219/850 830/1218/850
f 826/1214/851 832/1220/851 831/1219/851
f 826/1214/852 833/1221/852 832/1220/852
f 826/1214/853 834/1222/853 833/1221/853
f 826/1214/854 835/1223/854 834/1222/854
f 826/1214/855 836/1224/855 835/1223/855
f 826/1214/856 828/1216/856 836/1224/856
f 828/1216/857 827/1215/857 837/1225/857
f 828/1216/857 837/1225/857 838/1226/857
f 827/1215/858 829/1217/858 839/1227/858
f 827/1215/858 839/1227/858 837/1225/858
f 829/1217/859 830/1218/859 840/1228/859
f 829/1217/859 840/1228/859 839/1227/859
f 830/1218/860 831/1219/860 841/1229/860
f 830/1218/860 841/1229/860 840/1228/860
f 831/1219/861 832/1220/861 842/1230/861
f 831/1219/861 842/1230/861 841/1229/861
f 832/1220/862 833/1221/862 843/1231/862
f 832/1220/862 843/1231/862 842/1230/862
f 833/1221/863 834/1222/863 844/1232/863
f 833/1221/863 844/1232/863 843/1231/863
f 834/1222/864 835/1223/864 845/1233/864
f 834/1222/864 845/1233/864 844/1232/864
f 835/1223/865 836/1224/865 846/1234/865
f 835/1223/865 846/1234/865 845/1233/865
f 836/1224/866 828/1216/866 838/1226/866
f 836/1224/866 838/1226/866 846/1234/866
f 838/1235/867 837/1236/867 847/1237/867
f 838/1235/867 847/1237/867 848/1238/867
f 837/1239/868 839/1240/868 849/1241/868
f 837/1239/868 849/1241/868 847/1242/868
f 839/1240/869 840/1243/869 850/1244/869
f 839/1240/869 850/1244/869 849/1241/869
f 840/1243/870 841/1245/870 851/1246/870
f 840/1243/870 851/1246/870 850/1244/870
f 841/1247/871 842/1248/871 852/1249/871
f 841/1247/871 852/1249/871 851/1250/871
f 842/1248/872 843/1251/872 853/1252/872
f 842/1248/872 853/1252/872 852/1249/872
f 843/1245/873 844/1243/873 854/1244/873
f 843/1245/873 854/1244/873 853/1246/873
f 844/1243/874 845/1240/874 855/1241/874
f 844/1243/874 855/1241/874 854/1244/874
f 845/1240/875 846/1239/875 856/1242/875
f 845/1240/875 856/1242/875 855/1241/875
f 846/1253/876 838/1235/876 848/1238/876
f 846/1253/876 848/1238/876 856/1254/876
f 848/1238/877 847/1237/877 857/1255/877
f 848/1238/877 857/1255/877 858/1256/877
f 847/1242/878 849/1241/878 859/1257/878
f 847/1242/878 859/1257/878 857/1258/878
f 849/1241/879 850/1244/879 860/1259/879
f 849/1241/879 860/1259/879 859/1257/879
f 850/1244/880 851/1246/880 861/1260/880
f 850/1244/880 861/1260/880 860/1259/880
f 851/1250/881 852/1249/881 862/1261/881
f 851/1250/881 862/1261/881 861/1262/881
f 852/1249/882 853/1252/882 863/1263/882
f 852/1249/882 863/1263/882 862/1261/882
f 853/1246/883 854/1244/883 864/1259/883
f 853/1246/883 864/1259/883 863/1260/883
f 854/1244/884 855/1241/884 865/1257/884
f 854/1244/884 865/1257/884 864/1259/884
f 855/1241/885 856/1242/885 866/1258/885
f 855/1241/885 866/1258/885 865/1257/885
f 856/1254/886 848/1238/886 858/1256/886
f 856/1254/886 858/1256/886 866/1264/886
f 858/1226/887 857/1225/887 867/1215/887
f 858/1226/887 867/1215/887 868/1216/887
f 857/1225/888 859/1227/888 869/1217/888
f 857/1225/888 869/1217/888 867/1215/888
f 859/1227/889 860/1228/889 870/1218/889
f 859/1227/889 870/1218/889 869/1217/889
f 860/1228/890 861/1229/890 871/1219/890
f 860/1228/890 871/1219/890 870/1218/890
f 861/1229/891 862/1230/891 872/1220/891
f 861/1229/891 872/1220/891 871/1219/891
f 862/1230/892 863/1231/892 873/1221/892
f 862/1230/892 873/1221/892 872/1220/892
f 863/1231/893 864/1232/893 874/1222/893
f 863/1231/893 874/1222/893 873/1221/893
f 864/1232/894 865/1233/894 875/1223/894
f 864/1232/894 875/1223/894 874/1222/894
f 865/1233/895 866/1234/895 876/1224/895
f 865/1233/895 876/1224/895 875/1223/895
f 866/1234/896 858/1226/896 868/1216/896
f 866/1234/896 868/1216/896 876/1224/896
f 868/1216/897 867/1215/897 877/1214/897
f 867/1215/898 869/1217/898 877/1214/898
f 869/1217/899 870/1218/899 877/1214/899
f 870/1218/900 871/1219/900 877/1214/900
f 871/1219/901 872/1220/901 877/1214/901
f 872/1220/902 873/1221/902 877/1214/902
f 873/1221/903 874/1222/903 877/1214/903
f 874/1222/904 875/1223/904 877/1214/904
f 875/1223/905 876/1224/905 877/1214/905
f 876/1224/906 868/1216/906 877/1214/906
