# Kthaari dreadnought, from tools/gen_fleet.py
# Generated by tools. Edit the generator script.
v 0.000000 0.154532 1.947103
v 0.059137 0.169236 2.087941
v 0.000000 0.169236 2.109729
v 0.102428 0.169236 2.028416
v 0.118274 0.169236 1.947103
v 0.102428 0.169236 1.865789
v 0.059137 0.169236 1.806264
v 0.000000 0.169236 1.784476
v -0.059137 0.169236 1.806264
v -0.102428 0.169236 1.865789
v -0.118274 0.169236 1.947103
v -0.102428 0.169236 2.028416
v -0.059137 0.169236 2.087941
v 0.109271 0.211109 2.207338
v 0.000000 0.211109 2.247597
v 0.189262 0.211109 2.097350
v 0.218541 0.211109 1.947103
v 0.189262 0.211109 1.796855
v 0.109271 0.211109 1.686867
v 0.000000 0.211109 1.646608
v -0.109271 0.211109 1.686867
v -0.189262 0.211109 1.796855
v -0.218541 0.211109 1.947103
v -0.189262 0.211109 2.097350
v -0.109271 0.211109 2.207338
v 0.142769 0.273776 2.287117
v 0.000000 0.273776 2.339717
v 0.247283 0.273776 2.143410
v 0.285538 0.273776 1.947103
v 0.247283 0.273776 1.750795
v 0.142769 0.273776 1.607088
v 0.000000 0.273776 1.554488
v -0.142769 0.273776 1.607088
v -0.247283 0.273776 1.750795
v -0.285538 0.273776 1.947103
v -0.247283 0.273776 2.143410
v -0.142769 0.273776 2.287117
v 0.154532 0.347697 2.315131
v 0.000000 0.347697 2.372065
v 0.267657 0.347697 2.159584
v 0.309064 0.347697 1.947103
v 0.267657 0.347697 1.734621
v 0.154532 0.347697 1.579074
v 0.000000 0.347697 1.522140
v -0.154532 0.347697 1.579074
v -0.267657 0.347697 1.734621
v -0.309064 0.347697 1.947103
v -0.267657 0.347697 2.159584
v -0.154532 0.347697 2.315131
v 0.142769 0.421618 2.287117
v 0.000000 0.421618 2.339717
v 0.247283 0.421618 2.143410
v 0.285538 0.421618 1.947103
v 0.247283 0.421618 1.750795
v 0.142769 0.421618 1.607088
v 0.000000 0.421618 1.554488
v -0.142769 0.421618 1.607088
v -0.247283 0.421618 1.750795
v -0.285538 0.421618 1.947103
v -0.247283 0.421618 2.143410
v -0.142769 0.421618 2.287117
v 0.109271 0.484285 2.207338
v 0.000000 0.484285 2.247597
v 0.189262 0.484285 2.097350
v 0.218541 0.484285 1.947103
v 0.189262 0.484285 1.796855
v 0.109271 0.484285 1.686867
v 0.000000 0.484285 1.646608
v -0.109271 0.484285 1.686867
v -0.189262 0.484285 1.796855
v -0.218541 0.484285 1.947103
v -0.189262 0.484285 2.097350
v -0.109271 0.484285 2.207338
v 0.059137 0.526158 2.087941
v 0.000000 0.526158 2.109729
v 0.102428 0.526158 2.028416
v 0.118274 0.526158 1.947103
v 0.102428 0.526158 1.865789
v 0.059137 0.526158 1.806264
v 0.000000 0.526158 1.784476
v -0.059137 0.526158 1.806264
v -0.102428 0.526158 1.865789
v -0.118274 0.526158 1.947103
v -0.102428 0.526158 2.028416
v -0.059137 0.526158 2.087941
v 0.000000 0.540862 1.947103
v -0.111263 0.378603 2.329569
v -0.094093 0.378603 2.329569
v -0.111263 0.361433 2.329569
v -0.111263 0.395773 2.329569
v -0.128433 0.378603 2.329569
v -0.111263 0.378603 2.600000
v 0.111263 0.378603 2.329569
v 0.128433 0.378603 2.329569
v 0.111263 0.361433 2.329569
v 0.111263 0.395773 2.329569
v 0.094093 0.378603 2.329569
v 0.111263 0.378603 2.600000
v -0.115899 0.208618 1.583952
v 0.115899 0.208618 1.583952
v 0.115899 0.409510 1.583952
v -0.115899 0.409510 1.583952
v 0.115899 0.208618 -0.455869
v -0.115899 0.208618 -0.455869
v -0.115899 0.409510 -0.455869
v 0.115899 0.409510 -0.455869
v 0.000000 0.000000 -1.215007
v 0.062158 0.013236 -0.963586
v 0.000000 0.013236 -0.935951
v 0.112004 0.013236 -1.041018
v 0.139667 0.013236 -1.152911
v 0.139667 0.013236 -1.277103
v 0.112004 0.013236 -1.388996
v 0.062158 0.013236 -1.466429
v 0.000000 0.013236 -1.494064
v -0.062158 0.013236 -1.466429
v -0.112004 0.013236 -1.388996
v -0.139667 0.013236 -1.277103
v -0.139667 0.013236 -1.152911
v -0.112004 0.013236 -1.041018
v -0.062158 0.013236 -0.963586
v 0.118231 0.051648 -0.736776
v 0.000000 0.051648 -0.684210
v 0.213045 0.051648 -0.884061
v 0.265663 0.051648 -1.096894
v 0.265663 0.051648 -1.333121
v 0.213045 0.051648 -1.545954
v 0.118231 0.051648 -1.693239
v 0.000000 0.051648 -1.745805
v -0.118231 0.051648 -1.693239
v -0.213045 0.051648 -1.545954
v -0.265663 0.051648 -1.333121
v -0.265663 0.051648 -1.096894
v -0.213045 0.051648 -0.884061
v -0.118231 0.051648 -0.736776
v 0.162731 0.111476 -0.556778
v 0.000000 0.111476 -0.484428
v 0.293231 0.111476 -0.759498
v 0.365653 0.111476 -1.052438
v 0.365653 0.111476 -1.377577
v 0.293231 0.111476 -1.670516
v 0.162731 0.111476 -1.873237
v 0.000000 0.111476 -1.945587
v -0.162731 0.111476 -1.873237
v -0.293231 0.111476 -1.670516
v -0.365653 0.111476 -1.377577
v -0.365653 0.111476 -1.052438
v -0.293231 0.111476 -0.759498
v -0.162731 0.111476 -0.556778
v 0.191302 0.186863 -0.441212
v 0.000000 0.186863 -0.356160
v 0.344714 0.186863 -0.679525
v 0.429851 0.186863 -1.023896
v 0.429851 0.186863 -1.406119
v 0.344714 0.186863 -1.750490
v 0.191302 0.186863 -1.988803
v 0.000000 0.186863 -2.073855
v -0.191302 0.186863 -1.988803
v -0.344714 0.186863 -1.750490
v -0.429851 0.186863 -1.406119
v -0.429851 0.186863 -1.023896
v -0.344714 0.186863 -0.679525
v -0.191302 0.186863 -0.441212
v 0.201147 0.270431 -0.401391
v 0.000000 0.270431 -0.311961
v 0.362454 0.270431 -0.651967
v 0.451973 0.270431 -1.014061
v 0.451973 0.270431 -1.415954
v 0.362454 0.270431 -1.778047
v 0.201147 0.270431 -2.028624
v 0.000000 0.270431 -2.118053
v -0.201147 0.270431 -2.028624
v -0.362454 0.270431 -1.778047
v -0.451973 0.270431 -1.415954
v -0.451973 0.270431 -1.014061
v -0.362454 0.270431 -0.651967
v -0.201147 0.270431 -0.401391
v 0.191302 0.353999 -0.441212
v 0.000000 0.353999 -0.356160
v 0.344714 0.353999 -0.679525
v 0.429851 0.353999 -1.023896
v 0.429851 0.353999 -1.406119
v 0.344714 0.353999 -1.750490
v 0.191302 0.353999 -1.988803
v 0.000000 0.353999 -2.073855
v -0.191302 0.353999 -1.988803
v -0.344714 0.353999 -1.750490
v -0.429851 0.353999 -1.406119
v -0.429851 0.353999 -1.023896
v -0.344714 0.353999 -0.679525
v -0.191302 0.353999 -0.441212
v 0.162731 0.429386 -0.556778
v 0.000000 0.429386 -0.484428
v 0.293231 0.429386 -0.759498
v 0.365653 0.429386 -1.052438
v 0.365653 0.429386 -1.377577
v 0.293231 0.429386 -1.670516
v 0.162731 0.429386 -1.873237
v 0.000000 0.429386 -1.945587
v -0.162731 0.429386 -1.873237
v -0.293231 0.429386 -1.670516
v -0.365653 0.429386 -1.377577
v -0.365653 0.429386 -1.052438
v -0.293231 0.429386 -0.759498
v -0.162731 0.429386 -0.556778
v 0.118231 0.489214 -0.736776
v 0.000000 0.489214 -0.684210
v 0.213045 0.489214 -0.884061
v 0.265663 0.489214 -1.096894
v 0.265663 0.489214 -1.333121
v 0.213045 0.489214 -1.545954
v 0.118231 0.489214 -1.693239
v 0.000000 0.489214 -1.745805
v -0.118231 0.489214 -1.693239
v -0.213045 0.489214 -1.545954
v -0.265663 0.489214 -1.333121
v -0.265663 0.489214 -1.096894
v -0.213045 0.489214 -0.884061
v -0.118231 0.489214 -0.736776
v 0.062158 0.527626 -0.963586
v 0.000000 0.527626 -0.935951
v 0.112004 0.527626 -1.041018
v 0.139667 0.527626 -1.152911
v 0.139667 0.527626 -1.277103
v 0.112004 0.527626 -1.388996
v 0.062158 0.527626 -1.466429
v 0.000000 0.527626 -1.494064
v -0.062158 0.527626 -1.466429
v -0.112004 0.527626 -1.388996
v -0.139667 0.527626 -1.277103
v -0.139667 0.527626 -1.152911
v -0.112004 0.527626 -1.041018
v -0.062158 0.527626 -0.963586
v 0.000000 0.540862 -1.215007
v -0.083447 0.270431 -1.971785
v -0.028812 0.215796 -1.971785
v -0.083447 0.193165 -1.971785
v -0.006181 0.270431 -1.971785
v -0.028812 0.325066 -1.971785
v -0.083447 0.347697 -1.971785
v -0.138083 0.325066 -1.971785
v -0.160713 0.270431 -1.971785
v -0.138083 0.215796 -1.971785
v -0.028812 0.215796 -1.903104
v -0.083447 0.193165 -1.903104
v -0.006181 0.270431 -1.903104
v -0.028812 0.325066 -1.903104
v -0.083447 0.347697 -1.903104
v -0.138083 0.325066 -1.903104
v -0.160713 0.270431 -1.903104
v -0.138083 0.215796 -1.903104
v -0.083447 0.270431 -1.903104
v 0.083447 0.270431 -1.971785
v 0.138083 0.215796 -1.971785
v 0.083447 0.193165 -1.971785
v 0.160713 0.270431 -1.971785
v 0.138083 0.325066 -1.971785
v 0.083447 0.347697 -1.971785
v 0.028812 0.325066 -1.971785
v 0.006181 0.270431 -1.971785
v 0.028812 0.215796 -1.971785
v 0.138083 0.215796 -1.903104
v 0.083447 0.193165 -1.903104
v 0.160713 0.270431 -1.903104
v 0.138083 0.325066 -1.903104
v 0.083447 0.347697 -1.903104
v 0.028812 0.325066 -1.903104
v 0.006181 0.270431 -1.903104
v 0.028812 0.215796 -1.903104
v 0.083447 0.270431 -1.903104
v 0.000000 0.522900 -0.925260
v 0.054499 0.522900 -0.942968
v 0.050350 0.558382 -0.948678
v 0.000000 0.558382 -0.932318
v 0.088181 0.522900 -0.989327
v 0.081469 0.558382 -0.991508
v 0.088181 0.522900 -1.046631
v 0.081469 0.558382 -1.044450
v 0.054499 0.522900 -1.092991
v 0.050350 0.558382 -1.087281
v 0.000000 0.522900 -1.110698
v 0.000000 0.558382 -1.103641
v -0.054499 0.522900 -1.092991
v -0.050350 0.558382 -1.087281
v -0.088181 0.522900 -1.046631
v -0.081469 0.558382 -1.044450
v -0.088181 0.522900 -0.989327
v -0.081469 0.558382 -0.991508
v -0.054499 0.522900 -0.942968
v -0.050350 0.558382 -0.948678
v 0.038537 0.588462 -0.964938
v 0.000000 0.588462 -0.952417
v 0.062354 0.588462 -0.997719
v 0.062354 0.588462 -1.038239
v 0.038537 0.588462 -1.071020
v 0.000000 0.588462 -1.083542
v -0.038537 0.588462 -1.071020
v -0.062354 0.588462 -1.038239
v -0.062354 0.588462 -0.997719
v -0.038537 0.588462 -0.964938
v 0.020856 0.608561 -0.989274
v 0.000000 0.608561 -0.982497
v 0.033745 0.608561 -1.007015
v 0.033745 0.608561 -1.028944
v 0.020856 0.608561 -1.046685
v 0.000000 0.608561 -1.053461
v -0.020856 0.608561 -1.046685
v -0.033745 0.608561 -1.028944
v -0.033745 0.608561 -1.007015
v -0.020856 0.608561 -0.989274
v 0.000000 0.615619 -1.017979
v -0.216345 0.520901 -0.886627
v 0.216345 0.520901 -0.886627
v 0.216345 0.706339 -0.886627
v -0.216345 0.706339 -0.886627
v 0.270431 0.497721 -1.871768
v -0.270431 0.497721 -1.871768
v -0.270431 0.729519 -1.871768
v 0.270431 0.729519 -1.871768
v -1.344615 0.295076 -1.359881
v -0.403604 0.200660 -0.509955
v -0.240311 0.184276 -1.746211
v -1.353872 0.202820 -1.359881
v -0.249568 0.092020 -1.746211
v -0.412860 0.108404 -0.509955
v -1.401563 0.300790 -1.746211
v -1.410820 0.208534 -1.746211
v 1.344615 0.295076 -1.359881
v 0.240311 0.184276 -1.746211
v 0.403604 0.200660 -0.509955
v 1.353872 0.202820 -1.359881
v 0.412860 0.108404 -0.509955
v 0.249568 0.092020 -1.746211
v 1.401563 0.300790 -1.746211
v 1.410820 0.208534 -1.746211
v -0.756239 0.233165 -1.151257
v -0.633231 0.220823 -1.151257
v -0.630946 0.243603 -1.151257
v -0.753954 0.255945 -1.151257
v -0.633231 0.220823 -1.367602
v -0.756239 0.233165 -1.367602
v -0.753954 0.255945 -1.367602
v -0.630946 0.243603 -1.367602
v -0.998610 0.257484 -1.260713
v -0.875603 0.245142 -1.260713
v -0.873317 0.267921 -1.260713
v -0.996325 0.280263 -1.260713
v -0.875603 0.245142 -1.477058
v -0.998610 0.257484 -1.477058
v -0.996325 0.280263 -1.477058
v -0.873317 0.267921 -1.477058
v -1.240982 0.281802 -1.370168
v -1.117974 0.269460 -1.370168
v -1.115688 0.292239 -1.370168
v -1.238696 0.304581 -1.370168
v -1.117974 0.269460 -1.586513
v -1.240982 0.281802 -1.586513
v -1.238696 0.304581 -1.586513
v -1.115688 0.292239 -1.586513
v 0.633231 0.220823 -1.151257
v 0.756239 0.233165 -1.151257
v 0.753954 0.255945 -1.151257
v 0.630946 0.243603 -1.151257
v 0.756239 0.233165 -1.367602
v 0.633231 0.220823 -1.367602
v 0.630946 0.243603 -1.367602
v 0.753954 0.255945 -1.367602
v 0.875603 0.245142 -1.260713
v 0.998610 0.257484 -1.260713
v 0.996325 0.280263 -1.260713
v 0.873317 0.267921 -1.260713
v 0.998610 0.257484 -1.477058
v 0.875603 0.245142 -1.477058
v 0.873317 0.267921 -1.477058
v 0.996325 0.280263 -1.477058
v 1.117974 0.269460 -1.370168
v 1.240982 0.281802 -1.370168
v 1.238696 0.304581 -1.370168
v 1.115688 0.292239 -1.370168
v 1.240982 0.281802 -1.586513
v 1.117974 0.269460 -1.586513
v 1.115688 0.292239 -1.586513
v 1.238696 0.304581 -1.586513
v -1.489367 0.046587 -1.162853
v -1.266068 0.046587 -1.162853
v -1.266068 0.225225 -1.162853
v -1.489367 0.225225 -1.162853
v -1.283144 0.060247 -2.406835
v -1.472291 0.060247 -2.406835
v -1.472291 0.211565 -2.406835
v -1.283144 0.211565 -2.406835
v -1.410555 0.222598 -1.399210
v -1.344879 0.222598 -1.399210
v -1.344879 0.254123 -1.399210
v -1.410555 0.254123 -1.399210
v -1.344879 0.222598 -2.170478
v -1.410555 0.222598 -2.170478
v -1.410555 0.254123 -2.170478
v -1.344879 0.254123 -2.170478
v -1.449961 0.076798 -2.230051
v -1.305474 0.076798 -2.230051
v -1.305474 0.195014 -2.230051
v -1.449961 0.195014 -2.230051
v -1.305474 0.076798 -2.261575
v -1.449961 0.076798 -2.261575
v -1.449961 0.195014 -2.261575
v -1.305474 0.195014 -2.261575
v 1.266068 0.046587 -1.162853
v 1.489367 0.046587 -1.162853
v 1.489367 0.225225 -1.162853
v 1.266068 0.225225 -1.162853
v 1.472291 0.060247 -2.406835
v 1.283144 0.060247 -2.406835
v 1.283144 0.211565 -2.406835
v 1.472291 0.211565 -2.406835
v 1.344879 0.222598 -1.399210
v 1.410555 0.222598 -1.399210
v 1.410555 0.254123 -1.399210
v 1.344879 0.254123 -1.399210
v 1.410555 0.222598 -2.170478
v 1.344879 0.222598 -2.170478
v 1.344879 0.254123 -2.170478
v 1.410555 0.254123 -2.170478
v 1.305474 0.076798 -2.230051
v 1.449961 0.076798 -2.230051
v 1.449961 0.195014 -2.230051
v 1.305474 0.195014 -2.230051
v 1.449961 0.076798 -2.261575
v 1.305474 0.076798 -2.261575
v 1.305474 0.195014 -2.261575
v 1.449961 0.195014 -2.261575
v -1.377717 0.030824 -1.168576
v -1.315952 0.050893 -1.168576
v -1.324227 0.062283 -1.116035
v -1.377717 0.044903 -1.116035
v -1.277779 0.103434 -1.168576
v -1.291168 0.107784 -1.116035
v -1.277779 0.168378 -1.168576
v -1.291168 0.164028 -1.116035
v -1.315952 0.220919 -1.168576
v -1.324227 0.209529 -1.116035
v -1.377717 0.240988 -1.168576
v -1.377717 0.226909 -1.116035
v -1.439483 0.220919 -1.168576
v -1.431208 0.209529 -1.116035
v -1.477656 0.168378 -1.168576
v -1.464267 0.164028 -1.116035
v -1.477656 0.103434 -1.168576
v -1.464267 0.107784 -1.116035
v -1.439483 0.050893 -1.168576
v -1.431208 0.062283 -1.116035
v -1.346835 0.093400 -1.077573
v -1.377717 0.083365 -1.077573
v -1.327748 0.119670 -1.077573
v -1.327748 0.152142 -1.077573
v -1.346835 0.178412 -1.077573
v -1.377717 0.188447 -1.077573
v -1.408600 0.178412 -1.077573
v -1.427687 0.152142 -1.077573
v -1.427687 0.119670 -1.077573
v -1.408600 0.093400 -1.077573
v -1.377717 0.135906 -1.063495
v -1.377717 0.097273 -1.282615
v -1.347606 0.079888 -1.282615
v -1.377717 0.062503 -1.282615
v -1.347606 0.114658 -1.282615
v -1.377717 0.132043 -1.282615
v -1.407829 0.114658 -1.282615
v -1.407829 0.079888 -1.282615
v -1.355413 0.084395 -0.625854
v -1.377717 0.071518 -0.625854
v -1.355413 0.110151 -0.625854
v -1.377717 0.123028 -0.625854
v -1.400022 0.110151 -0.625854
v -1.400022 0.084395 -0.625854
v -1.359874 0.086971 -0.509955
v -1.377717 0.076669 -0.509955
v -1.359874 0.107575 -0.509955
v -1.377717 0.117877 -0.509955
v -1.395561 0.107575 -0.509955
v -1.395561 0.086971 -0.509955
v 1.377717 0.030824 -1.168576
v 1.439483 0.050893 -1.168576
v 1.431208 0.062283 -1.116035
v 1.377717 0.044903 -1.116035
v 1.477656 0.103434 -1.168576
v 1.464267 0.107784 -1.116035
v 1.477656 0.168378 -1.168576
v 1.464267 0.164028 -1.116035
v 1.439483 0.220919 -1.168576
v 1.431208 0.209529 -1.116035
v 1.377717 0.240988 -1.168576
v 1.377717 0.226909 -1.116035
v 1.315952 0.220919 -1.168576
v 1.324227 0.209529 -1.116035
v 1.277779 0.168378 -1.168576
v 1.291168 0.164028 -1.116035
v 1.277779 0.103434 -1.168576
v 1.291168 0.107784 -1.116035
v 1.315952 0.050893 -1.168576
v 1.324227 0.062283 -1.116035
v 1.408600 0.093400 -1.077573
v 1.377717 0.083365 -1.077573
v 1.427687 0.119670 -1.077573
v 1.427687 0.152142 -1.077573
v 1.408600 0.178412 -1.077573
v 1.377717 0.188447 -1.077573
v 1.346835 0.178412 -1.077573
v 1.327748 0.152142 -1.077573
v 1.327748 0.119670 -1.077573
v 1.346835 0.093400 -1.077573
v 1.377717 0.135906 -1.063495
v 1.377717 0.097273 -1.282615
v 1.407829 0.079888 -1.282615
v 1.377717 0.062503 -1.282615
v 1.407829 0.114658 -1.282615
v 1.377717 0.132043 -1.282615
v 1.347606 0.114658 -1.282615
v 1.347606 0.079888 -1.282615
v 1.400022 0.084395 -0.625854
v 1.377717 0.071518 -0.625854
v 1.400022 0.110151 -0.625854
v 1.377717 0.123028 -0.625854
v 1.355413 0.110151 -0.625854
v 1.355413 0.084395 -0.625854
v 1.395561 0.086971 -0.509955
v 1.377717 0.076669 -0.509955
v 1.395561 0.107575 -0.509955
v 1.377717 0.117877 -0.509955
v 1.359874 0.107575 -0.509955
v 1.359874 0.086971 -0.509955
v -1.344615 0.681406 -1.553046
v -0.403604 0.586990 -0.703120
v -0.240311 0.570606 -1.939376
v -1.353872 0.589150 -1.553046
v -0.249568 0.478350 -1.939376
v -0.412860 0.494734 -0.703120
v -1.401563 0.687120 -1.939376
v -1.410820 0.594864 -1.939376
v 1.344615 0.681406 -1.553046
v 0.240311 0.570606 -1.939376
v 0.403604 0.586990 -0.703120
v 1.353872 0.589150 -1.553046
v 0.412860 0.494734 -0.703120
v 0.249568 0.478350 -1.939376
v 1.401563 0.687120 -1.939376
v 1.410820 0.594864 -1.939376
v -0.756239 0.619495 -1.344422
v -0.633231 0.607153 -1.344422
v -0.630946 0.629933 -1.344422
v -0.753954 0.642275 -1.344422
v -0.633231 0.607153 -1.560767
v -0.756239 0.619495 -1.560767
v -0.753954 0.642275 -1.560767
v -0.630946 0.629933 -1.560767
v -0.998610 0.643814 -1.453878
v -0.875603 0.631472 -1.453878
v -0.873317 0.654251 -1.453878
v -0.996325 0.666593 -1.453878
v -0.875603 0.631472 -1.670222
v -0.998610 0.643814 -1.670222
v -0.996325 0.666593 -1.670222
v -0.873317 0.654251 -1.670222
v -1.240982 0.668132 -1.563333
v -1.117974 0.655790 -1.563333
v -1.115688 0.678569 -1.563333
v -1.238696 0.690911 -1.563333
v -1.117974 0.655790 -1.779678
v -1.240982 0.668132 -1.779678
v -1.238696 0.690911 -1.779678
v -1.115688 0.678569 -1.779678
v 0.633231 0.607153 -1.344422
v 0.756239 0.619495 -1.344422
v 0.753954 0.642275 -1.344422
v 0.630946 0.629933 -1.344422
v 0.756239 0.619495 -1.560767
v 0.633231 0.607153 -1.560767
v 0.630946 0.629933 -1.560767
v 0.753954 0.642275 -1.560767
v 0.875603 0.631472 -1.453878
v 0.998610 0.643814 -1.453878
v 0.996325 0.666593 -1.453878
v 0.873317 0.654251 -1.453878
v 0.998610 0.643814 -1.670222
v 0.875603 0.631472 -1.670222
v 0.873317 0.654251 -1.670222
v 0.996325 0.666593 -1.670222
v 1.117974 0.655790 -1.563333
v 1.240982 0.668132 -1.563333
v 1.238696 0.690911 -1.563333
v 1.115688 0.678569 -1.563333
v 1.240982 0.668132 -1.779678
v 1.117974 0.655790 -1.779678
v 1.115688 0.678569 -1.779678
v 1.238696 0.690911 -1.779678
v -1.489367 0.432916 -1.356018
v -1.266068 0.432916 -1.356018
v -1.266068 0.611555 -1.356018
v -1.489367 0.611555 -1.356018
v -1.283144 0.446577 -2.600000
v -1.472291 0.446577 -2.600000
v -1.472291 0.597895 -2.600000
v -1.283144 0.597895 -2.600000
v -1.410555 0.608928 -1.592374
v -1.344879 0.608928 -1.592374
v -1.344879 0.640453 -1.592374
v -1.410555 0.640453 -1.592374
v -1.344879 0.608928 -2.363643
v -1.410555 0.608928 -2.363643
v -1.410555 0.640453 -2.363643
v -1.344879 0.640453 -2.363643
v -1.449961 0.463127 -2.423215
v -1.305474 0.463127 -2.423215
v -1.305474 0.581344 -2.423215
v -1.449961 0.581344 -2.423215
v -1.305474 0.463127 -2.454740
v -1.449961 0.463127 -2.454740
v -1.449961 0.581344 -2.454740
v -1.305474 0.581344 -2.454740
v 1.266068 0.432916 -1.356018
v 1.489367 0.432916 -1.356018
v 1.489367 0.611555 -1.356018
v 1.266068 0.611555 -1.356018
v 1.472291 0.446577 -2.600000
v 1.283144 0.446577 -2.600000
v 1.283144 0.597895 -2.600000
v 1.472291 0.597895 -2.600000
v 1.344879 0.608928 -1.592374
v 1.410555 0.608928 -1.592374
v 1.410555 0.640453 -1.592374
v 1.344879 0.640453 -1.592374
v 1.410555 0.608928 -2.363643
v 1.344879 0.608928 -2.363643
v 1.344879 0.640453 -2.363643
v 1.410555 0.640453 -2.363643
v 1.305474 0.463127 -2.423215
v 1.449961 0.463127 -2.423215
v 1.449961 0.581344 -2.423215
v 1.305474 0.581344 -2.423215
v 1.449961 0.463127 -2.454740
v 1.305474 0.463127 -2.454740
v 1.305474 0.581344 -2.454740
v 1.449961 0.581344 -2.454740
v -1.377717 0.417154 -1.361741
v -1.315952 0.437223 -1.361741
v -1.324227 0.448613 -1.309200
v -1.377717 0.431232 -1.309200
v -1.277779 0.489764 -1.361741
v -1.291168 0.494114 -1.309200
v -1.277779 0.554708 -1.361741
v -1.291168 0.550357 -1.309200
v -1.315952 0.607249 -1.361741
v -1.324227 0.595859 -1.309200
v -1.377717 0.627318 -1.361741
v -1.377717 0.613239 -1.309200
v -1.439483 0.607249 -1.361741
v -1.431208 0.595859 -1.309200
v -1.477656 0.554708 -1.361741
v -1.464267 0.550357 -1.309200
v -1.477656 0.489764 -1.361741
v -1.464267 0.494114 -1.309200
v -1.439483 0.437223 -1.361741
v -1.431208 0.448613 -1.309200
v -1.346835 0.479729 -1.270738
v -1.377717 0.469695 -1.270738
v -1.327748 0.506000 -1.270738
v -1.327748 0.538472 -1.270738
v -1.346835 0.564742 -1.270738
v -1.377717 0.574777 -1.270738
v -1.408600 0.564742 -1.270738
v -1.427687 0.538472 -1.270738
v -1.427687 0.506000 -1.270738
v -1.408600 0.479729 -1.270738
v -1.377717 0.522236 -1.256660
v -1.377717 0.483603 -1.475780
v -1.347606 0.466218 -1.475780
v -1.377717 0.448833 -1.475780
v -1.347606 0.500988 -1.475780
v -1.377717 0.518373 -1.475780
v -1.407829 0.500988 -1.475780
v -1.407829 0.466218 -1.475780
v -1.355413 0.470725 -0.819019
v -1.377717 0.457848 -0.819019
v -1.355413 0.496481 -0.819019
v -1.377717 0.509358 -0.819019
v -1.400022 0.496481 -0.819019
v -1.400022 0.470725 -0.819019
v -1.359874 0.473301 -0.703120
v -1.377717 0.462999 -0.703120
v -1.359874 0.493905 -0.703120
v -1.377717 0.504207 -0.703120
v -1.395561 0.493905 -0.703120
v -1.395561 0.473301 -0.703120
v 1.377717 0.417154 -1.361741
v 1.439483 0.437223 -1.361741
v 1.431208 0.448613 -1.309200
v 1.377717 0.431232 -1.309200
v 1.477656 0.489764 -1.361741
v 1.464267 0.494114 -1.309200
v 1.477656 0.554708 -1.361741
v 1.464267 0.550357 -1.309200
v 1.439483 0.607249 -1.361741
v 1.431208 0.595859 -1.309200
v 1.377717 0.627318 -1.361741
v 1.377717 0.613239 -1.309200
v 1.315952 0.607249 -1.361741
v 1.324227 0.595859 -1.309200
v 1.277779 0.554708 -1.361741
v 1.291168 0.550357 -1.309200
v 1.277779 0.489764 -1.361741
v 1.291168 0.494114 -1.309200
v 1.315952 0.437223 -1.361741
v 1.324227 0.448613 -1.309200
v 1.408600 0.479729 -1.270738
v 1.377717 0.469695 -1.270738
v 1.427687 0.506000 -1.270738
v 1.427687 0.538472 -1.270738
v 1.408600 0.564742 -1.270738
v 1.377717 0.574777 -1.270738
v 1.346835 0.564742 -1.270738
v 1.327748 0.538472 -1.270738
v 1.327748 0.506000 -1.270738
v 1.346835 0.479729 -1.270738
v 1.377717 0.522236 -1.256660
v 1.377717 0.483603 -1.475780
v 1.407829 0.466218 -1.475780
v 1.377717 0.448833 -1.475780
v 1.407829 0.500988 -1.475780
v 1.377717 0.518373 -1.475780
v 1.347606 0.500988 -1.475780
v 1.347606 0.466218 -1.475780
v 1.400022 0.470725 -0.819019
v 1.377717 0.457848 -0.819019
v 1.400022 0.496481 -0.819019
v 1.377717 0.509358 -0.819019
v 1.355413 0.496481 -0.819019
v 1.355413 0.470725 -0.819019
v 1.395561 0.473301 -0.703120
v 1.377717 0.462999 -0.703120
v 1.395561 0.493905 -0.703120
v 1.377717 0.504207 -0.703120
v 1.359874 0.493905 -0.703120
v 1.359874 0.473301 -0.703120
vt 0.093750 0.570312
vt 0.110193 0.598793
vt 0.093750 0.603199
vt 0.122231 0.586756
vt 0.126637 0.570312
vt 0.122231 0.553869
vt 0.110193 0.541832
vt 0.093750 0.537426
vt 0.077307 0.541832
vt 0.065269 0.553869
vt 0.060863 0.570312
vt 0.065269 0.586756
vt 0.077307 0.598793
vt 0.124133 0.622938
vt 0.093750 0.631079
vt 0.146376 0.600696
vt 0.154517 0.570312
vt 0.146376 0.539929
vt 0.124133 0.517687
vt 0.093750 0.509546
vt 0.063367 0.517687
vt 0.041124 0.539929
vt 0.032983 0.570312
vt 0.041124 0.600696
vt 0.063367 0.622938
vt 0.133448 0.639071
vt 0.093750 0.649708
vt 0.162509 0.610010
vt 0.173146 0.570312
vt 0.162509 0.530615
vt 0.133448 0.501554
vt 0.093750 0.490917
vt 0.054052 0.501554
vt 0.024991 0.530615
vt 0.014354 0.570312
vt 0.024991 0.610010
vt 0.054052 0.639071
vt 0.515625 0.411749
vt 0.537278 0.411749
vt 0.539062 0.429688
vt 0.515625 0.429688
vt 0.176572 0.411749
vt 0.144869 0.411749
vt 0.148437 0.429688
vt 0.182752 0.429688
vt 0.101562 0.411749
vt 0.101562 0.429688
vt 0.058256 0.411749
vt 0.054687 0.429688
vt 0.026553 0.411749
vt 0.020373 0.429688
vt 0.144869 0.411749
vt 0.101563 0.411749
vt 0.101563 0.429688
vt 0.148438 0.429688
vt 0.058256 0.411749
vt 0.054688 0.429688
vt 0.493972 0.411749
vt 0.492188 0.429688
vt 0.537278 0.447626
vt 0.515625 0.447626
vt 0.144869 0.447626
vt 0.176572 0.447626
vt 0.101562 0.447626
vt 0.058256 0.447626
vt 0.026553 0.447626
vt 0.101563 0.447626
vt 0.144869 0.447626
vt 0.058256 0.447626
vt 0.493972 0.447626
vt 0.718750 0.429687
vt 0.765625 0.429687
vt 0.718750 0.382812
vt 0.718750 0.476562
vt 0.671875 0.429687
vt 0.617188 0.382812
vt 0.664062 0.382812
vt 0.617188 0.476562
vt 0.671875 0.429687
vt 0.671875 0.476562
vt 0.765625 0.429688
vt 0.570312 0.382812
vt 0.718750 0.429687
vt 0.765625 0.429687
vt 0.718750 0.382812
vt 0.718750 0.476562
vt 0.671875 0.429687
vt 0.617188 0.382812
vt 0.664062 0.382812
vt 0.617188 0.476562
vt 0.671875 0.429687
vt 0.671875 0.476562
vt 0.765625 0.429688
vt 0.570312 0.382812
vt 0.187500 0.484375
vt 0.312500 0.484375
vt 0.312500 0.656250
vt 0.187500 0.656250
vt 0.312500 0.484375
vt 0.187500 0.484375
vt 0.187500 0.656250
vt 0.312500 0.656250
vt 0.320312 0.656250
vt 0.382812 0.656250
vt 0.382812 0.484375
vt 0.320312 0.484375
vt 0.187500 0.484375
vt 0.312500 0.484375
vt 0.312500 0.656250
vt 0.187500 0.656250
vt 0.445312 0.828125
vt 0.459280 0.873802
vt 0.445312 0.878823
vt 0.470481 0.859735
vt 0.476697 0.839406
vt 0.476697 0.816844
vt 0.470481 0.796515
vt 0.459280 0.782448
vt 0.445312 0.777427
vt 0.431345 0.782448
vt 0.420144 0.796515
vt 0.413928 0.816844
vt 0.413928 0.839406
vt 0.420144 0.859735
vt 0.431345 0.873802
vt 0.471880 0.915009
vt 0.445312 0.924559
vt 0.493186 0.888250
vt 0.505009 0.849583
vt 0.505009 0.806667
vt 0.493186 0.768000
vt 0.471880 0.741241
vt 0.445312 0.731691
vt 0.418745 0.741241
vt 0.397439 0.768000
vt 0.385616 0.806667
vt 0.385616 0.849583
vt 0.397439 0.888250
vt 0.418745 0.915009
vt 0.481880 0.947710
vt 0.445312 0.960854
vt 0.511204 0.910880
vt 0.527478 0.857660
vt 0.527478 0.798590
vt 0.511204 0.745370
vt 0.481880 0.708540
vt 0.445312 0.695396
vt 0.408745 0.708540
vt 0.379421 0.745370
vt 0.363147 0.798590
vt 0.363147 0.857660
vt 0.379421 0.910880
vt 0.408745 0.947710
vt 0.488300 0.968706
vt 0.445312 0.984158
vt 0.522773 0.925410
vt 0.391453 0.312977
vt 0.330629 0.312977
vt 0.336556 0.323867
vt 0.408058 0.323867
vt 0.263121 0.312977
vt 0.257194 0.323867
vt 0.202297 0.312977
vt 0.185692 0.323867
vt 0.488300 0.687544
vt 0.522773 0.730840
vt 0.445312 0.672092
vt 0.402325 0.687544
vt 0.367852 0.730840
vt 0.402325 0.968706
vt 0.367852 0.925410
vt 0.265625 0.415202
vt 0.292079 0.415202
vt 0.293440 0.429688
vt 0.265625 0.429688
vt 0.457539 0.323867
vt 0.413779 0.335938
vt 0.465807 0.335938
vt 0.338598 0.335938
vt 0.255152 0.335938
vt 0.179971 0.335938
vt 0.136211 0.323867
vt 0.127943 0.335938
vt 0.424891 0.415202
vt 0.398438 0.415202
vt 0.398438 0.429688
vt 0.426253 0.429688
vt 0.371984 0.415202
vt 0.370622 0.429688
vt 0.239171 0.415202
vt 0.237810 0.429688
vt 0.292079 0.444173
vt 0.265625 0.444173
vt 0.408058 0.348008
vt 0.457539 0.348008
vt 0.336556 0.348008
vt 0.257194 0.348008
vt 0.185692 0.348008
vt 0.136211 0.348008
vt 0.398438 0.444173
vt 0.424891 0.444173
vt 0.371984 0.444173
vt 0.239171 0.444173
vt 0.330629 0.358898
vt 0.391453 0.358898
vt 0.263121 0.358898
vt 0.202297 0.358898
vt 0.054688 0.328125
vt 0.087833 0.294979
vt 0.054688 0.281250
vt 0.101562 0.328125
vt 0.087833 0.361271
vt 0.054688 0.375000
vt 0.021542 0.361271
vt 0.007812 0.328125
vt 0.021542 0.294979
vt 0.054688 0.281250
vt 0.087833 0.281250
vt 0.087833 0.375000
vt 0.054688 0.375000
vt 0.007812 0.294979
vt 0.007812 0.328125
vt 0.101562 0.328125
vt 0.101562 0.294979
vt 0.007812 0.361271
vt 0.101562 0.361271
vt 0.021542 0.281250
vt 0.021542 0.375000
vt 0.054688 0.281250
vt 0.087833 0.294979
vt 0.054688 0.328125
vt 0.101562 0.328125
vt 0.087833 0.361271
vt 0.054688 0.375000
vt 0.021542 0.361271
vt 0.007812 0.328125
vt 0.021542 0.294979
vt 0.054688 0.328125
vt 0.087833 0.294979
vt 0.054688 0.281250
vt 0.101562 0.328125
vt 0.087833 0.361271
vt 0.054688 0.375000
vt 0.021542 0.361271
vt 0.007812 0.328125
vt 0.021542 0.294979
vt 0.054688 0.281250
vt 0.087833 0.281250
vt 0.087833 0.375000
vt 0.054688 0.375000
vt 0.007812 0.294979
vt 0.007812 0.328125
vt 0.101562 0.328125
vt 0.101562 0.294979
vt 0.007812 0.361271
vt 0.101562 0.361271
vt 0.021542 0.281250
vt 0.021542 0.375000
vt 0.054688 0.281250
vt 0.087833 0.294979
vt 0.054688 0.328125
vt 0.101562 0.328125
vt 0.087833 0.361271
vt 0.054688 0.375000
vt 0.021542 0.361271
vt 0.007812 0.328125
vt 0.021542 0.294979
vt 0.718750 0.382812
vt 0.747720 0.382812
vt 0.745515 0.418689
vt 0.718750 0.418689
vt 0.756673 0.382812
vt 0.733235 0.382812
vt 0.732133 0.418689
vt 0.753786 0.418689
vt 0.704265 0.382812
vt 0.705367 0.418689
vt 0.680827 0.382812
vt 0.683714 0.418689
vt 0.747720 0.382812
vt 0.718750 0.382812
vt 0.718750 0.418689
vt 0.745515 0.418689
vt 0.689780 0.382812
vt 0.691985 0.418689
vt 0.689780 0.382812
vt 0.691985 0.418689
vt 0.739235 0.449104
vt 0.718750 0.449104
vt 0.728993 0.449104
vt 0.745565 0.449104
vt 0.708507 0.449104
vt 0.691935 0.449104
vt 0.718750 0.449104
vt 0.739235 0.449104
vt 0.698265 0.449104
vt 0.698265 0.449104
vt 0.617188 0.462833
vt 0.637673 0.456503
vt 0.628274 0.444200
vt 0.617188 0.447626
vt 0.650333 0.439930
vt 0.635126 0.435231
vt 0.650333 0.419445
vt 0.635126 0.424144
vt 0.637673 0.402872
vt 0.628274 0.415175
vt 0.617188 0.396542
vt 0.617188 0.411749
vt 0.596702 0.402872
vt 0.606101 0.415175
vt 0.584042 0.419445
vt 0.599249 0.424144
vt 0.584042 0.439930
vt 0.599249 0.435231
vt 0.596702 0.456503
vt 0.606101 0.444200
vt 0.617188 0.429688
vt 0.215625 0.392188
vt 0.315625 0.392188
vt 0.315625 0.467187
vt 0.215625 0.467187
vt 0.460938 0.382812
vt 0.335938 0.382812
vt 0.335938 0.476562
vt 0.460938 0.476562
vt 0.364063 0.992188
vt 0.526563 0.992188
vt 0.546875 0.664062
vt 0.343750 0.664062
vt 0.109375 0.296875
vt 0.484375 0.304688
vt 0.484375 0.367188
vt 0.109375 0.375000
vt 0.652255 0.841797
vt 0.928607 0.992188
vt 0.976562 0.773438
vt 0.649537 0.841797
vt 0.973844 0.773438
vt 0.925889 0.992188
vt 0.635531 0.773438
vt 0.632812 0.773438
vt 0.382812 0.117824
vt 0.007812 0.101562
vt 0.007812 0.115372
vt 0.382812 0.104015
vt 0.382812 0.115372
vt 0.007812 0.119003
vt 0.010778 0.132812
vt 0.379847 0.101562
vt 0.007812 0.132812
vt 0.125000 0.118148
vt 0.125000 0.131957
vt 0.007812 0.119003
vt 0.029023 0.131957
vt 0.327532 0.104015
vt 0.330498 0.117824
vt 0.026057 0.118148
vt 0.957120 0.841797
vt 0.632812 0.773438
vt 0.680768 0.992188
vt 0.959838 0.841797
vt 0.683486 0.992188
vt 0.635531 0.773438
vt 0.973844 0.773438
vt 0.976562 0.773438
vt 0.382812 0.117824
vt 0.007812 0.115372
vt 0.007812 0.101562
vt 0.382812 0.104015
vt 0.007812 0.115372
vt 0.379847 0.132812
vt 0.382812 0.119003
vt 0.010778 0.101562
vt 0.007812 0.132812
vt 0.125000 0.131957
vt 0.125000 0.118148
vt 0.007812 0.119003
vt 0.361602 0.131957
vt 0.060127 0.117824
vt 0.063093 0.104015
vt 0.364568 0.118148
vt 0.746370 0.396627
vt 0.765274 0.382812
vt 0.765625 0.408309
vt 0.746721 0.422124
vt 0.765274 0.382812
vt 0.746370 0.396627
vt 0.746721 0.422124
vt 0.765625 0.408309
vt 0.645159 0.476562
vt 0.664062 0.476562
vt 0.664062 0.429964
vt 0.645159 0.429964
vt 0.644807 0.429964
vt 0.663711 0.429964
vt 0.663711 0.476562
vt 0.644807 0.476562
vt 0.719026 0.396627
vt 0.765625 0.396627
vt 0.765625 0.422124
vt 0.719026 0.422124
vt 0.765625 0.382812
vt 0.719026 0.382812
vt 0.719026 0.408309
vt 0.765625 0.408309
vt 0.709122 0.423846
vt 0.728026 0.410032
vt 0.728378 0.435529
vt 0.709474 0.449343
vt 0.728026 0.410032
vt 0.709122 0.423846
vt 0.709474 0.449343
vt 0.728378 0.435529
vt 0.607911 0.452987
vt 0.626815 0.452987
vt 0.626815 0.406388
vt 0.607911 0.406388
vt 0.607560 0.406388
vt 0.626464 0.406388
vt 0.626464 0.452987
vt 0.607560 0.452987
vt 0.695451 0.423846
vt 0.742049 0.423846
vt 0.742049 0.449343
vt 0.695451 0.449343
vt 0.742049 0.410032
vt 0.695451 0.410032
vt 0.695451 0.435529
vt 0.742049 0.435529
vt 0.671875 0.451066
vt 0.690779 0.437251
vt 0.691130 0.462748
vt 0.672226 0.476562
vt 0.690779 0.437251
vt 0.671875 0.451066
vt 0.672226 0.476562
vt 0.691130 0.462748
vt 0.570664 0.429411
vt 0.589568 0.429411
vt 0.589568 0.382812
vt 0.570664 0.382812
vt 0.570312 0.382812
vt 0.589216 0.382812
vt 0.589216 0.429411
vt 0.570312 0.429411
vt 0.671875 0.451066
vt 0.718474 0.451066
vt 0.718474 0.476562
vt 0.671875 0.476562
vt 0.718474 0.437251
vt 0.671875 0.437251
vt 0.671875 0.462748
vt 0.718474 0.462748
vt 0.672226 0.382812
vt 0.691130 0.396627
vt 0.690779 0.422124
vt 0.671875 0.408309
vt 0.691130 0.396627
vt 0.672226 0.382812
vt 0.671875 0.408309
vt 0.690779 0.422124
vt 0.570312 0.476562
vt 0.589216 0.476562
vt 0.589216 0.429964
vt 0.570312 0.429964
vt 0.570664 0.429964
vt 0.589568 0.429964
vt 0.589568 0.476562
vt 0.570664 0.476562
vt 0.719026 0.382812
vt 0.765625 0.382812
vt 0.765625 0.408309
vt 0.719026 0.408309
vt 0.765625 0.396627
vt 0.719026 0.396627
vt 0.719026 0.422124
vt 0.765625 0.422124
vt 0.709474 0.410032
vt 0.728378 0.423846
vt 0.728026 0.449343
vt 0.709122 0.435529
vt 0.728378 0.423846
vt 0.709474 0.410032
vt 0.709122 0.435529
vt 0.728026 0.449343
vt 0.607560 0.452987
vt 0.626464 0.452987
vt 0.626464 0.406388
vt 0.607560 0.406388
vt 0.607911 0.406388
vt 0.626815 0.406388
vt 0.626815 0.452987
vt 0.607911 0.452987
vt 0.695451 0.410032
vt 0.742049 0.410032
vt 0.742049 0.435529
vt 0.695451 0.435529
vt 0.742049 0.423846
vt 0.695451 0.423846
vt 0.695451 0.449343
vt 0.742049 0.449343
vt 0.746721 0.437251
vt 0.765625 0.451066
vt 0.765274 0.476562
vt 0.746370 0.462748
vt 0.765625 0.451066
vt 0.746721 0.437251
vt 0.746370 0.462748
vt 0.765274 0.476562
vt 0.644807 0.429411
vt 0.663711 0.429411
vt 0.663711 0.382812
vt 0.644807 0.382812
vt 0.645159 0.382812
vt 0.664062 0.382812
vt 0.664062 0.429411
vt 0.645159 0.429411
vt 0.671875 0.437251
vt 0.718474 0.437251
vt 0.718474 0.462748
vt 0.671875 0.462748
vt 0.718474 0.451066
vt 0.671875 0.451066
vt 0.671875 0.476562
vt 0.718474 0.476562
vt 0.390625 0.195312
vt 0.484375 0.195312
vt 0.484375 0.262559
vt 0.390625 0.262559
vt 0.578768 0.200455
vt 0.499357 0.200455
vt 0.499357 0.257417
vt 0.578768 0.257417
vt 0.554688 0.992188
vt 0.625000 0.992188
vt 0.619623 0.664062
vt 0.560064 0.664062
vt 0.492188 0.302017
vt 0.867188 0.296875
vt 0.867188 0.364122
vt 0.492188 0.358979
vt 0.382812 0.195312
vt 0.354136 0.200455
vt 0.354136 0.257417
vt 0.382812 0.262559
vt 0.423713 0.261570
vt 0.451287 0.261570
vt 0.451287 0.273438
vt 0.423713 0.273438
vt 0.552849 0.261570
vt 0.525276 0.261570
vt 0.525276 0.273438
vt 0.552849 0.273438
vt 0.579504 0.929844
vt 0.600184 0.929844
vt 0.600184 0.726406
vt 0.579504 0.726406
vt 0.563437 0.363133
vt 0.795937 0.363133
vt 0.795937 0.375000
vt 0.563437 0.375000
vt 0.250460 0.261570
vt 0.250460 0.273438
vt 0.407169 0.206685
vt 0.467831 0.206685
vt 0.467831 0.251187
vt 0.407169 0.251187
vt 0.569393 0.206685
vt 0.508732 0.206685
vt 0.508732 0.251187
vt 0.569393 0.251187
vt 0.567096 0.710693
vt 0.612592 0.710693
vt 0.612592 0.702378
vt 0.567096 0.702378
vt 0.535976 0.308248
vt 0.545479 0.308248
vt 0.545479 0.352749
vt 0.535976 0.352749
vt 0.316636 0.206685
vt 0.316636 0.251187
vt 0.390625 0.195312
vt 0.484375 0.195312
vt 0.484375 0.262559
vt 0.390625 0.262559
vt 0.578768 0.200455
vt 0.499357 0.200455
vt 0.499357 0.257417
vt 0.578768 0.257417
vt 0.554688 0.992188
vt 0.625000 0.992188
vt 0.619623 0.664062
vt 0.560064 0.664062
vt 0.036489 0.200455
vt 0.007812 0.195312
vt 0.007812 0.262559
vt 0.036489 0.257417
vt 0.867188 0.296875
vt 0.492188 0.302017
vt 0.492188 0.358979
vt 0.867188 0.364122
vt 0.423713 0.261570
vt 0.451287 0.261570
vt 0.451287 0.273438
vt 0.423713 0.273438
vt 0.552849 0.261570
vt 0.525276 0.261570
vt 0.525276 0.273438
vt 0.552849 0.273438
vt 0.579504 0.929844
vt 0.600184 0.929844
vt 0.600184 0.726406
vt 0.579504 0.726406
vt 0.140165 0.261570
vt 0.140165 0.273438
vt 0.795937 0.363133
vt 0.563437 0.363133
vt 0.563437 0.375000
vt 0.795937 0.375000
vt 0.407169 0.206685
vt 0.467831 0.206685
vt 0.467831 0.251187
vt 0.407169 0.251187
vt 0.569393 0.206685
vt 0.508732 0.206685
vt 0.508732 0.251187
vt 0.569393 0.251187
vt 0.567096 0.710693
vt 0.612592 0.710693
vt 0.612592 0.702378
vt 0.567096 0.702378
vt 0.073989 0.206685
vt 0.073989 0.251187
vt 0.545479 0.308248
vt 0.535976 0.308248
vt 0.535976 0.352749
vt 0.545479 0.352749
vt 0.054688 0.281250
vt 0.083658 0.281250
vt 0.079777 0.328125
vt 0.054688 0.328125
vt 0.007812 0.290202
vt 0.007812 0.313640
vt 0.054687 0.315580
vt 0.054687 0.295283
vt 0.007812 0.342610
vt 0.054687 0.340670
vt 0.007812 0.366048
vt 0.054687 0.360967
vt 0.025717 0.281250
vt 0.029598 0.328125
vt 0.069173 0.362440
vt 0.054688 0.362440
vt 0.079777 0.295283
vt 0.095282 0.315580
vt 0.078125 0.320882
vt 0.069173 0.309164
vt 0.089002 0.335368
vt 0.089002 0.320882
vt 0.095282 0.340670
vt 0.079777 0.360967
vt 0.069173 0.347086
vt 0.078125 0.335368
vt 0.040202 0.362440
vt 0.029598 0.360967
vt 0.014093 0.340670
vt 0.031250 0.335368
vt 0.040202 0.347086
vt 0.014093 0.315580
vt 0.029598 0.295283
vt 0.040202 0.309164
vt 0.031250 0.320882
vt 0.054688 0.304688
vt 0.054688 0.328125
vt 0.054688 0.351562
vt 0.718750 0.429688
vt 0.765625 0.406250
vt 0.718750 0.382812
vt 0.765625 0.453125
vt 0.718750 0.476562
vt 0.671875 0.453125
vt 0.671875 0.406250
vt 0.617188 0.382812
vt 0.664062 0.382812
vt 0.651910 0.462500
vt 0.617188 0.462500
vt 0.671875 0.406250
vt 0.671875 0.453125
vt 0.751563 0.447049
vt 0.751563 0.412326
vt 0.570312 0.382812
vt 0.582465 0.462500
vt 0.644965 0.476562
vt 0.617188 0.476562
vt 0.765625 0.443576
vt 0.765625 0.415799
vt 0.589410 0.476562
vt 0.054688 0.281250
vt 0.083658 0.281250
vt 0.079777 0.328125
vt 0.054688 0.328125
vt 0.007812 0.290202
vt 0.007812 0.313640
vt 0.054687 0.315580
vt 0.054687 0.295283
vt 0.007812 0.342610
vt 0.054687 0.340670
vt 0.007812 0.366048
vt 0.054687 0.360967
vt 0.025717 0.281250
vt 0.029598 0.328125
vt 0.069173 0.362440
vt 0.054688 0.362440
vt 0.079777 0.295283
vt 0.095282 0.315580
vt 0.078125 0.320882
vt 0.069173 0.309164
vt 0.089002 0.335368
vt 0.089002 0.320882
vt 0.095282 0.340670
vt 0.079777 0.360967
vt 0.069173 0.347086
vt 0.078125 0.335368
vt 0.040202 0.362440
vt 0.029598 0.360967
vt 0.014093 0.340670
vt 0.031250 0.335368
vt 0.040202 0.347086
vt 0.014093 0.315580
vt 0.029598 0.295283
vt 0.040202 0.309164
vt 0.031250 0.320882
vt 0.054688 0.304688
vt 0.054688 0.328125
vt 0.054688 0.351562
vt 0.718750 0.429688
vt 0.765625 0.406250
vt 0.718750 0.382812
vt 0.765625 0.453125
vt 0.718750 0.476562
vt 0.671875 0.453125
vt 0.671875 0.406250
vt 0.617188 0.382812
vt 0.664062 0.382812
vt 0.651910 0.462500
vt 0.617188 0.462500
vt 0.671875 0.406250
vt 0.671875 0.453125
vt 0.751563 0.447049
vt 0.751563 0.412326
vt 0.570312 0.382812
vt 0.582465 0.462500
vt 0.644965 0.476562
vt 0.617188 0.476562
vt 0.765625 0.443576
vt 0.765625 0.415799
vt 0.589410 0.476562
vt 0.652255 0.841797
vt 0.928607 0.992188
vt 0.976562 0.773438
vt 0.649537 0.841797
vt 0.973844 0.773438
vt 0.925889 0.992188
vt 0.635531 0.773438
vt 0.632812 0.773438
vt 0.382812 0.117824
vt 0.007812 0.101562
vt 0.007812 0.115372
vt 0.382812 0.104015
vt 0.382812 0.115372
vt 0.007812 0.119003
vt 0.010778 0.132812
vt 0.379847 0.101562
vt 0.007812 0.132812
vt 0.125000 0.118148
vt 0.125000 0.131957
vt 0.007812 0.119003
vt 0.029023 0.131957
vt 0.327532 0.104015
vt 0.330498 0.117824
vt 0.026057 0.118148
vt 0.957120 0.841797
vt 0.632812 0.773438
vt 0.680768 0.992188
vt 0.959838 0.841797
vt 0.683486 0.992188
vt 0.635531 0.773438
vt 0.973844 0.773438
vt 0.976562 0.773438
vt 0.382812 0.117824
vt 0.007812 0.115372
vt 0.007812 0.101562
vt 0.382812 0.104015
vt 0.007812 0.115372
vt 0.379847 0.132812
vt 0.382812 0.119003
vt 0.010778 0.101562
vt 0.007812 0.132812
vt 0.125000 0.131957
vt 0.125000 0.118148
vt 0.007812 0.119003
vt 0.361602 0.131957
vt 0.060127 0.117824
vt 0.063093 0.104015
vt 0.364568 0.118148
vt 0.746370 0.396627
vt 0.765274 0.382812
vt 0.765625 0.408309
vt 0.746721 0.422124
vt 0.765274 0.382812
vt 0.746370 0.396627
vt 0.746721 0.422124
vt 0.765625 0.408309
vt 0.645159 0.476562
vt 0.664062 0.476562
vt 0.664062 0.429964
vt 0.645159 0.429964
vt 0.644807 0.429964
vt 0.663711 0.429964
vt 0.663711 0.476562
vt 0.644807 0.476562
vt 0.719026 0.396627
vt 0.765625 0.396627
vt 0.765625 0.422124
vt 0.719026 0.422124
vt 0.765625 0.382812
vt 0.719026 0.382812
vt 0.719026 0.408309
vt 0.765625 0.408309
vt 0.709122 0.423846
vt 0.728026 0.410032
vt 0.728378 0.435529
vt 0.709474 0.449343
vt 0.728026 0.410032
vt 0.709122 0.423846
vt 0.709474 0.449343
vt 0.728378 0.435529
vt 0.607911 0.452987
vt 0.626815 0.452987
vt 0.626815 0.406388
vt 0.607911 0.406388
vt 0.607560 0.406388
vt 0.626464 0.406388
vt 0.626464 0.452987
vt 0.607560 0.452987
vt 0.695451 0.423846
vt 0.742049 0.423846
vt 0.742049 0.449343
vt 0.695451 0.449343
vt 0.742049 0.410032
vt 0.695451 0.410032
vt 0.695451 0.435529
vt 0.742049 0.435529
vt 0.671875 0.451066
vt 0.690779 0.437251
vt 0.691130 0.462748
vt 0.672226 0.476562
vt 0.690779 0.437251
vt 0.671875 0.451066
vt 0.672226 0.476562
vt 0.691130 0.462748
vt 0.570664 0.429411
vt 0.589568 0.429411
vt 0.589568 0.382812
vt 0.570664 0.382812
vt 0.570312 0.382812
vt 0.589216 0.382812
vt 0.589216 0.429411
vt 0.570312 0.429411
vt 0.671875 0.451066
vt 0.718474 0.451066
vt 0.718474 0.476562
vt 0.671875 0.476562
vt 0.718474 0.437251
vt 0.671875 0.437251
vt 0.671875 0.462748
vt 0.718474 0.462748
vt 0.672226 0.382812
vt 0.691130 0.396627
vt 0.690779 0.422124
vt 0.671875 0.408309
vt 0.691130 0.396627
vt 0.672226 0.382812
vt 0.671875 0.408309
vt 0.690779 0.422124
vt 0.570312 0.476562
vt 0.589216 0.476562
vt 0.589216 0.429964
vt 0.570312 0.429964
vt 0.570664 0.429964
vt 0.589568 0.429964
vt 0.589568 0.476562
vt 0.570664 0.476562
vt 0.719026 0.382812
vt 0.765625 0.382812
vt 0.765625 0.408309
vt 0.719026 0.408309
vt 0.765625 0.396627
vt 0.719026 0.396627
vt 0.719026 0.422124
vt 0.765625 0.422124
vt 0.709474 0.410032
vt 0.728378 0.423846
vt 0.728026 0.449343
vt 0.709122 0.435529
vt 0.728378 0.423846
vt 0.709474 0.410032
vt 0.709122 0.435529
vt 0.728026 0.449343
vt 0.607560 0.452987
vt 0.626464 0.452987
vt 0.626464 0.406388
vt 0.607560 0.406388
vt 0.607911 0.406388
vt 0.626815 0.406388
vt 0.626815 0.452987
vt 0.607911 0.452987
vt 0.695451 0.410032
vt 0.742049 0.410032
vt 0.742049 0.435529
vt 0.695451 0.435529
vt 0.742049 0.423846
vt 0.695451 0.423846
vt 0.695451 0.449343
vt 0.742049 0.449343
vt 0.746721 0.437251
vt 0.765625 0.451066
vt 0.765274 0.476562
vt 0.746370 0.462748
vt 0.765625 0.451066
vt 0.746721 0.437251
vt 0.746370 0.462748
vt 0.765274 0.476562
vt 0.644807 0.429411
vt 0.663711 0.429411
vt 0.663711 0.382812
vt 0.644807 0.382812
vt 0.645159 0.382812
vt 0.664062 0.382812
vt 0.664062 0.429411
vt 0.645159 0.429411
vt 0.671875 0.437251
vt 0.718474 0.437251
vt 0.718474 0.462748
vt 0.671875 0.462748
vt 0.718474 0.451066
vt 0.671875 0.451066
vt 0.671875 0.476562
vt 0.718474 0.476562
vt 0.390625 0.195312
vt 0.484375 0.195312
vt 0.484375 0.262559
vt 0.390625 0.262559
vt 0.578768 0.200455
vt 0.499357 0.200455
vt 0.499357 0.257417
vt 0.578768 0.257417
vt 0.554688 0.992188
vt 0.625000 0.992188
vt 0.619623 0.664062
vt 0.560064 0.664062
vt 0.492188 0.302017
vt 0.867188 0.296875
vt 0.867188 0.364122
vt 0.492188 0.358979
vt 0.382812 0.195312
vt 0.354136 0.200455
vt 0.354136 0.257417
vt 0.382812 0.262559
vt 0.423713 0.261570
vt 0.451287 0.261570
vt 0.451287 0.273438
vt 0.423713 0.273438
vt 0.552849 0.261570
vt 0.525276 0.261570
vt 0.525276 0.273438
vt 0.552849 0.273438
vt 0.579504 0.929844
vt 0.600184 0.929844
vt 0.600184 0.726406
vt 0.579504 0.726406
vt 0.563438 0.363133
vt 0.795937 0.363133
vt 0.795937 0.375000
vt 0.563438 0.375000
vt 0.250460 0.261570
vt 0.250460 0.273438
vt 0.407169 0.206685
vt 0.467831 0.206685
vt 0.467831 0.251187
vt 0.407169 0.251187
vt 0.569393 0.206685
vt 0.508732 0.206685
vt 0.508732 0.251187
vt 0.569393 0.251187
vt 0.567096 0.710693
vt 0.612592 0.710693
vt 0.612592 0.702378
vt 0.567096 0.702378
vt 0.535976 0.308248
vt 0.545479 0.308248
vt 0.545479 0.352749
vt 0.535976 0.352749
vt 0.316636 0.206685
vt 0.316636 0.251187
vt 0.390625 0.195312
vt 0.484375 0.195312
vt 0.484375 0.262559
vt 0.390625 0.262559
vt 0.578768 0.200455
vt 0.499357 0.200455
vt 0.499357 0.257417
vt 0.578768 0.257417
vt 0.554688 0.992188
vt 0.625000 0.992188
vt 0.619623 0.664062
vt 0.560064 0.664062
vt 0.036489 0.200455
vt 0.007812 0.195312
vt 0.007812 0.262559
vt 0.036489 0.257417
vt 0.867188 0.296875
vt 0.492188 0.302017
vt 0.492188 0.358979
vt 0.867188 0.364122
vt 0.423713 0.261570
vt 0.451287 0.261570
vt 0.451287 0.273438
vt 0.423713 0.273438
vt 0.552849 0.261570
vt 0.525276 0.261570
vt 0.525276 0.273438
vt 0.552849 0.273438
vt 0.579504 0.929844
vt 0.600184 0.929844
vt 0.600184 0.726406
vt 0.579504 0.726406
vt 0.140165 0.261570
vt 0.140165 0.273438
vt 0.795937 0.363133
vt 0.563438 0.363133
vt 0.563438 0.375000
vt 0.795937 0.375000
vt 0.407169 0.206685
vt 0.467831 0.206685
vt 0.467831 0.251187
vt 0.407169 0.251187
vt 0.569393 0.206685
vt 0.508732 0.206685
vt 0.508732 0.251187
vt 0.569393 0.251187
vt 0.567096 0.710693
vt 0.612592 0.710693
vt 0.612592 0.702378
vt 0.567096 0.702378
vt 0.073989 0.206685
vt 0.073989 0.251187
vt 0.545479 0.308248
vt 0.535976 0.308248
vt 0.535976 0.352749
vt 0.545479 0.352749
vt 0.054688 0.281250
vt 0.083658 0.281250
vt 0.079777 0.328125
vt 0.054688 0.328125
vt 0.007812 0.290202
vt 0.007812 0.313640
vt 0.054687 0.315580
vt 0.054687 0.295283
vt 0.007812 0.342610
vt 0.054687 0.340670
vt 0.007812 0.366048
vt 0.054687 0.360967
vt 0.025717 0.281250
vt 0.029598 0.328125
vt 0.069173 0.362440
vt 0.054688 0.362440
vt 0.079777 0.295283
vt 0.095282 0.315580
vt 0.078125 0.320882
vt 0.069173 0.309164
vt 0.089002 0.335368
vt 0.089002 0.320882
vt 0.095282 0.340670
vt 0.079777 0.360967
vt 0.069173 0.347086
vt 0.078125 0.335368
vt 0.040202 0.362440
vt 0.029598 0.360967
vt 0.014093 0.340670
vt 0.031250 0.335368
vt 0.040202 0.347086
vt 0.014093 0.315580
vt 0.029598 0.295283
vt 0.040202 0.309164
vt 0.031250 0.320882
vt 0.054688 0.304688
vt 0.054688 0.328125
vt 0.054688 0.351562
vt 0.718750 0.429688
vt 0.765625 0.406250
vt 0.718750 0.382812
vt 0.765625 0.453125
vt 0.718750 0.476562
vt 0.671875 0.453125
vt 0.671875 0.406250
vt 0.617188 0.382812
vt 0.664062 0.382812
vt 0.651910 0.462500
vt 0.617188 0.462500
vt 0.671875 0.406250
vt 0.671875 0.453125
vt 0.751563 0.447049
vt 0.751563 0.412326
vt 0.570312 0.382812
vt 0.582465 0.462500
vt 0.644965 0.476562
vt 0.617188 0.476562
vt 0.765625 0.443576
vt 0.765625 0.415799
vt 0.589410 0.476562
vt 0.054688 0.281250
vt 0.083658 0.281250
vt 0.079777 0.328125
vt 0.054688 0.328125
vt 0.007812 0.290202
vt 0.007812 0.313640
vt 0.054687 0.315580
vt 0.054687 0.295283
vt 0.007812 0.342610
vt 0.054687 0.340670
vt 0.007812 0.366048
vt 0.054687 0.360967
vt 0.025717 0.281250
vt 0.029598 0.328125
vt 0.069173 0.362440
vt 0.054688 0.362440
vt 0.079777 0.295283
vt 0.095282 0.315580
vt 0.078125 0.320882
vt 0.069173 0.309164
vt 0.089002 0.335368
vt 0.089002 0.320882
vt 0.095282 0.340670
vt 0.079777 0.360967
vt 0.069173 0.347086
vt 0.078125 0.335368
vt 0.040202 0.362440
vt 0.029598 0.360967
vt 0.014093 0.340670
vt 0.031250 0.335368
vt 0.040202 0.347086
vt 0.014093 0.315580
vt 0.029598 0.295283
vt 0.040202 0.309164
vt 0.031250 0.320882
vt 0.054688 0.304688
vt 0.054688 0.328125
vt 0.054688 0.351562
vt 0.718750 0.429688
vt 0.765625 0.406250
vt 0.718750 0.382812
vt 0.765625 0.453125
vt 0.718750 0.476562
vt 0.671875 0.453125
vt 0.671875 0.406250
vt 0.617188 0.382812
vt 0.664062 0.382812
vt 0.651910 0.462500
vt 0.617188 0.462500
vt 0.671875 0.406250
vt 0.671875 0.453125
vt 0.751563 0.447049
vt 0.751563 0.412326
vt 0.570312 0.382812
vt 0.582465 0.462500
vt 0.644965 0.476562
vt 0.617188 0.476562
vt 0.765625 0.443576
vt 0.765625 0.415799
vt 0.589410 0.476562
vn 0.033158 -0.995390 0.089998
vn 0.090438 -0.993728 0.065773
vn 0.123335 -0.992074 0.024035
vn 0.123335 -0.992074 -0.024035
vn 0.090438 -0.993728 -0.065773
vn 0.033158 -0.995390 -0.089998
vn -0.033158 -0.995390 -0.089998
vn -0.090438 -0.993728 -0.065773
vn -0.123335 -0.992074 -0.024035
vn -0.123335 -0.992074 0.024035
vn -0.090438 -0.993728 0.065773
vn -0.033158 -0.995390 0.089998
vn 0.106461 -0.951404 0.288958
vn 0.285964 -0.935399 0.207974
vn 0.384276 -0.920176 0.074885
vn 0.384276 -0.920176 -0.074885
vn 0.285964 -0.935399 -0.207974
vn 0.106461 -0.951404 -0.288958
vn -0.106461 -0.951404 -0.288958
vn -0.285964 -0.935399 -0.207974
vn -0.384276 -0.920176 -0.074885
vn -0.384276 -0.920176 0.074885
vn -0.285964 -0.935399 0.207974
vn -0.106461 -0.951404 0.288958
vn 0.202918 -0.809619 0.550764
vn 0.522588 -0.763186 0.380064
vn 0.677143 -0.723924 0.131956
vn 0.677143 -0.723924 -0.131956
vn 0.522588 -0.763186 -0.380064
vn 0.202918 -0.809619 -0.550764
vn -0.202918 -0.809619 -0.550764
vn -0.522588 -0.763186 -0.380064
vn -0.677143 -0.723924 -0.131956
vn -0.677143 -0.723924 0.131956
vn -0.522588 -0.763186 0.380064
vn -0.202918 -0.809619 0.550764
vn 0.319801 -0.379848 0.868011
vn 0.762951 -0.331694 0.554874
vn 0.936888 -0.298174 0.182573
vn 0.936888 -0.298174 -0.182573
vn 0.762951 -0.331694 -0.554874
vn 0.319801 -0.379848 -0.868011
vn -0.319801 -0.379848 -0.868011
vn -0.762951 -0.331694 -0.554874
vn -0.936888 -0.298174 -0.182573
vn -0.936888 -0.298174 0.182573
vn -0.762951 -0.331694 0.554874
vn -0.319801 -0.379848 0.868011
vn 0.319801 0.379848 0.868011
vn 0.762951 0.331694 0.554874
vn 0.936888 0.298174 0.182573
vn 0.936888 0.298174 -0.182573
vn 0.762951 0.331694 -0.554874
vn 0.319801 0.379848 -0.868011
vn -0.319801 0.379848 -0.868011
vn -0.762951 0.331694 -0.554874
vn -0.936888 0.298174 -0.182573
vn -0.936888 0.298174 0.182573
vn -0.762951 0.331694 0.554874
vn -0.319801 0.379848 0.868011
vn 0.202918 0.809619 0.550764
vn 0.522588 0.763186 0.380064
vn 0.677143 0.723924 0.131956
vn 0.677143 0.723924 -0.131956
vn 0.522588 0.763186 -0.380064
vn 0.202918 0.809619 -0.550764
vn -0.202918 0.809619 -0.550764
vn -0.522588 0.763186 -0.380064
vn -0.677143 0.723924 -0.131956
vn -0.677143 0.723924 0.131956
vn -0.522588 0.763186 0.380064
vn -0.202918 0.809619 0.550764
vn 0.106461 0.951404 0.288958
vn 0.285964 0.935399 0.207974
vn 0.384276 0.920176 0.074885
vn 0.384276 0.920176 -0.074885
vn 0.285964 0.935399 -0.207974
vn 0.106461 0.951404 -0.288958
vn -0.106461 0.951404 -0.288958
vn -0.285964 0.935399 -0.207974
vn -0.384276 0.920176 -0.074885
vn -0.384276 0.920176 0.074885
vn -0.285964 0.935399 0.207974
vn -0.106461 0.951404 0.288958
vn 0.033158 0.995390 0.089998
vn 0.090438 0.993728 0.065773
vn 0.123335 0.992074 0.024035
vn 0.123335 0.992074 -0.024035
vn 0.090438 0.993728 -0.065773
vn 0.033158 0.995390 -0.089998
vn -0.033158 0.995390 -0.089998
vn -0.090438 0.993728 -0.065773
vn -0.123335 0.992074 -0.024035
vn -0.123335 0.992074 0.024035
vn -0.090438 0.993728 0.065773
vn -0.033158 0.995390 0.089998
vn 0.000000 0.000000 -1.000000
vn 0.706395 -0.706395 0.044850
vn 0.706395 0.706395 0.044850
vn -0.706395 0.706395 0.044850
vn -0.706395 -0.706395 0.044850
vn 0.000000 0.000000 -1.000000
vn 0.706395 -0.706395 0.044850
vn 0.706395 0.706395 0.044850
vn -0.706395 0.706395 0.044850
vn -0.706395 -0.706395 0.044850
vn 0.000000 0.000000 1.000000
vn 0.000000 0.000000 -1.000000
vn -0.000000 1.000000 0.000000
vn 0.000000 -1.000000 0.000000
vn -1.000000 0.000000 0.000000
vn 1.000000 0.000000 0.000000
vn 0.021059 -0.998656 0.047367
vn 0.058941 -0.997540 0.037943
vn 0.085054 -0.996154 0.021027
vn 0.094344 -0.995540 0.000000
vn 0.085054 -0.996154 -0.021027
vn 0.058941 -0.997540 -0.037943
vn 0.021059 -0.998656 -0.047367
vn -0.021059 -0.998656 -0.047367
vn -0.058941 -0.997540 -0.037943
vn -0.085054 -0.996154 -0.021027
vn -0.094344 -0.995540 -0.000000
vn -0.085054 -0.996154 0.021027
vn -0.058941 -0.997540 0.037943
vn -0.021059 -0.998656 0.047367
vn 0.066913 -0.986343 0.150501
vn 0.185403 -0.975388 0.119352
vn 0.264300 -0.962225 0.065342
vn 0.291616 -0.956535 0.000000
vn 0.264300 -0.962225 -0.065342
vn 0.185403 -0.975388 -0.119352
vn 0.066913 -0.986343 -0.150501
vn -0.066913 -0.986343 -0.150501
vn -0.185403 -0.975388 -0.119352
vn -0.264300 -0.962225 -0.065342
vn -0.291616 -0.956535 -0.000000
vn -0.264300 -0.962225 0.065342
vn -0.185403 -0.975388 0.119352
vn -0.066913 -0.986343 0.150501
vn 0.126521 -0.950269 0.284573
vn 0.341000 -0.914074 0.219517
vn 0.471291 -0.874248 0.116515
vn 0.513445 -0.858123 0.000000
vn 0.471291 -0.874248 -0.116515
vn 0.341000 -0.914074 -0.219517
vn 0.126521 -0.950269 -0.284573
vn -0.126521 -0.950269 -0.284573
vn -0.341000 -0.914074 -0.219517
vn -0.471291 -0.874248 -0.116515
vn -0.513445 -0.858123 -0.000000
vn -0.471291 -0.874248 0.116515
vn -0.341000 -0.914074 0.219517
vn -0.126521 -0.950269 0.284573
vn 0.219770 -0.841046 0.494311
vn 0.552169 -0.754162 0.355456
vn 0.715295 -0.676078 0.176839
vn 0.761348 -0.648343 0.000000
vn 0.715295 -0.676078 -0.176839
vn 0.552169 -0.754162 -0.355456
vn 0.219770 -0.841046 -0.494311
vn -0.219770 -0.841046 -0.494311
vn -0.552169 -0.754162 -0.355456
vn -0.715295 -0.676078 -0.176839
vn -0.761348 -0.648343 -0.000000
vn -0.715295 -0.676078 0.176839
vn -0.552169 -0.754162 0.355456
vn -0.219770 -0.841046 0.494311
vn 0.365781 -0.435129 0.822720
vn 0.791893 -0.336206 0.509776
vn 0.933544 -0.274279 0.230796
vn 0.966705 -0.255895 0.000000
vn 0.933544 -0.274279 -0.230796
vn 0.791893 -0.336206 -0.509776
vn 0.365781 -0.435129 -0.822720
vn -0.365781 -0.435129 -0.822720
vn -0.791893 -0.336206 -0.509776
vn -0.933544 -0.274279 -0.230796
vn -0.966705 -0.255895 -0.000000
vn -0.933544 -0.274279 0.230796
vn -0.791893 -0.336206 0.509776
vn -0.365781 -0.435129 0.822720
vn 0.365781 0.435129 0.822720
vn 0.791893 0.336206 0.509776
vn 0.933544 0.274279 0.230796
vn 0.966705 0.255895 0.000000
vn 0.933544 0.274279 -0.230796
vn 0.791893 0.336206 -0.509776
vn 0.365781 0.435129 -0.822720
vn -0.365781 0.435129 -0.822720
vn -0.791893 0.336206 -0.509776
vn -0.933544 0.274279 -0.230796
vn -0.966705 0.255895 -0.000000
vn -0.933544 0.274279 0.230796
vn -0.791893 0.336206 0.509776
vn -0.365781 0.435129 0.822720
vn 0.219770 0.841046 0.494311
vn 0.552169 0.754162 0.355456
vn 0.715295 0.676078 0.176839
vn 0.761348 0.648343 0.000000
vn 0.715295 0.676078 -0.176839
vn 0.552169 0.754162 -0.355456
vn 0.219770 0.841046 -0.494311
vn -0.219770 0.841046 -0.494311
vn -0.552169 0.754162 -0.355456
vn -0.715295 0.676078 -0.176839
vn -0.761348 0.648343 -0.000000
vn -0.715295 0.676078 0.176839
vn -0.552169 0.754162 0.355456
vn -0.219770 0.841046 0.494311
vn 0.126521 0.950269 0.284573
vn 0.341000 0.914074 0.219517
vn 0.471291 0.874248 0.116515
vn 0.513445 0.858123 0.000000
vn 0.471291 0.874248 -0.116515
vn 0.341000 0.914074 -0.219517
vn 0.126521 0.950269 -0.284573
vn -0.126521 0.950269 -0.284573
vn -0.341000 0.914074 -0.219517
vn -0.471291 0.874248 -0.116515
vn -0.513445 0.858123 -0.000000
vn -0.471291 0.874248 0.116515
vn -0.341000 0.914074 0.219517
vn -0.126521 0.950269 0.284573
vn 0.066913 0.986343 0.150501
vn 0.185403 0.975388 0.119352
vn 0.264300 0.962225 0.065342
vn 0.291616 0.956535 0.000000
vn 0.264300 0.962225 -0.065342
vn 0.185403 0.975388 -0.119352
vn 0.066913 0.986343 -0.150501
vn -0.066913 0.986343 -0.150501
vn -0.185403 0.975388 -0.119352
vn -0.264300 0.962225 -0.065342
vn -0.291616 0.956535 -0.000000
vn -0.264300 0.962225 0.065342
vn -0.185403 0.975388 0.119352
vn -0.066913 0.986343 0.150501
vn 0.021059 0.998656 0.047367
vn 0.058941 0.997540 0.037943
vn 0.085054 0.996154 0.021027
vn 0.094344 0.995540 0.000000
vn 0.085054 0.996154 -0.021027
vn 0.058941 0.997540 -0.037943
vn 0.021059 0.998656 -0.047367
vn -0.021059 0.998656 -0.047367
vn -0.058941 0.997540 -0.037943
vn -0.085054 0.996154 -0.021027
vn -0.094344 0.995540 -0.000000
vn -0.085054 0.996154 0.021027
vn -0.058941 0.997540 0.037943
vn -0.021059 0.998656 0.047367
vn 0.000000 0.000000 -1.000000
vn 0.382683 -0.923880 0.000000
vn 0.923880 -0.382683 0.000000
vn 0.923880 0.382683 0.000000
vn 0.382683 0.923880 0.000000
vn -0.382683 0.923880 0.000000
vn -0.923880 0.382683 0.000000
vn -0.923880 -0.382683 0.000000
vn -0.382683 -0.923880 0.000000
vn 0.000000 0.000000 1.000000
vn 0.000000 0.000000 -1.000000
vn 0.382683 -0.923880 0.000000
vn 0.923880 -0.382683 0.000000
vn 0.923880 0.382683 0.000000
vn 0.382683 0.923880 0.000000
vn -0.382683 0.923880 0.000000
vn -0.923880 0.382683 0.000000
vn -0.923880 -0.382683 0.000000
vn -0.382683 -0.923880 0.000000
vn 0.000000 0.000000 1.000000
vn 0.303632 0.185880 0.934482
vn 0.794918 0.185880 0.577542
vn 0.982572 0.185880 0.000000
vn 0.794918 0.185880 -0.577542
vn 0.303632 0.185880 -0.934482
vn -0.303632 0.185880 -0.934482
vn -0.794918 0.185880 -0.577542
vn -0.982572 0.185880 0.000000
vn -0.794918 0.185880 0.577542
vn -0.303632 0.185880 0.934482
vn 0.260811 0.536342 0.802692
vn 0.682811 0.536342 0.496091
vn 0.844001 0.536342 0.000000
vn 0.682811 0.536342 -0.496091
vn 0.260811 0.536342 -0.802692
vn -0.260811 0.536342 -0.802692
vn -0.682811 0.536342 -0.496091
vn -0.844001 0.536342 0.000000
vn -0.682811 0.536342 0.496091
vn -0.260811 0.536342 0.802692
vn 0.177645 0.818245 0.546734
vn 0.465079 0.818245 0.337900
vn 0.574870 0.818245 0.000000
vn 0.465079 0.818245 -0.337900
vn 0.177645 0.818245 -0.546734
vn -0.177645 0.818245 -0.546734
vn -0.465079 0.818245 -0.337900
vn -0.574870 0.818245 -0.000000
vn -0.465079 0.818245 0.337900
vn -0.177645 0.818245 0.546734
vn 0.063262 0.978821 0.194700
vn 0.165621 0.978821 0.120331
vn 0.204719 0.978821 0.000000
vn 0.165621 0.978821 -0.120331
vn 0.063262 0.978821 -0.194700
vn -0.063262 0.978821 -0.194700
vn -0.165621 0.978821 -0.120331
vn -0.204719 0.978821 -0.000000
vn -0.165621 0.978821 0.120331
vn -0.063262 0.978821 0.194700
vn 0.000000 0.000000 1.000000
vn 0.000000 0.000000 -1.000000
vn -0.000000 0.999723 0.023523
vn 0.000000 -0.999723 0.023523
vn -0.998496 0.000000 0.054819
vn 0.998496 0.000000 0.054819
vn 0.099833 0.995004 -0.000000
vn -0.099833 -0.995004 0.000000
vn 0.986351 -0.098965 0.131595
vn 0.000000 0.000000 -1.000000
vn -0.984262 0.098756 0.146549
vn -0.665088 0.066731 0.743778
vn -0.099833 0.995004 -0.000000
vn 0.099833 -0.995004 0.000000
vn -0.986351 -0.098965 0.131595
vn 0.000000 0.000000 -1.000000
vn 0.984262 0.098756 0.146549
vn 0.665088 0.066731 0.743778
vn -0.000000 0.000000 1.000000
vn 0.000000 0.000000 -1.000000
vn 0.099833 0.995004 0.000000
vn -0.099833 -0.995004 0.000000
vn -0.995004 0.099833 0.000000
vn 0.995004 -0.099833 0.000000
vn 0.000000 0.000000 1.000000
vn -0.000000 0.000000 -1.000000
vn -0.099833 0.995004 0.000000
vn 0.099833 -0.995004 0.000000
vn -0.995004 -0.099833 0.000000
vn 0.995004 0.099833 0.000000
vn 0.000000 0.000000 1.000000
vn 0.000000 0.000000 -1.000000
vn 0.000000 0.999940 -0.010981
vn 0.000000 -0.999940 -0.010981
vn -0.999906 0.000000 -0.013725
vn 0.999906 0.000000 -0.013725
vn -0.000000 1.000000 0.000000
vn 0.000000 -1.000000 0.000000
vn -1.000000 0.000000 0.000000
vn 1.000000 0.000000 0.000000
vn 0.000000 0.000000 1.000000
vn 0.000000 0.000000 -1.000000
vn 0.000000 0.999940 -0.010981
vn 0.000000 -0.999940 -0.010981
vn -0.999906 0.000000 -0.013725
vn 0.999906 0.000000 -0.013725
vn -0.000000 1.000000 0.000000
vn 0.000000 -1.000000 0.000000
vn -1.000000 0.000000 0.000000
vn 1.000000 0.000000 0.000000
vn 0.299447 -0.921602 0.246943
vn 0.783962 -0.569582 0.246943
vn 0.969030 -0.000000 0.246943
vn 0.783962 0.569582 0.246943
vn 0.299447 0.921602 0.246943
vn -0.299447 0.921602 0.246943
vn -0.783962 0.569582 0.246943
vn -0.969030 0.000000 0.246943
vn -0.783962 -0.569582 0.246943
vn -0.299447 -0.921602 0.246943
vn 0.223919 -0.689152 0.689152
vn 0.586227 -0.425919 0.689152
vn 0.724617 -0.000000 0.689152
vn 0.586227 0.425919 0.689152
vn 0.223919 0.689152 0.689152
vn -0.223919 0.689152 0.689152
vn -0.586227 0.425919 0.689152
vn -0.724617 0.000000 0.689152
vn -0.586227 -0.425919 0.689152
vn -0.223919 -0.689152 0.689152
vn 0.083800 -0.257909 0.962528
vn 0.219390 -0.159396 0.962528
vn 0.271181 -0.000000 0.962528
vn 0.219390 0.159396 0.962528
vn 0.083800 0.257909 0.962528
vn -0.083800 0.257909 0.962528
vn -0.219390 0.159396 0.962528
vn -0.271181 0.000000 0.962528
vn -0.219390 -0.159396 0.962528
vn -0.083800 -0.257909 0.962528
vn 0.000000 0.000000 -1.000000
vn 0.499965 -0.865964 0.011886
vn 0.999929 -0.000000 0.011886
vn 0.499965 0.865964 0.011886
vn -0.499965 0.865964 0.011886
vn -0.999929 0.000000 0.011886
vn -0.499965 -0.865964 0.011886
vn 0.499630 -0.865385 0.038462
vn 0.999260 -0.000000 0.038462
vn 0.499630 0.865385 0.038462
vn -0.499630 0.865385 0.038462
vn -0.999260 0.000000 0.038462
vn -0.499630 -0.865385 0.038462
vn 0.299447 -0.921602 0.246943
vn 0.783962 -0.569582 0.246943
vn 0.969030 -0.000000 0.246943
vn 0.783962 0.569582 0.246943
vn 0.299447 0.921602 0.246943
vn -0.299447 0.921602 0.246943
vn -0.783962 0.569582 0.246943
vn -0.969030 0.000000 0.246943
vn -0.783962 -0.569582 0.246943
vn -0.299447 -0.921602 0.246943
vn 0.223919 -0.689152 0.689152
vn 0.586227 -0.425919 0.689152
vn 0.724617 -0.000000 0.689152
vn 0.586227 0.425919 0.689152
vn 0.223919 0.689152 0.689152
vn -0.223919 0.689152 0.689152
vn -0.586227 0.425919 0.689152
vn -0.724617 0.000000 0.689152
vn -0.586227 -0.425919 0.689152
vn -0.223919 -0.689152 0.689152
vn 0.083800 -0.257909 0.962528
vn 0.219390 -0.159396 0.962528
vn 0.271181 -0.000000 0.962528
vn 0.219390 0.159396 0.962528
vn 0.083800 0.257909 0.962528
vn -0.083800 0.257909 0.962528
vn -0.219390 0.159396 0.962528
vn -0.271181 0.000000 0.962528
vn -0.219390 -0.159396 0.962528
vn -0.083800 -0.257909 0.962528
vn 0.000000 0.000000 -1.000000
vn 0.499965 -0.865964 0.011886
vn 0.999929 -0.000000 0.011886
vn 0.499965 0.865964 0.011886
vn -0.499965 0.865964 0.011886
vn -0.999929 0.000000 0.011886
vn -0.499965 -0.865964 0.011886
vn 0.499630 -0.865385 0.038462
vn 0.999260 -0.000000 0.038462
vn 0.499630 0.865385 0.038462
vn -0.499630 0.865385 0.038462
vn -0.999260 0.000000 0.038462
vn -0.499630 -0.865385 0.038462
vn 0.099833 0.995004 -0.000000
vn -0.099833 -0.995004 0.000000
vn 0.986351 -0.098965 0.131595
vn 0.000000 0.000000 -1.000000
vn -0.984262 0.098756 0.146549
vn -0.665088 0.066731 0.743778
vn -0.099833 0.995004 -0.000000
vn 0.099833 -0.995004 0.000000
vn -0.986351 -0.098965 0.131595
vn 0.000000 0.000000 -1.000000
vn 0.984262 0.098756 0.146549
vn 0.665088 0.066731 0.743778
vn -0.000000 0.000000 1.000000
vn 0.000000 0.000000 -1.000000
vn 0.099833 0.995004 0.000000
vn -0.099833 -0.995004 0.000000
vn -0.995004 0.099833 0.000000
vn 0.995004 -0.099833 0.000000
vn 0.000000 0.000000 1.000000
vn -0.000000 0.000000 -1.000000
vn -0.099833 0.995004 0.000000
vn 0.099833 -0.995004 0.000000
vn -0.995004 -0.099833 0.000000
vn 0.995004 0.099833 0.000000
vn 0.000000 0.000000 1.000000
vn 0.000000 0.000000 -1.000000
vn 0.000000 0.999940 -0.010981
vn 0.000000 -0.999940 -0.010981
vn -0.999906 0.000000 -0.013725
vn 0.999906 0.000000 -0.013725
vn -0.000000 1.000000 0.000000
vn 0.000000 -1.000000 0.000000
vn -1.000000 0.000000 0.000000
vn 1.000000 0.000000 0.000000
vn 0.000000 0.000000 1.000000
vn 0.000000 0.000000 -1.000000
vn 0.000000 0.999940 -0.010981
vn 0.000000 -0.999940 -0.010981
vn -0.999906 0.000000 -0.013725
vn 0.999906 0.000000 -0.013725
vn -0.000000 1.000000 0.000000
vn 0.000000 -1.000000 0.000000
vn -1.000000 0.000000 0.000000
vn 1.000000 0.000000 0.000000
vn 0.299447 -0.921602 0.246943
vn 0.783962 -0.569582 0.246943
vn 0.969030 -0.000000 0.246943
vn 0.783962 0.569582 0.246943
vn 0.299447 0.921602 0.246943
vn -0.299447 0.921602 0.246943
vn -0.783962 0.569582 0.246943
vn -0.969030 0.000000 0.246943
vn -0.783962 -0.569582 0.246943
vn -0.299447 -0.921602 0.246943
vn 0.223919 -0.689152 0.689152
vn 0.586227 -0.425919 0.689152
vn 0.724617 -0.000000 0.689152
vn 0.586227 0.425919 0.689152
vn 0.223919 0.689152 0.689152
vn -0.223919 0.689152 0.689152
vn -0.586227 0.425919 0.689152
vn -0.724617 0.000000 0.689152
vn -0.586227 -0.425919 0.689152
vn -0.223919 -0.689152 0.689152
vn 0.083800 -0.257909 0.962528
vn 0.219390 -0.159396 0.962528
vn 0.271181 -0.000000 0.962528
vn 0.219390 0.159396 0.962528
vn 0.083800 0.257909 0.962528
vn -0.083800 0.257909 0.962528
vn -0.219390 0.159396 0.962528
vn -0.271181 0.000000 0.962528
vn -0.219390 -0.159396 0.962528
vn -0.083800 -0.257909 0.962528
vn 0.000000 0.000000 -1.000000
vn 0.499965 -0.865964 0.011886
vn 0.999929 -0.000000 0.011886
vn 0.499965 0.865964 0.011886
vn -0.499965 0.865964 0.011886
vn -0.999929 0.000000 0.011886
vn -0.499965 -0.865964 0.011886
vn 0.499630 -0.865385 0.038462
vn 0.999260 -0.000000 0.038462
vn 0.499630 0.865385 0.038462
vn -0.499630 0.865385 0.038462
vn -0.999260 0.000000 0.038462
vn -0.499630 -0.865385 0.038462
vn 0.299447 -0.921602 0.246943
vn 0.783962 -0.569582 0.246943
vn 0.969030 -0.000000 0.246943
vn 0.783962 0.569582 0.246943
vn 0.299447 0.921602 0.246943
vn -0.299447 0.921602 0.246943
vn -0.783962 0.569582 0.246943
vn -0.969030 0.000000 0.246943
vn -0.783962 -0.569582 0.246943
vn -0.299447 -0.921602 0.246943
vn 0.223919 -0.689152 0.689152
vn 0.586227 -0.425919 0.689152
vn 0.724617 -0.000000 0.689152
vn 0.586227 0.425919 0.689152
vn 0.223919 0.689152 0.689152
vn -0.223919 0.689152 0.689152
vn -0.586227 0.425919 0.689152
vn -0.724617 0.000000 0.689152
vn -0.586227 -0.425919 0.689152
vn -0.223919 -0.689152 0.689152
vn 0.083800 -0.257909 0.962528
vn 0.219390 -0.159396 0.962528
vn 0.271181 -0.000000 0.962528
vn 0.219390 0.159396 0.962528
vn 0.083800 0.257909 0.962528
vn -0.083800 0.257909 0.962528
vn -0.219390 0.159396 0.962528
vn -0.271181 0.000000 0.962528
vn -0.219390 -0.159396 0.962528
vn -0.083800 -0.257909 0.962528
vn 0.000000 0.000000 -1.000000
vn 0.499965 -0.865964 0.011886
vn 0.999929 -0.000000 0.011886
vn 0.499965 0.865964 0.011886
vn -0.499965 0.865964 0.011886
vn -0.999929 0.000000 0.011886
vn -0.499965 -0.865964 0.011886
vn 0.499630 -0.865385 0.038462
vn 0.999260 -0.000000 0.038462
vn 0.499630 0.865385 0.038462
vn -0.499630 0.865385 0.038462
vn -0.999260 0.000000 0.038462
vn -0.499630 -0.865385 0.038462
f 1/1/1 2/2/1 3/3/1
f 1/1/2 4/4/2 2/2/2
f 1/1/3 5/5/3 4/4/3
f 1/1/4 6/6/4 5/5/4
f 1/1/5 7/7/5 6/6/5
f 1/1/6 8/8/6 7/7/6
f 1/1/7 9/9/7 8/8/7
f 1/1/8 10/10/8 9/9/8
f 1/1/9 11/11/9 10/10/9
f 1/1/10 12/12/10 11/11/10
f 1/1/11 13/13/11 12/12/11
f 1/1/12 3/3/12 13/13/12
f 3/3/13 2/2/13 14/14/13
f 3/3/13 14/14/13 15/15/13
f 2/2/14 4/4/14 16/16/14
f 2/2/14 16/16/14 14/14/14
f 4/4/15 5/5/15 17/17/15
f 4/4/15 17/17/15 16/16/15
f 5/5/16 6/6/16 18/18/16
f 5/5/16 18/18/16 17/17/16
f 6/6/17 7/7/17 19/19/17
f 6/6/17 19/19/17 18/18/17
f 7/7/18 8/8/18 20/20/18
f 7/7/18 20/20/18 19/19/18
f 8/8/19 9/9/19 21/21/19
f 8/8/19 21/21/19 20/20/19
f 9/9/20 10/10/20 22/22/20
f 9/9/20 22/22/20 21/21/20
f 10/10/21 11/11/21 23/23/21
f 10/10/21 23/23/21 22/22/21
f 11/11/22 12/12/22 24/24/22
f 11/11/22 24/24/22 23/23/22
f 12/12/23 13/13/23 25/25/23
f 12/12/23 25/25/23 24/24/23
f 13/13/24 3/3/24 15/15/24
f 13/13/24 15/15/24 25/25/24
f 15/15/25 14/14/25 26/26/25
f 15/15/25 26/26/25 27/27/25
f 14/14/26 16/16/26 28/28/26
f 14/14/26 28/28/26 26/26/26
f 16/16/27 17/17/27 29/29/27
f 16/16/27 29/29/27 28/28/27
f 17/17/28 18/18/28 30/30/28
f 17/17/28 30/30/28 29/29/28
f 18/18/29 19/19/29 31/31/29
f 18/18/29 31/31/29 30/30/29
f 19/19/30 20/20/30 32/32/30
f 19/19/30 32/32/30 31/31/30
f 20/20/31 21/21/31 33/33/31
f 20/20/31 33/33/31 32/32/31
f 21/21/32 22/22/32 34/34/32
f 21/21/32 34/34/32 33/33/32
f 22/22/33 23/23/33 35/35/33
f 22/22/33 35/35/33 34/34/33
f 23/23/34 24/24/34 36/36/34
f 23/23/34 36/36/34 35/35/34
f 24/24/35 25/25/35 37/37/35
f 24/24/35 37/37/35 36/36/35
f 25/25/36 15/15/36 27/27/36
f 25/25/36 27/27/36 37/37/36
f 27/38/37 26/39/37 38/40/37
f 27/38/37 38/40/37 39/41/37
f 26/42/38 28/43/38 40/44/38
f 26/42/38 40/44/38 38/45/38
f 28/43/39 29/46/39 41/47/39
f 28/43/39 41/47/39 40/44/39
f 29/46/40 30/48/40 42/49/40
f 29/46/40 42/49/40 41/47/40
f 30/48/41 31/50/41 43/51/41
f 30/48/41 43/51/41 42/49/41
f 31/52/42 32/53/42 44/54/42
f 31/52/42 44/54/42 43/55/42
f 32/53/43 33/56/43 45/57/43
f 32/53/43 45/57/43 44/54/43
f 33/50/44 34/48/44 46/49/44
f 33/50/44 46/49/44 45/51/44
f 34/48/45 35/46/45 47/47/45
f 34/48/45 47/47/45 46/49/45
f 35/46/46 36/43/46 48/44/46
f 35/46/46 48/44/46 47/47/46
f 36/43/47 37/42/47 49/45/47
f 36/43/47 49/45/47 48/44/47
f 37/58/48 27/38/48 39/41/48
f 37/58/48 39/41/48 49/59/48
f 39/41/49 38/40/49 50/60/49
f 39/41/49 50/60/49 51/61/49
f 38/45/50 40/44/50 52/62/50
f 38/45/50 52/62/50 50/63/50
f 40/44/51 41/47/51 53/64/51
f 40/44/51 53/64/51 52/62/51
f 41/47/52 42/49/52 54/65/52
f 41/47/52 54/65/52 53/64/52
f 42/49/53 43/51/53 55/66/53
f 42/49/53 55/66/53 54/65/53
f 43/55/54 44/54/54 56/67/54
f 43/55/54 56/67/54 55/68/54
f 44/54/55 45/57/55 57/69/55
f 44/54/55 57/69/55 56/67/55
f 45/51/56 46/49/56 58/65/56
f 45/51/56 58/65/56 57/66/56
f 46/49/57 47/47/57 59/64/57
f 46/49/57 59/64/57 58/65/57
f 47/47/58 48/44/58 60/62/58
f 47/47/58 60/62/58 59/64/58
f 48/44/59 49/45/59 61/63/59
f 48/44/59 61/63/59 60/62/59
f 49/59/60 39/41/60 51/61/60
f 49/59/60 51/61/60 61/70/60
f 51/27/61 50/26/61 62/14/61
f 51/27/61 62/14/61 63/15/61
f 50/26/62 52/28/62 64/16/62
f 50/26/62 64/16/62 62/14/62
f 52/28/63 53/29/63 65/17/63
f 52/28/63 65/17/63 64/16/63
f 53/29/64 54/30/64 66/18/64
f 53/29/64 66/18/64 65/17/64
f 54/30/65 55/31/65 67/19/65
f 54/30/65 67/19/65 66/18/65
f 55/31/66 56/32/66 68/20/66
f 55/31/66 68/20/66 67/19/66
f 56/32/67 57/33/67 69/21/67
f 56/32/67 69/21/67 68/20/67
f 57/33/68 58/34/68 70/22/68
f 57/33/68 70/22/68 69/21/68
f 58/34/69 59/35/69 71/23/69
f 58/34/69 71/23/69 70/22/69
f 59/35/70 60/36/70 72/24/70
f 59/35/70 72/24/70 71/23/70
f 60/36/71 61/37/71 73/25/71
f 60/36/71 73/25/71 72/24/71
f 61/37/72 51/27/72 63/15/72
f 61/37/72 63/15/72 73/25/72
f 63/15/73 62/14/73 74/2/73
f 63/15/73 74/2/73 75/3/73
f 62/14/74 64/16/74 76/4/74
f 62/14/74 76/4/74 74/2/74
f 64/16/75 65/17/75 77/5/75
f 64/16/75 77/5/75 76/4/75
f 65/17/76 66/18/76 78/6/76
f 65/17/76 78/6/76 77/5/76
f 66/18/77 67/19/77 79/7/77
f 66/18/77 79/7/77 78/6/77
f 67/19/78 68/20/78 80/8/78
f 67/19/78 80/8/78 79/7/78
f 68/20/79 69/21/79 81/9/79
f 68/20/79 81/9/79 80/8/79
f 69/21/80 70/22/80 82/10/80
f 69/21/80 82/10/80 81/9/80
f 70/22/81 71/23/81 83/11/81
f 70/22/81 83/11/81 82/10/81
f 71/23/82 72/24/82 84/12/82
f 71/23/82 84/12/82 83/11/82
f 72/24/83 73/25/83 85/13/83
f 72/24/83 85/13/83 84/12/83
f 73/25/84 63/15/84 75/3/84
f 73/25/84 75/3/84 85/13/84
f 75/3/85 74/2/85 86/1/85
f 74/2/86 76/4/86 86/1/86
f 76/4/87 77/5/87 86/1/87
f 77/5/88 78/6/88 86/1/88
f 78/6/89 79/7/89 86/1/89
f 79/7/90 80/8/90 86/1/90
f 80/8/91 81/9/91 86/1/91
f 81/9/92 82/10/92 86/1/92
f 82/10/93 83/11/93 86/1/93
f 83/11/94 84/12/94 86/1/94
f 84/12/95 85/13/95 86/1/95
f 85/13/96 75/3/96 86/1/96
f 87/71/97 88/72/97 89/73/97
f 87/71/97 90/74/97 88/72/97
f 87/71/97 91/75/97 90/74/97
f 87/71/97 89/73/97 91/75/97
f 89/76/98 88/77/98 92/78/98
f 88/79/99 90/80/99 92/81/99
f 90/80/100 91/79/100 92/81/100
f 91/82/101 89/76/101 92/78/101
f 93/83/102 94/84/102 95/85/102
f 93/83/102 96/86/102 94/84/102
f 93/83/102 97/87/102 96/86/102
f 93/83/102 95/85/102 97/87/102
f 95/88/103 94/89/103 98/90/103
f 94/91/104 96/92/104 98/93/104
f 96/92/105 97/91/105 98/93/105
f 97/94/106 95/88/106 98/90/106
f 99/95/107 100/96/107 101/97/107
f 99/95/107 101/97/107 102/98/107
f 103/99/108 104/100/108 105/101/108
f 103/99/108 105/101/108 106/102/108
f 102/103/109 101/104/109 106/105/109
f 102/103/109 106/105/109 105/106/109
f 104/106/110 103/105/110 100/104/110
f 104/106/110 100/104/110 99/103/110
f 104/107/111 99/108/111 102/109/111
f 104/107/111 102/109/111 105/110/111
f 100/108/112 103/107/112 106/110/112
f 100/108/112 106/110/112 101/109/112
f 107/111/113 108/112/113 109/113/113
f 107/111/114 110/114/114 108/112/114
f 107/111/115 111/115/115 110/114/115
f 107/111/116 112/116/116 111/115/116
f 107/111/117 113/117/117 112/116/117
f 107/111/118 114/118/118 113/117/118
f 107/111/119 115/119/119 114/118/119
f 107/111/120 116/120/120 115/119/120
f 107/111/121 117/121/121 116/120/121
f 107/111/122 118/122/122 117/121/122
f 107/111/123 119/123/123 118/122/123
f 107/111/124 120/124/124 119/123/124
f 107/111/125 121/125/125 120/124/125
f 107/111/126 109/113/126 121/125/126
f 109/113/127 108/112/127 122/126/127
f 109/113/127 122/126/127 123/127/127
f 108/112/128 110/114/128 124/128/128
f 108/112/128 124/128/128 122/126/128
f 110/114/129 111/115/129 125/129/129
f 110/114/129 125/129/129 124/128/129
f 111/115/130 112/116/130 126/130/130
f 111/115/130 126/130/130 125/129/130
f 112/116/131 113/117/131 127/131/131
f 112/116/131 127/131/131 126/130/131
f 113/117/132 114/118/132 128/132/132
f 113/117/132 128/132/132 127/131/132
f 114/118/133 115/119/133 129/133/133
f 114/118/133 129/133/133 128/132/133
f 115/119/134 116/120/134 130/134/134
f 115/119/134 130/134/134 129/133/134
f 116/120/135 117/121/135 131/135/135
f 116/120/135 131/135/135 130/134/135
f 117/121/136 118/122/136 132/136/136
f 117/121/136 132/136/136 131/135/136
f 118/122/137 119/123/137 133/137/137
f 118/122/137 133/137/137 132/136/137
f 119/123/138 120/124/138 134/138/138
f 119/123/138 134/138/138 133/137/138
f 120/124/139 121/125/139 135/139/139
f 120/124/139 135/139/139 134/138/139
f 121/125/140 109/113/140 123/127/140
f 121/125/140 123/127/140 135/139/140
f 123/127/141 122/126/141 136/140/141
f 123/127/141 136/140/141 137/141/141
f 122/126/142 124/128/142 138/142/142
f 122/126/142 138/142/142 136/140/142
f 124/128/143 125/129/143 139/143/143
f 124/128/143 139/143/143 138/142/143
f 125/129/144 126/130/144 140/144/144
f 125/129/144 140/144/144 139/143/144
f 126/130/145 127/131/145 141/145/145
f 126/130/145 141/145/145 140/144/145
f 127/131/146 128/132/146 142/146/146
f 127/131/146 142/146/146 141/145/146
f 128/132/147 129/133/147 143/147/147
f 128/132/147 143/147/147 142/146/147
f 129/133/148 130/134/148 144/148/148
f 129/133/148 144/148/148 143/147/148
f 130/134/149 131/135/149 145/149/149
f 130/134/149 145/149/149 144/148/149
f 131/135/150 132/136/150 146/150/150
f 131/135/150 146/150/150 145/149/150
f 132/136/151 133/137/151 147/151/151
f 132/136/151 147/151/151 146/150/151
f 133/137/152 134/138/152 148/152/152
f 133/137/152 148/152/152 147/151/152
f 134/138/153 135/139/153 149/153/153
f 134/138/153 149/153/153 148/152/153
f 135/139/154 123/127/154 137/141/154
f 135/139/154 137/141/154 149/153/154
f 137/141/155 136/140/155 150/154/155
f 137/141/155 150/154/155 151/155/155
f 136/140/156 138/142/156 152/156/156
f 136/140/156 152/156/156 150/154/156
f 138/157/157 139/158/157 153/159/157
f 138/157/157 153/159/157 152/160/157
f 139/158/158 140/161/158 154/162/158
f 139/158/158 154/162/158 153/159/158
f 140/161/159 141/163/159 155/164/159
f 140/161/159 155/164/159 154/162/159
f 141/145/160 142/146/160 156/165/160
f 141/145/160 156/165/160 155/166/160
f 142/146/161 143/147/161 157/167/161
f 142/146/161 157/167/161 156/165/161
f 143/147/162 144/148/162 158/168/162
f 143/147/162 158/168/162 157/167/162
f 144/148/163 145/149/163 159/169/163
f 144/148/163 159/169/163 158/168/163
f 145/163/164 146/161/164 160/162/164
f 145/163/164 160/162/164 159/164/164
f 146/161/165 147/158/165 161/159/165
f 146/161/165 161/159/165 160/162/165
f 147/158/166 148/157/166 162/160/166
f 147/158/166 162/160/166 161/159/166
f 148/152/167 149/153/167 163/170/167
f 148/152/167 163/170/167 162/171/167
f 149/153/168 137/141/168 151/155/168
f 149/153/168 151/155/168 163/170/168
f 151/172/169 150/173/169 164/174/169
f 151/172/169 164/174/169 165/175/169
f 150/176/170 152/160/170 166/177/170
f 150/176/170 166/177/170 164/178/170
f 152/160/171 153/159/171 167/179/171
f 152/160/171 167/179/171 166/177/171
f 153/159/172 154/162/172 168/180/172
f 153/159/172 168/180/172 167/179/172
f 154/162/173 155/164/173 169/181/173
f 154/162/173 169/181/173 168/180/173
f 155/164/174 156/182/174 170/183/174
f 155/164/174 170/183/174 169/181/174
f 156/184/175 157/185/175 171/186/175
f 156/184/175 171/186/175 170/187/175
f 157/185/176 158/188/176 172/189/176
f 157/185/176 172/189/176 171/186/176
f 158/182/177 159/164/177 173/181/177
f 158/182/177 173/181/177 172/183/177
f 159/164/178 160/162/178 174/180/178
f 159/164/178 174/180/178 173/181/178
f 160/162/179 161/159/179 175/179/179
f 160/162/179 175/179/179 174/180/179
f 161/159/180 162/160/180 176/177/180
f 161/159/180 176/177/180 175/179/180
f 162/160/181 163/176/181 177/178/181
f 162/160/181 177/178/181 176/177/181
f 163/190/182 151/172/182 165/175/182
f 163/190/182 165/175/182 177/191/182
f 165/175/183 164/174/183 178/192/183
f 165/175/183 178/192/183 179/193/183
f 164/178/184 166/177/184 180/194/184
f 164/178/184 180/194/184 178/195/184
f 166/177/185 167/179/185 181/196/185
f 166/177/185 181/196/185 180/194/185
f 167/179/186 168/180/186 182/197/186
f 167/179/186 182/197/186 181/196/186
f 168/180/187 169/181/187 183/198/187
f 168/180/187 183/198/187 182/197/187
f 169/181/188 170/183/188 184/199/188
f 169/181/188 184/199/188 183/198/188
f 170/187/189 171/186/189 185/200/189
f 170/187/189 185/200/189 184/201/189
f 171/186/190 172/189/190 186/202/190
f 171/186/190 186/202/190 185/200/190
f 172/183/191 173/181/191 187/198/191
f 172/183/191 187/198/191 186/199/191
f 173/181/192 174/180/192 188/197/192
f 173/181/192 188/197/192 187/198/192
f 174/180/193 175/179/193 189/196/193
f 174/180/193 189/196/193 188/197/193
f 175/179/194 176/177/194 190/194/194
f 175/179/194 190/194/194 189/196/194
f 176/177/195 177/178/195 191/195/195
f 176/177/195 191/195/195 190/194/195
f 177/191/196 165/175/196 179/193/196
f 177/191/196 179/193/196 191/203/196
f 179/155/197 178/154/197 192/140/197
f 179/155/197 192/140/197 193/141/197
f 178/154/198 180/156/198 194/142/198
f 178/154/198 194/142/198 192/140/198
f 180/194/199 181/196/199 195/204/199
f 180/194/199 195/204/199 194/205/199
f 181/196/200 182/197/200 196/206/200
f 181/196/200 196/206/200 195/204/200
f 182/197/201 183/198/201 197/207/201
f 182/197/201 197/207/201 196/206/201
f 183/166/202 184/165/202 198/146/202
f 183/166/202 198/146/202 197/145/202
f 184/165/203 185/167/203 199/147/203
f 184/165/203 199/147/203 198/146/203
f 185/167/204 186/168/204 200/148/204
f 185/167/204 200/148/204 199/147/204
f 186/168/205 187/169/205 201/149/205
f 186/168/205 201/149/205 200/148/205
f 187/198/206 188/197/206 202/206/206
f 187/198/206 202/206/206 201/207/206
f 188/197/207 189/196/207 203/204/207
f 188/197/207 203/204/207 202/206/207
f 189/196/208 190/194/208 204/205/208
f 189/196/208 204/205/208 203/204/208
f 190/171/209 191/170/209 205/153/209
f 190/171/209 205/153/209 204/152/209
f 191/170/210 179/155/210 193/141/210
f 191/170/210 193/141/210 205/153/210
f 193/141/211 192/140/211 206/126/211
f 193/141/211 206/126/211 207/127/211
f 192/140/212 194/142/212 208/128/212
f 192/140/212 208/128/212 206/126/212
f 194/142/213 195/143/213 209/129/213
f 194/142/213 209/129/213 208/128/213
f 195/143/214 196/144/214 210/130/214
f 195/143/214 210/130/214 209/129/214
f 196/144/215 197/145/215 211/131/215
f 196/144/215 211/131/215 210/130/215
f 197/145/216 198/146/216 212/132/216
f 197/145/216 212/132/216 211/131/216
f 198/146/217 199/147/217 213/133/217
f 198/146/217 213/133/217 212/132/217
f 199/147/218 200/148/218 214/134/218
f 199/147/218 214/134/218 213/133/218
f 200/148/219 201/149/219 215/135/219
f 200/148/219 215/135/219 214/134/219
f 201/149/220 202/150/220 216/136/220
f 201/149/220 216/136/220 215/135/220
f 202/150/221 203/151/221 217/137/221
f 202/150/221 217/137/221 216/136/221
f 203/151/222 204/152/222 218/138/222
f 203/151/222 218/138/222 217/137/222
f 204/152/223 205/153/223 219/139/223
f 204/152/223 219/139/223 218/138/223
f 205/153/224 193/141/224 207/127/224
f 205/153/224 207/127/224 219/139/224
f 207/127/225 206/126/225 220/112/225
f 207/127/225 220/112/225 221/113/225
f 206/126/226 208/128/226 222/114/226
f 206/126/226 222/114/226 220/112/226
f 208/128/227 209/129/227 223/115/227
f 208/128/227 223/115/227 222/114/227
f 209/129/228 210/130/228 224/116/228
f 209/129/228 224/116/228 223/115/228
f 210/130/229 211/131/229 225/117/229
f 210/130/229 225/117/229 224/116/229
f 211/131/230 212/132/230 226/118/230
f 211/131/230 226/118/230 225/117/230
f 212/132/231 213/133/231 227/119/231
f 212/132/231 227/119/231 226/118/231
f 213/133/232 214/134/232 228/120/232
f 213/133/232 228/120/232 227/119/232
f 214/134/233 215/135/233 229/121/233
f 214/134/233 229/121/233 228/120/233
f 215/135/234 216/136/234 230/122/234
f 215/135/234 230/122/234 229/121/234
f 216/136/235 217/137/235 231/123/235
f 216/136/235 231/123/235 230/122/235
f 217/137/236 218/138/236 232/124/236
f 217/137/236 232/124/236 231/123/236
f 218/138/237 219/139/237 233/125/237
f 218/138/237 233/125/237 232/124/237
f 219/139/238 207/127/238 221/113/238
f 219/139/238 221/113/238 233/125/238
f 221/113/239 220/112/239 234/111/239
f 220/112/240 222/114/240 234/111/240
f 222/114/241 223/115/241 234/111/241
f 223/115/242 224/116/242 234/111/242
f 224/116/243 225/117/243 234/111/243
f 225/117/244 226/118/244 234/111/244
f 226/118/245 227/119/245 234/111/245
f 227/119/246 228/120/246 234/111/246
f 228/120/247 229/121/247 234/111/247
f 229/121/248 230/122/248 234/111/248
f 230/122/249 231/123/249 234/111/249
f 231/123/250 232/124/250 234/111/250
f 232/124/251 233/125/251 234/111/251
f 233/125/252 221/113/252 234/111/252
f 235/208/253 236/209/253 237/210/253
f 235/208/253 238/211/253 236/209/253
f 235/208/253 239/212/253 238/211/253
f 235/208/253 240/213/253 239/212/253
f 235/208/253 241/214/253 240/213/253
f 235/208/253 242/215/253 241/214/253
f 235/208/253 243/216/253 242/215/253
f 235/208/253 237/210/253 243/216/253
f 237/217/254 236/218/254 244/219/254
f 237/217/254 244/219/254 245/220/254
f 236/221/255 238/222/255 246/223/255
f 236/221/255 246/223/255 244/224/255
f 238/222/256 239/225/256 247/226/256
f 238/222/256 247/226/256 246/223/256
f 239/218/257 240/217/257 248/220/257
f 239/218/257 248/220/257 247/219/257
f 240/217/258 241/227/258 249/228/258
f 240/217/258 249/228/258 248/220/258
f 241/225/259 242/222/259 250/223/259
f 241/225/259 250/223/259 249/226/259
f 242/222/260 243/221/260 251/224/260
f 242/222/260 251/224/260 250/223/260
f 243/227/261 237/217/261 245/220/261
f 243/227/261 245/220/261 251/228/261
f 245/229/262 244/230/262 252/231/262
f 244/230/262 246/232/262 252/231/262
f 246/232/262 247/233/262 252/231/262
f 247/233/262 248/234/262 252/231/262
f 248/234/262 249/235/262 252/231/262
f 249/235/262 250/236/262 252/231/262
f 250/236/262 251/237/262 252/231/262
f 251/237/262 245/229/262 252/231/262
f 253/238/263 254/239/263 255/240/263
f 253/238/263 256/241/263 254/239/263
f 253/238/263 257/242/263 256/241/263
f 253/238/263 258/243/263 257/242/263
f 253/238/263 259/244/263 258/243/263
f 253/238/263 260/245/263 259/244/263
f 253/238/263 261/246/263 260/245/263
f 253/238/263 255/240/263 261/246/263
f 255/247/264 254/248/264 262/249/264
f 255/247/264 262/249/264 263/250/264
f 254/251/265 256/252/265 264/253/265
f 254/251/265 264/253/265 262/254/265
f 256/252/266 257/255/266 265/256/266
f 256/252/266 265/256/266 264/253/266
f 257/248/267 258/247/267 266/250/267
f 257/248/267 266/250/267 265/249/267
f 258/247/268 259/257/268 267/258/268
f 258/247/268 267/258/268 266/250/268
f 259/255/269 260/252/269 268/253/269
f 259/255/269 268/253/269 267/256/269
f 260/252/270 261/251/270 269/254/270
f 260/252/270 269/254/270 268/253/270
f 261/257/271 255/247/271 263/250/271
f 261/257/271 263/250/271 269/258/271
f 263/259/272 262/260/272 270/261/272
f 262/260/272 264/262/272 270/261/272
f 264/262/272 265/263/272 270/261/272
f 265/263/272 266/264/272 270/261/272
f 266/264/272 267/265/272 270/261/272
f 267/265/272 268/266/272 270/261/272
f 268/266/272 269/267/272 270/261/272
f 269/267/272 263/259/272 270/261/272
f 271/268/273 272/269/273 273/270/273
f 271/268/273 273/270/273 274/271/273
f 272/272/274 275/273/274 276/274/274
f 272/272/274 276/274/274 273/275/274
f 275/273/275 277/276/275 278/277/275
f 275/273/275 278/277/275 276/274/275
f 277/276/276 279/278/276 280/279/276
f 277/276/276 280/279/276 278/277/276
f 279/280/277 281/281/277 282/282/277
f 279/280/277 282/282/277 280/283/277
f 281/281/278 283/284/278 284/285/278
f 281/281/278 284/285/278 282/282/278
f 283/278/279 285/276/279 286/277/279
f 283/278/279 286/277/279 284/279/279
f 285/276/280 287/273/280 288/274/280
f 285/276/280 288/274/280 286/277/280
f 287/273/281 289/272/281 290/275/281
f 287/273/281 290/275/281 288/274/281
f 289/286/282 271/268/282 274/271/282
f 289/286/282 274/271/282 290/287/282
f 274/271/283 273/270/283 291/288/283
f 274/271/283 291/288/283 292/289/283
f 273/275/284 276/274/284 293/290/284
f 273/275/284 293/290/284 291/291/284
f 276/274/285 278/277/285 294/292/285
f 276/274/285 294/292/285 293/290/285
f 278/277/286 280/279/286 295/293/286
f 278/277/286 295/293/286 294/292/286
f 280/283/287 282/282/287 296/294/287
f 280/283/287 296/294/287 295/295/287
f 282/282/288 284/285/288 297/296/288
f 282/282/288 297/296/288 296/294/288
f 284/279/289 286/277/289 298/292/289
f 284/279/289 298/292/289 297/293/289
f 286/277/290 288/274/290 299/290/290
f 286/277/290 299/290/290 298/292/290
f 288/274/291 290/275/291 300/291/291
f 288/274/291 300/291/291 299/290/291
f 290/287/292 274/271/292 292/289/292
f 290/287/292 292/289/292 300/297/292
f 292/298/293 291/299/293 301/300/293
f 292/298/293 301/300/293 302/301/293
f 291/299/294 293/302/294 303/303/294
f 291/299/294 303/303/294 301/300/294
f 293/302/295 294/304/295 304/305/295
f 293/302/295 304/305/295 303/303/295
f 294/304/296 295/306/296 305/307/296
f 294/304/296 305/307/296 304/305/296
f 295/306/297 296/308/297 306/309/297
f 295/306/297 306/309/297 305/307/297
f 296/308/298 297/310/298 307/311/298
f 296/308/298 307/311/298 306/309/298
f 297/310/299 298/312/299 308/313/299
f 297/310/299 308/313/299 307/311/299
f 298/312/300 299/314/300 309/315/300
f 298/312/300 309/315/300 308/313/300
f 299/314/301 300/316/301 310/317/301
f 299/314/301 310/317/301 309/315/301
f 300/316/302 292/298/302 302/301/302
f 300/316/302 302/301/302 310/317/302
f 302/301/303 301/300/303 311/318/303
f 301/300/304 303/303/304 311/318/304
f 303/303/305 304/305/305 311/318/305
f 304/305/306 305/307/306 311/318/306
f 305/307/307 306/309/307 311/318/307
f 306/309/308 307/311/308 311/318/308
f 307/311/309 308/313/309 311/318/309
f 308/313/310 309/315/310 311/318/310
f 309/315/311 310/317/311 311/318/311
f 310/317/312 302/301/312 311/318/312
f 312/319/313 313/320/313 314/321/313
f 312/319/313 314/321/313 315/322/313
f 316/323/314 317/324/314 318/325/314
f 316/323/314 318/325/314 319/326/314
f 315/327/315 314/328/315 319/329/315
f 315/327/315 319/329/315 318/330/315
f 317/330/316 316/329/316 313/328/316
f 317/330/316 313/328/316 312/327/316
f 317/331/317 312/332/317 315/333/317
f 317/331/317 315/333/317 318/334/317
f 313/332/318 316/331/318 319/334/318
f 313/332/318 319/334/318 314/333/318
f 320/335/319 321/336/319 322/337/319
f 323/338/320 324/339/320 325/340/320
f 322/337/319 326/341/319 320/335/319
f 324/339/320 323/338/320 327/342/320
f 321/343/321 324/344/321 322/345/321
f 321/343/321 325/346/321 324/344/321
f 322/347/322 327/348/322 326/349/322
f 322/347/322 324/350/322 327/348/322
f 326/351/323 323/352/323 320/353/323
f 326/351/323 327/354/323 323/352/323
f 320/355/324 325/356/324 321/357/324
f 320/355/324 323/358/324 325/356/324
f 328/359/325 329/360/325 330/361/325
f 331/362/326 332/363/326 333/364/326
f 329/360/325 328/359/325 334/365/325
f 333/364/326 335/366/326 331/362/326
f 330/367/327 329/368/327 333/369/327
f 330/367/327 333/369/327 332/370/327
f 329/371/328 334/372/328 335/373/328
f 329/371/328 335/373/328 333/374/328
f 334/375/329 328/376/329 331/377/329
f 334/375/329 331/377/329 335/378/329
f 328/379/330 330/380/330 332/381/330
f 328/379/330 332/381/330 331/382/330
f 336/383/331 337/384/331 338/385/331
f 336/383/331 338/385/331 339/386/331
f 340/387/332 341/388/332 342/389/332
f 340/387/332 342/389/332 343/390/332
f 339/391/333 338/392/333 343/393/333
f 339/391/333 343/393/333 342/394/333
f 341/395/334 340/396/334 337/397/334
f 341/395/334 337/397/334 336/398/334
f 341/399/335 336/400/335 339/401/335
f 341/399/335 339/401/335 342/402/335
f 337/403/336 340/404/336 343/405/336
f 337/403/336 343/405/336 338/406/336
f 344/407/331 345/408/331 346/409/331
f 344/407/331 346/409/331 347/410/331
f 348/411/332 349/412/332 350/413/332
f 348/411/332 350/413/332 351/414/332
f 347/415/333 346/416/333 351/417/333
f 347/415/333 351/417/333 350/418/333
f 349/419/334 348/420/334 345/421/334
f 349/419/334 345/421/334 344/422/334
f 349/423/335 344/424/335 347/425/335
f 349/423/335 347/425/335 350/426/335
f 345/427/336 348/428/336 351/429/336
f 345/427/336 351/429/336 346/430/336
f 352/431/331 353/432/331 354/433/331
f 352/431/331 354/433/331 355/434/331
f 356/435/332 357/436/332 358/437/332
f 356/435/332 358/437/332 359/438/332
f 355/439/333 354/440/333 359/441/333
f 355/439/333 359/441/333 358/442/333
f 357/443/334 356/444/334 353/445/334
f 357/443/334 353/445/334 352/446/334
f 357/447/335 352/448/335 355/449/335
f 357/447/335 355/449/335 358/450/335
f 353/451/336 356/452/336 359/453/336
f 353/451/336 359/453/336 354/454/336
f 360/455/337 361/456/337 362/457/337
f 360/455/337 362/457/337 363/458/337
f 364/459/338 365/460/338 366/461/338
f 364/459/338 366/461/338 367/462/338
f 363/463/339 362/464/339 367/465/339
f 363/463/339 367/465/339 366/466/339
f 365/467/340 364/468/340 361/469/340
f 365/467/340 361/469/340 360/470/340
f 365/471/341 360/472/341 363/473/341
f 365/471/341 363/473/341 366/474/341
f 361/475/342 364/476/342 367/477/342
f 361/475/342 367/477/342 362/478/342
f 368/479/337 369/480/337 370/481/337
f 368/479/337 370/481/337 371/482/337
f 372/483/338 373/484/338 374/485/338
f 372/483/338 374/485/338 375/486/338
f 371/487/339 370/488/339 375/489/339
f 371/487/339 375/489/339 374/490/339
f 373/491/340 372/492/340 369/493/340
f 373/491/340 369/493/340 368/494/340
f 373/495/341 368/496/341 371/497/341
f 373/495/341 371/497/341 374/498/341
f 369/499/342 372/500/342 375/501/342
f 369/499/342 375/501/342 370/502/342
f 376/503/337 377/504/337 378/505/337
f 376/503/337 378/505/337 379/506/337
f 380/507/338 381/508/338 382/509/338
f 380/507/338 382/509/338 383/510/338
f 379/511/339 378/512/339 383/513/339
f 379/511/339 383/513/339 382/514/339
f 381/515/340 380/516/340 377/517/340
f 381/515/340 377/517/340 376/518/340
f 381/519/341 376/520/341 379/521/341
f 381/519/341 379/521/341 382/522/341
f 377/523/342 380/524/342 383/525/342
f 377/523/342 383/525/342 378/526/342
f 384/527/343 385/528/343 386/529/343
f 384/527/343 386/529/343 387/530/343
f 388/531/344 389/532/344 390/533/344
f 388/531/344 390/533/344 391/534/344
f 387/535/345 386/536/345 391/537/345
f 387/535/345 391/537/345 390/538/345
f 389/538/346 388/537/346 385/536/346
f 389/538/346 385/536/346 384/535/346
f 389/539/347 384/540/347 387/541/347
f 389/539/347 387/541/347 390/542/347
f 385/543/348 388/544/348 391/545/348
f 385/543/348 391/545/348 386/546/348
f 392/547/343 393/548/343 394/549/343
f 392/547/343 394/549/343 395/550/343
f 396/551/344 397/552/344 398/553/344
f 396/551/344 398/553/344 399/554/344
f 395/555/349 394/556/349 399/557/349
f 395/555/349 399/557/349 398/558/349
f 397/558/350 396/557/350 393/556/350
f 397/558/350 393/556/350 392/555/350
f 397/559/351 392/560/351 395/561/351
f 397/559/351 395/561/351 398/562/351
f 393/563/352 396/563/352 399/564/352
f 393/563/352 399/564/352 394/564/352
f 400/565/343 401/566/343 402/567/343
f 400/565/343 402/567/343 403/568/343
f 404/569/344 405/570/344 406/571/344
f 404/569/344 406/571/344 407/572/344
f 403/573/349 402/574/349 407/575/349
f 403/573/349 407/575/349 406/576/349
f 405/576/350 404/575/350 401/574/350
f 405/576/350 401/574/350 400/573/350
f 405/577/351 400/578/351 403/579/351
f 405/577/351 403/579/351 406/580/351
f 401/581/352 404/581/352 407/582/352
f 401/581/352 407/582/352 402/582/352
f 408/583/353 409/584/353 410/585/353
f 408/583/353 410/585/353 411/586/353
f 412/587/354 413/588/354 414/589/354
f 412/587/354 414/589/354 415/590/354
f 411/591/355 410/592/355 415/593/355
f 411/591/355 415/593/355 414/594/355
f 413/594/356 412/593/356 409/592/356
f 413/594/356 409/592/356 408/591/356
f 413/595/357 408/596/357 411/597/357
f 413/595/357 411/597/357 414/598/357
f 409/599/358 412/600/358 415/601/358
f 409/599/358 415/601/358 410/602/358
f 416/603/353 417/604/353 418/605/353
f 416/603/353 418/605/353 419/606/353
f 420/607/354 421/608/354 422/609/354
f 420/607/354 422/609/354 423/610/354
f 419/611/359 418/612/359 423/613/359
f 419/611/359 423/613/359 422/614/359
f 421/614/360 420/613/360 417/612/360
f 421/614/360 417/612/360 416/611/360
f 421/615/361 416/615/361 419/616/361
f 421/615/361 419/616/361 422/616/361
f 417/617/362 420/618/362 423/619/362
f 417/617/362 423/619/362 418/620/362
f 424/621/353 425/622/353 426/623/353
f 424/621/353 426/623/353 427/624/353
f 428/625/354 429/626/354 430/627/354
f 428/625/354 430/627/354 431/628/354
f 427/629/359 426/630/359 431/631/359
f 427/629/359 431/631/359 430/632/359
f 429/632/360 428/631/360 425/630/360
f 429/632/360 425/630/360 424/629/360
f 429/633/361 424/633/361 427/634/361
f 429/633/361 427/634/361 430/634/361
f 425/635/362 428/636/362 431/637/362
f 425/635/362 431/637/362 426/638/362
f 432/639/363 433/640/363 434/641/363
f 432/639/363 434/641/363 435/642/363
f 433/643/364 436/644/364 437/645/364
f 433/643/364 437/645/364 434/646/364
f 436/644/365 438/647/365 439/648/365
f 436/644/365 439/648/365 437/645/365
f 438/647/366 440/649/366 441/650/366
f 438/647/366 441/650/366 439/648/366
f 440/640/367 442/639/367 443/642/367
f 440/640/367 443/642/367 441/641/367
f 442/639/368 444/651/368 445/652/368
f 442/639/368 445/652/368 443/642/368
f 444/649/369 446/647/369 447/648/369
f 444/649/369 447/648/369 445/650/369
f 446/647/370 448/644/370 449/645/370
f 446/647/370 449/645/370 447/648/370
f 448/644/371 450/643/371 451/646/371
f 448/644/371 451/646/371 449/645/371
f 450/651/372 432/639/372 435/642/372
f 450/651/372 435/642/372 451/652/372
f 435/642/373 434/641/373 452/653/373
f 435/642/373 452/653/373 453/654/373
f 434/655/374 437/656/374 454/657/374
f 434/655/374 454/657/374 452/658/374
f 437/645/375 439/648/375 455/659/375
f 437/645/375 455/659/375 454/660/375
f 439/661/376 441/662/376 456/663/376
f 439/661/376 456/663/376 455/664/376
f 441/641/377 443/642/377 457/654/377
f 441/641/377 457/654/377 456/653/377
f 443/642/378 445/652/378 458/665/378
f 443/642/378 458/665/378 457/654/378
f 445/666/379 447/667/379 459/668/379
f 445/666/379 459/668/379 458/669/379
f 447/648/380 449/645/380 460/660/380
f 447/648/380 460/660/380 459/659/380
f 449/670/381 451/671/381 461/672/381
f 449/670/381 461/672/381 460/673/381
f 451/652/382 435/642/382 453/654/382
f 451/652/382 453/654/382 461/665/382
f 453/674/383 452/658/383 462/675/383
f 452/658/384 454/657/384 462/675/384
f 454/657/385 455/664/385 462/675/385
f 455/664/386 456/663/386 462/675/386
f 456/663/387 457/676/387 462/675/387
f 457/676/388 458/669/388 462/675/388
f 458/669/389 459/668/389 462/675/389
f 459/668/390 460/673/390 462/675/390
f 460/673/391 461/672/391 462/675/391
f 461/672/392 453/674/392 462/675/392
f 463/677/393 464/678/393 465/679/393
f 463/677/393 466/680/393 464/678/393
f 463/677/393 467/681/393 466/680/393
f 463/677/393 468/682/393 467/681/393
f 463/677/393 469/683/393 468/682/393
f 463/677/393 465/679/393 469/683/393
f 465/684/394 464/685/394 470/686/394
f 465/684/394 470/686/394 471/687/394
f 464/688/395 466/689/395 472/690/395
f 464/688/395 472/690/395 470/691/395
f 466/685/396 467/684/396 473/687/396
f 466/685/396 473/687/396 472/686/396
f 467/684/397 468/692/397 474/693/397
f 467/684/397 474/693/397 473/687/397
f 468/689/398 469/688/398 475/691/398
f 468/689/398 475/691/398 474/690/398
f 469/692/399 465/684/399 471/687/399
f 469/692/399 471/687/399 475/693/399
f 471/687/400 470/686/400 476/694/400
f 471/687/400 476/694/400 477/695/400
f 470/691/401 472/690/401 478/696/401
f 470/691/401 478/696/401 476/697/401
f 472/686/402 473/687/402 479/695/402
f 472/686/402 479/695/402 478/694/402
f 473/687/403 474/693/403 480/698/403
f 473/687/403 480/698/403 479/695/403
f 474/690/404 475/691/404 481/697/404
f 474/690/404 481/697/404 480/696/404
f 475/693/405 471/687/405 477/695/405
f 475/693/405 477/695/405 481/698/405
f 482/699/406 483/700/406 484/701/406
f 482/699/406 484/701/406 485/702/406
f 483/703/407 486/704/407 487/705/407
f 483/703/407 487/705/407 484/706/407
f 486/704/408 488/707/408 489/708/408
f 486/704/408 489/708/408 487/705/408
f 488/707/409 490/709/409 491/710/409
f 488/707/409 491/710/409 489/708/409
f 490/700/410 492/699/410 493/702/410
f 490/700/410 493/702/410 491/701/410
f 492/699/411 494/711/411 495/712/411
f 492/699/411 495/712/411 493/702/411
f 494/709/412 496/707/412 497/708/412
f 494/709/412 497/708/412 495/710/412
f 496/707/413 498/704/413 499/705/413
f 496/707/413 499/705/413 497/708/413
f 498/704/414 500/703/414 501/706/414
f 498/704/414 501/706/414 499/705/414
f 500/711/415 482/699/415 485/702/415
f 500/711/415 485/702/415 501/712/415
f 485/702/416 484/701/416 502/713/416
f 485/702/416 502/713/416 503/714/416
f 484/715/417 487/716/417 504/717/417
f 484/715/417 504/717/417 502/718/417
f 487/705/418 489/708/418 505/719/418
f 487/705/418 505/719/418 504/720/418
f 489/721/419 491/722/419 506/723/419
f 489/721/419 506/723/419 505/724/419
f 491/701/420 493/702/420 507/714/420
f 491/701/420 507/714/420 506/713/420
f 493/702/421 495/712/421 508/725/421
f 493/702/421 508/725/421 507/714/421
f 495/726/422 497/727/422 509/728/422
f 495/726/422 509/728/422 508/729/422
f 497/708/423 499/705/423 510/720/423
f 497/708/423 510/720/423 509/719/423
f 499/730/424 501/731/424 511/732/424
f 499/730/424 511/732/424 510/733/424
f 501/712/425 485/702/425 503/714/425
f 501/712/425 503/714/425 511/725/425
f 503/734/426 502/718/426 512/735/426
f 502/718/427 504/717/427 512/735/427
f 504/717/428 505/724/428 512/735/428
f 505/724/429 506/723/429 512/735/429
f 506/723/430 507/736/430 512/735/430
f 507/736/431 508/729/431 512/735/431
f 508/729/432 509/728/432 512/735/432
f 509/728/433 510/733/433 512/735/433
f 510/733/434 511/732/434 512/735/434
f 511/732/435 503/734/435 512/735/435
f 513/737/436 514/738/436 515/739/436
f 513/737/436 516/740/436 514/738/436
f 513/737/436 517/741/436 516/740/436
f 513/737/436 518/742/436 517/741/436
f 513/737/436 519/743/436 518/742/436
f 513/737/436 515/739/436 519/743/436
f 515/744/437 514/745/437 520/746/437
f 515/744/437 520/746/437 521/747/437
f 514/748/438 516/749/438 522/750/438
f 514/748/438 522/750/438 520/751/438
f 516/745/439 517/744/439 523/747/439
f 516/745/439 523/747/439 522/746/439
f 517/744/440 518/752/440 524/753/440
f 517/744/440 524/753/440 523/747/440
f 518/749/441 519/748/441 525/751/441
f 518/749/441 525/751/441 524/750/441
f 519/752/442 515/744/442 521/747/442
f 519/752/442 521/747/442 525/753/442
f 521/747/443 520/746/443 526/754/443
f 521/747/443 526/754/443 527/755/443
f 520/751/444 522/750/444 528/756/444
f 520/751/444 528/756/444 526/757/444
f 522/746/445 523/747/445 529/755/445
f 522/746/445 529/755/445 528/754/445
f 523/747/446 524/753/446 530/758/446
f 523/747/446 530/758/446 529/755/446
f 524/750/447 525/751/447 531/757/447
f 524/750/447 531/757/447 530/756/447
f 525/753/448 521/747/448 527/755/448
f 525/753/448 527/755/448 531/758/448
f 532/759/449 533/760/449 534/761/449
f 535/762/450 536/763/450 537/764/450
f 534/761/449 538/765/449 532/759/449
f 536/763/450 535/762/450 539/766/450
f 533/767/451 536/768/451 534/769/451
f 533/767/451 537/770/451 536/768/451
f 534/771/452 539/772/452 538/773/452
f 534/771/452 536/774/452 539/772/452
f 538/775/453 535/776/453 532/777/453
f 538/775/453 539/778/453 535/776/453
f 532/779/454 537/780/454 533/781/454
f 532/779/454 535/782/454 537/780/454
f 540/783/455 541/784/455 542/785/455
f 543/786/456 544/787/456 545/788/456
f 541/784/455 540/783/455 546/789/455
f 545/788/456 547/790/456 543/786/456
f 542/791/457 541/792/457 545/793/457
f 542/791/457 545/793/457 544/794/457
f 541/795/458 546/796/458 547/797/458
f 541/795/458 547/797/458 545/798/458
f 546/799/459 540/800/459 543/801/459
f 546/799/459 543/801/459 547/802/459
f 540/803/460 542/804/460 544/805/460
f 540/803/460 544/805/460 543/806/460
f 548/807/461 549/808/461 550/809/461
f 548/807/461 550/809/461 551/810/461
f 552/811/462 553/812/462 554/813/462
f 552/811/462 554/813/462 555/814/462
f 551/815/463 550/816/463 555/817/463
f 551/815/463 555/817/463 554/818/463
f 553/819/464 552/820/464 549/821/464
f 553/819/464 549/821/464 548/822/464
f 553/823/465 548/824/465 551/825/465
f 553/823/465 551/825/465 554/826/465
f 549/827/466 552/828/466 555/829/466
f 549/827/466 555/829/466 550/830/466
f 556/831/461 557/832/461 558/833/461
f 556/831/461 558/833/461 559/834/461
f 560/835/462 561/836/462 562/837/462
f 560/835/462 562/837/462 563/838/462
f 559/839/463 558/840/463 563/841/463
f 559/839/463 563/841/463 562/842/463
f 561/843/464 560/844/464 557/845/464
f 561/843/464 557/845/464 556/846/464
f 561/847/465 556/848/465 559/849/465
f 561/847/465 559/849/465 562/850/465
f 557/851/466 560/852/466 563/853/466
f 557/851/466 563/853/466 558/854/466
f 564/855/461 565/856/461 566/857/461
f 564/855/461 566/857/461 567/858/461
f 568/859/462 569/860/462 570/861/462
f 568/859/462 570/861/462 571/862/462
f 567/863/463 566/864/463 571/865/463
f 567/863/463 571/865/463 570/866/463
f 569/867/464 568/868/464 565/869/464
f 569/867/464 565/869/464 564/870/464
f 569/871/465 564/872/465 567/873/465
f 569/871/465 567/873/465 570/874/465
f 565/875/466 568/876/466 571/877/466
f 565/875/466 571/877/466 566/878/466
f 572/879/467 573/880/467 574/881/467
f 572/879/467 574/881/467 575/882/467
f 576/883/468 577/884/468 578/885/468
f 576/883/468 578/885/468 579/886/468
f 575/887/469 574/888/469 579/889/469
f 575/887/469 579/889/469 578/890/469
f 577/891/470 576/892/470 573/893/470
f 577/891/470 573/893/470 572/894/470
f 577/895/471 572/896/471 575/897/471
f 577/895/471 575/897/471 578/898/471
f 573/899/472 576/900/472 579/901/472
f 573/899/472 579/901/472 574/902/472
f 580/903/467 581/904/467 582/905/467
f 580/903/467 582/905/467 583/906/467
f 584/907/468 585/908/468 586/909/468
f 584/907/468 586/909/468 587/910/468
f 583/911/469 582/912/469 587/913/469
f 583/911/469 587/913/469 586/914/469
f 585/915/470 584/916/470 581/917/470
f 585/915/470 581/917/470 580/918/470
f 585/919/471 580/920/471 583/921/471
f 585/919/471 583/921/471 586/922/471
f 581/923/472 584/924/472 587/925/472
f 581/923/472 587/925/472 582/926/472
f 588/927/467 589/928/467 590/929/467
f 588/927/467 590/929/467 591/930/467
f 592/931/468 593/932/468 594/933/468
f 592/931/468 594/933/468 595/934/468
f 591/935/469 590/936/469 595/937/469
f 591/935/469 595/937/469 594/938/469
f 593/939/470 592/940/470 589/941/470
f 593/939/470 589/941/470 588/942/470
f 593/943/471 588/944/471 591/945/471
f 593/943/471 591/945/471 594/946/471
f 589/947/472 592/948/472 595/949/472
f 589/947/472 595/949/472 590/950/472
f 596/951/473 597/952/473 598/953/473
f 596/951/473 598/953/473 599/954/473
f 600/955/474 601/956/474 602/957/474
f 600/955/474 602/957/474 603/958/474
f 599/959/475 598/960/475 603/961/475
f 599/959/475 603/961/475 602/962/475
f 601/962/476 600/961/476 597/960/476
f 601/962/476 597/960/476 596/959/476
f 601/963/477 596/964/477 599/965/477
f 601/963/477 599/965/477 602/966/477
f 597/967/478 600/968/478 603/969/478
f 597/967/478 603/969/478 598/970/478
f 604/971/473 605/972/473 606/973/473
f 604/971/473 606/973/473 607/974/473
f 608/975/474 609/976/474 610/977/474
f 608/975/474 610/977/474 611/978/474
f 607/979/479 606/980/479 611/981/479
f 607/979/479 611/981/479 610/982/479
f 609/982/480 608/981/480 605/980/480
f 609/982/480 605/980/480 604/979/480
f 609/983/481 604/984/481 607/985/481
f 609/983/481 607/985/481 610/986/481
f 605/987/482 608/987/482 611/988/482
f 605/987/482 611/988/482 606/988/482
f 612/989/473 613/990/473 614/991/473
f 612/989/473 614/991/473 615/992/473
f 616/993/474 617/994/474 618/995/474
f 616/993/474 618/995/474 619/996/474
f 615/997/479 614/998/479 619/999/479
f 615/997/479 619/999/479 618/1000/479
f 617/1000/480 616/999/480 613/998/480
f 617/1000/480 613/998/480 612/997/480
f 617/1001/481 612/1002/481 615/1003/481
f 617/1001/481 615/1003/481 618/1004/481
f 613/1005/482 616/1005/482 619/1006/482
f 613/1005/482 619/1006/482 614/1006/482
f 620/1007/483 621/1008/483 622/1009/483
f 620/1007/483 622/1009/483 623/1010/483
f 624/1011/484 625/1012/484 626/1013/484
f 624/1011/484 626/1013/484 627/1014/484
f 623/1015/485 622/1016/485 627/1017/485
f 623/1015/485 627/1017/485 626/1018/485
f 625/1018/486 624/1017/486 621/1016/486
f 625/1018/486 621/1016/486 620/1015/486
f 625/1019/487 620/1020/487 623/1021/487
f 625/1019/487 623/1021/487 626/1022/487
f 621/1023/488 624/1024/488 627/1025/488
f 621/1023/488 627/1025/488 622/1026/488
f 628/1027/483 629/1028/483 630/1029/483
f 628/1027/483 630/1029/483 631/1030/483
f 632/1031/484 633/1032/484 634/1033/484
f 632/1031/484 634/1033/484 635/1034/484
f 631/1035/489 630/1036/489 635/1037/489
f 631/1035/489 635/1037/489 634/1038/489
f 633/1038/490 632/1037/490 629/1036/490
f 633/1038/490 629/1036/490 628/1035/490
f 633/1039/491 628/1039/491 631/1040/491
f 633/1039/491 631/1040/491 634/1040/491
f 629/1041/492 632/1042/492 635/1043/492
f 629/1041/492 635/1043/492 630/1044/492
f 636/1045/483 637/1046/483 638/1047/483
f 636/1045/483 638/1047/483 639/1048/483
f 640/1049/484 641/1050/484 642/1051/484
f 640/1049/484 642/1051/484 643/1052/484
f 639/1053/489 638/1054/489 643/1055/489
f 639/1053/489 643/1055/489 642/1056/489
f 641/1056/490 640/1055/490 637/1054/490
f 641/1056/490 637/1054/490 636/1053/490
f 641/1057/491 636/1057/491 639/1058/491
f 641/1057/491 639/1058/491 642/1058/491
f 637/1059/492 640/1060/492 643/1061/492
f 637/1059/492 643/1061/492 638/1062/492
f 644/1063/493 645/1064/493 646/1065/493
f 644/1063/493 646/1065/493 647/1066/493
f 645/1067/494 648/1068/494 649/1069/494
f 645/1067/494 649/1069/494 646/1070/494
f 648/1068/495 650/1071/495 651/1072/495
f 648/1068/495 651/1072/495 649/1069/495
f 650/1071/496 652/1073/496 653/1074/496
f 650/1071/496 653/1074/496 651/1072/496
f 652/1064/497 654/1063/497 655/1066/497
f 652/1064/497 655/1066/497 653/1065/497
f 654/1063/498 656/1075/498 657/1076/498
f 654/1063/498 657/1076/498 655/1066/498
f 656/1073/499 658/1071/499 659/1072/499
f 656/1073/499 659/1072/499 657/1074/499
f 658/1071/500 660/1068/500 661/1069/500
f 658/1071/500 661/1069/500 659/1072/500
f 660/1068/501 662/1067/501 663/1070/501
f 660/1068/501 663/1070/501 661/1069/501
f 662/1075/502 644/1063/502 647/1066/502
f 662/1075/502 647/1066/502 663/1076/502
f 647/1066/503 646/1065/503 664/1077/503
f 647/1066/503 664/1077/503 665/1078/503
f 646/1079/504 649/1080/504 666/1081/504
f 646/1079/504 666/1081/504 664/1082/504
f 649/1069/505 651/1072/505 667/1083/505
f 649/1069/505 667/1083/505 666/1084/505
f 651/1085/506 653/1086/506 668/1087/506
f 651/1085/506 668/1087/506 667/1088/506
f 653/1065/507 655/1066/507 669/1078/507
f 653/1065/507 669/1078/507 668/1077/507
f 655/1066/508 657/1076/508 670/1089/508
f 655/1066/508 670/1089/508 669/1078/508
f 657/1090/509 659/1091/509 671/1092/509
f 657/1090/509 671/1092/509 670/1093/509
f 659/1072/510 661/1069/510 672/1084/510
f 659/1072/510 672/1084/510 671/1083/510
f 661/1094/511 663/1095/511 673/1096/511
f 661/1094/511 673/1096/511 672/1097/511
f 663/1076/512 647/1066/512 665/1078/512
f 663/1076/512 665/1078/512 673/1089/512
f 665/1098/513 664/1082/513 674/1099/513
f 664/1082/514 666/1081/514 674/1099/514
f 666/1081/515 667/1088/515 674/1099/515
f 667/1088/516 668/1087/516 674/1099/516
f 668/1087/517 669/1100/517 674/1099/517
f 669/1100/518 670/1093/518 674/1099/518
f 670/1093/519 671/1092/519 674/1099/519
f 671/1092/520 672/1097/520 674/1099/520
f 672/1097/521 673/1096/521 674/1099/521
f 673/1096/522 665/1098/522 674/1099/522
f 675/1101/523 676/1102/523 677/1103/523
f 675/1101/523 678/1104/523 676/1102/523
f 675/1101/523 679/1105/523 678/1104/523
f 675/1101/523 680/1106/523 679/1105/523
f 675/1101/523 681/1107/523 680/1106/523
f 675/1101/523 677/1103/523 681/1107/523
f 677/1108/524 676/1109/524 682/1110/524
f 677/1108/524 682/1110/524 683/1111/524
f 676/1112/525 678/1113/525 684/1114/525
f 676/1112/525 684/1114/525 682/1115/525
f 678/1109/526 679/1108/526 685/1111/526
f 678/1109/526 685/1111/526 684/1110/526
f 679/1108/527 680/1116/527 686/1117/527
f 679/1108/527 686/1117/527 685/1111/527
f 680/1113/528 681/1112/528 687/1115/528
f 680/1113/528 687/1115/528 686/1114/528
f 681/1116/529 677/1108/529 683/1111/529
f 681/1116/529 683/1111/529 687/1117/529
f 683/1111/530 682/1110/530 688/1118/530
f 683/1111/530 688/1118/530 689/1119/530
f 682/1115/531 684/1114/531 690/1120/531
f 682/1115/531 690/1120/531 688/1121/531
f 684/1110/532 685/1111/532 691/1119/532
f 684/1110/532 691/1119/532 690/1118/532
f 685/1111/533 686/1117/533 692/1122/533
f 685/1111/533 692/1122/533 691/1119/533
f 686/1114/534 687/1115/534 693/1121/534
f 686/1114/534 693/1121/534 692/1120/534
f 687/1117/535 683/1111/535 689/1119/535
f 687/1117/535 689/1119/535 693/1122/535
f 694/1123/536 695/1124/536 696/1125/536
f 694/1123/536 696/1125/536 697/1126/536
f 695/1127/537 698/1128/537 699/1129/537
f 695/1127/537 699/1129/537 696/1130/537
f 698/1128/538 700/1131/538 701/1132/538
f 698/1128/538 701/1132/538 699/1129/538
f 700/1131/539 702/1133/539 703/1134/539
f 700/1131/539 703/1134/539 701/1132/539
f 702/1124/540 704/1123/540 705/1126/540
f 702/1124/540 705/1126/540 703/1125/540
f 704/1123/541 706/1135/541 707/1136/541
f 704/1123/541 707/1136/541 705/1126/541
f 706/1133/542 708/1131/542 709/1132/542
f 706/1133/542 709/1132/542 707/1134/542
f 708/1131/543 710/1128/543 711/1129/543
f 708/1131/543 711/1129/543 709/1132/543
f 710/1128/544 712/1127/544 713/1130/544
f 710/1128/544 713/1130/544 711/1129/544
f 712/1135/545 694/1123/545 697/1126/545
f 712/1135/545 697/1126/545 713/1136/545
f 697/1126/546 696/1125/546 714/1137/546
f 697/1126/546 714/1137/546 715/1138/546
f 696/1139/547 699/1140/547 716/1141/547
f 696/1139/547 716/1141/547 714/1142/547
f 699/1129/548 701/1132/548 717/1143/548
f 699/1129/548 717/1143/548 716/1144/548
f 701/1145/549 703/1146/549 718/1147/549
f 701/1145/549 718/1147/549 717/1148/549
f 703/1125/550 705/1126/550 719/1138/550
f 703/1125/550 719/1138/550 718/1137/550
f 705/1126/551 707/1136/551 720/1149/551
f 705/1126/551 720/1149/551 719/1138/551
f 707/1150/552 709/1151/552 721/1152/552
f 707/1150/552 721/1152/552 720/1153/552
f 709/1132/553 711/1129/553 722/1144/553
f 709/1132/553 722/1144/553 721/1143/553
f 711/1154/554 713/1155/554 723/1156/554
f 711/1154/554 723/1156/554 722/1157/554
f 713/1136/555 697/1126/555 715/1138/555
f 713/1136/555 715/1138/555 723/1149/555
f 715/1158/556 714/1142/556 724/1159/556
f 714/1142/557 716/1141/557 724/1159/557
f 716/1141/558 717/1148/558 724/1159/558
f 717/1148/559 718/1147/559 724/1159/559
f 718/1147/560 719/1160/560 724/1159/560
f 719/1160/561 720/1153/561 724/1159/561
f 720/1153/562 721/1152/562 724/1159/562
f 721/1152/563 722/1157/563 724/1159/563
f 722/1157/564 723/1156/564 724/1159/564
f 723/1156/565 715/1158/565 724/1159/565
f 725/1161/566 726/1162/566 727/1163/566
f 725/1161/566 728/1164/566 726/1162/566
f 725/1161/566 729/1165/566 728/1164/566
f 725/1161/566 730/1166/566 729/1165/566
f 725/1161/566 731/1167/566 730/1166/566
f 725/1161/566 727/1163/566 731/1167/566
f 727/1168/567 726/1169/567 732/1170/567
f 727/1168/567 732/1170/567 733/1171/567
f 726/1172/568 728/1173/568 734/1174/568
f 726/1172/568 734/1174/568 732/1175/568
f 728/1169/569 729/1168/569 735/1171/569
f 728/1169/569 735/1171/569 734/1170/569
f 729/1168/570 730/1176/570 736/1177/570
f 729/1168/570 736/1177/570 735/1171/570
f 730/1173/571 731/1172/571 737/1175/571
f 730/1173/571 737/1175/571 736/1174/571
f 731/1176/572 727/1168/572 733/1171/572
f 731/1176/572 733/1171/572 737/1177/572
f 733/1171/573 732/1170/573 738/1178/573
f 733/1171/573 738/1178/573 739/1179/573
f 732/1175/574 734/1174/574 740/1180/574
f 732/1175/574 740/1180/574 738/1181/574
f 734/1170/575 735/1171/575 741/1179/575
f 734/1170/575 741/1179/575 740/1178/575
f 735/1171/576 736/1177/576 742/1182/576
f 735/1171/576 742/1182/576 741/1179/576
f 736/1174/577 737/1175/577 743/1181/577
f 736/1174/577 743/1181/577 742/1180/577
f 737/1177/578 733/1171/578 739/1179/578
f 737/1177/578 739/1179/578 743/1182/578
