# Bloom freighter, from tools/gen_fleet.py
# Generated by tools. Edit the generator script.
v -0.067354 0.158193 0.009278
v 0.028370 0.185011 0.835289
v -0.067354 0.185011 0.926081
v 0.105135 0.185011 0.580896
v 0.147736 0.185011 0.213286
v 0.147736 0.185011 -0.194730
v 0.105135 0.185011 -0.562339
v 0.028370 0.185011 -0.816733
v -0.067354 0.185011 -0.907525
v -0.163078 0.185011 -0.816733
v -0.239842 0.185011 -0.562339
v -0.282443 0.185011 -0.194730
v -0.282443 0.185011 0.213286
v -0.239842 0.185011 0.580896
v -0.163078 0.185011 0.835289
v 0.109521 0.261382 1.535548
v -0.067354 0.261382 1.703309
v 0.251363 0.261382 1.065489
v 0.330080 0.261382 0.386236
v 0.330080 0.261382 -0.367679
v 0.251363 0.261382 -1.046933
v 0.109521 0.261382 -1.516991
v -0.067354 0.261382 -1.684753
v -0.244228 0.261382 -1.516991
v -0.386071 0.261382 -1.046933
v -0.464788 0.261382 -0.367679
v -0.464788 0.261382 0.386236
v -0.386071 0.261382 1.065489
v -0.244228 0.261382 1.535548
v 0.163744 0.375681 2.003445
v -0.067354 0.375681 2.222637
v 0.349070 0.375681 1.389285
v 0.451918 0.375681 0.501797
v 0.451918 0.375681 -0.483240
v 0.349070 0.375681 -1.370728
v 0.163744 0.375681 -1.984889
v -0.067354 0.375681 -2.204080
v -0.298452 0.375681 -1.984889
v -0.483778 0.375681 -1.370728
v -0.586626 0.375681 -0.483240
v -0.586626 0.375681 0.501797
v -0.483778 0.375681 1.389285
v -0.298452 0.375681 2.003445
v 0.182785 0.510505 2.167749
v -0.067354 0.510505 2.405000
v 0.383380 0.510505 1.502986
v 0.494702 0.510505 0.542376
v 0.494702 0.510505 -0.523820
v 0.383380 0.510505 -1.484430
v 0.182785 0.510505 -2.149193
v -0.067354 0.510505 -2.386444
v -0.317492 0.510505 -2.149193
v -0.518088 0.510505 -1.484430
v -0.629410 0.510505 -0.523820
v -0.629410 0.510505 0.542376
v -0.518088 0.510505 1.502986
v -0.317492 0.510505 2.167749
v 0.163744 0.645329 2.003445
v -0.067354 0.645329 2.222637
v 0.349070 0.645329 1.389285
v 0.451918 0.645329 0.501797
v 0.451918 0.645329 -0.483240
v 0.349070 0.645329 -1.370728
v 0.163744 0.645329 -1.984889
v -0.067354 0.645329 -2.204080
v -0.298452 0.645329 -1.984889
v -0.483778 0.645329 -1.370728
v -0.586626 0.645329 -0.483240
v -0.586626 0.645329 0.501797
v -0.483778 0.645329 1.389285
v -0.298452 0.645329 2.003445
v 0.109521 0.759627 1.535548
v -0.067354 0.759627 1.703309
v 0.251363 0.759627 1.065489
v 0.330080 0.759627 0.386236
v 0.330080 0.759627 -0.367679
v 0.251363 0.759627 -1.046933
v 0.109521 0.759627 -1.516991
v -0.067354 0.759627 -1.684753
v -0.244228 0.759627 -1.516991
v -0.386071 0.759627 -1.046933
v -0.464788 0.759627 -0.367679
v -0.464788 0.759627 0.386236
v -0.386071 0.759627 1.065489
v -0.244228 0.759627 1.535548
v 0.028370 0.835999 0.835289
v -0.067354 0.835999 0.926081
v 0.105135 0.835999 0.580896
v 0.147736 0.835999 0.213286
v 0.147736 0.835999 -0.194730
v 0.105135 0.835999 -0.562339
v 0.028370 0.835999 -0.816733
v -0.067354 0.835999 -0.907525
v -0.163078 0.835999 -0.816733
v -0.239842 0.835999 -0.562339
v -0.282443 0.835999 -0.194730
v -0.282443 0.835999 0.213286
v -0.239842 0.835999 0.580896
v -0.163078 0.835999 0.835289
v -0.067354 0.862817 0.009278
v -0.503595 0.165759 -0.914671
v -0.401889 0.207080 -0.685287
v -0.508755 0.207080 -0.633539
v -0.333870 0.207080 -0.824652
v -0.330681 0.207080 -0.998401
v -0.393539 0.207080 -1.140169
v -0.498435 0.207080 -1.195803
v -0.605301 0.207080 -1.144055
v -0.673319 0.207080 -1.004690
v -0.676509 0.207080 -0.830941
v -0.613650 0.207080 -0.689174
v -0.339030 0.315259 -0.543520
v -0.511944 0.315259 -0.459789
v -0.228975 0.315259 -0.769017
v -0.223815 0.315259 -1.050149
v -0.325521 0.315259 -1.279534
v -0.495246 0.315259 -1.369553
v -0.668159 0.315259 -1.285823
v -0.778215 0.315259 -1.060325
v -0.783375 0.315259 -0.779193
v -0.681669 0.315259 -0.549809
v -0.339030 0.448975 -0.543520
v -0.511944 0.448975 -0.459789
v -0.228975 0.448975 -0.769017
v -0.223815 0.448975 -1.050149
v -0.325521 0.448975 -1.279534
v -0.495246 0.448975 -1.369553
v -0.668159 0.448975 -1.285823
v -0.778215 0.448975 -1.060325
v -0.783375 0.448975 -0.779193
v -0.681669 0.448975 -0.549809
v -0.401889 0.557154 -0.685287
v -0.508755 0.557154 -0.633539
v -0.333870 0.557154 -0.824652
v -0.330681 0.557154 -0.998401
v -0.393539 0.557154 -1.140169
v -0.498435 0.557154 -1.195803
v -0.605301 0.557154 -1.144055
v -0.673319 0.557154 -1.004690
v -0.676509 0.557154 -0.830941
v -0.613650 0.557154 -0.689174
v -0.503595 0.598475 -0.914671
v -0.519461 0.576923 -0.946625
v -0.539953 0.576845 -0.917235
v -0.529498 0.602177 -0.916275
v -0.515009 0.602233 -0.937057
v -0.524746 0.576760 -0.884794
v -0.518746 0.602118 -0.893336
v -0.489048 0.576754 -0.881743
v -0.493503 0.602113 -0.891178
v -0.468557 0.576832 -0.911133
v -0.479014 0.602168 -0.911960
v -0.483763 0.576917 -0.943574
v -0.489766 0.602228 -0.934899
v -0.504257 0.612667 -0.914090
v -0.338480 0.234392 -1.204444
v -0.335917 0.274169 -1.170756
v -0.350030 0.245131 -1.147237
v -0.351842 0.217005 -1.171058
v -0.379773 0.296160 -1.152961
v -0.381041 0.260682 -1.134654
v -0.426192 0.278376 -1.168854
v -0.413864 0.248106 -1.145892
v -0.428756 0.238599 -1.202543
v -0.415677 0.219980 -1.169714
v -0.384900 0.216607 -1.220338
v -0.384666 0.204429 -1.182297
v -0.383068 0.222685 -1.146805
v -0.384788 0.541056 -1.049910
v -0.380545 0.566633 -1.099419
v -0.395634 0.598395 -1.075065
v -0.398634 0.580309 -1.040057
v -0.426682 0.580745 -1.127625
v -0.428257 0.608374 -1.095010
v -0.477061 0.569280 -1.106323
v -0.463880 0.600267 -1.079947
v -0.481304 0.543704 -1.056814
v -0.466880 0.582181 -1.044939
v -0.435167 0.529592 -1.028608
v -0.434257 0.572203 -1.024994
v -0.431395 0.604835 -1.052498
v 0.147506 0.031359 1.087495
v 0.252188 0.074489 1.294484
v 0.138742 0.074489 1.338524
v 0.325649 0.074489 1.171381
v 0.331065 0.074489 1.016236
v 0.266368 0.074489 0.888310
v 0.156270 0.074489 0.836465
v 0.042824 0.074489 0.880506
v -0.030637 0.074489 1.003609
v -0.036053 0.074489 1.158753
v 0.028644 0.074489 1.286680
v 0.316885 0.187406 1.422410
v 0.133326 0.187406 1.493669
v 0.435747 0.187406 1.223225
v 0.444511 0.187406 0.972196
v 0.339829 0.187406 0.765207
v 0.161686 0.187406 0.681321
v -0.021873 0.187406 0.752579
v -0.140735 0.187406 0.951764
v -0.149499 0.187406 1.202794
v -0.044817 0.187406 1.409783
v 0.316885 0.326978 1.422410
v 0.133326 0.326978 1.493669
v 0.435747 0.326978 1.223225
v 0.444511 0.326978 0.972196
v 0.339829 0.326978 0.765207
v 0.161686 0.326978 0.681321
v -0.021873 0.326978 0.752579
v -0.140735 0.326978 0.951764
v -0.149499 0.326978 1.202794
v -0.044817 0.326978 1.409783
v 0.252188 0.439895 1.294484
v 0.138742 0.439895 1.338524
v 0.325649 0.439895 1.171381
v 0.331065 0.439895 1.016236
v 0.266368 0.439895 0.888310
v 0.156270 0.439895 0.836465
v 0.042824 0.439895 0.880506
v -0.030637 0.439895 1.003609
v -0.036053 0.439895 1.158753
v 0.028644 0.439895 1.286680
v 0.147506 0.483025 1.087495
v 0.333369 0.397640 1.062814
v 0.355109 0.409936 1.048334
v 0.346662 0.427400 1.058912
v 0.331290 0.418706 1.069151
v 0.349537 0.427629 1.026212
v 0.342722 0.439911 1.043269
v 0.322224 0.433026 1.018569
v 0.323409 0.443728 1.037865
v 0.300484 0.420730 1.033050
v 0.308036 0.435033 1.048104
v 0.306057 0.403036 1.055172
v 0.311977 0.422522 1.063747
v 0.327164 0.437796 1.058817
v 0.362210 0.134666 1.227867
v 0.408497 0.138046 1.231025
v 0.399562 0.134612 1.265317
v 0.366832 0.132221 1.263084
v 0.427844 0.176277 1.249136
v 0.413243 0.161644 1.278123
v 0.400905 0.211127 1.264089
v 0.394194 0.186287 1.288697
v 0.354617 0.207746 1.260932
v 0.361464 0.183897 1.286464
v 0.335270 0.169516 1.242821
v 0.347783 0.156864 1.273658
v 0.380080 0.153604 1.288281
v -0.033360 0.268995 0.847352
v -0.087262 0.277543 0.846750
v -0.082821 0.257061 0.882885
v -0.044706 0.251016 0.883311
v -0.121454 0.235661 0.839286
v -0.106998 0.227446 0.877607
v -0.101743 0.185230 0.832423
v -0.093060 0.191786 0.872754
v -0.047841 0.176682 0.833024
v -0.054945 0.185741 0.873180
v -0.013649 0.218564 0.840489
v -0.030769 0.215356 0.878458
v -0.069435 0.219035 0.893833
v -0.185511 0.000000 -0.310580
v -0.134824 0.045257 -0.156274
v -0.223412 0.045257 -0.142526
v -0.065596 0.045257 -0.228962
v -0.042171 0.045257 -0.332825
v -0.073497 0.045257 -0.428192
v -0.147609 0.045257 -0.478634
v -0.236198 0.045257 -0.464886
v -0.305426 0.045257 -0.392198
v -0.328850 0.045257 -0.288335
v -0.297524 0.045257 -0.192968
v -0.103497 0.163743 -0.060908
v -0.246837 0.163743 -0.038663
v 0.008516 0.163743 -0.178519
v 0.046418 0.163743 -0.346574
v -0.004269 0.163743 -0.500879
v -0.124184 0.163743 -0.582497
v -0.267524 0.163743 -0.560252
v -0.379537 0.163743 -0.442641
v -0.417439 0.163743 -0.274586
v -0.366752 0.163743 -0.120281
v -0.103497 0.310199 -0.060908
v -0.246837 0.310199 -0.038663
v 0.008516 0.310199 -0.178519
v 0.046418 0.310199 -0.346574
v -0.004269 0.310199 -0.500879
v -0.124184 0.310199 -0.582497
v -0.267524 0.310199 -0.560252
v -0.379537 0.310199 -0.442641
v -0.417439 0.310199 -0.274586
v -0.366752 0.310199 -0.120281
v -0.134824 0.428684 -0.156274
v -0.223412 0.428684 -0.142526
v -0.065596 0.428684 -0.228962
v -0.042171 0.428684 -0.332825
v -0.073497 0.428684 -0.428192
v -0.147609 0.428684 -0.478634
v -0.236198 0.428684 -0.464886
v -0.305426 0.428684 -0.392198
v -0.328850 0.428684 -0.288335
v -0.297524 0.428684 -0.192968
v -0.185511 0.473942 -0.310580
v -0.118153 0.424252 -0.417540
v -0.125246 0.437851 -0.445673
v -0.134408 0.454371 -0.430033
v -0.129393 0.444755 -0.410141
v -0.155704 0.439371 -0.455506
v -0.155945 0.455445 -0.436987
v -0.179069 0.427291 -0.437207
v -0.172467 0.446903 -0.424047
v -0.171976 0.413692 -0.409075
v -0.167451 0.437287 -0.404154
v -0.141518 0.412173 -0.399241
v -0.145914 0.436213 -0.397201
v -0.151890 0.454137 -0.412836
v -0.181011 0.452514 -0.379593
v -0.221253 0.453804 -0.394610
v -0.220600 0.480930 -0.376024
v -0.192144 0.480018 -0.365405
v -0.254306 0.446442 -0.368153
v -0.243971 0.475724 -0.357316
v -0.247116 0.437790 -0.326680
v -0.238887 0.469607 -0.327990
v -0.206873 0.436501 -0.311663
v -0.210432 0.468695 -0.317371
v -0.173821 0.443862 -0.338119
v -0.187060 0.473901 -0.336079
v -0.216117 0.487098 -0.344030
v -0.031908 0.281550 -0.173805
v -0.002535 0.285853 -0.168738
v -0.011830 0.299435 -0.152601
v -0.032600 0.296392 -0.156184
v 0.010185 0.312312 -0.175451
v -0.002835 0.318144 -0.157348
v -0.006467 0.334468 -0.187230
v -0.014611 0.333811 -0.165677
v -0.035840 0.330165 -0.192296
v -0.035380 0.330768 -0.169259
v -0.048560 0.303706 -0.185584
v -0.044375 0.312059 -0.164513
v -0.025435 0.318040 -0.152817
v 0.380934 0.186746 -0.492279
v 0.407453 0.270319 -0.244616
v 0.253734 0.270319 -0.283724
v 0.551043 0.270319 -0.300108
v 0.629656 0.270319 -0.429002
v 0.613266 0.270319 -0.582066
v 0.508134 0.270319 -0.700835
v 0.354415 0.270319 -0.739942
v 0.210826 0.270319 -0.684450
v 0.132212 0.270319 -0.555556
v 0.148602 0.270319 -0.402492
v 0.423843 0.489116 -0.091552
v 0.175121 0.489116 -0.154829
v 0.656175 0.489116 -0.181340
v 0.783375 0.489116 -0.389895
v 0.756856 0.489116 -0.637558
v 0.586747 0.489116 -0.829729
v 0.338025 0.489116 -0.893006
v 0.105693 0.489116 -0.803219
v -0.021507 0.489116 -0.594663
v 0.005012 0.489116 -0.347000
v 0.423843 0.759563 -0.091552
v 0.175121 0.759563 -0.154829
v 0.656175 0.759563 -0.181340
v 0.783375 0.759563 -0.389895
v 0.756856 0.759563 -0.637558
v 0.586747 0.759563 -0.829729
v 0.338025 0.759563 -0.893006
v 0.105693 0.759563 -0.803219
v -0.021507 0.759563 -0.594663
v 0.005012 0.759563 -0.347000
v 0.407453 0.978360 -0.244616
v 0.253734 0.978360 -0.283724
v 0.551043 0.978360 -0.300108
v 0.629656 0.978360 -0.429002
v 0.613266 0.978360 -0.582066
v 0.508134 0.978360 -0.700835
v 0.354415 0.978360 -0.739942
v 0.210826 0.978360 -0.684450
v 0.132212 0.978360 -0.555556
v 0.148602 0.978360 -0.402492
v 0.380934 1.061933 -0.492279
v 0.467819 0.234394 -0.525088
v 0.444872 0.240473 -0.498868
v 0.439184 0.214693 -0.504856
v 0.455409 0.210395 -0.523397
v 0.410256 0.242616 -0.505803
v 0.414706 0.216209 -0.509760
v 0.398585 0.238680 -0.538959
v 0.406454 0.213426 -0.533205
v 0.421532 0.232601 -0.565180
v 0.422679 0.209127 -0.551746
v 0.456148 0.230458 -0.558244
v 0.447157 0.207612 -0.546842
v 0.429991 0.201709 -0.526759
v 0.178931 0.901748 -0.717452
v 0.145191 0.893306 -0.729932
v 0.139016 0.904169 -0.704561
v 0.162873 0.910139 -0.695737
v 0.126303 0.865432 -0.714713
v 0.125660 0.884459 -0.693800
v 0.141154 0.846000 -0.687014
v 0.136161 0.870719 -0.674214
v 0.174894 0.854442 -0.674535
v 0.160018 0.876688 -0.665390
v 0.193782 0.882316 -0.689754
v 0.173374 0.896398 -0.676151
v 0.145157 0.897286 -0.677827
v 0.100432 0.366132 -0.378311
v 0.112262 0.340533 -0.399659
v 0.108849 0.326845 -0.376555
v 0.100484 0.344946 -0.361460
v 0.144633 0.327097 -0.394908
v 0.131739 0.317344 -0.373196
v 0.165174 0.339259 -0.368809
v 0.146263 0.325944 -0.354741
v 0.153343 0.364858 -0.347462
v 0.137898 0.344045 -0.339646
v 0.120972 0.378294 -0.352213
v 0.115008 0.353546 -0.343005
v 0.119468 0.328300 -0.351697
v 0.299696 0.455469 1.109832
v 0.336924 0.501643 1.264453
v 0.248779 0.501643 1.270173
v 0.410849 0.501643 1.199674
v 0.442317 0.501643 1.100577
v 0.419309 0.501643 1.005016
v 0.350612 0.501643 0.949491
v 0.262468 0.501643 0.955211
v 0.188543 0.501643 1.019991
v 0.157075 0.501643 1.119087
v 0.180083 0.501643 1.214648
v 0.359933 0.622529 1.360014
v 0.217311 0.622529 1.369269
v 0.479546 0.622529 1.255198
v 0.530462 0.622529 1.094858
v 0.493234 0.622529 0.940237
v 0.382080 0.622529 0.850395
v 0.239459 0.622529 0.859650
v 0.119846 0.622529 0.964466
v 0.068930 0.622529 1.124807
v 0.106158 0.622529 1.279428
v 0.359933 0.771952 1.360014
v 0.217311 0.771952 1.369269
v 0.479546 0.771952 1.255198
v 0.530462 0.771952 1.094858
v 0.493234 0.771952 0.940237
v 0.382080 0.771952 0.850395
v 0.239459 0.771952 0.859650
v 0.119846 0.771952 0.964466
v 0.068930 0.771952 1.124807
v 0.106158 0.771952 1.279428
v 0.336924 0.892838 1.264453
v 0.248779 0.892838 1.270173
v 0.410849 0.892838 1.199674
v 0.442317 0.892838 1.100577
v 0.419309 0.892838 1.005016
v 0.350612 0.892838 0.949491
v 0.262468 0.892838 0.955211
v 0.188543 0.892838 1.019991
v 0.157075 0.892838 1.119087
v 0.180083 0.892838 1.214648
v 0.299696 0.939012 1.109832
v 0.158890 0.713853 0.966127
v 0.114713 0.708109 0.951365
v 0.113043 0.693213 0.984007
v 0.144281 0.697274 0.994445
v 0.098876 0.665200 0.940855
v 0.101845 0.662871 0.976575
v 0.127216 0.628034 0.945107
v 0.121884 0.636591 0.979582
v 0.171392 0.633778 0.959869
v 0.153122 0.640653 0.990020
v 0.187229 0.676687 0.970379
v 0.164320 0.670994 0.997452
v 0.128953 0.665272 1.000018
v 0.159132 0.881133 1.083874
v 0.134600 0.868230 1.091989
v 0.137776 0.882230 1.108797
v 0.155122 0.891354 1.103059
v 0.134590 0.850032 1.114416
v 0.137768 0.869362 1.124656
v 0.159110 0.844738 1.128728
v 0.155107 0.865619 1.134776
v 0.183642 0.857641 1.120614
v 0.172453 0.874743 1.129038
v 0.183653 0.875839 1.098186
v 0.172461 0.887611 1.113180
v 0.153455 0.884928 1.124144
v 0.358238 0.479661 1.084667
v 0.336956 0.484567 1.121175
v 0.329661 0.453700 1.113811
v 0.344710 0.450232 1.087995
v 0.294441 0.486075 1.120976
v 0.299599 0.454767 1.113670
v 0.273207 0.482678 1.084268
v 0.284584 0.452364 1.087713
v 0.294489 0.477772 1.047760
v 0.299633 0.448896 1.061898
v 0.337005 0.476264 1.047959
v 0.329696 0.447829 1.062039
v 0.314202 0.438925 1.089257
v -0.450777 0.457543 -2.300206
v -0.417452 0.437878 -2.305359
v -0.450777 0.418521 -2.299151
v -0.417452 0.476900 -2.306413
v -0.450777 0.496565 -2.301261
v -0.484103 0.477207 -2.295054
v -0.484103 0.438185 -2.293999
v -0.268482 0.418401 -1.778339
v -0.359370 0.365608 -1.761410
v -0.268482 0.524824 -1.781216
v -0.359370 0.578455 -1.767164
v -0.450257 0.525662 -1.750235
v -0.450257 0.419239 -1.747357
v -0.359370 0.472032 -1.764287
v 0.035713 0.661330 -2.398249
v 0.069366 0.642662 -2.391705
v 0.035713 0.622882 -2.391498
v 0.069366 0.681110 -2.398456
v 0.035713 0.699778 -2.405000
v 0.002060 0.679998 -2.404794
v 0.002060 0.641550 -2.398043
v 0.065672 0.722242 -1.743532
v -0.026108 0.668295 -1.742969
v 0.065672 0.827100 -1.761944
v -0.026108 0.878011 -1.779792
v -0.117889 0.824065 -1.779229
v -0.117889 0.719207 -1.760818
v -0.026108 0.773153 -1.761381
v -0.075504 0.110150 1.566497
v -0.019027 0.130747 1.667552
v -0.075504 0.130747 1.691408
v 0.015878 0.130747 1.605097
v 0.015878 0.130747 1.527898
v -0.019027 0.130747 1.465443
v -0.075504 0.130747 1.441587
v -0.131982 0.130747 1.465443
v -0.166887 0.130747 1.527898
v -0.166887 0.130747 1.605097
v -0.131982 0.130747 1.667552
v 0.022317 0.187018 1.741529
v -0.075504 0.187018 1.782849
v 0.082774 0.187018 1.633354
v 0.082774 0.187018 1.499641
v 0.022317 0.187018 1.391465
v -0.075504 0.187018 1.350146
v -0.173326 0.187018 1.391465
v -0.233783 0.187018 1.499641
v -0.233783 0.187018 1.633354
v -0.173326 0.187018 1.741529
v 0.037450 0.263886 1.768607
v -0.075504 0.263886 1.816319
v 0.107260 0.263886 1.643696
v 0.107260 0.263886 1.489298
v 0.037450 0.263886 1.364388
v -0.075504 0.263886 1.316676
v -0.188459 0.263886 1.364388
v -0.258269 0.263886 1.489298
v -0.258269 0.263886 1.643696
v -0.188459 0.263886 1.768607
v 0.022317 0.340754 1.741529
v -0.075504 0.340754 1.782849
v 0.082774 0.340754 1.633354
v 0.082774 0.340754 1.499641
v 0.022317 0.340754 1.391465
v -0.075504 0.340754 1.350146
v -0.173326 0.340754 1.391465
v -0.233783 0.340754 1.499641
v -0.233783 0.340754 1.633354
v -0.173326 0.340754 1.741529
v -0.019027 0.397026 1.667552
v -0.075504 0.397026 1.691408
v 0.015878 0.397026 1.605097
v 0.015878 0.397026 1.527898
v -0.019027 0.397026 1.465443
v -0.075504 0.397026 1.441587
v -0.131982 0.397026 1.465443
v -0.166887 0.397026 1.527898
v -0.166887 0.397026 1.605097
v -0.131982 0.397026 1.667552
v -0.075504 0.417622 1.566497
v -0.044617 0.110150 0.787888
v 0.011860 0.130747 0.888943
v -0.044617 0.130747 0.912798
v 0.046765 0.130747 0.826487
v 0.046765 0.130747 0.749288
v 0.011860 0.130747 0.686833
v -0.044617 0.130747 0.662977
v -0.101095 0.130747 0.686833
v -0.136000 0.130747 0.749288
v -0.136000 0.130747 0.826487
v -0.101095 0.130747 0.888943
v 0.053204 0.187018 0.962920
v -0.044617 0.187018 1.004239
v 0.113661 0.187018 0.854744
v 0.113661 0.187018 0.721031
v 0.053204 0.187018 0.612856
v -0.044617 0.187018 0.571536
v -0.142439 0.187018 0.612856
v -0.202896 0.187018 0.721031
v -0.202896 0.187018 0.854744
v -0.142439 0.187018 0.962920
v 0.068337 0.263886 0.989997
v -0.044617 0.263886 1.037709
v 0.138147 0.263886 0.865087
v 0.138147 0.263886 0.710689
v 0.068337 0.263886 0.585778
v -0.044617 0.263886 0.538067
v -0.157572 0.263886 0.585778
v -0.227382 0.263886 0.710689
v -0.227382 0.263886 0.865087
v -0.157572 0.263886 0.989997
v 0.053204 0.340754 0.962920
v -0.044617 0.340754 1.004239
v 0.113661 0.340754 0.854744
v 0.113661 0.340754 0.721031
v 0.053204 0.340754 0.612856
v -0.044617 0.340754 0.571536
v -0.142439 0.340754 0.612856
v -0.202896 0.340754 0.721031
v -0.202896 0.340754 0.854744
v -0.142439 0.340754 0.962920
v 0.011860 0.397026 0.888943
v -0.044617 0.397026 0.912798
v 0.046765 0.397026 0.826487
v 0.046765 0.397026 0.749288
v 0.011860 0.397026 0.686833
v -0.044617 0.397026 0.662977
v -0.101095 0.397026 0.686833
v -0.136000 0.397026 0.749288
v -0.136000 0.397026 0.826487
v -0.101095 0.397026 0.888943
v -0.044617 0.417622 0.787888
v 0.015267 0.110150 0.009278
v 0.071744 0.130747 0.110333
v 0.015267 0.130747 0.134189
v 0.106649 0.130747 0.047878
v 0.106649 0.130747 -0.029321
v 0.071744 0.130747 -0.091777
v 0.015267 0.130747 -0.115632
v -0.041210 0.130747 -0.091777
v -0.076115 0.130747 -0.029321
v -0.076115 0.130747 0.047878
v -0.041210 0.130747 0.110333
v 0.113089 0.187018 0.184310
v 0.015267 0.187018 0.225630
v 0.173546 0.187018 0.076135
v 0.173546 0.187018 -0.057578
v 0.113089 0.187018 -0.165754
v 0.015267 0.187018 -0.207073
v -0.082555 0.187018 -0.165754
v -0.143012 0.187018 -0.057578
v -0.143012 0.187018 0.076135
v -0.082555 0.187018 0.184310
v 0.128222 0.263886 0.211388
v 0.015267 0.263886 0.259099
v 0.198032 0.263886 0.086477
v 0.198032 0.263886 -0.067921
v 0.128222 0.263886 -0.192831
v 0.015267 0.263886 -0.240543
v -0.097688 0.263886 -0.192831
v -0.167498 0.263886 -0.067921
v -0.167498 0.263886 0.086477
v -0.097688 0.263886 0.211388
v 0.113089 0.340754 0.184310
v 0.015267 0.340754 0.225630
v 0.173546 0.340754 0.076135
v 0.173546 0.340754 -0.057578
v 0.113089 0.340754 -0.165754
v 0.015267 0.340754 -0.207073
v -0.082555 0.340754 -0.165754
v -0.143012 0.340754 -0.057578
v -0.143012 0.340754 0.076135
v -0.082555 0.340754 0.184310
v 0.071744 0.397026 0.110333
v 0.015267 0.397026 0.134189
v 0.106649 0.397026 0.047878
v 0.106649 0.397026 -0.029321
v 0.071744 0.397026 -0.091777
v 0.015267 0.397026 -0.115632
v -0.041210 0.397026 -0.091777
v -0.076115 0.397026 -0.029321
v -0.076115 0.397026 0.047878
v -0.041210 0.397026 0.110333
v 0.015267 0.417622 0.009278
v -0.166120 0.110150 -0.769331
v -0.109642 0.130747 -0.668277
v -0.166120 0.130747 -0.644421
v -0.074738 0.130747 -0.730732
v -0.074738 0.130747 -0.807931
v -0.109642 0.130747 -0.870386
v -0.166120 0.130747 -0.894242
v -0.222597 0.130747 -0.870386
v -0.257502 0.130747 -0.807931
v -0.257502 0.130747 -0.730732
v -0.222597 0.130747 -0.668277
v -0.068298 0.187018 -0.594299
v -0.166120 0.187018 -0.552980
v -0.007841 0.187018 -0.702475
v -0.007841 0.187018 -0.836188
v -0.068298 0.187018 -0.944363
v -0.166120 0.187018 -0.985683
v -0.263942 0.187018 -0.944363
v -0.324399 0.187018 -0.836188
v -0.324399 0.187018 -0.702475
v -0.263942 0.187018 -0.594299
v -0.053165 0.263886 -0.567222
v -0.166120 0.263886 -0.519510
v 0.016645 0.263886 -0.692132
v 0.016645 0.263886 -0.846530
v -0.053165 0.263886 -0.971441
v -0.166120 0.263886 -1.019153
v -0.279075 0.263886 -0.971441
v -0.348885 0.263886 -0.846530
v -0.348885 0.263886 -0.692132
v -0.279075 0.263886 -0.567222
v -0.068298 0.340754 -0.594299
v -0.166120 0.340754 -0.552980
v -0.007841 0.340754 -0.702475
v -0.007841 0.340754 -0.836188
v -0.068298 0.340754 -0.944363
v -0.166120 0.340754 -0.985683
v -0.263942 0.340754 -0.944363
v -0.324399 0.340754 -0.836188
v -0.324399 0.340754 -0.702475
v -0.263942 0.340754 -0.594299
v -0.109642 0.397026 -0.668277
v -0.166120 0.397026 -0.644421
v -0.074738 0.397026 -0.730732
v -0.074738 0.397026 -0.807931
v -0.109642 0.397026 -0.870386
v -0.166120 0.397026 -0.894242
v -0.222597 0.397026 -0.870386
v -0.257502 0.397026 -0.807931
v -0.257502 0.397026 -0.730732
v -0.222597 0.397026 -0.668277
v -0.166120 0.417622 -0.769331
v -0.187934 0.110150 -1.547941
v -0.131457 0.130747 -1.446886
v -0.187934 0.130747 -1.423030
v -0.096552 0.130747 -1.509341
v -0.096552 0.130747 -1.586540
v -0.131457 0.130747 -1.648996
v -0.187934 0.130747 -1.672852
v -0.244412 0.130747 -1.648996
v -0.279316 0.130747 -1.586540
v -0.279316 0.130747 -1.509341
v -0.244412 0.130747 -1.446886
v -0.090112 0.187018 -1.372909
v -0.187934 0.187018 -1.331589
v -0.029655 0.187018 -1.481085
v -0.029655 0.187018 -1.614797
v -0.090112 0.187018 -1.722973
v -0.187934 0.187018 -1.764292
v -0.285756 0.187018 -1.722973
v -0.346213 0.187018 -1.614797
v -0.346213 0.187018 -1.481085
v -0.285756 0.187018 -1.372909
v -0.074979 0.263886 -1.345831
v -0.187934 0.263886 -1.298120
v -0.005169 0.263886 -1.470742
v -0.005169 0.263886 -1.625140
v -0.074979 0.263886 -1.750051
v -0.187934 0.263886 -1.797762
v -0.300889 0.263886 -1.750051
v -0.370699 0.263886 -1.625140
v -0.370699 0.263886 -1.470742
v -0.300889 0.263886 -1.345831
v -0.090112 0.340754 -1.372909
v -0.187934 0.340754 -1.331589
v -0.029655 0.340754 -1.481085
v -0.029655 0.340754 -1.614797
v -0.090112 0.340754 -1.722973
v -0.187934 0.340754 -1.764292
v -0.285756 0.340754 -1.722973
v -0.346213 0.340754 -1.614797
v -0.346213 0.340754 -1.481085
v -0.285756 0.340754 -1.372909
v -0.131457 0.397026 -1.446886
v -0.187934 0.397026 -1.423030
v -0.096552 0.397026 -1.509341
v -0.096552 0.397026 -1.586540
v -0.131457 0.397026 -1.648996
v -0.187934 0.397026 -1.672852
v -0.244412 0.397026 -1.648996
v -0.279316 0.397026 -1.586540
v -0.279316 0.397026 -1.509341
v -0.244412 0.397026 -1.446886
v -0.187934 0.417622 -1.547941
vt 0.500000 0.578125
vt 0.518628 0.605061
vt 0.500000 0.608022
vt 0.533566 0.596766
vt 0.541856 0.584778
vt 0.541856 0.571472
vt 0.533566 0.559484
vt 0.518628 0.551189
vt 0.500000 0.548228
vt 0.481372 0.551189
vt 0.466434 0.559484
vt 0.458144 0.571472
vt 0.458144 0.584778
vt 0.466434 0.596766
vt 0.481372 0.605061
vt 0.534419 0.627897
vt 0.500000 0.633368
vt 0.562022 0.612568
vt 0.577340 0.590418
vt 0.577340 0.565832
vt 0.562022 0.543682
vt 0.534419 0.528353
vt 0.500000 0.522882
vt 0.465581 0.528353
vt 0.437978 0.543682
vt 0.422660 0.565832
vt 0.422660 0.590418
vt 0.437978 0.612568
vt 0.465581 0.627897
vt 0.544971 0.643155
vt 0.500000 0.650303
vt 0.581035 0.623127
vt 0.601049 0.594186
vt 0.601049 0.562064
vt 0.581035 0.533123
vt 0.544971 0.513095
vt 0.500000 0.505947
vt 0.455029 0.513095
vt 0.418965 0.533123
vt 0.398951 0.562064
vt 0.398951 0.594186
vt 0.418965 0.623127
vt 0.455029 0.643155
vt 0.548676 0.648513
vt 0.500000 0.656250
vt 0.817605 0.548228
vt 0.789566 0.548228
vt 0.794757 0.578125
vt 0.825106 0.578125
vt 0.749048 0.548228
vt 0.750901 0.578125
vt 0.704077 0.548228
vt 0.702224 0.578125
vt 0.663559 0.548228
vt 0.658368 0.578125
vt 0.635520 0.548228
vt 0.628019 0.578125
vt 0.500000 0.500000
vt 0.548676 0.507737
vt 0.451324 0.507737
vt 0.451324 0.648513
vt 0.789566 0.608022
vt 0.817605 0.608022
vt 0.749048 0.608022
vt 0.704077 0.608022
vt 0.663559 0.608022
vt 0.635520 0.608022
vt 0.500000 0.578125
vt 0.539760 0.617521
vt 0.497983 0.626409
vt 0.566351 0.593586
vt 0.567597 0.563745
vt 0.543024 0.539396
vt 0.502017 0.529841
vt 0.460240 0.538729
vt 0.433649 0.562664
vt 0.432403 0.592505
vt 0.456976 0.616854
vt 0.564334 0.641870
vt 0.496736 0.656250
vt 0.607358 0.603141
vt 0.748207 0.514921
vt 0.706430 0.514921
vt 0.693987 0.553983
vt 0.761585 0.553983
vt 0.569615 0.515461
vt 0.609375 0.554857
vt 0.503264 0.500000
vt 0.435666 0.514380
vt 0.392642 0.553109
vt 0.704918 0.514921
vt 0.746695 0.514921
vt 0.759138 0.553983
vt 0.691540 0.553983
vt 0.430385 0.640789
vt 0.390625 0.601393
vt 0.723299 0.553983
vt 0.790896 0.553983
vt 0.790896 0.602267
vt 0.723299 0.602267
vt 0.815805 0.553983
vt 0.761585 0.602267
vt 0.815805 0.602267
vt 0.693987 0.602267
vt 0.638832 0.553983
vt 0.638832 0.602267
vt 0.796177 0.553983
vt 0.729826 0.553983
vt 0.729826 0.602267
vt 0.796177 0.602267
vt 0.662229 0.553983
vt 0.662229 0.602267
vt 0.637320 0.553983
vt 0.691540 0.602267
vt 0.637320 0.602267
vt 0.759138 0.602267
vt 0.814293 0.553983
vt 0.814293 0.602267
vt 0.656948 0.553983
vt 0.656948 0.602267
vt 0.706430 0.641329
vt 0.748207 0.641329
vt 0.746695 0.641329
vt 0.704918 0.641329
vt 0.671875 0.383254
vt 0.714341 0.383050
vt 0.715729 0.449180
vt 0.685701 0.449324
vt 0.761216 0.382829
vt 0.748874 0.449024
vt 0.691843 0.382829
vt 0.738718 0.382812
vt 0.732868 0.449012
vt 0.699722 0.449024
vt 0.765625 0.382812
vt 0.723159 0.383017
vt 0.721964 0.449157
vt 0.751992 0.449012
vt 0.676284 0.383237
vt 0.688818 0.449313
vt 0.745657 0.383237
vt 0.698782 0.383254
vt 0.704629 0.449324
vt 0.737775 0.449313
vt 0.603067 0.396638
vt 0.584040 0.426666
vt 0.617185 0.429824
vt 0.598160 0.459812
vt 0.631305 0.462929
vt 0.650332 0.432901
vt 0.636212 0.399756
vt 0.689265 0.413435
vt 0.726125 0.454087
vt 0.751858 0.424410
vt 0.725794 0.395665
vt 0.765625 0.454087
vt 0.721338 0.476562
vt 0.720058 0.440303
vt 0.751373 0.424410
vt 0.674463 0.458386
vt 0.686912 0.427451
vt 0.728205 0.458386
vt 0.691345 0.417735
vt 0.727265 0.398705
vt 0.753329 0.427451
vt 0.570312 0.402283
vt 0.614599 0.382812
vt 0.614835 0.424435
vt 0.583520 0.438202
vt 0.661474 0.400202
vt 0.647981 0.436731
vt 0.749543 0.395665
vt 0.718012 0.401470
vt 0.685082 0.398705
vt 0.616449 0.463267
vt 0.742865 0.396456
vt 0.697640 0.426892
vt 0.719887 0.464688
vt 0.751865 0.443166
vt 0.664062 0.408578
vt 0.621135 0.382812
vt 0.619670 0.412605
vt 0.650024 0.430824
vt 0.574260 0.402272
vt 0.586524 0.426365
vt 0.691334 0.430042
vt 0.736559 0.399606
vt 0.747406 0.445394
vt 0.715428 0.466915
vt 0.671875 0.399606
vt 0.714802 0.382812
vt 0.715649 0.433519
vt 0.685295 0.445394
vt 0.761677 0.396456
vt 0.748795 0.443166
vt 0.647232 0.462803
vt 0.616750 0.451438
vt 0.583733 0.458344
vt 0.718312 0.472352
vt 0.500000 0.578125
vt 0.538550 0.617938
vt 0.496773 0.626409
vt 0.565603 0.594260
vt 0.567597 0.564419
vt 0.543772 0.539813
vt 0.503227 0.529841
vt 0.461450 0.538312
vt 0.434397 0.561990
vt 0.432403 0.591831
vt 0.456228 0.616437
vt 0.562375 0.642544
vt 0.494778 0.656250
vt 0.606148 0.604232
vt 0.749151 0.514921
vt 0.707374 0.514921
vt 0.695515 0.553983
vt 0.763112 0.553983
vt 0.570825 0.516135
vt 0.609375 0.555948
vt 0.505222 0.500000
vt 0.437625 0.513706
vt 0.393852 0.552018
vt 0.703974 0.514921
vt 0.745751 0.514921
vt 0.757610 0.553983
vt 0.690013 0.553983
vt 0.429175 0.640115
vt 0.390625 0.600302
vt 0.721341 0.553983
vt 0.788938 0.553983
vt 0.788938 0.602267
vt 0.721341 0.602267
vt 0.816749 0.553983
vt 0.763112 0.602267
vt 0.816749 0.602267
vt 0.695515 0.602267
vt 0.639776 0.553983
vt 0.639776 0.602267
vt 0.797387 0.553983
vt 0.731784 0.553983
vt 0.731784 0.602267
vt 0.797387 0.602267
vt 0.664187 0.553983
vt 0.664187 0.602267
vt 0.636376 0.553983
vt 0.690013 0.602267
vt 0.636376 0.602267
vt 0.757610 0.602267
vt 0.813349 0.553983
vt 0.813349 0.602267
vt 0.655738 0.553983
vt 0.655738 0.602267
vt 0.707374 0.641329
vt 0.749151 0.641329
vt 0.745751 0.641329
vt 0.703974 0.641329
vt 0.064251 0.281250
vt 0.101562 0.306263
vt 0.087065 0.341788
vt 0.060682 0.324101
vt 0.062979 0.306263
vt 0.021977 0.342253
vt 0.053592 0.367237
vt 0.082585 0.341788
vt 0.091999 0.295414
vt 0.045124 0.281250
vt 0.047157 0.317014
vt 0.080303 0.327029
vt 0.007812 0.308088
vt 0.020774 0.335991
vt 0.034651 0.328219
vt 0.075653 0.292228
vt 0.091547 0.331864
vt 0.062554 0.357313
vt 0.017376 0.292228
vt 0.027537 0.331864
vt 0.053602 0.362934
vt 0.087065 0.356022
vt 0.053602 0.355846
vt 0.027537 0.364984
vt 0.597594 0.382812
vt 0.644469 0.387679
vt 0.635421 0.440529
vt 0.602276 0.437088
vt 0.676741 0.389733
vt 0.704654 0.435156
vt 0.749329 0.417771
vt 0.729592 0.385652
vt 0.727700 0.476562
vt 0.765625 0.447050
vt 0.636781 0.438637
vt 0.589906 0.433771
vt 0.596839 0.473121
vt 0.629984 0.476562
vt 0.722833 0.472546
vt 0.694921 0.427124
vt 0.742447 0.412091
vt 0.762184 0.444210
vt 0.671875 0.385717
vt 0.726151 0.382812
vt 0.615692 0.475921
vt 0.736984 0.385652
vt 0.750838 0.417771
vt 0.717254 0.408217
vt 0.731547 0.447050
vt 0.698401 0.444210
vt 0.684547 0.412091
vt 0.703838 0.382812
vt 0.084421 0.304042
vt 0.037546 0.303123
vt 0.041409 0.358287
vt 0.074554 0.358937
vt 0.029685 0.375000
vt 0.018290 0.336071
vt 0.076792 0.328435
vt 0.084850 0.355962
vt 0.007812 0.289196
vt 0.069383 0.295289
vt 0.024954 0.281250
vt 0.071829 0.282169
vt 0.065650 0.343471
vt 0.032504 0.342821
vt 0.008731 0.281250
vt 0.020127 0.320179
vt 0.078091 0.317198
vt 0.070033 0.289671
vt 0.030604 0.367054
vt 0.085500 0.350343
vt 0.074554 0.350343
vt 0.041409 0.355962
vt 0.053050 0.320617
vt 0.020384 0.328435
vt 0.032504 0.295289
vt 0.065650 0.289671
vt 0.086675 0.317198
vt 0.500000 0.578125
vt 0.523903 0.622459
vt 0.482126 0.626409
vt 0.556551 0.601575
vt 0.567597 0.571734
vt 0.552824 0.544334
vt 0.517874 0.529841
vt 0.476097 0.533791
vt 0.443449 0.554675
vt 0.432403 0.584516
vt 0.447176 0.611916
vt 0.708688 0.514921
vt 0.750466 0.514921
vt 0.765239 0.553983
vt 0.697642 0.553983
vt 0.591501 0.616068
vt 0.538677 0.649859
vt 0.759392 0.514921
vt 0.717615 0.514921
vt 0.712085 0.553983
vt 0.779682 0.553983
vt 0.679255 0.514921
vt 0.650017 0.553983
vt 0.528921 0.500000
vt 0.585472 0.523450
vt 0.744437 0.514921
vt 0.702659 0.514921
vt 0.687886 0.553983
vt 0.755483 0.553983
vt 0.408499 0.540182
vt 0.461323 0.506391
vt 0.693733 0.514921
vt 0.735510 0.514921
vt 0.741040 0.553983
vt 0.673443 0.553983
vt 0.773870 0.514921
vt 0.803108 0.553983
vt 0.471079 0.656250
vt 0.414528 0.632800
vt 0.765239 0.602267
vt 0.697642 0.602267
vt 0.826990 0.553983
vt 0.779682 0.602267
vt 0.826990 0.602267
vt 0.712085 0.602267
vt 0.650017 0.602267
vt 0.812034 0.553983
vt 0.755483 0.602267
vt 0.812034 0.602267
vt 0.687886 0.602267
vt 0.626135 0.553983
vt 0.673443 0.602267
vt 0.626135 0.602267
vt 0.741040 0.602267
vt 0.803108 0.602267
vt 0.641091 0.553983
vt 0.641091 0.602267
vt 0.750466 0.641329
vt 0.708688 0.641329
vt 0.717615 0.641329
vt 0.759392 0.641329
vt 0.679255 0.641329
vt 0.702659 0.641329
vt 0.744437 0.641329
vt 0.735510 0.641329
vt 0.693733 0.641329
vt 0.773870 0.641329
vt 0.732921 0.408984
vt 0.687686 0.438446
vt 0.712834 0.474235
vt 0.744819 0.453402
vt 0.653146 0.398624
vt 0.606271 0.382812
vt 0.605900 0.412591
vt 0.639046 0.423771
vt 0.671875 0.441737
vt 0.701299 0.415566
vt 0.722459 0.458057
vt 0.701653 0.476562
vt 0.746533 0.386104
vt 0.754445 0.437224
vt 0.682792 0.386104
vt 0.729667 0.382812
vt 0.722901 0.434896
vt 0.689755 0.437224
vt 0.765625 0.408984
vt 0.748327 0.453402
vt 0.646765 0.455757
vt 0.612141 0.451423
vt 0.580474 0.433396
vt 0.588193 0.465382
vt 0.713704 0.473729
vt 0.757250 0.412483
vt 0.710375 0.414872
vt 0.711137 0.465134
vt 0.744282 0.463444
vt 0.671875 0.401232
vt 0.683913 0.455489
vt 0.701777 0.401232
vt 0.748652 0.385202
vt 0.747172 0.444154
vt 0.714026 0.455489
vt 0.680250 0.385202
vt 0.727125 0.382812
vt 0.722980 0.442464
vt 0.689835 0.444154
vt 0.765625 0.396453
vt 0.750204 0.452109
vt 0.735723 0.396453
vt 0.688848 0.412483
vt 0.704883 0.463444
vt 0.738029 0.452109
vt 0.642720 0.415821
vt 0.609574 0.403819
vt 0.614795 0.439979
vt 0.582350 0.424963
vt 0.588272 0.458109
vt 0.621418 0.470111
vt 0.648642 0.448967
vt 0.034388 0.324923
vt 0.081263 0.336888
vt 0.066429 0.375000
vt 0.033284 0.366539
vt 0.063451 0.288873
vt 0.047597 0.335748
vt 0.090352 0.346081
vt 0.101562 0.312936
vt 0.019778 0.375000
vt 0.070681 0.373837
vt 0.074987 0.293215
vt 0.028112 0.281250
vt 0.028846 0.335658
vt 0.061992 0.344119
vt 0.007812 0.367377
vt 0.023666 0.320502
vt 0.073431 0.335300
vt 0.062220 0.368446
vt 0.051485 0.281250
vt 0.093102 0.307545
vt 0.033284 0.307545
vt 0.066429 0.312936
vt 0.044718 0.345896
vt 0.080783 0.346081
vt 0.061992 0.373837
vt 0.044718 0.374490
vt 0.028846 0.368446
vt 0.014492 0.335300
vt 0.500000 0.578125
vt 0.507207 0.626409
vt 0.465430 0.618785
vt 0.546232 0.615590
vt 0.567597 0.590461
vt 0.563143 0.560620
vt 0.534570 0.537465
vt 0.492793 0.529841
vt 0.453768 0.540660
vt 0.432403 0.565789
vt 0.436857 0.595630
vt 0.691992 0.514921
vt 0.733770 0.514921
vt 0.738224 0.553983
vt 0.670627 0.553983
vt 0.772794 0.514921
vt 0.801367 0.553983
vt 0.779014 0.514921
vt 0.743833 0.514921
vt 0.754507 0.553983
vt 0.811431 0.553983
vt 0.702056 0.514921
vt 0.686910 0.553983
vt 0.669639 0.514921
vt 0.634458 0.553983
vt 0.761133 0.514921
vt 0.719355 0.514921
vt 0.714901 0.553983
vt 0.782498 0.553983
vt 0.680331 0.514921
vt 0.651758 0.553983
vt 0.674111 0.514921
vt 0.709292 0.514921
vt 0.698618 0.553983
vt 0.641694 0.553983
vt 0.751069 0.514921
vt 0.766215 0.553983
vt 0.783486 0.514921
vt 0.818667 0.553983
vt 0.738224 0.602267
vt 0.670627 0.602267
vt 0.801367 0.602267
vt 0.754507 0.602267
vt 0.811431 0.602267
vt 0.686910 0.602267
vt 0.634458 0.602267
vt 0.714901 0.602267
vt 0.782498 0.602267
vt 0.651758 0.602267
vt 0.698618 0.602267
vt 0.641694 0.602267
vt 0.766215 0.602267
vt 0.818667 0.602267
vt 0.733770 0.641329
vt 0.691992 0.641329
vt 0.772794 0.641329
vt 0.743833 0.641329
vt 0.779014 0.641329
vt 0.702056 0.641329
vt 0.669639 0.641329
vt 0.719355 0.641329
vt 0.761133 0.641329
vt 0.680331 0.641329
vt 0.709292 0.641329
vt 0.674111 0.641329
vt 0.751069 0.641329
vt 0.783486 0.641329
vt 0.728555 0.457719
vt 0.765625 0.471651
vt 0.757159 0.412569
vt 0.730946 0.402718
vt 0.734553 0.471651
vt 0.687678 0.476562
vt 0.693704 0.416042
vt 0.726850 0.412569
vt 0.755820 0.476562
vt 0.708945 0.467542
vt 0.717080 0.409664
vt 0.750225 0.416042
vt 0.671875 0.453610
vt 0.690867 0.399812
vt 0.702947 0.453610
vt 0.749822 0.448699
vt 0.737647 0.396339
vt 0.704501 0.399812
vt 0.681680 0.448699
vt 0.697801 0.396339
vt 0.647259 0.441884
vt 0.625287 0.468096
vt 0.612840 0.437130
vt 0.592142 0.461163
vt 0.580967 0.428017
vt 0.602939 0.401805
vt 0.636084 0.408738
vt 0.643624 0.400939
vt 0.597192 0.382812
vt 0.588693 0.419664
vt 0.621526 0.432482
vt 0.671875 0.451958
vt 0.693981 0.411215
vt 0.724358 0.439027
vt 0.708727 0.467837
vt 0.734214 0.382812
vt 0.752807 0.418943
vt 0.693199 0.382812
vt 0.739631 0.395152
vt 0.719159 0.427669
vt 0.686327 0.418943
vt 0.765625 0.435895
vt 0.737540 0.456479
vt 0.664062 0.441173
vt 0.635978 0.460931
vt 0.597145 0.458497
vt 0.747559 0.457776
vt 0.698707 0.457776
vt 0.041161 0.356292
vt 0.007812 0.316918
vt 0.043905 0.295864
vt 0.067486 0.323706
vt 0.024944 0.281250
vt 0.071819 0.288672
vt 0.053147 0.322590
vt 0.020001 0.317342
vt 0.101562 0.329442
vt 0.074179 0.351419
vt 0.056004 0.314958
vt 0.089353 0.354333
vt 0.101562 0.322320
vt 0.077981 0.294478
vt 0.084431 0.354333
vt 0.037556 0.375000
vt 0.028920 0.336934
vt 0.062066 0.322320
vt 0.081931 0.375000
vt 0.096315 0.336934
vt 0.082737 0.298101
vt 0.035378 0.356175
vt 0.074179 0.294478
vt 0.035378 0.298101
vt 0.007888 0.323706
vt 0.500000 0.578125
vt 0.517645 0.624686
vt 0.475867 0.626409
vt 0.552683 0.605179
vt 0.567597 0.575338
vt 0.556692 0.546561
vt 0.524133 0.529841
vt 0.482355 0.531564
vt 0.447317 0.551071
vt 0.432403 0.580912
vt 0.443308 0.609689
vt 0.702430 0.514921
vt 0.744207 0.514921
vt 0.755113 0.553983
vt 0.687515 0.553983
vt 0.779245 0.514921
vt 0.811805 0.553983
vt 0.764438 0.514921
vt 0.722661 0.514921
vt 0.720249 0.553983
vt 0.787847 0.553983
vt 0.682374 0.514921
vt 0.655063 0.553983
vt 0.539047 0.500000
vt 0.591730 0.527054
vt 0.750695 0.514921
vt 0.708918 0.514921
vt 0.698012 0.553983
vt 0.765610 0.553983
vt 0.673880 0.514921
vt 0.641320 0.553983
vt 0.688687 0.514921
vt 0.730464 0.514921
vt 0.732876 0.553983
vt 0.665278 0.553983
vt 0.770751 0.514921
vt 0.798062 0.553983
vt 0.460953 0.656250
vt 0.408270 0.629196
vt 0.755113 0.602267
vt 0.687515 0.602267
vt 0.811805 0.602267
vt 0.720249 0.602267
vt 0.787847 0.602267
vt 0.655063 0.602267
vt 0.818293 0.553983
vt 0.765610 0.602267
vt 0.818293 0.602267
vt 0.698012 0.602267
vt 0.641320 0.602267
vt 0.732876 0.602267
vt 0.665278 0.602267
vt 0.798062 0.602267
vt 0.634832 0.553983
vt 0.634832 0.602267
vt 0.744207 0.641329
vt 0.702430 0.641329
vt 0.779245 0.641329
vt 0.722661 0.641329
vt 0.764438 0.641329
vt 0.682374 0.641329
vt 0.708918 0.641329
vt 0.750695 0.641329
vt 0.673880 0.641329
vt 0.730464 0.641329
vt 0.688687 0.641329
vt 0.770751 0.641329
vt 0.071492 0.321296
vt 0.024617 0.297904
vt 0.022845 0.349628
vt 0.055991 0.366169
vt 0.024467 0.368725
vt 0.007812 0.321850
vt 0.064415 0.319307
vt 0.076191 0.352453
vt 0.014550 0.281250
vt 0.069179 0.290598
vt 0.037883 0.287987
vt 0.084758 0.311379
vt 0.065372 0.359157
vt 0.032226 0.342616
vt 0.037942 0.287525
vt 0.054596 0.334400
vt 0.097495 0.328181
vt 0.085719 0.295035
vt 0.101562 0.334400
vt 0.071492 0.375000
vt 0.055991 0.356889
vt 0.077254 0.328181
vt 0.022845 0.352453
vt 0.039726 0.321929
vt 0.010963 0.319307
vt 0.032226 0.290598
vt 0.065372 0.295035
vt 0.054708 0.281250
vt 0.007833 0.296195
vt 0.013901 0.327153
vt 0.047047 0.316585
vt 0.022758 0.328495
vt 0.064064 0.291898
vt 0.082923 0.330773
vt 0.053715 0.356651
vt 0.007812 0.291898
vt 0.054667 0.281250
vt 0.047017 0.323244
vt 0.013886 0.330773
vt 0.101542 0.307200
vt 0.080163 0.341593
vt 0.075479 0.307200
vt 0.034173 0.343797
vt 0.061787 0.367471
vt 0.090995 0.341593
vt 0.101562 0.307610
vt 0.080178 0.335224
vt 0.043861 0.355417
vt 0.013886 0.356360
vt 0.043861 0.362076
vt 0.080163 0.364432
vt 0.719005 0.463810
vt 0.765625 0.473564
vt 0.756221 0.412191
vt 0.723255 0.405294
vt 0.742161 0.473564
vt 0.695286 0.476562
vt 0.700972 0.414311
vt 0.734118 0.412191
vt 0.765370 0.476562
vt 0.718495 0.469807
vt 0.722895 0.409535
vt 0.756041 0.414311
vt 0.671875 0.460053
vt 0.689929 0.402638
vt 0.695339 0.460053
vt 0.742214 0.457055
vt 0.734156 0.400517
vt 0.701010 0.402638
vt 0.672130 0.457055
vt 0.690109 0.400517
vt 0.649147 0.434192
vt 0.632556 0.467158
vt 0.615511 0.435804
vt 0.599410 0.466978
vt 0.582856 0.433832
vt 0.599448 0.400867
vt 0.632594 0.401047
vt 0.650997 0.567489
vt 0.684806 0.553053
vt 0.650997 0.538843
vt 0.684806 0.581699
vt 0.650997 0.596135
vt 0.617188 0.581924
vt 0.617188 0.553279
vt 0.424434 0.502030
vt 0.458243 0.500295
vt 0.609375 0.647591
vt 0.517168 0.652323
vt 0.617600 0.553053
vt 0.617188 0.581699
vt 0.822689 0.616880
vt 0.823815 0.538755
vt 0.458243 0.500000
vt 0.424434 0.501440
vt 0.517168 0.650714
vt 0.609375 0.646787
vt 0.390625 0.503175
vt 0.424962 0.655446
vt 0.621632 0.581924
vt 0.622045 0.553279
vt 0.835938 0.539370
vt 0.834812 0.617495
vt 0.390625 0.503470
vt 0.424962 0.656250
vt 0.743731 0.500000
vt 0.835938 0.538755
vt 0.743731 0.578125
vt 0.835938 0.616880
vt 0.743731 0.656250
vt 0.651524 0.617495
vt 0.651524 0.539370
vt 0.796624 0.523547
vt 0.835938 0.512114
vt 0.796624 0.500000
vt 0.835938 0.535661
vt 0.796624 0.547094
vt 0.757311 0.534980
vt 0.757311 0.511433
vt 0.570062 0.503187
vt 0.609375 0.503138
vt 0.605060 0.656117
vt 0.497843 0.656250
vt 0.621581 0.512114
vt 0.619350 0.535661
vt 0.829668 0.625070
vt 0.835752 0.560851
vt 0.609375 0.501545
vt 0.570062 0.500000
vt 0.497843 0.647559
vt 0.605060 0.651772
vt 0.530749 0.500049
vt 0.390625 0.647692
vt 0.617256 0.534980
vt 0.619486 0.511433
vt 0.830040 0.558993
vt 0.823956 0.623211
vt 0.530749 0.501642
vt 0.390625 0.652037
vt 0.724405 0.527813
vt 0.831623 0.560851
vt 0.724405 0.592031
vt 0.831623 0.625070
vt 0.724405 0.656250
vt 0.617188 0.623211
vt 0.617188 0.558993
vt 0.500000 0.578125
vt 0.533799 0.609727
vt 0.500000 0.617188
vt 0.554688 0.590196
vt 0.554688 0.566054
vt 0.533799 0.546523
vt 0.500000 0.539062
vt 0.466201 0.546523
vt 0.445313 0.566054
vt 0.445312 0.590196
vt 0.466201 0.609727
vt 0.558541 0.632862
vt 0.500000 0.645783
vt 0.594722 0.599033
vt 0.594722 0.557217
vt 0.558541 0.523388
vt 0.500000 0.510467
vt 0.441459 0.523388
vt 0.405278 0.557217
vt 0.405278 0.599033
vt 0.441459 0.632862
vt 0.726562 0.539062
vt 0.785104 0.539062
vt 0.794160 0.578125
vt 0.726562 0.578125
vt 0.803194 0.539062
vt 0.755833 0.539062
vt 0.760361 0.578125
vt 0.815049 0.578125
vt 0.697292 0.539062
vt 0.692764 0.578125
vt 0.649931 0.539062
vt 0.638076 0.578125
vt 0.785104 0.539062
vt 0.726562 0.539062
vt 0.726562 0.578125
vt 0.794160 0.578125
vt 0.668021 0.539062
vt 0.658965 0.578125
vt 0.668021 0.539062
vt 0.658965 0.578125
vt 0.785104 0.617188
vt 0.726562 0.617188
vt 0.755833 0.617188
vt 0.803194 0.617188
vt 0.697292 0.617188
vt 0.649931 0.617188
vt 0.726562 0.617188
vt 0.785104 0.617188
vt 0.668021 0.617188
vt 0.668021 0.617188
vt 0.500000 0.578125
vt 0.533799 0.609727
vt 0.500000 0.617188
vt 0.554688 0.590196
vt 0.554688 0.566054
vt 0.533799 0.546523
vt 0.500000 0.539062
vt 0.466201 0.546523
vt 0.445312 0.566054
vt 0.445312 0.590196
vt 0.466201 0.609727
vt 0.558541 0.632862
vt 0.500000 0.645783
vt 0.594722 0.599033
vt 0.594722 0.557217
vt 0.558541 0.523388
vt 0.500000 0.510467
vt 0.441459 0.523388
vt 0.405278 0.557217
vt 0.405278 0.599033
vt 0.441459 0.632862
vt 0.726562 0.539062
vt 0.785104 0.539062
vt 0.794160 0.578125
vt 0.726562 0.578125
vt 0.803194 0.539062
vt 0.755833 0.539062
vt 0.760361 0.578125
vt 0.815049 0.578125
vt 0.697292 0.539062
vt 0.692764 0.578125
vt 0.649931 0.539062
vt 0.638076 0.578125
vt 0.785104 0.539062
vt 0.726562 0.539062
vt 0.726562 0.578125
vt 0.794160 0.578125
vt 0.668021 0.539062
vt 0.658965 0.578125
vt 0.668021 0.539062
vt 0.658965 0.578125
vt 0.785104 0.617188
vt 0.726562 0.617188
vt 0.755833 0.617188
vt 0.803194 0.617188
vt 0.697292 0.617188
vt 0.649931 0.617188
vt 0.726562 0.617188
vt 0.785104 0.617188
vt 0.668021 0.617188
vt 0.668021 0.617188
vt 0.500000 0.578125
vt 0.533799 0.609727
vt 0.500000 0.617188
vt 0.554688 0.590196
vt 0.554688 0.566054
vt 0.533799 0.546523
vt 0.500000 0.539062
vt 0.466201 0.546523
vt 0.445312 0.566054
vt 0.445312 0.590196
vt 0.466201 0.609727
vt 0.558541 0.632862
vt 0.500000 0.645783
vt 0.594722 0.599033
vt 0.594722 0.557217
vt 0.558541 0.523388
vt 0.500000 0.510467
vt 0.441459 0.523388
vt 0.405278 0.557217
vt 0.405278 0.599033
vt 0.441459 0.632862
vt 0.726562 0.539062
vt 0.785104 0.539062
vt 0.794160 0.578125
vt 0.726562 0.578125
vt 0.803194 0.539062
vt 0.755833 0.539062
vt 0.760361 0.578125
vt 0.815049 0.578125
vt 0.697292 0.539062
vt 0.692764 0.578125
vt 0.649931 0.539062
vt 0.638076 0.578125
vt 0.785104 0.539062
vt 0.726562 0.539062
vt 0.726562 0.578125
vt 0.794160 0.578125
vt 0.668021 0.539062
vt 0.658965 0.578125
vt 0.668021 0.539062
vt 0.658965 0.578125
vt 0.785104 0.617188
vt 0.726562 0.617188
vt 0.755833 0.617188
vt 0.803194 0.617188
vt 0.697292 0.617188
vt 0.649931 0.617188
vt 0.726562 0.617188
vt 0.785104 0.617188
vt 0.668021 0.617188
vt 0.668021 0.617188
vt 0.500000 0.578125
vt 0.533799 0.609727
vt 0.500000 0.617188
vt 0.554688 0.590196
vt 0.554688 0.566054
vt 0.533799 0.546523
vt 0.500000 0.539062
vt 0.466201 0.546523
vt 0.445312 0.566054
vt 0.445312 0.590196
vt 0.466201 0.609727
vt 0.558541 0.632862
vt 0.500000 0.645783
vt 0.594722 0.599033
vt 0.594722 0.557217
vt 0.558541 0.523388
vt 0.500000 0.510467
vt 0.441459 0.523388
vt 0.405278 0.557217
vt 0.405278 0.599033
vt 0.441459 0.632862
vt 0.726562 0.539062
vt 0.785104 0.539062
vt 0.794160 0.578125
vt 0.726562 0.578125
vt 0.803194 0.539062
vt 0.755833 0.539062
vt 0.760361 0.578125
vt 0.815049 0.578125
vt 0.697292 0.539062
vt 0.692764 0.578125
vt 0.649931 0.539062
vt 0.638076 0.578125
vt 0.785104 0.539062
vt 0.726562 0.539062
vt 0.726562 0.578125
vt 0.794160 0.578125
vt 0.668021 0.539062
vt 0.658965 0.578125
vt 0.668021 0.539062
vt 0.658965 0.578125
vt 0.785104 0.617188
vt 0.726562 0.617188
vt 0.755833 0.617188
vt 0.803194 0.617188
vt 0.697292 0.617188
vt 0.649931 0.617188
vt 0.726562 0.617188
vt 0.785104 0.617188
vt 0.668021 0.617188
vt 0.668021 0.617188
vt 0.500000 0.578125
vt 0.533799 0.609727
vt 0.500000 0.617188
vt 0.554688 0.590196
vt 0.554688 0.566054
vt 0.533799 0.546523
vt 0.500000 0.539062
vt 0.466201 0.546523
vt 0.445312 0.566054
vt 0.445312 0.590196
vt 0.466201 0.609727
vt 0.558541 0.632862
vt 0.500000 0.645783
vt 0.594722 0.599033
vt 0.594722 0.557217
vt 0.558541 0.523388
vt 0.500000 0.510467
vt 0.441459 0.523388
vt 0.405278 0.557217
vt 0.405278 0.599033
vt 0.441459 0.632862
vt 0.726562 0.539062
vt 0.785104 0.539062
vt 0.794160 0.578125
vt 0.726562 0.578125
vt 0.803194 0.539062
vt 0.755833 0.539062
vt 0.760361 0.578125
vt 0.815049 0.578125
vt 0.697292 0.539062
vt 0.692764 0.578125
vt 0.649931 0.539062
vt 0.638076 0.578125
vt 0.785104 0.539062
vt 0.726562 0.539062
vt 0.726562 0.578125
vt 0.794160 0.578125
vt 0.668021 0.539062
vt 0.658965 0.578125
vt 0.668021 0.539062
vt 0.658965 0.578125
vt 0.785104 0.617188
vt 0.726562 0.617188
vt 0.755833 0.617188
vt 0.803194 0.617188
vt 0.697292 0.617188
vt 0.649931 0.617188
vt 0.726562 0.617188
vt 0.785104 0.617188
vt 0.668021 0.617188
vt 0.668021 0.617188
vn 0.027722 -0.999188 0.029228
vn 0.077484 -0.996719 0.023381
vn 0.111625 -0.993666 0.012936
vn 0.123726 -0.992316 0.000000
vn 0.111625 -0.993666 -0.012936
vn 0.077484 -0.996719 -0.023381
vn 0.027722 -0.999188 -0.029228
vn -0.027722 -0.999188 -0.029228
vn -0.077484 -0.996719 -0.023381
vn -0.111625 -0.993666 -0.012936
vn -0.123726 -0.992316 0.000000
vn -0.111625 -0.993666 0.012936
vn -0.077484 -0.996719 0.023381
vn -0.027722 -0.999188 0.029228
vn 0.092356 -0.990954 0.097373
vn 0.251934 -0.964754 0.076022
vn 0.352759 -0.934821 0.040880
vn 0.386317 -0.922366 0.000000
vn 0.352759 -0.934821 -0.040880
vn 0.251934 -0.964754 -0.076022
vn 0.092356 -0.990954 -0.097373
vn -0.092356 -0.990954 -0.097373
vn -0.251934 -0.964754 -0.076022
vn -0.352759 -0.934821 -0.040880
vn -0.386317 -0.922366 0.000000
vn -0.352759 -0.934821 0.040880
vn -0.251934 -0.964754 0.076022
vn -0.092356 -0.990954 0.097373
vn 0.199761 -0.956942 0.210612
vn 0.499123 -0.853342 0.150613
vn 0.643724 -0.761613 0.074599
vn 0.684179 -0.729314 0.000000
vn 0.643724 -0.761613 -0.074599
vn 0.499123 -0.853342 -0.150613
vn 0.199761 -0.956942 -0.210612
vn -0.199761 -0.956942 -0.210612
vn -0.499123 -0.853342 -0.150613
vn -0.643724 -0.761613 -0.074599
vn -0.684179 -0.729314 -0.000000
vn -0.643724 -0.761613 0.074599
vn -0.499123 -0.853342 0.150613
vn -0.199761 -0.956942 0.210612
vn 0.491160 -0.700432 0.517839
vn 0.860632 -0.438028 0.259700
vn 0.937621 -0.330242 0.108658
vn 0.953159 -0.302468 0.000000
vn 0.937621 -0.330242 -0.108658
vn 0.860632 -0.438028 -0.259700
vn 0.491160 -0.700432 -0.517839
vn -0.491160 -0.700432 -0.517839
vn -0.860632 -0.438028 -0.259700
vn -0.937621 -0.330242 -0.108658
vn -0.953159 -0.302468 -0.000000
vn -0.937621 -0.330242 0.108658
vn -0.860632 -0.438028 0.259700
vn -0.491160 -0.700432 0.517839
vn 0.491160 0.700432 0.517839
vn 0.860632 0.438028 0.259700
vn 0.937621 0.330242 0.108658
vn 0.953159 0.302468 0.000000
vn 0.937621 0.330242 -0.108658
vn 0.860632 0.438028 -0.259700
vn 0.491160 0.700432 -0.517839
vn -0.491160 0.700432 -0.517839
vn -0.860632 0.438028 -0.259700
vn -0.937621 0.330242 -0.108658
vn -0.953159 0.302468 0.000000
vn -0.937621 0.330242 0.108658
vn -0.860632 0.438028 0.259700
vn -0.491160 0.700432 0.517839
vn 0.199761 0.956942 0.210612
vn 0.499123 0.853342 0.150613
vn 0.643724 0.761613 0.074599
vn 0.684179 0.729314 0.000000
vn 0.643724 0.761613 -0.074599
vn 0.499123 0.853342 -0.150613
vn 0.199761 0.956942 -0.210612
vn -0.199761 0.956942 -0.210612
vn -0.499123 0.853342 -0.150613
vn -0.643724 0.761613 -0.074599
vn -0.684179 0.729314 -0.000000
vn -0.643724 0.761613 0.074599
vn -0.499123 0.853342 0.150613
vn -0.199761 0.956942 0.210612
vn 0.092356 0.990954 0.097373
vn 0.251934 0.964754 0.076022
vn 0.352759 0.934821 0.040880
vn 0.386317 0.922366 0.000000
vn 0.352759 0.934821 -0.040880
vn 0.251934 0.964754 -0.076022
vn 0.092356 0.990954 -0.097373
vn -0.092356 0.990954 -0.097373
vn -0.251934 0.964754 -0.076022
vn -0.352759 0.934821 -0.040880
vn -0.386317 0.922366 -0.000000
vn -0.352759 0.934821 0.040880
vn -0.251934 0.964754 0.076022
vn -0.092356 0.990954 0.097373
vn 0.027722 0.999188 0.029228
vn 0.077484 0.996719 0.023381
vn 0.111625 0.993666 0.012936
vn 0.123726 0.992316 0.000000
vn 0.111625 0.993666 -0.012936
vn 0.077484 0.996719 -0.023381
vn 0.027722 0.999188 -0.029228
vn -0.027722 0.999188 -0.029228
vn -0.077484 0.996719 -0.023381
vn -0.111625 0.993666 -0.012936
vn -0.123726 0.992316 -0.000000
vn -0.111625 0.993666 0.012936
vn -0.077484 0.996719 0.023381
vn -0.027722 0.999188 0.029228
vn 0.070855 -0.986696 0.146325
vn 0.189067 -0.977619 0.092276
vn 0.234391 -0.972133 0.004302
vn 0.192326 -0.977619 -0.085275
vn 0.076177 -0.986696 -0.143626
vn -0.070855 -0.986696 -0.146325
vn -0.189067 -0.977619 -0.092276
vn -0.234391 -0.972133 -0.004302
vn -0.192326 -0.977619 0.085275
vn -0.076177 -0.986696 0.143626
vn 0.249442 -0.820012 0.515130
vn 0.605429 -0.739016 0.295484
vn 0.714477 -0.699536 0.013114
vn 0.615865 -0.739016 -0.273068
vn 0.268178 -0.820012 -0.505630
vn -0.249442 -0.820012 -0.515130
vn -0.605429 -0.739016 -0.295484
vn -0.714477 -0.699536 -0.013114
vn -0.615865 -0.739016 0.273068
vn -0.268178 -0.820012 0.505630
vn 0.435824 0.000000 0.900032
vn 0.898679 -0.000000 0.438606
vn 0.999832 -0.000000 0.018351
vn 0.914169 0.000000 -0.405333
vn 0.468558 0.000000 -0.883433
vn -0.435824 0.000000 -0.900032
vn -0.898679 0.000000 -0.438606
vn -0.999832 0.000000 -0.018351
vn -0.914169 0.000000 0.405333
vn -0.468558 -0.000000 0.883433
vn 0.249442 0.820012 0.515130
vn 0.605429 0.739016 0.295484
vn 0.714477 0.699536 0.013114
vn 0.615865 0.739016 -0.273068
vn 0.268178 0.820012 -0.505630
vn -0.249442 0.820012 -0.515130
vn -0.605429 0.739016 -0.295484
vn -0.714477 0.699536 -0.013114
vn -0.615865 0.739016 0.273068
vn -0.268178 0.820012 0.505630
vn 0.070855 0.986696 0.146325
vn 0.189067 0.977619 0.092276
vn 0.234391 0.972133 0.004302
vn 0.192326 0.977619 -0.085275
vn 0.076177 0.986696 -0.143626
vn -0.070855 0.986696 -0.146325
vn -0.189067 0.977619 -0.092276
vn -0.234391 0.972133 -0.004302
vn -0.192326 0.977619 0.085275
vn -0.076177 0.986696 0.143626
vn -0.772138 0.339029 -0.537459
vn -0.852300 0.336560 0.400389
vn -0.080178 0.335182 0.938735
vn 0.772106 0.336273 0.539233
vn 0.852268 0.338742 -0.398615
vn 0.080145 0.340120 -0.936961
vn -0.353984 0.902751 -0.244407
vn -0.390731 0.901620 0.185503
vn -0.036790 0.900988 0.432281
vn 0.353897 0.901488 0.249149
vn 0.390644 0.902620 -0.180761
vn 0.036703 0.903252 -0.427539
vn 0.935311 -0.261834 0.237984
vn 0.505327 0.381363 0.774084
vn -0.434715 0.425173 0.793883
vn -0.944774 -0.174213 0.277582
vn -0.514790 -0.817410 -0.258517
vn 0.425252 -0.861221 -0.278316
vn 0.418274 -0.602588 0.679658
vn 0.221170 -0.307746 0.925406
vn -0.209746 -0.287664 0.934482
vn -0.443557 -0.562423 0.697809
vn -0.246452 -0.857264 0.452061
vn 0.184463 -0.877347 0.442985
vn 0.935680 0.274334 0.221909
vn 0.528305 0.660268 -0.533797
vn -0.410216 0.686009 -0.600928
vn -0.941362 0.325815 0.087647
vn -0.533987 -0.060119 0.843353
vn 0.404534 -0.085860 0.910483
vn 0.422628 0.789926 0.444301
vn 0.235887 0.966838 0.097885
vn -0.194331 0.978638 0.067112
vn -0.437808 0.813525 0.382755
vn -0.251068 0.636612 0.729171
vn 0.179151 0.624813 0.759944
vn 0.066465 -0.982990 0.171211
vn 0.184583 -0.976625 0.110149
vn 0.231705 -0.972753 0.008089
vn 0.191815 -0.976625 -0.097008
vn 0.078243 -0.982990 -0.166159
vn -0.066465 -0.982990 -0.171211
vn -0.184583 -0.976625 -0.110149
vn -0.231705 -0.972753 -0.008089
vn -0.191815 -0.976625 0.097008
vn -0.078243 -0.982990 0.166159
vn 0.224591 -0.784125 0.578538
vn 0.585589 -0.731419 0.349446
vn 0.710052 -0.703712 0.024789
vn 0.608533 -0.731419 -0.307757
vn 0.264391 -0.784125 -0.561467
vn -0.224591 -0.784125 -0.578538
vn -0.585589 -0.731419 -0.349446
vn -0.710052 -0.703712 -0.024789
vn -0.608533 -0.731419 0.307757
vn -0.264391 -0.784125 0.561467
vn 0.361892 0.000000 0.932220
vn 0.858725 -0.000000 0.512437
vn 0.999391 0.000000 0.034890
vn 0.892370 0.000000 -0.451304
vn 0.426023 0.000000 -0.904713
vn -0.361892 0.000000 -0.932220
vn -0.858725 0.000000 -0.512437
vn -0.999391 -0.000000 -0.034890
vn -0.892370 0.000000 0.451304
vn -0.426023 0.000000 0.904713
vn 0.224591 0.784125 0.578538
vn 0.585589 0.731419 0.349446
vn 0.710052 0.703712 0.024789
vn 0.608533 0.731419 -0.307757
vn 0.264391 0.784125 -0.561467
vn -0.224591 0.784125 -0.578538
vn -0.585589 0.731419 -0.349446
vn -0.710052 0.703712 -0.024789
vn -0.608533 0.731419 0.307757
vn -0.264391 0.784125 0.561467
vn 0.066465 0.982990 0.171211
vn 0.184583 0.976625 0.110149
vn 0.231705 0.972753 0.008089
vn 0.191815 0.976625 -0.097008
vn 0.078243 0.982990 -0.166159
vn -0.066465 0.982990 -0.171211
vn -0.184583 0.976625 -0.110149
vn -0.231705 0.972753 -0.008089
vn -0.191815 0.976625 0.097008
vn -0.078243 0.982990 0.166159
vn 0.611611 -0.171923 0.772253
vn 0.915939 0.392584 0.083262
vn 0.296927 0.827221 -0.477011
vn -0.626413 0.697352 -0.348293
vn -0.930740 0.132845 0.340697
vn -0.311728 -0.301792 0.900970
vn 0.263983 0.502670 0.823186
vn 0.403487 0.761440 0.507353
vn 0.119732 0.960678 0.250524
vn -0.303528 0.901146 0.309528
vn -0.443032 0.642376 0.625361
vn -0.159276 0.443138 0.882190
vn 0.077979 -0.993803 -0.079220
vn 0.844754 -0.507686 0.169250
vn 0.756055 0.346079 0.555527
vn -0.099419 0.713727 0.693332
vn -0.866194 0.227610 0.444862
vn -0.777495 -0.626154 0.058586
vn 0.012019 -0.765512 0.643309
vn 0.363509 -0.542676 0.757208
vn 0.322849 -0.151310 0.934277
vn -0.069300 0.017220 0.997447
vn -0.420790 -0.205616 0.883548
vn -0.380130 -0.596982 0.706479
vn 0.132531 0.869187 0.476391
vn -0.744613 0.537287 0.396073
vn -0.888795 -0.381870 0.253413
vn -0.155834 -0.969127 0.191070
vn 0.721311 -0.637227 0.271389
vn 0.865493 0.281930 0.414049
vn 0.034965 0.287835 0.957042
vn -0.367119 0.135691 0.920224
vn -0.433212 -0.285650 0.854828
vn -0.097222 -0.554849 0.826251
vn 0.304861 -0.402706 0.863068
vn 0.370954 0.018636 0.928464
vn 0.041679 -0.962359 0.268566
vn 0.218325 -0.953467 0.207933
vn 0.310204 -0.948092 0.069961
vn 0.286441 -0.953467 -0.094091
vn 0.152922 -0.962359 -0.224677
vn -0.041679 -0.962359 -0.268566
vn -0.218325 -0.953467 -0.207933
vn -0.310204 -0.948092 -0.069961
vn -0.286441 -0.953467 0.094091
vn -0.152922 -0.962359 0.224677
vn 0.117663 -0.641347 0.758175
vn 0.580265 -0.598227 0.552645
vn 0.797722 -0.575562 0.179913
vn 0.761305 -0.598227 -0.250076
vn 0.431707 -0.641347 -0.634274
vn -0.117663 -0.641347 -0.758175
vn -0.580265 -0.598227 -0.552645
vn -0.797722 -0.575562 -0.179913
vn -0.761305 -0.598227 0.250076
vn -0.431707 -0.641347 0.634274
vn 0.153357 0.000000 0.988171
vn 0.724131 -0.000000 0.689663
vn 0.975498 -0.000000 0.220007
vn 0.950056 0.000000 -0.312078
vn 0.562667 0.000000 -0.826684
vn -0.153357 0.000000 -0.988171
vn -0.724131 0.000000 -0.689663
vn -0.975498 -0.000000 -0.220007
vn -0.950056 0.000000 0.312078
vn -0.562667 -0.000000 0.826684
vn 0.117663 0.641347 0.758175
vn 0.580265 0.598227 0.552645
vn 0.797722 0.575562 0.179913
vn 0.761305 0.598227 -0.250076
vn 0.431707 0.641347 -0.634274
vn -0.117663 0.641347 -0.758175
vn -0.580265 0.598227 -0.552645
vn -0.797722 0.575562 -0.179913
vn -0.761305 0.598227 0.250076
vn -0.431707 0.641347 0.634274
vn 0.041679 0.962359 0.268566
vn 0.218325 0.953467 0.207933
vn 0.310204 0.948092 0.069961
vn 0.286441 0.953467 -0.094091
vn 0.152922 0.962359 -0.224677
vn -0.041679 0.962359 -0.268566
vn -0.218325 0.953467 -0.207933
vn -0.310204 0.948092 -0.069961
vn -0.286441 0.953467 0.094091
vn -0.152922 0.962359 0.224677
vn 0.878298 0.478017 0.009616
vn 0.241417 0.734425 -0.634301
vn -0.671432 0.555315 -0.490717
vn -0.947401 0.119797 0.296783
vn -0.310520 -0.136612 0.940699
vn 0.602329 0.042498 0.797115
vn 0.326137 0.880709 0.343492
vn 0.034191 0.998247 0.048320
vn -0.384259 0.916142 0.114139
vn -0.510764 0.716501 0.475129
vn -0.218817 0.598963 0.770300
vn 0.199633 0.681067 0.704482
vn 0.310931 0.532098 -0.787524
vn -0.615981 0.455309 -0.642854
vn -0.943048 0.252801 0.216220
vn -0.343204 0.127081 0.930624
vn 0.583707 0.203870 0.785954
vn 0.910775 0.406378 -0.073121
vn 0.106814 0.973411 -0.202636
vn -0.318082 0.938211 -0.136319
vn -0.468010 0.845382 0.257481
vn -0.193042 0.787752 0.584963
vn 0.231855 0.822951 0.518646
vn 0.381783 0.915781 0.124847
vn 0.000917 -0.764807 0.644259
vn 0.760497 -0.209698 0.614549
vn 0.689536 0.667575 0.280862
vn -0.141005 0.989739 -0.023117
vn -0.900585 0.434630 0.006592
vn -0.829624 -0.442643 0.340280
vn -0.154612 -0.101661 0.982731
vn 0.193580 0.152801 0.969112
vn 0.161051 0.554943 0.816150
vn -0.219669 0.702623 0.676806
vn -0.567861 0.448161 0.690425
vn -0.535332 0.046019 0.843387
vn -0.083090 -0.941502 0.326603
vn 0.118293 -0.944624 0.306093
vn 0.275333 -0.946568 0.167928
vn 0.326291 -0.944624 -0.034938
vn 0.252345 -0.941502 -0.223374
vn 0.083090 -0.941502 -0.326603
vn -0.118293 -0.944624 -0.306093
vn -0.275333 -0.946568 -0.167928
vn -0.326291 -0.944624 0.034938
vn -0.252345 -0.941502 0.223374
vn -0.205823 -0.550555 0.809028
vn 0.298152 -0.562051 0.771495
vn 0.701751 -0.569526 0.428003
vn 0.822402 -0.562051 -0.088061
vn 0.625082 -0.550555 -0.553318
vn 0.205823 -0.550555 -0.809028
vn -0.298152 -0.562051 -0.771495
vn -0.701751 -0.569526 -0.428003
vn -0.822402 -0.562051 0.088061
vn -0.625082 -0.550555 0.553318
vn -0.246554 0.000000 0.969129
vn 0.360478 -0.000000 0.932768
vn 0.853739 -0.000000 0.520702
vn 0.994316 0.000000 -0.106469
vn 0.748782 0.000000 -0.662816
vn 0.246554 0.000000 -0.969129
vn -0.360478 -0.000000 -0.932768
vn -0.853739 -0.000000 -0.520702
vn -0.994316 0.000000 0.106469
vn -0.748782 0.000000 0.662816
vn -0.205823 0.550555 0.809028
vn 0.298152 0.562051 0.771495
vn 0.701751 0.569526 0.428003
vn 0.822402 0.562051 -0.088061
vn 0.625082 0.550555 -0.553318
vn 0.205823 0.550555 -0.809028
vn -0.298152 0.562051 -0.771495
vn -0.701751 0.569526 -0.428003
vn -0.822402 0.562051 0.088061
vn -0.625082 0.550555 0.553318
vn -0.083090 0.941502 0.326603
vn 0.118293 0.944624 0.306093
vn 0.275333 0.946568 0.167928
vn 0.326291 0.944624 -0.034938
vn 0.252345 0.941502 -0.223374
vn 0.083090 0.941502 -0.326603
vn -0.118293 0.944624 -0.306093
vn -0.275333 0.946568 -0.167928
vn -0.326291 0.944624 0.034938
vn -0.252345 0.941502 0.223374
vn 0.680533 -0.304934 0.666250
vn -0.203906 -0.178605 0.962561
vn -0.915091 -0.206151 0.346568
vn -0.741838 -0.360028 -0.565735
vn 0.142600 -0.486357 -0.862045
vn 0.853786 -0.458811 -0.246052
vn 0.244112 -0.875679 0.416647
vn -0.161315 -0.817770 0.552476
vn -0.487323 -0.830397 0.270105
vn -0.407904 -0.900934 -0.148095
vn -0.002477 -0.958844 -0.283924
vn 0.323531 -0.946216 -0.001552
vn -0.076646 0.909680 -0.408175
vn -0.850654 0.375565 -0.367885
vn -0.910029 -0.320178 0.263311
vn -0.195397 -0.481805 0.854215
vn 0.578611 0.052310 0.813925
vn 0.637986 0.748053 0.182729
vn -0.336198 0.890517 0.306514
vn -0.691004 0.645678 0.324983
vn -0.718221 0.326749 0.614323
vn -0.390634 0.252659 0.885194
vn -0.035828 0.497498 0.866725
vn -0.008611 0.816427 0.577385
vn -0.940278 -0.213319 -0.265279
vn -0.261131 -0.813087 -0.520289
vn 0.551846 -0.832660 -0.046289
vn 0.685676 -0.252467 0.682721
vn 0.006530 0.347301 0.937731
vn -0.806447 0.366874 0.463731
vn -0.712784 -0.613260 0.340369
vn -0.401463 -0.888193 0.223472
vn -0.028794 -0.897166 0.440754
vn 0.032553 -0.631205 0.774933
vn -0.278768 -0.356272 0.891829
vn -0.651436 -0.347299 0.674547
vn 0.018302 -0.959226 0.282046
vn 0.205337 -0.950225 0.234325
vn 0.312315 -0.944788 0.099176
vn 0.302907 -0.950225 -0.072932
vn 0.177669 -0.959226 -0.219815
vn -0.018302 -0.959226 -0.282046
vn -0.205337 -0.950225 -0.234325
vn -0.312315 -0.944788 -0.099176
vn -0.302907 -0.950225 0.072932
vn -0.177669 -0.959226 0.219815
vn 0.050536 -0.625253 0.778785
vn 0.534852 -0.584291 0.610358
vn 0.787909 -0.562671 0.250201
vn 0.788997 -0.584291 -0.189968
vn 0.490579 -0.625253 -0.606953
vn -0.050536 -0.625253 -0.778785
vn -0.534852 -0.584291 -0.610358
vn -0.787909 -0.562671 -0.250201
vn -0.788997 -0.584291 0.189968
vn -0.490579 -0.625253 0.606953
vn 0.064755 0.000000 0.997901
vn 0.659055 -0.000000 0.752095
vn 0.953099 0.000000 0.302658
vn 0.972217 0.000000 -0.234082
vn 0.628607 0.000000 -0.777723
vn -0.064755 0.000000 -0.997901
vn -0.659055 -0.000000 -0.752095
vn -0.953099 0.000000 -0.302658
vn -0.972217 0.000000 0.234082
vn -0.628607 -0.000000 0.777723
vn 0.050536 0.625253 0.778785
vn 0.534852 0.584291 0.610358
vn 0.787909 0.562671 0.250201
vn 0.788997 0.584291 -0.189968
vn 0.490579 0.625253 -0.606953
vn -0.050536 0.625253 -0.778785
vn -0.534852 0.584291 -0.610358
vn -0.787909 0.562671 -0.250201
vn -0.788997 0.584291 0.189968
vn -0.490579 0.625253 0.606953
vn 0.018302 0.959226 0.282046
vn 0.205337 0.950225 0.234325
vn 0.312315 0.944788 0.099176
vn 0.302907 0.950225 -0.072932
vn 0.177669 0.959226 -0.219815
vn -0.018302 0.959226 -0.282046
vn -0.205337 0.950225 -0.234325
vn -0.312315 0.944788 -0.099176
vn -0.302907 0.950225 0.072932
vn -0.177669 0.959226 0.219815
vn -0.246219 0.886436 0.391928
vn -0.941160 0.323048 0.099282
vn -0.796385 -0.604195 0.026812
vn 0.043331 -0.968050 0.246987
vn 0.738272 -0.404661 0.539632
vn 0.593497 0.522581 0.612103
vn -0.337398 0.316023 0.886731
vn -0.655960 0.057766 0.752582
vn -0.589595 -0.367283 0.719362
vn -0.204668 -0.534074 0.820290
vn 0.113893 -0.275817 0.954439
vn 0.047528 0.149232 0.987659
vn -0.527422 0.699154 -0.482711
vn -0.989220 0.113946 0.091976
vn -0.528038 -0.328092 0.783283
vn 0.394942 -0.184921 0.899903
vn 0.856740 0.400288 0.325216
vn 0.395558 0.842325 -0.366091
vn -0.388383 0.889582 0.240422
vn -0.600071 0.621323 0.503858
vn -0.388665 0.418693 0.820753
vn 0.034429 0.484322 0.874212
vn 0.246118 0.752582 0.610776
vn 0.034712 0.955212 0.293880
vn 0.802260 -0.311153 0.509472
vn -0.012694 -0.229224 0.973291
vn -0.827026 -0.253358 0.501834
vn -0.826404 -0.359423 -0.433442
vn -0.011449 -0.441353 -0.897261
vn 0.802883 -0.417218 -0.425803
vn 0.341037 -0.884743 0.317683
vn -0.032538 -0.847187 0.530298
vn -0.405828 -0.858250 0.314182
vn -0.405543 -0.906870 -0.114549
vn -0.031967 -0.944427 -0.327164
vn 0.341323 -0.933363 -0.111047
vn -0.168074 -0.026641 -0.985414
vn 0.472128 -0.865864 -0.165453
vn 0.962198 -0.007360 -0.272251
vn 0.472128 0.855660 -0.211996
vn -0.508013 0.860176 -0.044943
vn -0.998084 0.001672 0.061855
vn -0.508013 -0.861348 0.001600
vn 0.168074 0.026641 0.985414
vn 0.095174 -0.172152 -0.980462
vn 0.504253 -0.856768 0.108063
vn 0.999984 0.000979 0.005578
vn 0.504253 0.842334 -0.190270
vn -0.487210 0.825941 -0.283634
vn -0.982941 -0.031807 -0.181149
vn -0.487210 -0.873161 0.014699
vn -0.095174 0.172152 0.980462
vn 0.068560 -0.984355 0.162312
vn 0.178492 -0.978871 0.099756
vn 0.219875 -0.975528 0.000000
vn 0.178492 -0.978871 -0.099756
vn 0.068560 -0.984355 -0.162312
vn -0.068560 -0.984355 -0.162312
vn -0.178492 -0.978871 -0.099756
vn -0.219875 -0.975528 -0.000000
vn -0.178492 -0.978871 0.099756
vn -0.068560 -0.984355 0.162312
vn 0.216143 -0.831526 0.511709
vn 0.536699 -0.788660 0.299950
vn 0.643717 -0.765264 0.000000
vn 0.536699 -0.788660 -0.299950
vn 0.216143 -0.831526 -0.511709
vn -0.216143 -0.831526 -0.511709
vn -0.536699 -0.788660 -0.299950
vn -0.643717 -0.765264 -0.000000
vn -0.536699 -0.788660 0.299950
vn -0.216143 -0.831526 0.511709
vn 0.361140 -0.372273 0.854980
vn 0.825523 -0.325043 0.461367
vn 0.952826 -0.303517 0.000000
vn 0.825523 -0.325043 -0.461367
vn 0.361140 -0.372273 -0.854980
vn -0.361140 -0.372273 -0.854980
vn -0.825523 -0.325043 -0.461367
vn -0.952826 -0.303517 0.000000
vn -0.825523 -0.325043 0.461367
vn -0.361140 -0.372273 0.854980
vn 0.361140 0.372273 0.854980
vn 0.825523 0.325043 0.461367
vn 0.952826 0.303517 0.000000
vn 0.825523 0.325043 -0.461367
vn 0.361140 0.372273 -0.854980
vn -0.361140 0.372273 -0.854980
vn -0.825523 0.325043 -0.461367
vn -0.952826 0.303517 -0.000000
vn -0.825523 0.325043 0.461367
vn -0.361140 0.372273 0.854980
vn 0.216143 0.831526 0.511709
vn 0.536699 0.788660 0.299950
vn 0.643717 0.765264 0.000000
vn 0.536699 0.788660 -0.299950
vn 0.216143 0.831526 -0.511709
vn -0.216143 0.831526 -0.511709
vn -0.536699 0.788660 -0.299950
vn -0.643717 0.765264 0.000000
vn -0.536699 0.788660 0.299950
vn -0.216143 0.831526 0.511709
vn 0.068560 0.984355 0.162312
vn 0.178492 0.978871 0.099756
vn 0.219875 0.975528 0.000000
vn 0.178492 0.978871 -0.099756
vn 0.068560 0.984355 -0.162312
vn -0.068560 0.984355 -0.162312
vn -0.178492 0.978871 -0.099756
vn -0.219875 0.975528 -0.000000
vn -0.178492 0.978871 0.099756
vn -0.068560 0.984355 0.162312
vn 0.068560 -0.984355 0.162312
vn 0.178492 -0.978871 0.099756
vn 0.219875 -0.975528 0.000000
vn 0.178492 -0.978871 -0.099756
vn 0.068560 -0.984355 -0.162312
vn -0.068560 -0.984355 -0.162312
vn -0.178492 -0.978871 -0.099756
vn -0.219875 -0.975528 0.000000
vn -0.178492 -0.978871 0.099756
vn -0.068560 -0.984355 0.162312
vn 0.216143 -0.831526 0.511709
vn 0.536699 -0.788660 0.299950
vn 0.643717 -0.765264 0.000000
vn 0.536699 -0.788660 -0.299950
vn 0.216143 -0.831526 -0.511709
vn -0.216143 -0.831526 -0.511709
vn -0.536699 -0.788660 -0.299950
vn -0.643717 -0.765264 0.000000
vn -0.536699 -0.788660 0.299950
vn -0.216143 -0.831526 0.511709
vn 0.361140 -0.372273 0.854980
vn 0.825523 -0.325043 0.461367
vn 0.952826 -0.303517 0.000000
vn 0.825523 -0.325043 -0.461367
vn 0.361140 -0.372273 -0.854980
vn -0.361140 -0.372273 -0.854980
vn -0.825523 -0.325043 -0.461367
vn -0.952826 -0.303517 0.000000
vn -0.825523 -0.325043 0.461367
vn -0.361140 -0.372273 0.854980
vn 0.361140 0.372273 0.854980
vn 0.825523 0.325043 0.461367
vn 0.952826 0.303517 0.000000
vn 0.825523 0.325043 -0.461367
vn 0.361140 0.372273 -0.854980
vn -0.361140 0.372273 -0.854980
vn -0.825523 0.325043 -0.461367
vn -0.952826 0.303517 -0.000000
vn -0.825523 0.325043 0.461367
vn -0.361140 0.372273 0.854980
vn 0.216143 0.831526 0.511709
vn 0.536699 0.788660 0.299950
vn 0.643717 0.765264 0.000000
vn 0.536699 0.788660 -0.299950
vn 0.216143 0.831526 -0.511709
vn -0.216143 0.831526 -0.511709
vn -0.536699 0.788660 -0.299950
vn -0.643717 0.765264 -0.000000
vn -0.536699 0.788660 0.299950
vn -0.216143 0.831526 0.511709
vn 0.068560 0.984355 0.162312
vn 0.178492 0.978871 0.099756
vn 0.219875 0.975528 0.000000
vn 0.178492 0.978871 -0.099756
vn 0.068560 0.984355 -0.162312
vn -0.068560 0.984355 -0.162312
vn -0.178492 0.978871 -0.099756
vn -0.219875 0.975528 0.000000
vn -0.178492 0.978871 0.099756
vn -0.068560 0.984355 0.162312
vn 0.068560 -0.984355 0.162312
vn 0.178492 -0.978871 0.099756
vn 0.219875 -0.975528 0.000000
vn 0.178492 -0.978871 -0.099756
vn 0.068560 -0.984355 -0.162312
vn -0.068560 -0.984355 -0.162312
vn -0.178492 -0.978871 -0.099756
vn -0.219875 -0.975528 -0.000000
vn -0.178492 -0.978871 0.099756
vn -0.068560 -0.984355 0.162312
vn 0.216143 -0.831526 0.511709
vn 0.536699 -0.788660 0.299950
vn 0.643717 -0.765264 0.000000
vn 0.536699 -0.788660 -0.299950
vn 0.216143 -0.831526 -0.511709
vn -0.216143 -0.831526 -0.511709
vn -0.536699 -0.788660 -0.299950
vn -0.643717 -0.765264 -0.000000
vn -0.536699 -0.788660 0.299950
vn -0.216143 -0.831526 0.511709
vn 0.361140 -0.372273 0.854980
vn 0.825523 -0.325043 0.461367
vn 0.952826 -0.303517 0.000000
vn 0.825523 -0.325043 -0.461367
vn 0.361140 -0.372273 -0.854980
vn -0.361140 -0.372273 -0.854980
vn -0.825523 -0.325043 -0.461367
vn -0.952826 -0.303517 0.000000
vn -0.825523 -0.325043 0.461367
vn -0.361140 -0.372273 0.854980
vn 0.361140 0.372273 0.854980
vn 0.825523 0.325043 0.461367
vn 0.952826 0.303517 0.000000
vn 0.825523 0.325043 -0.461367
vn 0.361140 0.372273 -0.854980
vn -0.361140 0.372273 -0.854980
vn -0.825523 0.325043 -0.461367
vn -0.952826 0.303517 0.000000
vn -0.825523 0.325043 0.461367
vn -0.361140 0.372273 0.854980
vn 0.216143 0.831526 0.511709
vn 0.536699 0.788660 0.299950
vn 0.643717 0.765264 0.000000
vn 0.536699 0.788660 -0.299950
vn 0.216143 0.831526 -0.511709
vn -0.216143 0.831526 -0.511709
vn -0.536699 0.788660 -0.299950
vn -0.643717 0.765264 -0.000000
vn -0.536699 0.788660 0.299950
vn -0.216143 0.831526 0.511709
vn 0.068560 0.984355 0.162312
vn 0.178492 0.978871 0.099756
vn 0.219875 0.975528 0.000000
vn 0.178492 0.978871 -0.099756
vn 0.068560 0.984355 -0.162312
vn -0.068560 0.984355 -0.162312
vn -0.178492 0.978871 -0.099756
vn -0.219875 0.975528 -0.000000
vn -0.178492 0.978871 0.099756
vn -0.068560 0.984355 0.162312
vn 0.068560 -0.984355 0.162312
vn 0.178492 -0.978871 0.099756
vn 0.219875 -0.975528 0.000000
vn 0.178492 -0.978871 -0.099756
vn 0.068560 -0.984355 -0.162312
vn -0.068560 -0.984355 -0.162312
vn -0.178492 -0.978871 -0.099756
vn -0.219875 -0.975528 0.000000
vn -0.178492 -0.978871 0.099756
vn -0.068560 -0.984355 0.162312
vn 0.216143 -0.831526 0.511709
vn 0.536699 -0.788660 0.299950
vn 0.643717 -0.765264 0.000000
vn 0.536699 -0.788660 -0.299950
vn 0.216143 -0.831526 -0.511709
vn -0.216143 -0.831526 -0.511709
vn -0.536699 -0.788660 -0.299950
vn -0.643717 -0.765264 0.000000
vn -0.536699 -0.788660 0.299950
vn -0.216143 -0.831526 0.511709
vn 0.361140 -0.372273 0.854980
vn 0.825523 -0.325043 0.461367
vn 0.952826 -0.303517 0.000000
vn 0.825523 -0.325043 -0.461367
vn 0.361140 -0.372273 -0.854980
vn -0.361140 -0.372273 -0.854980
vn -0.825523 -0.325043 -0.461367
vn -0.952826 -0.303517 0.000000
vn -0.825523 -0.325043 0.461367
vn -0.361140 -0.372273 0.854980
vn 0.361140 0.372273 0.854980
vn 0.825523 0.325043 0.461367
vn 0.952826 0.303517 0.000000
vn 0.825523 0.325043 -0.461367
vn 0.361140 0.372273 -0.854980
vn -0.361140 0.372273 -0.854980
vn -0.825523 0.325043 -0.461367
vn -0.952826 0.303517 -0.000000
vn -0.825523 0.325043 0.461367
vn -0.361140 0.372273 0.854980
vn 0.216143 0.831526 0.511709
vn 0.536699 0.788660 0.299950
vn 0.643717 0.765264 0.000000
vn 0.536699 0.788660 -0.299950
vn 0.216143 0.831526 -0.511709
vn -0.216143 0.831526 -0.511709
vn -0.536699 0.788660 -0.299950
vn -0.643717 0.765264 -0.000000
vn -0.536699 0.788660 0.299950
vn -0.216143 0.831526 0.511709
vn 0.068560 0.984355 0.162312
vn 0.178492 0.978871 0.099756
vn 0.219875 0.975528 0.000000
vn 0.178492 0.978871 -0.099756
vn 0.068560 0.984355 -0.162312
vn -0.068560 0.984355 -0.162312
vn -0.178492 0.978871 -0.099756
vn -0.219875 0.975528 0.000000
vn -0.178492 0.978871 0.099756
vn -0.068560 0.984355 0.162312
vn 0.068560 -0.984355 0.162312
vn 0.178492 -0.978871 0.099756
vn 0.219875 -0.975528 0.000000
vn 0.178492 -0.978871 -0.099756
vn 0.068560 -0.984355 -0.162312
vn -0.068560 -0.984355 -0.162312
vn -0.178492 -0.978871 -0.099756
vn -0.219875 -0.975528 0.000000
vn -0.178492 -0.978871 0.099756
vn -0.068560 -0.984355 0.162312
vn 0.216143 -0.831526 0.511709
vn 0.536699 -0.788660 0.299950
vn 0.643717 -0.765264 0.000000
vn 0.536699 -0.788660 -0.299950
vn 0.216143 -0.831526 -0.511709
vn -0.216143 -0.831526 -0.511709
vn -0.536699 -0.788660 -0.299950
vn -0.643717 -0.765264 0.000000
vn -0.536699 -0.788660 0.299950
vn -0.216143 -0.831526 0.511709
vn 0.361140 -0.372273 0.854980
vn 0.825523 -0.325043 0.461367
vn 0.952826 -0.303517 0.000000
vn 0.825523 -0.325043 -0.461367
vn 0.361140 -0.372273 -0.854980
vn -0.361140 -0.372273 -0.854980
vn -0.825523 -0.325043 -0.461367
vn -0.952826 -0.303517 0.000000
vn -0.825523 -0.325043 0.461367
vn -0.361140 -0.372273 0.854980
vn 0.361140 0.372273 0.854980
vn 0.825523 0.325043 0.461367
vn 0.952826 0.303517 0.000000
vn 0.825523 0.325043 -0.461367
vn 0.361140 0.372273 -0.854980
vn -0.361140 0.372273 -0.854980
vn -0.825523 0.325043 -0.461367
vn -0.952826 0.303517 0.000000
vn -0.825523 0.325043 0.461367
vn -0.361140 0.372273 0.854980
vn 0.216143 0.831526 0.511709
vn 0.536699 0.788660 0.299950
vn 0.643717 0.765264 0.000000
vn 0.536699 0.788660 -0.299950
vn 0.216143 0.831526 -0.511709
vn -0.216143 0.831526 -0.511709
vn -0.536699 0.788660 -0.299950
vn -0.643717 0.765264 0.000000
vn -0.536699 0.788660 0.299950
vn -0.216143 0.831526 0.511709
vn 0.068560 0.984355 0.162312
vn 0.178492 0.978871 0.099756
vn 0.219875 0.975528 0.000000
vn 0.178492 0.978871 -0.099756
vn 0.068560 0.984355 -0.162312
vn -0.068560 0.984355 -0.162312
vn -0.178492 0.978871 -0.099756
vn -0.219875 0.975528 0.000000
vn -0.178492 0.978871 0.099756
vn -0.068560 0.984355 0.162312
f 1/1/1 2/2/1 3/3/1
f 1/1/2 4/4/2 2/2/2
f 1/1/3 5/5/3 4/4/3
f 1/1/4 6/6/4 5/5/4
f 1/1/5 7/7/5 6/6/5
f 1/1/6 8/8/6 7/7/6
f 1/1/7 9/9/7 8/8/7
f 1/1/8 10/10/8 9/9/8
f 1/1/9 11/11/9 10/10/9
f 1/1/10 12/12/10 11/11/10
f 1/1/11 13/13/11 12/12/11
f 1/1/12 14/14/12 13/13/12
f 1/1/13 15/15/13 14/14/13
f 1/1/14 3/3/14 15/15/14
f 3/3/15 2/2/15 16/16/15
f 3/3/15 16/16/15 17/17/15
f 2/2/16 4/4/16 18/18/16
f 2/2/16 18/18/16 16/16/16
f 4/4/17 5/5/17 19/19/17
f 4/4/17 19/19/17 18/18/17
f 5/5/18 6/6/18 20/20/18
f 5/5/18 20/20/18 19/19/18
f 6/6/19 7/7/19 21/21/19
f 6/6/19 21/21/19 20/20/19
f 7/7/20 8/8/20 22/22/20
f 7/7/20 22/22/20 21/21/20
f 8/8/21 9/9/21 23/23/21
f 8/8/21 23/23/21 22/22/21
f 9/9/22 10/10/22 24/24/22
f 9/9/22 24/24/22 23/23/22
f 10/10/23 11/11/23 25/25/23
f 10/10/23 25/25/23 24/24/23
f 11/11/24 12/12/24 26/26/24
f 11/11/24 26/26/24 25/25/24
f 12/12/25 13/13/25 27/27/25
f 12/12/25 27/27/25 26/26/25
f 13/13/26 14/14/26 28/28/26
f 13/13/26 28/28/26 27/27/26
f 14/14/27 15/15/27 29/29/27
f 14/14/27 29/29/27 28/28/27
f 15/15/28 3/3/28 17/17/28
f 15/15/28 17/17/28 29/29/28
f 17/17/29 16/16/29 30/30/29
f 17/17/29 30/30/29 31/31/29
f 16/16/30 18/18/30 32/32/30
f 16/16/30 32/32/30 30/30/30
f 18/18/31 19/19/31 33/33/31
f 18/18/31 33/33/31 32/32/31
f 19/19/32 20/20/32 34/34/32
f 19/19/32 34/34/32 33/33/32
f 20/20/33 21/21/33 35/35/33
f 20/20/33 35/35/33 34/34/33
f 21/21/34 22/22/34 36/36/34
f 21/21/34 36/36/34 35/35/34
f 22/22/35 23/23/35 37/37/35
f 22/22/35 37/37/35 36/36/35
f 23/23/36 24/24/36 38/38/36
f 23/23/36 38/38/36 37/37/36
f 24/24/37 25/25/37 39/39/37
f 24/24/37 39/39/37 38/38/37
f 25/25/38 26/26/38 40/40/38
f 25/25/38 40/40/38 39/39/38
f 26/26/39 27/27/39 41/41/39
f 26/26/39 41/41/39 40/40/39
f 27/27/40 28/28/40 42/42/40
f 27/27/40 42/42/40 41/41/40
f 28/28/41 29/29/41 43/43/41
f 28/28/41 43/43/41 42/42/41
f 29/29/42 17/17/42 31/31/42
f 29/29/42 31/31/42 43/43/42
f 31/31/43 30/30/43 44/44/43
f 31/31/43 44/44/43 45/45/43
f 30/46/44 32/47/44 46/48/44
f 30/46/44 46/48/44 44/49/44
f 32/47/45 33/50/45 47/51/45
f 32/47/45 47/51/45 46/48/45
f 33/50/46 34/52/46 48/53/46
f 33/50/46 48/53/46 47/51/46
f 34/52/47 35/54/47 49/55/47
f 34/52/47 49/55/47 48/53/47
f 35/54/48 36/56/48 50/57/48
f 35/54/48 50/57/48 49/55/48
f 36/36/49 37/37/49 51/58/49
f 36/36/49 51/58/49 50/59/49
f 37/37/50 38/38/50 52/60/50
f 37/37/50 52/60/50 51/58/50
f 38/56/51 39/54/51 53/55/51
f 38/56/51 53/55/51 52/57/51
f 39/54/52 40/52/52 54/53/52
f 39/54/52 54/53/52 53/55/52
f 40/52/53 41/50/53 55/51/53
f 40/52/53 55/51/53 54/53/53
f 41/50/54 42/47/54 56/48/54
f 41/50/54 56/48/54 55/51/54
f 42/47/55 43/46/55 57/49/55
f 42/47/55 57/49/55 56/48/55
f 43/43/56 31/31/56 45/45/56
f 43/43/56 45/45/56 57/61/56
f 45/45/57 44/44/57 58/30/57
f 45/45/57 58/30/57 59/31/57
f 44/49/58 46/48/58 60/62/58
f 44/49/58 60/62/58 58/63/58
f 46/48/59 47/51/59 61/64/59
f 46/48/59 61/64/59 60/62/59
f 47/51/60 48/53/60 62/65/60
f 47/51/60 62/65/60 61/64/60
f 48/53/61 49/55/61 63/66/61
f 48/53/61 63/66/61 62/65/61
f 49/55/62 50/57/62 64/67/62
f 49/55/62 64/67/62 63/66/62
f 50/59/63 51/58/63 65/37/63
f 50/59/63 65/37/63 64/36/63
f 51/58/64 52/60/64 66/38/64
f 51/58/64 66/38/64 65/37/64
f 52/57/65 53/55/65 67/66/65
f 52/57/65 67/66/65 66/67/65
f 53/55/66 54/53/66 68/65/66
f 53/55/66 68/65/66 67/66/66
f 54/53/67 55/51/67 69/64/67
f 54/53/67 69/64/67 68/65/67
f 55/51/68 56/48/68 70/62/68
f 55/51/68 70/62/68 69/64/68
f 56/48/69 57/49/69 71/63/69
f 56/48/69 71/63/69 70/62/69
f 57/61/70 45/45/70 59/31/70
f 57/61/70 59/31/70 71/43/70
f 59/31/71 58/30/71 72/16/71
f 59/31/71 72/16/71 73/17/71
f 58/30/72 60/32/72 74/18/72
f 58/30/72 74/18/72 72/16/72
f 60/32/73 61/33/73 75/19/73
f 60/32/73 75/19/73 74/18/73
f 61/33/74 62/34/74 76/20/74
f 61/33/74 76/20/74 75/19/74
f 62/34/75 63/35/75 77/21/75
f 62/34/75 77/21/75 76/20/75
f 63/35/76 64/36/76 78/22/76
f 63/35/76 78/22/76 77/21/76
f 64/36/77 65/37/77 79/23/77
f 64/36/77 79/23/77 78/22/77
f 65/37/78 66/38/78 80/24/78
f 65/37/78 80/24/78 79/23/78
f 66/38/79 67/39/79 81/25/79
f 66/38/79 81/25/79 80/24/79
f 67/39/80 68/40/80 82/26/80
f 67/39/80 82/26/80 81/25/80
f 68/40/81 69/41/81 83/27/81
f 68/40/81 83/27/81 82/26/81
f 69/41/82 70/42/82 84/28/82
f 69/41/82 84/28/82 83/27/82
f 70/42/83 71/43/83 85/29/83
f 70/42/83 85/29/83 84/28/83
f 71/43/84 59/31/84 73/17/84
f 71/43/84 73/17/84 85/29/84
f 73/17/85 72/16/85 86/2/85
f 73/17/85 86/2/85 87/3/85
f 72/16/86 74/18/86 88/4/86
f 72/16/86 88/4/86 86/2/86
f 74/18/87 75/19/87 89/5/87
f 74/18/87 89/5/87 88/4/87
f 75/19/88 76/20/88 90/6/88
f 75/19/88 90/6/88 89/5/88
f 76/20/89 77/21/89 91/7/89
f 76/20/89 91/7/89 90/6/89
f 77/21/90 78/22/90 92/8/90
f 77/21/90 92/8/90 91/7/90
f 78/22/91 79/23/91 93/9/91
f 78/22/91 93/9/91 92/8/91
f 79/23/92 80/24/92 94/10/92
f 79/23/92 94/10/92 93/9/92
f 80/24/93 81/25/93 95/11/93
f 80/24/93 95/11/93 94/10/93
f 81/25/94 82/26/94 96/12/94
f 81/25/94 96/12/94 95/11/94
f 82/26/95 83/27/95 97/13/95
f 82/26/95 97/13/95 96/12/95
f 83/27/96 84/28/96 98/14/96
f 83/27/96 98/14/96 97/13/96
f 84/28/97 85/29/97 99/15/97
f 84/28/97 99/15/97 98/14/97
f 85/29/98 73/17/98 87/3/98
f 85/29/98 87/3/98 99/15/98
f 87/3/99 86/2/99 100/1/99
f 86/2/100 88/4/100 100/1/100
f 88/4/101 89/5/101 100/1/101
f 89/5/102 90/6/102 100/1/102
f 90/6/103 91/7/103 100/1/103
f 91/7/104 92/8/104 100/1/104
f 92/8/105 93/9/105 100/1/105
f 93/9/106 94/10/106 100/1/106
f 94/10/107 95/11/107 100/1/107
f 95/11/108 96/12/108 100/1/108
f 96/12/109 97/13/109 100/1/109
f 97/13/110 98/14/110 100/1/110
f 98/14/111 99/15/111 100/1/111
f 99/15/112 87/3/112 100/1/112
f 101/68/113 102/69/113 103/70/113
f 101/68/114 104/71/114 102/69/114
f 101/68/115 105/72/115 104/71/115
f 101/68/116 106/73/116 105/72/116
f 101/68/117 107/74/117 106/73/117
f 101/68/118 108/75/118 107/74/118
f 101/68/119 109/76/119 108/75/119
f 101/68/120 110/77/120 109/76/120
f 101/68/121 111/78/121 110/77/121
f 101/68/122 103/70/122 111/78/122
f 103/70/123 102/69/123 112/79/123
f 103/70/123 112/79/123 113/80/123
f 102/69/124 104/71/124 114/81/124
f 102/69/124 114/81/124 112/79/124
f 104/82/125 105/83/125 115/84/125
f 104/82/125 115/84/125 114/85/125
f 105/72/126 106/73/126 116/86/126
f 105/72/126 116/86/126 115/87/126
f 106/73/127 107/74/127 117/88/127
f 106/73/127 117/88/127 116/86/127
f 107/74/128 108/75/128 118/89/128
f 107/74/128 118/89/128 117/88/128
f 108/75/129 109/76/129 119/90/129
f 108/75/129 119/90/129 118/89/129
f 109/91/130 110/92/130 120/93/130
f 109/91/130 120/93/130 119/94/130
f 110/77/131 111/78/131 121/95/131
f 110/77/131 121/95/131 120/96/131
f 111/78/132 103/70/132 113/80/132
f 111/78/132 113/80/132 121/95/132
f 113/97/133 112/98/133 122/99/133
f 113/97/133 122/99/133 123/100/133
f 112/101/134 114/85/134 124/102/134
f 112/101/134 124/102/134 122/103/134
f 114/85/135 115/84/135 125/104/135
f 114/85/135 125/104/135 124/102/135
f 115/84/136 116/105/136 126/106/136
f 115/84/136 126/106/136 125/104/136
f 116/107/137 117/108/137 127/109/137
f 116/107/137 127/109/137 126/110/137
f 117/108/138 118/111/138 128/112/138
f 117/108/138 128/112/138 127/109/138
f 118/113/139 119/94/139 129/114/139
f 118/113/139 129/114/139 128/115/139
f 119/94/140 120/93/140 130/116/140
f 119/94/140 130/116/140 129/114/140
f 120/93/141 121/117/141 131/118/141
f 120/93/141 131/118/141 130/116/141
f 121/119/142 113/97/142 123/100/142
f 121/119/142 123/100/142 131/120/142
f 123/80/143 122/79/143 132/69/143
f 123/80/143 132/69/143 133/70/143
f 122/79/144 124/81/144 134/71/144
f 122/79/144 134/71/144 132/69/144
f 124/102/145 125/104/145 135/121/145
f 124/102/145 135/121/145 134/122/145
f 125/87/146 126/86/146 136/73/146
f 125/87/146 136/73/146 135/72/146
f 126/86/147 127/88/147 137/74/147
f 126/86/147 137/74/147 136/73/147
f 127/88/148 128/89/148 138/75/148
f 127/88/148 138/75/148 137/74/148
f 128/89/149 129/90/149 139/76/149
f 128/89/149 139/76/149 138/75/149
f 129/114/150 130/116/150 140/123/150
f 129/114/150 140/123/150 139/124/150
f 130/96/151 131/95/151 141/78/151
f 130/96/151 141/78/151 140/77/151
f 131/95/152 123/80/152 133/70/152
f 131/95/152 133/70/152 141/78/152
f 133/70/153 132/69/153 142/68/153
f 132/69/154 134/71/154 142/68/154
f 134/71/155 135/72/155 142/68/155
f 135/72/156 136/73/156 142/68/156
f 136/73/157 137/74/157 142/68/157
f 137/74/158 138/75/158 142/68/158
f 138/75/159 139/76/159 142/68/159
f 139/76/160 140/77/160 142/68/160
f 140/77/161 141/78/161 142/68/161
f 141/78/162 133/70/162 142/68/162
f 143/125/163 144/126/163 145/127/163
f 143/125/163 145/127/163 146/128/163
f 144/126/164 147/129/164 148/130/164
f 144/126/164 148/130/164 145/127/164
f 147/131/165 149/132/165 150/133/165
f 147/131/165 150/133/165 148/134/165
f 149/135/166 151/136/166 152/137/166
f 149/135/166 152/137/166 150/138/166
f 151/136/167 153/139/167 154/140/167
f 151/136/167 154/140/167 152/137/167
f 153/141/168 143/142/168 146/143/168
f 153/141/168 146/143/168 154/144/168
f 146/145/169 145/146/169 155/147/169
f 145/146/170 148/148/170 155/147/170
f 148/148/171 150/149/171 155/147/171
f 150/149/172 152/150/172 155/147/172
f 152/150/173 154/151/173 155/147/173
f 154/151/174 146/145/174 155/147/174
f 156/152/175 157/153/175 158/154/175
f 156/152/175 158/154/175 159/155/175
f 157/156/176 160/157/176 161/158/176
f 157/156/176 161/158/176 158/159/176
f 160/157/177 162/160/177 163/161/177
f 160/157/177 163/161/177 161/158/177
f 162/162/178 164/163/178 165/164/178
f 162/162/178 165/164/178 163/165/178
f 164/166/179 166/167/179 167/168/179
f 164/166/179 167/168/179 165/169/179
f 166/167/180 156/170/180 159/171/180
f 166/167/180 159/171/180 167/168/180
f 159/172/181 158/159/181 168/173/181
f 158/159/182 161/158/182 168/173/182
f 161/158/183 163/161/183 168/173/183
f 163/161/184 165/174/184 168/173/184
f 165/169/185 167/168/185 168/175/185
f 167/168/186 159/171/186 168/175/186
f 169/176/187 170/177/187 171/178/187
f 169/176/187 171/178/187 172/179/187
f 170/180/188 173/181/188 174/182/188
f 170/180/188 174/182/188 171/183/188
f 173/181/189 175/184/189 176/185/189
f 173/181/189 176/185/189 174/182/189
f 175/186/190 177/187/190 178/188/190
f 175/186/190 178/188/190 176/189/190
f 177/190/191 179/191/191 180/192/191
f 177/190/191 180/192/191 178/193/191
f 179/191/192 169/194/192 172/195/192
f 179/191/192 172/195/192 180/192/192
f 172/196/193 171/183/193 181/197/193
f 171/183/194 174/182/194 181/197/194
f 174/182/195 176/185/195 181/197/195
f 176/185/196 178/198/196 181/197/196
f 178/193/197 180/192/197 181/199/197
f 180/192/198 172/195/198 181/199/198
f 182/200/199 183/201/199 184/202/199
f 182/200/200 185/203/200 183/201/200
f 182/200/201 186/204/201 185/203/201
f 182/200/202 187/205/202 186/204/202
f 182/200/203 188/206/203 187/205/203
f 182/200/204 189/207/204 188/206/204
f 182/200/205 190/208/205 189/207/205
f 182/200/206 191/209/206 190/208/206
f 182/200/207 192/210/207 191/209/207
f 182/200/208 184/202/208 192/210/208
f 184/202/209 183/201/209 193/211/209
f 184/202/209 193/211/209 194/212/209
f 183/201/210 185/203/210 195/213/210
f 183/201/210 195/213/210 193/211/210
f 185/214/211 186/215/211 196/216/211
f 185/214/211 196/216/211 195/217/211
f 186/204/212 187/205/212 197/218/212
f 186/204/212 197/218/212 196/219/212
f 187/205/213 188/206/213 198/220/213
f 187/205/213 198/220/213 197/218/213
f 188/206/214 189/207/214 199/221/214
f 188/206/214 199/221/214 198/220/214
f 189/207/215 190/208/215 200/222/215
f 189/207/215 200/222/215 199/221/215
f 190/223/216 191/224/216 201/225/216
f 190/223/216 201/225/216 200/226/216
f 191/209/217 192/210/217 202/227/217
f 191/209/217 202/227/217 201/228/217
f 192/210/218 184/202/218 194/212/218
f 192/210/218 194/212/218 202/227/218
f 194/229/219 193/230/219 203/231/219
f 194/229/219 203/231/219 204/232/219
f 193/233/220 195/217/220 205/234/220
f 193/233/220 205/234/220 203/235/220
f 195/217/221 196/216/221 206/236/221
f 195/217/221 206/236/221 205/234/221
f 196/216/222 197/237/222 207/238/222
f 196/216/222 207/238/222 206/236/222
f 197/239/223 198/240/223 208/241/223
f 197/239/223 208/241/223 207/242/223
f 198/240/224 199/243/224 209/244/224
f 198/240/224 209/244/224 208/241/224
f 199/245/225 200/226/225 210/246/225
f 199/245/225 210/246/225 209/247/225
f 200/226/226 201/225/226 211/248/226
f 200/226/226 211/248/226 210/246/226
f 201/225/227 202/249/227 212/250/227
f 201/225/227 212/250/227 211/248/227
f 202/251/228 194/229/228 204/232/228
f 202/251/228 204/232/228 212/252/228
f 204/212/229 203/211/229 213/201/229
f 204/212/229 213/201/229 214/202/229
f 203/211/230 205/213/230 215/203/230
f 203/211/230 215/203/230 213/201/230
f 205/234/231 206/236/231 216/253/231
f 205/234/231 216/253/231 215/254/231
f 206/219/232 207/218/232 217/205/232
f 206/219/232 217/205/232 216/204/232
f 207/218/233 208/220/233 218/206/233
f 207/218/233 218/206/233 217/205/233
f 208/220/234 209/221/234 219/207/234
f 208/220/234 219/207/234 218/206/234
f 209/221/235 210/222/235 220/208/235
f 209/221/235 220/208/235 219/207/235
f 210/246/236 211/248/236 221/255/236
f 210/246/236 221/255/236 220/256/236
f 211/228/237 212/227/237 222/210/237
f 211/228/237 222/210/237 221/209/237
f 212/227/238 204/212/238 214/202/238
f 212/227/238 214/202/238 222/210/238
f 214/202/239 213/201/239 223/200/239
f 213/201/240 215/203/240 223/200/240
f 215/203/241 216/204/241 223/200/241
f 216/204/242 217/205/242 223/200/242
f 217/205/243 218/206/243 223/200/243
f 218/206/244 219/207/244 223/200/244
f 219/207/245 220/208/245 223/200/245
f 220/208/246 221/209/246 223/200/246
f 221/209/247 222/210/247 223/200/247
f 222/210/248 214/202/248 223/200/248
f 224/257/249 225/258/249 226/259/249
f 224/257/249 226/259/249 227/260/249
f 225/261/250 228/262/250 229/263/250
f 225/261/250 229/263/250 226/264/250
f 228/265/251 230/266/251 231/267/251
f 228/265/251 231/267/251 229/268/251
f 230/266/252 232/269/252 233/270/252
f 230/266/252 233/270/252 231/267/252
f 232/271/253 234/272/253 235/273/253
f 232/271/253 235/273/253 233/274/253
f 234/275/254 224/257/254 227/260/254
f 234/275/254 227/260/254 235/276/254
f 227/260/255 226/259/255 236/277/255
f 226/278/256 229/268/256 236/279/256
f 229/268/257 231/267/257 236/279/257
f 231/267/258 233/270/258 236/279/258
f 233/270/259 235/280/259 236/279/259
f 235/276/260 227/260/260 236/277/260
f 237/281/261 238/282/261 239/283/261
f 237/281/261 239/283/261 240/284/261
f 238/285/262 241/286/262 242/287/262
f 238/285/262 242/287/262 239/288/262
f 241/286/263 243/289/263 244/290/263
f 241/286/263 244/290/263 242/287/263
f 243/291/264 245/292/264 246/293/264
f 243/291/264 246/293/264 244/294/264
f 245/295/265 247/296/265 248/297/265
f 245/295/265 248/297/265 246/298/265
f 247/296/266 237/299/266 240/300/266
f 247/296/266 240/300/266 248/297/266
f 240/284/267 239/283/267 249/301/267
f 239/302/268 242/303/268 249/304/268
f 242/303/269 244/305/269 249/304/269
f 244/305/270 246/306/270 249/304/270
f 246/306/271 248/307/271 249/304/271
f 248/307/272 240/308/272 249/304/272
f 250/309/273 251/310/273 252/311/273
f 250/309/273 252/311/273 253/312/273
f 251/313/274 254/314/274 255/315/274
f 251/313/274 255/315/274 252/316/274
f 254/314/275 256/317/275 257/318/275
f 254/314/275 257/318/275 255/315/275
f 256/319/276 258/320/276 259/321/276
f 256/319/276 259/321/276 257/322/276
f 258/323/277 260/324/277 261/325/277
f 258/323/277 261/325/277 259/326/277
f 260/324/278 250/327/278 253/328/278
f 260/324/278 253/328/278 261/325/278
f 253/329/279 252/330/279 262/331/279
f 252/330/280 255/332/280 262/331/280
f 255/332/281 257/333/281 262/331/281
f 257/333/282 259/334/282 262/331/282
f 259/334/283 261/335/283 262/331/283
f 261/335/284 253/329/284 262/331/284
f 263/336/285 264/337/285 265/338/285
f 263/336/286 266/339/286 264/337/286
f 263/336/287 267/340/287 266/339/287
f 263/336/288 268/341/288 267/340/288
f 263/336/289 269/342/289 268/341/289
f 263/336/290 270/343/290 269/342/290
f 263/336/291 271/344/291 270/343/291
f 263/336/292 272/345/292 271/344/292
f 263/336/293 273/346/293 272/345/293
f 263/336/294 265/338/294 273/346/294
f 265/347/295 264/348/295 274/349/295
f 265/347/295 274/349/295 275/350/295
f 264/337/296 266/339/296 276/351/296
f 264/337/296 276/351/296 274/352/296
f 266/353/297 267/354/297 277/355/297
f 266/353/297 277/355/297 276/356/297
f 267/354/298 268/357/298 278/358/298
f 267/354/298 278/358/298 277/355/298
f 268/341/299 269/342/299 279/359/299
f 268/341/299 279/359/299 278/360/299
f 269/361/300 270/362/300 280/363/300
f 269/361/300 280/363/300 279/364/300
f 270/343/301 271/344/301 281/365/301
f 270/343/301 281/365/301 280/366/301
f 271/367/302 272/368/302 282/369/302
f 271/367/302 282/369/302 281/370/302
f 272/368/303 273/371/303 283/372/303
f 272/368/303 283/372/303 282/369/303
f 273/346/304 265/338/304 275/373/304
f 273/346/304 275/373/304 283/374/304
f 275/350/305 274/349/305 284/375/305
f 275/350/305 284/375/305 285/376/305
f 274/377/306 276/356/306 286/378/306
f 274/377/306 286/378/306 284/379/306
f 276/356/307 277/355/307 287/380/307
f 276/356/307 287/380/307 286/378/307
f 277/355/308 278/358/308 288/381/308
f 277/355/308 288/381/308 287/380/308
f 278/382/309 279/364/309 289/383/309
f 278/382/309 289/383/309 288/384/309
f 279/364/310 280/363/310 290/385/310
f 279/364/310 290/385/310 289/383/310
f 280/386/311 281/370/311 291/387/311
f 280/386/311 291/387/311 290/388/311
f 281/370/312 282/369/312 292/389/312
f 281/370/312 292/389/312 291/387/312
f 282/369/313 283/372/313 293/390/313
f 282/369/313 293/390/313 292/389/313
f 283/391/314 275/350/314 285/376/314
f 283/391/314 285/376/314 293/392/314
f 285/376/315 284/375/315 294/393/315
f 285/376/315 294/393/315 295/394/315
f 284/352/316 286/351/316 296/339/316
f 284/352/316 296/339/316 294/337/316
f 286/378/317 287/380/317 297/395/317
f 286/378/317 297/395/317 296/396/317
f 287/380/318 288/381/318 298/397/318
f 287/380/318 298/397/318 297/395/318
f 288/360/319 289/359/319 299/342/319
f 288/360/319 299/342/319 298/341/319
f 289/383/320 290/385/320 300/398/320
f 289/383/320 300/398/320 299/399/320
f 290/366/321 291/365/321 301/344/321
f 290/366/321 301/344/321 300/343/321
f 291/387/322 292/389/322 302/400/322
f 291/387/322 302/400/322 301/401/322
f 292/389/323 293/390/323 303/402/323
f 292/389/323 303/402/323 302/400/323
f 293/374/324 285/373/324 295/338/324
f 293/374/324 295/338/324 303/346/324
f 295/338/325 294/337/325 304/336/325
f 294/337/326 296/339/326 304/336/326
f 296/339/327 297/340/327 304/336/327
f 297/340/328 298/341/328 304/336/328
f 298/341/329 299/342/329 304/336/329
f 299/342/330 300/343/330 304/336/330
f 300/343/331 301/344/331 304/336/331
f 301/344/332 302/345/332 304/336/332
f 302/345/333 303/346/333 304/336/333
f 303/346/334 295/338/334 304/336/334
f 305/403/335 306/404/335 307/405/335
f 305/403/335 307/405/335 308/406/335
f 306/407/336 309/408/336 310/409/336
f 306/407/336 310/409/336 307/410/336
f 309/411/337 311/412/337 312/413/337
f 309/411/337 312/413/337 310/414/337
f 311/412/338 313/415/338 314/416/338
f 311/412/338 314/416/338 312/413/338
f 313/417/339 315/418/339 316/419/339
f 313/417/339 316/419/339 314/420/339
f 315/418/340 305/421/340 308/422/340
f 315/418/340 308/422/340 316/419/340
f 308/423/341 307/410/341 317/424/341
f 307/410/342 310/409/342 317/424/342
f 310/409/343 312/425/343 317/424/343
f 312/425/344 314/426/344 317/424/344
f 314/420/345 316/419/345 317/427/345
f 316/419/346 308/422/346 317/427/346
f 318/428/347 319/429/347 320/430/347
f 318/428/347 320/430/347 321/431/347
f 319/429/348 322/432/348 323/433/348
f 319/429/348 323/433/348 320/430/348
f 322/434/349 324/435/349 325/436/349
f 322/434/349 325/436/349 323/437/349
f 324/438/350 326/439/350 327/440/350
f 324/438/350 327/440/350 325/441/350
f 326/439/351 328/442/351 329/443/351
f 326/439/351 329/443/351 327/440/351
f 328/444/352 318/445/352 321/446/352
f 328/444/352 321/446/352 329/447/352
f 321/448/353 320/449/353 330/450/353
f 320/449/354 323/451/354 330/450/354
f 323/451/355 325/452/355 330/450/355
f 325/452/356 327/453/356 330/450/356
f 327/453/357 329/454/357 330/450/357
f 329/454/358 321/448/358 330/450/358
f 331/455/359 332/456/359 333/457/359
f 331/455/359 333/457/359 334/458/359
f 332/459/360 335/460/360 336/461/360
f 332/459/360 336/461/360 333/462/360
f 335/460/361 337/463/361 338/464/361
f 335/460/361 338/464/361 336/461/361
f 337/465/362 339/466/362 340/467/362
f 337/465/362 340/467/362 338/468/362
f 339/469/363 341/470/363 342/471/363
f 339/469/363 342/471/363 340/472/363
f 341/470/364 331/473/364 334/474/364
f 341/470/364 334/474/364 342/471/364
f 334/475/365 333/476/365 343/477/365
f 333/476/366 336/478/366 343/477/366
f 336/478/367 338/479/367 343/477/367
f 338/468/368 340/467/368 343/480/368
f 340/481/369 342/482/369 343/477/369
f 342/482/370 334/475/370 343/477/370
f 344/483/371 345/484/371 346/485/371
f 344/483/372 347/486/372 345/484/372
f 344/483/373 348/487/373 347/486/373
f 344/483/374 349/488/374 348/487/374
f 344/483/375 350/489/375 349/488/375
f 344/483/376 351/490/376 350/489/376
f 344/483/377 352/491/377 351/490/377
f 344/483/378 353/492/378 352/491/378
f 344/483/379 354/493/379 353/492/379
f 344/483/380 346/485/380 354/493/380
f 346/494/381 345/495/381 355/496/381
f 346/494/381 355/496/381 356/497/381
f 345/495/382 347/498/382 357/499/382
f 345/495/382 357/499/382 355/496/382
f 347/500/383 348/501/383 358/502/383
f 347/500/383 358/502/383 357/503/383
f 348/501/384 349/504/384 359/505/384
f 348/501/384 359/505/384 358/502/384
f 349/504/385 350/506/385 360/507/385
f 349/504/385 360/507/385 359/505/385
f 350/508/386 351/509/386 361/510/386
f 350/508/386 361/510/386 360/511/386
f 351/509/387 352/512/387 362/513/387
f 351/509/387 362/513/387 361/510/387
f 352/514/388 353/515/388 363/516/388
f 352/514/388 363/516/388 362/517/388
f 353/515/389 354/518/389 364/519/389
f 353/515/389 364/519/389 363/516/389
f 354/518/390 346/520/390 356/521/390
f 354/518/390 356/521/390 364/519/390
f 356/497/391 355/496/391 365/522/391
f 356/497/391 365/522/391 366/523/391
f 355/496/392 357/499/392 367/524/392
f 355/496/392 367/524/392 365/522/392
f 357/503/393 358/502/393 368/525/393
f 357/503/393 368/525/393 367/526/393
f 358/502/394 359/505/394 369/527/394
f 358/502/394 369/527/394 368/525/394
f 359/505/395 360/507/395 370/528/395
f 359/505/395 370/528/395 369/527/395
f 360/511/396 361/510/396 371/529/396
f 360/511/396 371/529/396 370/530/396
f 361/510/397 362/513/397 372/531/397
f 361/510/397 372/531/397 371/529/397
f 362/517/398 363/516/398 373/532/398
f 362/517/398 373/532/398 372/533/398
f 363/516/399 364/519/399 374/534/399
f 363/516/399 374/534/399 373/532/399
f 364/519/400 356/521/400 366/535/400
f 364/519/400 366/535/400 374/534/400
f 366/523/401 365/522/401 375/536/401
f 366/523/401 375/536/401 376/537/401
f 365/522/402 367/524/402 377/538/402
f 365/522/402 377/538/402 375/536/402
f 367/526/403 368/525/403 378/539/403
f 367/526/403 378/539/403 377/540/403
f 368/525/404 369/527/404 379/541/404
f 368/525/404 379/541/404 378/539/404
f 369/527/405 370/528/405 380/542/405
f 369/527/405 380/542/405 379/541/405
f 370/530/406 371/529/406 381/543/406
f 370/530/406 381/543/406 380/544/406
f 371/529/407 372/531/407 382/545/407
f 371/529/407 382/545/407 381/543/407
f 372/533/408 373/532/408 383/546/408
f 372/533/408 383/546/408 382/547/408
f 373/532/409 374/534/409 384/548/409
f 373/532/409 384/548/409 383/546/409
f 374/534/410 366/535/410 376/549/410
f 374/534/410 376/549/410 384/548/410
f 376/485/411 375/484/411 385/483/411
f 375/484/412 377/486/412 385/483/412
f 377/486/413 378/487/413 385/483/413
f 378/487/414 379/488/414 385/483/414
f 379/488/415 380/489/415 385/483/415
f 380/489/416 381/490/416 385/483/416
f 381/490/417 382/491/417 385/483/417
f 382/491/418 383/492/418 385/483/418
f 383/492/419 384/493/419 385/483/419
f 384/493/420 376/485/420 385/483/420
f 386/550/421 387/551/421 388/552/421
f 386/550/421 388/552/421 389/553/421
f 387/554/422 390/555/422 391/556/422
f 387/554/422 391/556/422 388/557/422
f 390/558/423 392/559/423 393/560/423
f 390/558/423 393/560/423 391/561/423
f 392/559/424 394/562/424 395/563/424
f 392/559/424 395/563/424 393/560/424
f 394/564/425 396/565/425 397/566/425
f 394/564/425 397/566/425 395/567/425
f 396/568/426 386/550/426 389/553/426
f 396/568/426 389/553/426 397/569/426
f 389/570/427 388/571/427 398/572/427
f 388/571/428 391/573/428 398/572/428
f 391/573/429 393/574/429 398/572/429
f 393/574/430 395/575/430 398/572/430
f 395/575/431 397/576/431 398/572/431
f 397/576/432 389/570/432 398/572/432
f 399/577/433 400/578/433 401/579/433
f 399/577/433 401/579/433 402/580/433
f 400/581/434 403/582/434 404/583/434
f 400/581/434 404/583/434 401/584/434
f 403/582/435 405/585/435 406/586/435
f 403/582/435 406/586/435 404/583/435
f 405/587/436 407/588/436 408/589/436
f 405/587/436 408/589/436 406/590/436
f 407/588/437 409/591/437 410/592/437
f 407/588/437 410/592/437 408/589/437
f 409/593/438 399/577/438 402/580/438
f 409/593/438 402/580/438 410/594/438
f 402/580/439 401/579/439 411/595/439
f 401/584/440 404/583/440 411/596/440
f 404/583/441 406/586/441 411/596/441
f 406/590/442 408/589/442 411/597/442
f 408/589/443 410/592/443 411/597/443
f 410/594/444 402/580/444 411/595/444
f 412/598/445 413/599/445 414/600/445
f 412/598/445 414/600/445 415/601/445
f 413/602/446 416/603/446 417/604/446
f 413/602/446 417/604/446 414/605/446
f 416/603/447 418/606/447 419/607/447
f 416/603/447 419/607/447 417/604/447
f 418/608/448 420/609/448 421/610/448
f 418/608/448 421/610/448 419/611/448
f 420/612/449 422/613/449 423/614/449
f 420/612/449 423/614/449 421/615/449
f 422/616/450 412/598/450 415/601/450
f 422/616/450 415/601/450 423/617/450
f 415/601/451 414/600/451 424/618/451
f 414/605/452 417/604/452 424/619/452
f 417/604/453 419/607/453 424/619/453
f 419/620/454 421/615/454 424/621/454
f 421/615/455 423/614/455 424/621/455
f 423/614/456 415/622/456 424/621/456
f 425/623/457 426/624/457 427/625/457
f 425/623/458 428/626/458 426/624/458
f 425/623/459 429/627/459 428/626/459
f 425/623/460 430/628/460 429/627/460
f 425/623/461 431/629/461 430/628/461
f 425/623/462 432/630/462 431/629/462
f 425/623/463 433/631/463 432/630/463
f 425/623/464 434/632/464 433/631/464
f 425/623/465 435/633/465 434/632/465
f 425/623/466 427/625/466 435/633/466
f 427/634/467 426/635/467 436/636/467
f 427/634/467 436/636/467 437/637/467
f 426/635/468 428/638/468 438/639/468
f 426/635/468 438/639/468 436/636/468
f 428/640/469 429/641/469 439/642/469
f 428/640/469 439/642/469 438/643/469
f 429/641/470 430/644/470 440/645/470
f 429/641/470 440/645/470 439/642/470
f 430/628/471 431/629/471 441/646/471
f 430/628/471 441/646/471 440/647/471
f 431/648/472 432/649/472 442/650/472
f 431/648/472 442/650/472 441/651/472
f 432/649/473 433/652/473 443/653/473
f 432/649/473 443/653/473 442/650/473
f 433/654/474 434/655/474 444/656/474
f 433/654/474 444/656/474 443/657/474
f 434/655/475 435/658/475 445/659/475
f 434/655/475 445/659/475 444/656/475
f 435/633/476 427/625/476 437/660/476
f 435/633/476 437/660/476 445/661/476
f 437/637/477 436/636/477 446/662/477
f 437/637/477 446/662/477 447/663/477
f 436/636/478 438/639/478 448/664/478
f 436/636/478 448/664/478 446/662/478
f 438/643/479 439/642/479 449/665/479
f 438/643/479 449/665/479 448/666/479
f 439/642/480 440/645/480 450/667/480
f 439/642/480 450/667/480 449/665/480
f 440/668/481 441/651/481 451/669/481
f 440/668/481 451/669/481 450/670/481
f 441/651/482 442/650/482 452/671/482
f 441/651/482 452/671/482 451/669/482
f 442/650/483 443/653/483 453/672/483
f 442/650/483 453/672/483 452/671/483
f 443/657/484 444/656/484 454/673/484
f 443/657/484 454/673/484 453/674/484
f 444/656/485 445/659/485 455/675/485
f 444/656/485 455/675/485 454/673/485
f 445/676/486 437/637/486 447/663/486
f 445/676/486 447/663/486 455/677/486
f 447/663/487 446/662/487 456/678/487
f 447/663/487 456/678/487 457/679/487
f 446/662/488 448/664/488 458/680/488
f 446/662/488 458/680/488 456/678/488
f 448/666/489 449/665/489 459/681/489
f 448/666/489 459/681/489 458/682/489
f 449/665/490 450/667/490 460/683/490
f 449/665/490 460/683/490 459/681/490
f 450/647/491 451/646/491 461/629/491
f 450/647/491 461/629/491 460/628/491
f 451/669/492 452/671/492 462/684/492
f 451/669/492 462/684/492 461/685/492
f 452/671/493 453/672/493 463/686/493
f 452/671/493 463/686/493 462/684/493
f 453/674/494 454/673/494 464/687/494
f 453/674/494 464/687/494 463/688/494
f 454/673/495 455/675/495 465/689/495
f 454/673/495 465/689/495 464/687/495
f 455/661/496 447/660/496 457/625/496
f 455/661/496 457/625/496 465/633/496
f 457/625/497 456/624/497 466/623/497
f 456/624/498 458/626/498 466/623/498
f 458/626/499 459/627/499 466/623/499
f 459/627/500 460/628/500 466/623/500
f 460/628/501 461/629/501 466/623/501
f 461/629/502 462/630/502 466/623/502
f 462/630/503 463/631/503 466/623/503
f 463/631/504 464/632/504 466/623/504
f 464/632/505 465/633/505 466/623/505
f 465/633/506 457/625/506 466/623/506
f 467/690/507 468/691/507 469/692/507
f 467/690/507 469/692/507 470/693/507
f 468/694/508 471/695/508 472/696/508
f 468/694/508 472/696/508 469/697/508
f 471/695/509 473/698/509 474/699/509
f 471/695/509 474/699/509 472/696/509
f 473/700/510 475/701/510 476/702/510
f 473/700/510 476/702/510 474/703/510
f 475/704/511 477/705/511 478/706/511
f 475/704/511 478/706/511 476/707/511
f 477/708/512 467/709/512 470/710/512
f 477/708/512 470/710/512 478/711/512
f 470/710/513 469/712/513 479/713/513
f 469/712/514 472/714/514 479/713/514
f 472/714/515 474/715/515 479/713/515
f 474/715/516 476/716/516 479/713/516
f 476/716/517 478/711/517 479/713/517
f 478/711/518 470/710/518 479/713/518
f 480/717/519 481/718/519 482/719/519
f 480/717/519 482/719/519 483/720/519
f 481/721/520 484/722/520 485/723/520
f 481/721/520 485/723/520 482/724/520
f 484/725/521 486/726/521 487/727/521
f 484/725/521 487/727/521 485/728/521
f 486/726/522 488/729/522 489/730/522
f 486/726/522 489/730/522 487/727/522
f 488/731/523 490/732/523 491/733/523
f 488/731/523 491/733/523 489/734/523
f 490/735/524 480/717/524 483/720/524
f 490/735/524 483/720/524 491/736/524
f 483/720/525 482/719/525 492/737/525
f 482/719/526 485/738/526 492/737/526
f 485/728/527 487/727/527 492/739/527
f 487/727/528 489/730/528 492/739/528
f 489/740/529 491/736/529 492/737/529
f 491/736/530 483/720/530 492/737/530
f 493/741/531 494/742/531 495/743/531
f 493/741/531 495/743/531 496/744/531
f 494/745/532 497/746/532 498/747/532
f 494/745/532 498/747/532 495/748/532
f 497/749/533 499/750/533 500/751/533
f 497/749/533 500/751/533 498/752/533
f 499/750/534 501/753/534 502/754/534
f 499/750/534 502/754/534 500/751/534
f 501/755/535 503/756/535 504/757/535
f 501/755/535 504/757/535 502/758/535
f 503/759/536 493/741/536 496/744/536
f 503/759/536 496/744/536 504/760/536
f 496/761/537 495/762/537 505/763/537
f 495/762/538 498/764/538 505/763/538
f 498/764/539 500/765/539 505/763/539
f 500/765/540 502/766/540 505/763/540
f 502/766/541 504/767/541 505/763/541
f 504/767/542 496/761/542 505/763/542
f 506/768/543 507/769/543 508/770/543
f 506/768/543 509/771/543 507/769/543
f 506/768/543 510/772/543 509/771/543
f 506/768/543 511/773/543 510/772/543
f 506/768/543 512/774/543 511/773/543
f 506/768/543 508/770/543 512/774/543
f 508/775/544 507/776/544 513/777/544
f 508/775/544 513/777/544 514/778/544
f 507/779/545 509/780/545 515/781/545
f 507/779/545 515/781/545 513/782/545
f 509/783/546 510/784/546 516/785/546
f 509/783/546 516/785/546 515/786/546
f 510/784/547 511/787/547 517/788/547
f 510/784/547 517/788/547 516/785/547
f 511/789/548 512/790/548 518/791/548
f 511/789/548 518/791/548 517/792/548
f 512/793/549 508/775/549 514/778/549
f 512/793/549 514/778/549 518/794/549
f 514/795/550 513/796/550 519/797/550
f 513/796/550 515/798/550 519/797/550
f 515/798/550 516/799/550 519/797/550
f 516/799/550 517/800/550 519/797/550
f 517/800/550 518/801/550 519/797/550
f 518/801/550 514/795/550 519/797/550
f 520/802/551 521/803/551 522/804/551
f 520/802/551 523/805/551 521/803/551
f 520/802/551 524/806/551 523/805/551
f 520/802/551 525/807/551 524/806/551
f 520/802/551 526/808/551 525/807/551
f 520/802/551 522/804/551 526/808/551
f 522/809/552 521/810/552 527/811/552
f 522/809/552 527/811/552 528/812/552
f 521/813/553 523/814/553 529/815/553
f 521/813/553 529/815/553 527/816/553
f 523/817/554 524/818/554 530/819/554
f 523/817/554 530/819/554 529/820/554
f 524/818/555 525/821/555 531/822/555
f 524/818/555 531/822/555 530/819/555
f 525/823/556 526/824/556 532/825/556
f 525/823/556 532/825/556 531/826/556
f 526/827/557 522/809/557 528/812/557
f 526/827/557 528/812/557 532/828/557
f 528/829/558 527/830/558 533/831/558
f 527/830/558 529/832/558 533/831/558
f 529/832/558 530/833/558 533/831/558
f 530/833/558 531/834/558 533/831/558
f 531/834/558 532/835/558 533/831/558
f 532/835/558 528/829/558 533/831/558
f 534/836/559 535/837/559 536/838/559
f 534/836/560 537/839/560 535/837/560
f 534/836/561 538/840/561 537/839/561
f 534/836/562 539/841/562 538/840/562
f 534/836/563 540/842/563 539/841/563
f 534/836/564 541/843/564 540/842/564
f 534/836/565 542/844/565 541/843/565
f 534/836/566 543/845/566 542/844/566
f 534/836/567 544/846/567 543/845/567
f 534/836/568 536/838/568 544/846/568
f 536/838/569 535/837/569 545/847/569
f 536/838/569 545/847/569 546/848/569
f 535/837/570 537/839/570 547/849/570
f 535/837/570 547/849/570 545/847/570
f 537/839/571 538/840/571 548/850/571
f 537/839/571 548/850/571 547/849/571
f 538/840/572 539/841/572 549/851/572
f 538/840/572 549/851/572 548/850/572
f 539/841/573 540/842/573 550/852/573
f 539/841/573 550/852/573 549/851/573
f 540/842/574 541/843/574 551/853/574
f 540/842/574 551/853/574 550/852/574
f 541/843/575 542/844/575 552/854/575
f 541/843/575 552/854/575 551/853/575
f 542/844/576 543/845/576 553/855/576
f 542/844/576 553/855/576 552/854/576
f 543/845/577 544/846/577 554/856/577
f 543/845/577 554/856/577 553/855/577
f 544/846/578 536/838/578 546/848/578
f 544/846/578 546/848/578 554/856/578
f 546/857/579 545/858/579 555/859/579
f 546/857/579 555/859/579 556/860/579
f 545/861/580 547/862/580 557/863/580
f 545/861/580 557/863/580 555/864/580
f 547/862/581 548/865/581 558/866/581
f 547/862/581 558/866/581 557/863/581
f 548/865/582 549/867/582 559/868/582
f 548/865/582 559/868/582 558/866/582
f 549/869/583 550/870/583 560/871/583
f 549/869/583 560/871/583 559/872/583
f 550/870/584 551/873/584 561/874/584
f 550/870/584 561/874/584 560/871/584
f 551/867/585 552/865/585 562/866/585
f 551/867/585 562/866/585 561/868/585
f 552/865/586 553/862/586 563/863/586
f 552/865/586 563/863/586 562/866/586
f 553/862/587 554/861/587 564/864/587
f 553/862/587 564/864/587 563/863/587
f 554/875/588 546/857/588 556/860/588
f 554/875/588 556/860/588 564/876/588
f 556/860/589 555/859/589 565/877/589
f 556/860/589 565/877/589 566/878/589
f 555/864/590 557/863/590 567/879/590
f 555/864/590 567/879/590 565/880/590
f 557/863/591 558/866/591 568/881/591
f 557/863/591 568/881/591 567/879/591
f 558/866/592 559/868/592 569/882/592
f 558/866/592 569/882/592 568/881/592
f 559/872/593 560/871/593 570/883/593
f 559/872/593 570/883/593 569/884/593
f 560/871/594 561/874/594 571/885/594
f 560/871/594 571/885/594 570/883/594
f 561/868/595 562/866/595 572/881/595
f 561/868/595 572/881/595 571/882/595
f 562/866/596 563/863/596 573/879/596
f 562/866/596 573/879/596 572/881/596
f 563/863/597 564/864/597 574/880/597
f 563/863/597 574/880/597 573/879/597
f 564/876/598 556/860/598 566/878/598
f 564/876/598 566/878/598 574/886/598
f 566/848/599 565/847/599 575/837/599
f 566/848/599 575/837/599 576/838/599
f 565/847/600 567/849/600 577/839/600
f 565/847/600 577/839/600 575/837/600
f 567/849/601 568/850/601 578/840/601
f 567/849/601 578/840/601 577/839/601
f 568/850/602 569/851/602 579/841/602
f 568/850/602 579/841/602 578/840/602
f 569/851/603 570/852/603 580/842/603
f 569/851/603 580/842/603 579/841/603
f 570/852/604 571/853/604 581/843/604
f 570/852/604 581/843/604 580/842/604
f 571/853/605 572/854/605 582/844/605
f 571/853/605 582/844/605 581/843/605
f 572/854/606 573/855/606 583/845/606
f 572/854/606 583/845/606 582/844/606
f 573/855/607 574/856/607 584/846/607
f 573/855/607 584/846/607 583/845/607
f 574/856/608 566/848/608 576/838/608
f 574/856/608 576/838/608 584/846/608
f 576/838/609 575/837/609 585/836/609
f 575/837/610 577/839/610 585/836/610
f 577/839/611 578/840/611 585/836/611
f 578/840/612 579/841/612 585/836/612
f 579/841/613 580/842/613 585/836/613
f 580/842/614 581/843/614 585/836/614
f 581/843/615 582/844/615 585/836/615
f 582/844/616 583/845/616 585/836/616
f 583/845/617 584/846/617 585/836/617
f 584/846/618 576/838/618 585/836/618
f 586/887/619 587/888/619 588/889/619
f 586/887/620 589/890/620 587/888/620
f 586/887/621 590/891/621 589/890/621
f 586/887/622 591/892/622 590/891/622
f 586/887/623 592/893/623 591/892/623
f 586/887/624 593/894/624 592/893/624
f 586/887/625 594/895/625 593/894/625
f 586/887/626 595/896/626 594/895/626
f 586/887/627 596/897/627 595/896/627
f 586/887/628 588/889/628 596/897/628
f 588/889/629 587/888/629 597/898/629
f 588/889/629 597/898/629 598/899/629
f 587/888/630 589/890/630 599/900/630
f 587/888/630 599/900/630 597/898/630
f 589/890/631 590/891/631 600/901/631
f 589/890/631 600/901/631 599/900/631
f 590/891/632 591/892/632 601/902/632
f 590/891/632 601/902/632 600/901/632
f 591/892/633 592/893/633 602/903/633
f 591/892/633 602/903/633 601/902/633
f 592/893/634 593/894/634 603/904/634
f 592/893/634 603/904/634 602/903/634
f 593/894/635 594/895/635 604/905/635
f 593/894/635 604/905/635 603/904/635
f 594/895/636 595/896/636 605/906/636
f 594/895/636 605/906/636 604/905/636
f 595/896/637 596/897/637 606/907/637
f 595/896/637 606/907/637 605/906/637
f 596/897/638 588/889/638 598/899/638
f 596/897/638 598/899/638 606/907/638
f 598/908/639 597/909/639 607/910/639
f 598/908/639 607/910/639 608/911/639
f 597/912/640 599/913/640 609/914/640
f 597/912/640 609/914/640 607/915/640
f 599/913/641 600/916/641 610/917/641
f 599/913/641 610/917/641 609/914/641
f 600/916/642 601/918/642 611/919/642
f 600/916/642 611/919/642 610/917/642
f 601/920/643 602/921/643 612/922/643
f 601/920/643 612/922/643 611/923/643
f 602/921/644 603/924/644 613/925/644
f 602/921/644 613/925/644 612/922/644
f 603/918/645 604/916/645 614/917/645
f 603/918/645 614/917/645 613/919/645
f 604/916/646 605/913/646 615/914/646
f 604/916/646 615/914/646 614/917/646
f 605/913/647 606/912/647 616/915/647
f 605/913/647 616/915/647 615/914/647
f 606/926/648 598/908/648 608/911/648
f 606/926/648 608/911/648 616/927/648
f 608/911/649 607/910/649 617/928/649
f 608/911/649 617/928/649 618/929/649
f 607/915/650 609/914/650 619/930/650
f 607/915/650 619/930/650 617/931/650
f 609/914/651 610/917/651 620/932/651
f 609/914/651 620/932/651 619/930/651
f 610/917/652 611/919/652 621/933/652
f 610/917/652 621/933/652 620/932/652
f 611/923/653 612/922/653 622/934/653
f 611/923/653 622/934/653 621/935/653
f 612/922/654 613/925/654 623/936/654
f 612/922/654 623/936/654 622/934/654
f 613/919/655 614/917/655 624/932/655
f 613/919/655 624/932/655 623/933/655
f 614/917/656 615/914/656 625/930/656
f 614/917/656 625/930/656 624/932/656
f 615/914/657 616/915/657 626/931/657
f 615/914/657 626/931/657 625/930/657
f 616/927/658 608/911/658 618/929/658
f 616/927/658 618/929/658 626/937/658
f 618/899/659 617/898/659 627/888/659
f 618/899/659 627/888/659 628/889/659
f 617/898/660 619/900/660 629/890/660
f 617/898/660 629/890/660 627/888/660
f 619/900/661 620/901/661 630/891/661
f 619/900/661 630/891/661 629/890/661
f 620/901/662 621/902/662 631/892/662
f 620/901/662 631/892/662 630/891/662
f 621/902/663 622/903/663 632/893/663
f 621/902/663 632/893/663 631/892/663
f 622/903/664 623/904/664 633/894/664
f 622/903/664 633/894/664 632/893/664
f 623/904/665 624/905/665 634/895/665
f 623/904/665 634/895/665 633/894/665
f 624/905/666 625/906/666 635/896/666
f 624/905/666 635/896/666 634/895/666
f 625/906/667 626/907/667 636/897/667
f 625/906/667 636/897/667 635/896/667
f 626/907/668 618/899/668 628/889/668
f 626/907/668 628/889/668 636/897/668
f 628/889/669 627/888/669 637/887/669
f 627/888/670 629/890/670 637/887/670
f 629/890/671 630/891/671 637/887/671
f 630/891/672 631/892/672 637/887/672
f 631/892/673 632/893/673 637/887/673
f 632/893/674 633/894/674 637/887/674
f 633/894/675 634/895/675 637/887/675
f 634/895/676 635/896/676 637/887/676
f 635/896/677 636/897/677 637/887/677
f 636/897/678 628/889/678 637/887/678
f 638/938/679 639/939/679 640/940/679
f 638/938/680 641/941/680 639/939/680
f 638/938/681 642/942/681 641/941/681
f 638/938/682 643/943/682 642/942/682
f 638/938/683 644/944/683 643/943/683
f 638/938/684 645/945/684 644/944/684
f 638/938/685 646/946/685 645/945/685
f 638/938/686 647/947/686 646/946/686
f 638/938/687 648/948/687 647/947/687
f 638/938/688 640/940/688 648/948/688
f 640/940/689 639/939/689 649/949/689
f 640/940/689 649/949/689 650/950/689
f 639/939/690 641/941/690 651/951/690
f 639/939/690 651/951/690 649/949/690
f 641/941/691 642/942/691 652/952/691
f 641/941/691 652/952/691 651/951/691
f 642/942/692 643/943/692 653/953/692
f 642/942/692 653/953/692 652/952/692
f 643/943/693 644/944/693 654/954/693
f 643/943/693 654/954/693 653/953/693
f 644/944/694 645/945/694 655/955/694
f 644/944/694 655/955/694 654/954/694
f 645/945/695 646/946/695 656/956/695
f 645/945/695 656/956/695 655/955/695
f 646/946/696 647/947/696 657/957/696
f 646/946/696 657/957/696 656/956/696
f 647/947/697 648/948/697 658/958/697
f 647/947/697 658/958/697 657/957/697
f 648/948/698 640/940/698 650/950/698
f 648/948/698 650/950/698 658/958/698
f 650/959/699 649/960/699 659/961/699
f 650/959/699 659/961/699 660/962/699
f 649/963/700 651/964/700 661/965/700
f 649/963/700 661/965/700 659/966/700
f 651/964/701 652/967/701 662/968/701
f 651/964/701 662/968/701 661/965/701
f 652/967/702 653/969/702 663/970/702
f 652/967/702 663/970/702 662/968/702
f 653/971/703 654/972/703 664/973/703
f 653/971/703 664/973/703 663/974/703
f 654/972/704 655/975/704 665/976/704
f 654/972/704 665/976/704 664/973/704
f 655/969/705 656/967/705 666/968/705
f 655/969/705 666/968/705 665/970/705
f 656/967/706 657/964/706 667/965/706
f 656/967/706 667/965/706 666/968/706
f 657/964/707 658/963/707 668/966/707
f 657/964/707 668/966/707 667/965/707
f 658/977/708 650/959/708 660/962/708
f 658/977/708 660/962/708 668/978/708
f 660/962/709 659/961/709 669/979/709
f 660/962/709 669/979/709 670/980/709
f 659/966/710 661/965/710 671/981/710
f 659/966/710 671/981/710 669/982/710
f 661/965/711 662/968/711 672/983/711
f 661/965/711 672/983/711 671/981/711
f 662/968/712 663/970/712 673/984/712
f 662/968/712 673/984/712 672/983/712
f 663/974/713 664/973/713 674/985/713
f 663/974/713 674/985/713 673/986/713
f 664/973/714 665/976/714 675/987/714
f 664/973/714 675/987/714 674/985/714
f 665/970/715 666/968/715 676/983/715
f 665/970/715 676/983/715 675/984/715
f 666/968/716 667/965/716 677/981/716
f 666/968/716 677/981/716 676/983/716
f 667/965/717 668/966/717 678/982/717
f 667/965/717 678/982/717 677/981/717
f 668/978/718 660/962/718 670/980/718
f 668/978/718 670/980/718 678/988/718
f 670/950/719 669/949/719 679/939/719
f 670/950/719 679/939/719 680/940/719
f 669/949/720 671/951/720 681/941/720
f 669/949/720 681/941/720 679/939/720
f 671/951/721 672/952/721 682/942/721
f 671/951/721 682/942/721 681/941/721
f 672/952/722 673/953/722 683/943/722
f 672/952/722 683/943/722 682/942/722
f 673/953/723 674/954/723 684/944/723
f 673/953/723 684/944/723 683/943/723
f 674/954/724 675/955/724 685/945/724
f 674/954/724 685/945/724 684/944/724
f 675/955/725 676/956/725 686/946/725
f 675/955/725 686/946/725 685/945/725
f 676/956/726 677/957/726 687/947/726
f 676/956/726 687/947/726 686/946/726
f 677/957/727 678/958/727 688/948/727
f 677/957/727 688/948/727 687/947/727
f 678/958/728 670/950/728 680/940/728
f 678/958/728 680/940/728 688/948/728
f 680/940/729 679/939/729 689/938/729
f 679/939/730 681/941/730 689/938/730
f 681/941/731 682/942/731 689/938/731
f 682/942/732 683/943/732 689/938/732
f 683/943/733 684/944/733 689/938/733
f 684/944/734 685/945/734 689/938/734
f 685/945/735 686/946/735 689/938/735
f 686/946/736 687/947/736 689/938/736
f 687/947/737 688/948/737 689/938/737
f 688/948/738 680/940/738 689/938/738
f 690/989/739 691/990/739 692/991/739
f 690/989/740 693/992/740 691/990/740
f 690/989/741 694/993/741 693/992/741
f 690/989/742 695/994/742 694/993/742
f 690/989/743 696/995/743 695/994/743
f 690/989/744 697/996/744 696/995/744
f 690/989/745 698/997/745 697/996/745
f 690/989/746 699/998/746 698/997/746
f 690/989/747 700/999/747 699/998/747
f 690/989/748 692/991/748 700/999/748
f 692/991/749 691/990/749 701/1000/749
f 692/991/749 701/1000/749 702/1001/749
f 691/990/750 693/992/750 703/1002/750
f 691/990/750 703/1002/750 701/1000/750
f 693/992/751 694/993/751 704/1003/751
f 693/992/751 704/1003/751 703/1002/751
f 694/993/752 695/994/752 705/1004/752
f 694/993/752 705/1004/752 704/1003/752
f 695/994/753 696/995/753 706/1005/753
f 695/994/753 706/1005/753 705/1004/753
f 696/995/754 697/996/754 707/1006/754
f 696/995/754 707/1006/754 706/1005/754
f 697/996/755 698/997/755 708/1007/755
f 697/996/755 708/1007/755 707/1006/755
f 698/997/756 699/998/756 709/1008/756
f 698/997/756 709/1008/756 708/1007/756
f 699/998/757 700/999/757 710/1009/757
f 699/998/757 710/1009/757 709/1008/757
f 700/999/758 692/991/758 702/1001/758
f 700/999/758 702/1001/758 710/1009/758
f 702/1010/759 701/1011/759 711/1012/759
f 702/1010/759 711/1012/759 712/1013/759
f 701/1014/760 703/1015/760 713/1016/760
f 701/1014/760 713/1016/760 711/1017/760
f 703/1015/761 704/1018/761 714/1019/761
f 703/1015/761 714/1019/761 713/1016/761
f 704/1018/762 705/1020/762 715/1021/762
f 704/1018/762 715/1021/762 714/1019/762
f 705/1022/763 706/1023/763 716/1024/763
f 705/1022/763 716/1024/763 715/1025/763
f 706/1023/764 707/1026/764 717/1027/764
f 706/1023/764 717/1027/764 716/1024/764
f 707/1020/765 708/1018/765 718/1019/765
f 707/1020/765 718/1019/765 717/1021/765
f 708/1018/766 709/1015/766 719/1016/766
f 708/1018/766 719/1016/766 718/1019/766
f 709/1015/767 710/1014/767 720/1017/767
f 709/1015/767 720/1017/767 719/1016/767
f 710/1028/768 702/1010/768 712/1013/768
f 710/1028/768 712/1013/768 720/1029/768
f 712/1013/769 711/1012/769 721/1030/769
f 712/1013/769 721/1030/769 722/1031/769
f 711/1017/770 713/1016/770 723/1032/770
f 711/1017/770 723/1032/770 721/1033/770
f 713/1016/771 714/1019/771 724/1034/771
f 713/1016/771 724/1034/771 723/1032/771
f 714/1019/772 715/1021/772 725/1035/772
f 714/1019/772 725/1035/772 724/1034/772
f 715/1025/773 716/1024/773 726/1036/773
f 715/1025/773 726/1036/773 725/1037/773
f 716/1024/774 717/1027/774 727/1038/774
f 716/1024/774 727/1038/774 726/1036/774
f 717/1021/775 718/1019/775 728/1034/775
f 717/1021/775 728/1034/775 727/1035/775
f 718/1019/776 719/1016/776 729/1032/776
f 718/1019/776 729/1032/776 728/1034/776
f 719/1016/777 720/1017/777 730/1033/777
f 719/1016/777 730/1033/777 729/1032/777
f 720/1029/778 712/1013/778 722/1031/778
f 720/1029/778 722/1031/778 730/1039/778
f 722/1001/779 721/1000/779 731/990/779
f 722/1001/779 731/990/779 732/991/779
f 721/1000/780 723/1002/780 733/992/780
f 721/1000/780 733/992/780 731/990/780
f 723/1002/781 724/1003/781 734/993/781
f 723/1002/781 734/993/781 733/992/781
f 724/1003/782 725/1004/782 735/994/782
f 724/1003/782 735/994/782 734/993/782
f 725/1004/783 726/1005/783 736/995/783
f 725/1004/783 736/995/783 735/994/783
f 726/1005/784 727/1006/784 737/996/784
f 726/1005/784 737/996/784 736/995/784
f 727/1006/785 728/1007/785 738/997/785
f 727/1006/785 738/997/785 737/996/785
f 728/1007/786 729/1008/786 739/998/786
f 728/1007/786 739/998/786 738/997/786
f 729/1008/787 730/1009/787 740/999/787
f 729/1008/787 740/999/787 739/998/787
f 730/1009/788 722/1001/788 732/991/788
f 730/1009/788 732/991/788 740/999/788
f 732/991/789 731/990/789 741/989/789
f 731/990/790 733/992/790 741/989/790
f 733/992/791 734/993/791 741/989/791
f 734/993/792 735/994/792 741/989/792
f 735/994/793 736/995/793 741/989/793
f 736/995/794 737/996/794 741/989/794
f 737/996/795 738/997/795 741/989/795
f 738/997/796 739/998/796 741/989/796
f 739/998/797 740/999/797 741/989/797
f 740/999/798 732/991/798 741/989/798
f 742/1040/799 743/1041/799 744/1042/799
f 742/1040/800 745/1043/800 743/1041/800
f 742/1040/801 746/1044/801 745/1043/801
f 742/1040/802 747/1045/802 746/1044/802
f 742/1040/803 748/1046/803 747/1045/803
f 742/1040/804 749/1047/804 748/1046/804
f 742/1040/805 750/1048/805 749/1047/805
f 742/1040/806 751/1049/806 750/1048/806
f 742/1040/807 752/1050/807 751/1049/807
f 742/1040/808 744/1042/808 752/1050/808
f 744/1042/809 743/1041/809 753/1051/809
f 744/1042/809 753/1051/809 754/1052/809
f 743/1041/810 745/1043/810 755/1053/810
f 743/1041/810 755/1053/810 753/1051/810
f 745/1043/811 746/1044/811 756/1054/811
f 745/1043/811 756/1054/811 755/1053/811
f 746/1044/812 747/1045/812 757/1055/812
f 746/1044/812 757/1055/812 756/1054/812
f 747/1045/813 748/1046/813 758/1056/813
f 747/1045/813 758/1056/813 757/1055/813
f 748/1046/814 749/1047/814 759/1057/814
f 748/1046/814 759/1057/814 758/1056/814
f 749/1047/815 750/1048/815 760/1058/815
f 749/1047/815 760/1058/815 759/1057/815
f 750/1048/816 751/1049/816 761/1059/816
f 750/1048/816 761/1059/816 760/1058/816
f 751/1049/817 752/1050/817 762/1060/817
f 751/1049/817 762/1060/817 761/1059/817
f 752/1050/818 744/1042/818 754/1052/818
f 752/1050/818 754/1052/818 762/1060/818
f 754/1061/819 753/1062/819 763/1063/819
f 754/1061/819 763/1063/819 764/1064/819
f 753/1065/820 755/1066/820 765/1067/820
f 753/1065/820 765/1067/820 763/1068/820
f 755/1066/821 756/1069/821 766/1070/821
f 755/1066/821 766/1070/821 765/1067/821
f 756/1069/822 757/1071/822 767/1072/822
f 756/1069/822 767/1072/822 766/1070/822
f 757/1073/823 758/1074/823 768/1075/823
f 757/1073/823 768/1075/823 767/1076/823
f 758/1074/824 759/1077/824 769/1078/824
f 758/1074/824 769/1078/824 768/1075/824
f 759/1071/825 760/1069/825 770/1070/825
f 759/1071/825 770/1070/825 769/1072/825
f 760/1069/826 761/1066/826 771/1067/826
f 760/1069/826 771/1067/826 770/1070/826
f 761/1066/827 762/1065/827 772/1068/827
f 761/1066/827 772/1068/827 771/1067/827
f 762/1079/828 754/1061/828 764/1064/828
f 762/1079/828 764/1064/828 772/1080/828
f 764/1064/829 763/1063/829 773/1081/829
f 764/1064/829 773/1081/829 774/1082/829
f 763/1068/830 765/1067/830 775/1083/830
f 763/1068/830 775/1083/830 773/1084/830
f 765/1067/831 766/1070/831 776/1085/831
f 765/1067/831 776/1085/831 775/1083/831
f 766/1070/832 767/1072/832 777/1086/832
f 766/1070/832 777/1086/832 776/1085/832
f 767/1076/833 768/1075/833 778/1087/833
f 767/1076/833 778/1087/833 777/1088/833
f 768/1075/834 769/1078/834 779/1089/834
f 768/1075/834 779/1089/834 778/1087/834
f 769/1072/835 770/1070/835 780/1085/835
f 769/1072/835 780/1085/835 779/1086/835
f 770/1070/836 771/1067/836 781/1083/836
f 770/1070/836 781/1083/836 780/1085/836
f 771/1067/837 772/1068/837 782/1084/837
f 771/1067/837 782/1084/837 781/1083/837
f 772/1080/838 764/1064/838 774/1082/838
f 772/1080/838 774/1082/838 782/1090/838
f 774/1052/839 773/1051/839 783/1041/839
f 774/1052/839 783/1041/839 784/1042/839
f 773/1051/840 775/1053/840 785/1043/840
f 773/1051/840 785/1043/840 783/1041/840
f 775/1053/841 776/1054/841 786/1044/841
f 775/1053/841 786/1044/841 785/1043/841
f 776/1054/842 777/1055/842 787/1045/842
f 776/1054/842 787/1045/842 786/1044/842
f 777/1055/843 778/1056/843 788/1046/843
f 777/1055/843 788/1046/843 787/1045/843
f 778/1056/844 779/1057/844 789/1047/844
f 778/1056/844 789/1047/844 788/1046/844
f 779/1057/845 780/1058/845 790/1048/845
f 779/1057/845 790/1048/845 789/1047/845
f 780/1058/846 781/1059/846 791/1049/846
f 780/1058/846 791/1049/846 790/1048/846
f 781/1059/847 782/1060/847 792/1050/847
f 781/1059/847 792/1050/847 791/1049/847
f 782/1060/848 774/1052/848 784/1042/848
f 782/1060/848 784/1042/848 792/1050/848
f 784/1042/849 783/1041/849 793/1040/849
f 783/1041/850 785/1043/850 793/1040/850
f 785/1043/851 786/1044/851 793/1040/851
f 786/1044/852 787/1045/852 793/1040/852
f 787/1045/853 788/1046/853 793/1040/853
f 788/1046/854 789/1047/854 793/1040/854
f 789/1047/855 790/1048/855 793/1040/855
f 790/1048/856 791/1049/856 793/1040/856
f 791/1049/857 792/1050/857 793/1040/857
f 792/1050/858 784/1042/858 793/1040/858
