# Terran dreadnought, from tools/gen_fleet.py
# Generated by tools. Edit the generator script.
v 0.000000 0.696429 1.424777
v 0.221073 0.696429 2.032169
v 0.000000 0.696429 2.071150
v 0.415480 0.696429 1.919927
v 0.559775 0.696429 1.747963
v 0.636553 0.696429 1.537018
v 0.636553 0.696429 1.312535
v 0.559775 0.696429 1.101590
v 0.415480 0.696429 0.929627
v 0.221073 0.696429 0.817385
v 0.000000 0.696429 0.778404
v -0.221073 0.696429 0.817385
v -0.415480 0.696429 0.929627
v -0.559775 0.696429 1.101590
v -0.636553 0.696429 1.312535
v -0.636553 0.696429 1.537018
v -0.559775 0.696429 1.747963
v -0.415480 0.696429 1.919927
v -0.221073 0.696429 2.032169
v 0.361755 0.735603 2.418691
v 0.000000 0.735603 2.482478
v 0.679877 0.735603 2.235023
v 0.915996 0.735603 1.953627
v 1.041632 0.735603 1.608445
v 1.041632 0.735603 1.241109
v 0.915996 0.735603 0.895926
v 0.679877 0.735603 0.614531
v 0.361755 0.735603 0.430863
v 0.000000 0.735603 0.367076
v -0.361755 0.735603 0.430863
v -0.679877 0.735603 0.614531
v -0.915996 0.735603 0.895926
v -1.041632 0.735603 1.241109
v -1.041632 0.735603 1.608445
v -0.915996 0.735603 1.953627
v -0.679877 0.735603 2.235023
v -0.361755 0.735603 2.418691
v 0.401950 0.735603 2.529125
v 0.000000 0.735603 2.600000
v 0.755419 0.735603 2.325050
v 1.017773 0.735603 2.012388
v 1.157369 0.735603 1.628852
v 1.157369 0.735603 1.220701
v 1.017773 0.735603 0.837165
v 0.755419 0.735603 0.524504
v 0.401950 0.735603 0.320428
v 0.000000 0.735603 0.249554
v -0.401950 0.735603 0.320428
v -0.755419 0.735603 0.524504
v -1.017773 0.735603 0.837165
v -1.157369 0.735603 1.220701
v -1.157369 0.735603 1.628852
v -1.017773 0.735603 2.012388
v -0.755419 0.735603 2.325050
v -0.401950 0.735603 2.529125
v 0.401950 0.957589 2.529125
v 0.000000 0.957589 2.600000
v 0.755419 0.957589 2.325050
v 1.017773 0.957589 2.012388
v 1.157369 0.957589 1.628852
v 1.157369 0.957589 1.220701
v 1.017773 0.957589 0.837165
v 0.755419 0.957589 0.524504
v 0.401950 0.957589 0.320428
v 0.000000 0.957589 0.249554
v -0.401950 0.957589 0.320428
v -0.755419 0.957589 0.524504
v -1.017773 0.957589 0.837165
v -1.157369 0.957589 1.220701
v -1.157369 0.957589 1.628852
v -1.017773 0.957589 2.012388
v -0.755419 0.957589 2.325050
v -0.401950 0.957589 2.529125
v 0.361755 0.957589 2.418691
v 0.000000 0.957589 2.482478
v 0.679877 0.957589 2.235023
v 0.915996 0.957589 1.953627
v 1.041632 0.957589 1.608445
v 1.041632 0.957589 1.241109
v 0.915996 0.957589 0.895926
v 0.679877 0.957589 0.614531
v 0.361755 0.957589 0.430863
v 0.000000 0.957589 0.367076
v -0.361755 0.957589 0.430863
v -0.679877 0.957589 0.614531
v -0.915996 0.957589 0.895926
v -1.041632 0.957589 1.241109
v -1.041632 0.957589 1.608445
v -0.915996 0.957589 1.953627
v -0.679877 0.957589 2.235023
v -0.361755 0.957589 2.418691
v 0.353716 0.997199 2.396604
v 0.000000 0.997199 2.458973
v 0.664769 0.997199 2.217017
v 0.895640 0.997199 1.941875
v 1.018485 0.997199 1.604363
v 1.018485 0.997199 1.245190
v 0.895640 0.997199 0.907679
v 0.664769 0.997199 0.632536
v 0.353716 0.997199 0.452950
v 0.000000 0.997199 0.390580
v -0.353716 0.997199 0.452950
v -0.664769 0.997199 0.632536
v -0.895640 0.997199 0.907679
v -1.018485 0.997199 1.245190
v -1.018485 0.997199 1.604363
v -0.895640 0.997199 1.941875
v -0.664769 0.997199 2.217017
v -0.353716 0.997199 2.396604
v 0.221073 0.997199 2.032169
v 0.000000 0.997199 2.071150
v 0.415480 0.997199 1.919927
v 0.559775 0.997199 1.747963
v 0.636553 0.997199 1.537018
v 0.636553 0.997199 1.312535
v 0.559775 0.997199 1.101590
v 0.415480 0.997199 0.929627
v 0.221073 0.997199 0.817385
v 0.000000 0.997199 0.778404
v -0.221073 0.997199 0.817385
v -0.415480 0.997199 0.929627
v -0.559775 0.997199 1.101590
v -0.636553 0.997199 1.312535
v -0.636553 0.997199 1.537018
v -0.559775 0.997199 1.747963
v -0.415480 0.997199 1.919927
v -0.221073 0.997199 2.032169
v 0.200975 1.048125 1.976951
v 0.000000 1.048125 2.012388
v 0.377709 1.048125 1.874913
v 0.508887 1.048125 1.718583
v 0.578684 1.048125 1.526814
v 0.578684 1.048125 1.322739
v 0.508887 1.048125 1.130971
v 0.377709 1.048125 0.974640
v 0.200975 1.048125 0.872602
v 0.000000 1.048125 0.837165
v -0.200975 1.048125 0.872602
v -0.377709 1.048125 0.974640
v -0.508887 1.048125 1.130971
v -0.578684 1.048125 1.322739
v -0.578684 1.048125 1.526814
v -0.508887 1.048125 1.718583
v -0.377709 1.048125 1.874913
v -0.200975 1.048125 1.976951
v 0.100488 1.070759 1.700864
v 0.000000 1.070759 1.718583
v 0.188855 1.070759 1.649845
v 0.254443 1.070759 1.571680
v 0.289342 1.070759 1.475796
v 0.289342 1.070759 1.373758
v 0.254443 1.070759 1.277874
v 0.188855 1.070759 1.199708
v 0.100488 1.070759 1.148690
v 0.000000 1.070759 1.130971
v -0.100488 1.070759 1.148690
v -0.188855 1.070759 1.199708
v -0.254443 1.070759 1.277874
v -0.289342 1.070759 1.373758
v -0.289342 1.070759 1.475796
v -0.254443 1.070759 1.571680
v -0.188855 1.070759 1.649845
v -0.100488 1.070759 1.700864
v 0.000000 1.070759 1.424777
v -0.239397 0.757366 0.412376
v 0.239397 0.757366 0.412376
v 0.239397 0.896652 0.412376
v -0.239397 0.896652 0.412376
v 0.239397 0.757366 0.151215
v -0.239397 0.757366 0.151215
v -0.239397 0.896652 0.151215
v 0.239397 0.896652 0.151215
v 0.000000 0.696429 1.163616
v 0.153506 0.696429 1.213493
v 0.132940 0.565848 1.241800
v 0.000000 0.565848 1.198605
v 0.248379 0.696429 1.344074
v 0.215102 0.565848 1.354886
v 0.248379 0.696429 1.505480
v 0.215102 0.565848 1.494668
v 0.153506 0.696429 1.636060
v 0.132940 0.565848 1.607754
v 0.000000 0.696429 1.685938
v 0.000000 0.565848 1.650949
v -0.153506 0.696429 1.636060
v -0.132940 0.565848 1.607754
v -0.248379 0.696429 1.505480
v -0.215102 0.565848 1.494668
v -0.248379 0.696429 1.344074
v -0.215102 0.565848 1.354886
v -0.153506 0.696429 1.213493
v -0.132940 0.565848 1.241800
v 0.076753 0.470257 1.319135
v 0.000000 0.470257 1.294196
v 0.124189 0.470257 1.384425
v 0.124189 0.470257 1.465128
v 0.076753 0.470257 1.530419
v 0.000000 0.470257 1.555357
v -0.076753 0.470257 1.530419
v -0.124189 0.470257 1.465128
v -0.124189 0.470257 1.384425
v -0.076753 0.470257 1.319135
v 0.000000 0.435268 1.424777
v 0.000000 1.062054 1.636317
v 0.147735 1.062054 1.784052
v 0.000000 1.062054 1.845246
v 0.208929 1.062054 1.636317
v 0.147735 1.062054 1.488582
v 0.000000 1.062054 1.427388
v -0.147735 1.062054 1.488582
v -0.208929 1.062054 1.636317
v -0.147735 1.062054 1.784052
v 0.147735 1.166518 1.784052
v 0.000000 1.166518 1.845246
v 0.208929 1.166518 1.636317
v 0.147735 1.166518 1.488582
v 0.000000 1.166518 1.427388
v -0.147735 1.166518 1.488582
v -0.208929 1.166518 1.636317
v -0.147735 1.166518 1.784052
v 0.000000 1.166518 1.636317
v -0.104464 0.216739 0.122199
v 0.104464 0.216739 0.122199
v 0.104464 0.697829 0.325600
v -0.104464 0.697829 0.325600
v 0.104464 0.555742 -0.679618
v -0.104464 0.555742 -0.679618
v -0.104464 1.036832 -0.476216
v 0.104464 1.036832 -0.476216
v -0.787835 0.073996 0.519420
v -0.082701 0.073996 0.519420
v -0.082701 0.622433 0.519420
v -0.787835 0.622433 0.519420
v -0.192388 0.159308 -2.544866
v -0.678147 0.159308 -2.544866
v -0.678147 0.537121 -2.544866
v -0.192388 0.537121 -2.544866
v -0.435268 0.108817 0.532316
v -0.343654 0.127040 0.532316
v -0.351711 0.146491 0.561294
v -0.435268 0.129870 0.561294
v -0.364747 0.177963 0.550226
v -0.435268 0.163935 0.550226
v -0.364747 0.177963 0.514407
v -0.435268 0.163935 0.514407
v -0.351711 0.146491 0.503339
v -0.435268 0.129870 0.503339
v -0.265988 0.178935 0.532316
v -0.280875 0.193822 0.561294
v -0.304963 0.217909 0.550226
v -0.304963 0.217909 0.514407
v -0.280875 0.193822 0.503339
v -0.214094 0.256601 0.532316
v -0.233544 0.264658 0.561294
v -0.265016 0.277694 0.550226
v -0.265016 0.277694 0.514407
v -0.233544 0.264658 0.503339
v -0.195871 0.348214 0.532316
v -0.216924 0.348214 0.561294
v -0.250989 0.348214 0.550226
v -0.250989 0.348214 0.514407
v -0.216924 0.348214 0.503339
v -0.214094 0.439828 0.532316
v -0.233544 0.431771 0.561294
v -0.265016 0.418735 0.550226
v -0.265016 0.418735 0.514407
v -0.233544 0.431771 0.503339
v -0.265988 0.517494 0.532316
v -0.280875 0.502607 0.561294
v -0.304963 0.478519 0.550226
v -0.304963 0.478519 0.514407
v -0.280875 0.502607 0.503339
v -0.343654 0.569389 0.532316
v -0.351711 0.549938 0.561294
v -0.364747 0.518466 0.550226
v -0.364747 0.518466 0.514407
v -0.351711 0.549938 0.503339
v -0.435268 0.587612 0.532316
v -0.435268 0.566558 0.561294
v -0.435268 0.532493 0.550226
v -0.435268 0.532493 0.514407
v -0.435268 0.566558 0.503339
v -0.526881 0.569389 0.532316
v -0.518824 0.549938 0.561294
v -0.505788 0.518466 0.550226
v -0.505788 0.518466 0.514407
v -0.518824 0.549938 0.503339
v -0.604547 0.517494 0.532316
v -0.589660 0.502607 0.561294
v -0.565573 0.478519 0.550226
v -0.565573 0.478519 0.514407
v -0.589660 0.502607 0.503339
v -0.656442 0.439828 0.532316
v -0.636991 0.431771 0.561294
v -0.605519 0.418735 0.550226
v -0.605519 0.418735 0.514407
v -0.636991 0.431771 0.503339
v -0.674665 0.348214 0.532316
v -0.653612 0.348214 0.561294
v -0.619547 0.348214 0.550226
v -0.619547 0.348214 0.514407
v -0.653612 0.348214 0.503339
v -0.656442 0.256601 0.532316
v -0.636991 0.264658 0.561294
v -0.605519 0.277694 0.550226
v -0.605519 0.277694 0.514407
v -0.636991 0.264658 0.503339
v -0.604547 0.178935 0.532316
v -0.589660 0.193822 0.561294
v -0.565573 0.217909 0.550226
v -0.565573 0.217909 0.514407
v -0.589660 0.193822 0.503339
v -0.526881 0.127040 0.532316
v -0.518824 0.146491 0.561294
v -0.505788 0.177963 0.550226
v -0.505788 0.177963 0.514407
v -0.518824 0.146491 0.503339
v -0.435268 0.174107 0.525868
v -0.332930 0.207359 0.525868
v -0.361585 0.246798 0.557207
v -0.435268 0.222857 0.557207
v -0.269682 0.294412 0.525868
v -0.316046 0.309477 0.557207
v -0.269682 0.402016 0.525868
v -0.316046 0.386952 0.557207
v -0.332930 0.489070 0.525868
v -0.361585 0.449630 0.557207
v -0.435268 0.522321 0.525868
v -0.435268 0.473571 0.557207
v -0.537605 0.489070 0.525868
v -0.508951 0.449630 0.557207
v -0.600854 0.402016 0.525868
v -0.554490 0.386952 0.557207
v -0.600854 0.294412 0.525868
v -0.554490 0.309477 0.557207
v -0.537605 0.207359 0.525868
v -0.508951 0.246798 0.557207
v -0.435268 0.348214 0.578100
v -0.591964 0.574554 0.449777
v -0.278571 0.574554 0.449777
v -0.278571 0.696429 0.449777
v -0.591964 0.696429 0.449777
v -0.278571 0.574554 0.153795
v -0.591964 0.574554 0.153795
v -0.591964 0.696429 0.153795
v -0.278571 0.696429 0.153795
v -0.419147 0.139286 -2.238438
v -0.419147 0.139286 -1.454955
v -0.419147 0.000000 -1.690000
v -0.451389 0.139286 -2.238438
v -0.451389 0.000000 -1.690000
v -0.451389 0.139286 -1.454955
v -0.419147 0.000000 -2.081741
v -0.451389 0.000000 -2.081741
v 0.082701 0.073996 0.519420
v 0.787835 0.073996 0.519420
v 0.787835 0.622433 0.519420
v 0.082701 0.622433 0.519420
v 0.678147 0.159308 -2.544866
v 0.192388 0.159308 -2.544866
v 0.192388 0.537121 -2.544866
v 0.678147 0.537121 -2.544866
v 0.435268 0.108817 0.532316
v 0.526881 0.127040 0.532316
v 0.518824 0.146491 0.561294
v 0.435268 0.129870 0.561294
v 0.505788 0.177963 0.550226
v 0.435268 0.163935 0.550226
v 0.505788 0.177963 0.514407
v 0.435268 0.163935 0.514407
v 0.518824 0.146491 0.503339
v 0.435268 0.129870 0.503339
v 0.604547 0.178935 0.532316
v 0.589660 0.193822 0.561294
v 0.565573 0.217909 0.550226
v 0.565573 0.217909 0.514407
v 0.589660 0.193822 0.503339
v 0.656442 0.256601 0.532316
v 0.636991 0.264658 0.561294
v 0.605519 0.277694 0.550226
v 0.605519 0.277694 0.514407
v 0.636991 0.264658 0.503339
v 0.674665 0.348214 0.532316
v 0.653612 0.348214 0.561294
v 0.619547 0.348214 0.550226
v 0.619547 0.348214 0.514407
v 0.653612 0.348214 0.503339
v 0.656442 0.439828 0.532316
v 0.636991 0.431771 0.561294
v 0.605519 0.418735 0.550226
v 0.605519 0.418735 0.514407
v 0.636991 0.431771 0.503339
v 0.604547 0.517494 0.532316
v 0.589660 0.502607 0.561294
v 0.565573 0.478519 0.550226
v 0.565573 0.478519 0.514407
v 0.589660 0.502607 0.503339
v 0.526881 0.569389 0.532316
v 0.518824 0.549938 0.561294
v 0.505788 0.518466 0.550226
v 0.505788 0.518466 0.514407
v 0.518824 0.549938 0.503339
v 0.435268 0.587612 0.532316
v 0.435268 0.566558 0.561294
v 0.435268 0.532493 0.550226
v 0.435268 0.532493 0.514407
v 0.435268 0.566558 0.503339
v 0.343654 0.569389 0.532316
v 0.351711 0.549938 0.561294
v 0.364747 0.518466 0.550226
v 0.364747 0.518466 0.514407
v 0.351711 0.549938 0.503339
v 0.265988 0.517494 0.532316
v 0.280875 0.502607 0.561294
v 0.304963 0.478519 0.550226
v 0.304963 0.478519 0.514407
v 0.280875 0.502607 0.503339
v 0.214094 0.439828 0.532316
v 0.233544 0.431771 0.561294
v 0.265016 0.418735 0.550226
v 0.265016 0.418735 0.514407
v 0.233544 0.431771 0.503339
v 0.195871 0.348214 0.532316
v 0.216924 0.348214 0.561294
v 0.250989 0.348214 0.550226
v 0.250989 0.348214 0.514407
v 0.216924 0.348214 0.503339
v 0.214094 0.256601 0.532316
v 0.233544 0.264658 0.561294
v 0.265016 0.277694 0.550226
v 0.265016 0.277694 0.514407
v 0.233544 0.264658 0.503339
v 0.265988 0.178935 0.532316
v 0.280875 0.193822 0.561294
v 0.304963 0.217909 0.550226
v 0.304963 0.217909 0.514407
v 0.280875 0.193822 0.503339
v 0.343654 0.127040 0.532316
v 0.351711 0.146491 0.561294
v 0.364747 0.177963 0.550226
v 0.364747 0.177963 0.514407
v 0.351711 0.146491 0.503339
v 0.435268 0.174107 0.525868
v 0.537605 0.207359 0.525868
v 0.508951 0.246798 0.557207
v 0.435268 0.222857 0.557207
v 0.600854 0.294412 0.525868
v 0.554490 0.309477 0.557207
v 0.600854 0.402016 0.525868
v 0.554490 0.386952 0.557207
v 0.537605 0.489070 0.525868
v 0.508951 0.449630 0.557207
v 0.435268 0.522321 0.525868
v 0.435268 0.473571 0.557207
v 0.332930 0.489070 0.525868
v 0.361585 0.449630 0.557207
v 0.269682 0.402016 0.525868
v 0.316046 0.386952 0.557207
v 0.269682 0.294412 0.525868
v 0.316046 0.309477 0.557207
v 0.332930 0.207359 0.525868
v 0.361585 0.246798 0.557207
v 0.435268 0.348214 0.578100
v 0.278571 0.574554 0.449777
v 0.591964 0.574554 0.449777
v 0.591964 0.696429 0.449777
v 0.278571 0.696429 0.449777
v 0.591964 0.574554 0.153795
v 0.278571 0.574554 0.153795
v 0.278571 0.696429 0.153795
v 0.591964 0.696429 0.153795
v 0.451389 0.139286 -2.238438
v 0.451389 0.139286 -1.454955
v 0.451389 0.000000 -1.690000
v 0.419147 0.139286 -2.238438
v 0.419147 0.000000 -1.690000
v 0.419147 0.139286 -1.454955
v 0.451389 0.000000 -2.081741
v 0.419147 0.000000 -2.081741
v -1.472946 1.492098 -0.197321
v -1.176964 1.492098 -0.197321
v -1.176964 1.728884 -0.197321
v -1.472946 1.728884 -0.197321
v -1.199598 1.510205 -2.600000
v -1.450313 1.510205 -2.600000
v -1.450313 1.710777 -2.600000
v -1.199598 1.710777 -2.600000
v -1.368482 1.725402 -0.653830
v -1.281429 1.725402 -0.653830
v -1.281429 1.767188 -0.653830
v -1.368482 1.767188 -0.653830
v -1.281429 1.725402 -2.143491
v -1.368482 1.725402 -2.143491
v -1.368482 1.767188 -2.143491
v -1.281429 1.767188 -2.143491
v -1.420714 1.532143 -2.260143
v -1.229196 1.532143 -2.260143
v -1.229196 1.688839 -2.260143
v -1.420714 1.688839 -2.260143
v -1.229196 1.532143 -2.301929
v -1.420714 1.532143 -2.301929
v -1.420714 1.688839 -2.301929
v -1.229196 1.688839 -2.301929
v 1.176964 1.492098 -0.197321
v 1.472946 1.492098 -0.197321
v 1.472946 1.728884 -0.197321
v 1.176964 1.728884 -0.197321
v 1.450313 1.510205 -2.600000
v 1.199598 1.510205 -2.600000
v 1.199598 1.710777 -2.600000
v 1.450313 1.710777 -2.600000
v 1.281429 1.725402 -0.653830
v 1.368482 1.725402 -0.653830
v 1.368482 1.767188 -0.653830
v 1.281429 1.767188 -0.653830
v 1.368482 1.725402 -2.143491
v 1.281429 1.725402 -2.143491
v 1.281429 1.767188 -2.143491
v 1.368482 1.767188 -2.143491
v 1.229196 1.532143 -2.260143
v 1.420714 1.532143 -2.260143
v 1.420714 1.688839 -2.260143
v 1.229196 1.688839 -2.260143
v 1.420714 1.532143 -2.301929
v 1.229196 1.532143 -2.301929
v 1.229196 1.688839 -2.301929
v 1.420714 1.688839 -2.301929
v -1.324955 1.462500 -0.203770
v -1.237968 1.490764 -0.203770
v -1.249622 1.506804 -0.129774
v -1.324955 1.482327 -0.129774
v -1.184207 1.564759 -0.203770
v -1.203064 1.570886 -0.129774
v -1.184207 1.656223 -0.203770
v -1.203064 1.650096 -0.129774
v -1.237968 1.730218 -0.203770
v -1.249622 1.714178 -0.129774
v -1.324955 1.758482 -0.203770
v -1.324955 1.738655 -0.129774
v -1.411942 1.730218 -0.203770
v -1.400288 1.714178 -0.129774
v -1.465703 1.656223 -0.203770
v -1.446847 1.650096 -0.129774
v -1.465703 1.564759 -0.203770
v -1.446847 1.570886 -0.129774
v -1.411942 1.490764 -0.203770
v -1.400288 1.506804 -0.129774
v -1.281462 1.550627 -0.075606
v -1.324955 1.536496 -0.075606
v -1.254581 1.587625 -0.075606
v -1.254581 1.633357 -0.075606
v -1.281462 1.670355 -0.075606
v -1.324955 1.684487 -0.075606
v -1.368449 1.670355 -0.075606
v -1.395329 1.633357 -0.075606
v -1.395329 1.587625 -0.075606
v -1.368449 1.550627 -0.075606
v -1.324955 1.610491 -0.055779
v -0.774777 0.565848 -1.127634
v -0.705134 0.565848 -1.127634
v -1.212753 1.523438 -1.519375
v -1.282396 1.523438 -1.519375
v -0.705134 0.565848 -1.350491
v -0.774777 0.565848 -1.350491
v -1.282396 1.523438 -1.742232
v -1.212753 1.523438 -1.742232
v 1.324955 1.462500 -0.203770
v 1.411942 1.490764 -0.203770
v 1.400288 1.506804 -0.129774
v 1.324955 1.482327 -0.129774
v 1.465703 1.564759 -0.203770
v 1.446847 1.570886 -0.129774
v 1.465703 1.656223 -0.203770
v 1.446847 1.650096 -0.129774
v 1.411942 1.730218 -0.203770
v 1.400288 1.714178 -0.129774
v 1.324955 1.758482 -0.203770
v 1.324955 1.738655 -0.129774
v 1.237968 1.730218 -0.203770
v 1.249622 1.714178 -0.129774
v 1.184207 1.656223 -0.203770
v 1.203064 1.650096 -0.129774
v 1.184207 1.564759 -0.203770
v 1.203064 1.570886 -0.129774
v 1.237968 1.490764 -0.203770
v 1.249622 1.506804 -0.129774
v 1.368449 1.550627 -0.075606
v 1.324955 1.536496 -0.075606
v 1.395329 1.587625 -0.075606
v 1.395329 1.633357 -0.075606
v 1.368449 1.670355 -0.075606
v 1.324955 1.684487 -0.075606
v 1.281462 1.670355 -0.075606
v 1.254581 1.633357 -0.075606
v 1.254581 1.587625 -0.075606
v 1.281462 1.550627 -0.075606
v 1.324955 1.610491 -0.055779
v 0.705134 0.565848 -1.127634
v 0.774777 0.565848 -1.127634
v 1.282396 1.523438 -1.519375
v 1.212753 1.523438 -1.519375
v 0.774777 0.565848 -1.350491
v 0.705134 0.565848 -1.350491
v 1.212753 1.523438 -1.742232
v 1.282396 1.523438 -1.742232
v -1.919531 0.708616 -0.197321
v -1.623549 0.708616 -0.197321
v -1.623549 0.945402 -0.197321
v -1.919531 0.945402 -0.197321
v -1.646183 0.726723 -2.600000
v -1.896897 0.726723 -2.600000
v -1.896897 0.927295 -2.600000
v -1.646183 0.927295 -2.600000
v -1.815067 0.941920 -0.653830
v -1.728013 0.941920 -0.653830
v -1.728013 0.983705 -0.653830
v -1.815067 0.983705 -0.653830
v -1.728013 0.941920 -2.143491
v -1.815067 0.941920 -2.143491
v -1.815067 0.983705 -2.143491
v -1.728013 0.983705 -2.143491
v -1.867299 0.748661 -2.260143
v -1.675781 0.748661 -2.260143
v -1.675781 0.905357 -2.260143
v -1.867299 0.905357 -2.260143
v -1.675781 0.748661 -2.301929
v -1.867299 0.748661 -2.301929
v -1.867299 0.905357 -2.301929
v -1.675781 0.905357 -2.301929
v 1.623549 0.708616 -0.197321
v 1.919531 0.708616 -0.197321
v 1.919531 0.945402 -0.197321
v 1.623549 0.945402 -0.197321
v 1.896897 0.726723 -2.600000
v 1.646183 0.726723 -2.600000
v 1.646183 0.927295 -2.600000
v 1.896897 0.927295 -2.600000
v 1.728013 0.941920 -0.653830
v 1.815067 0.941920 -0.653830
v 1.815067 0.983705 -0.653830
v 1.728013 0.983705 -0.653830
v 1.815067 0.941920 -2.143491
v 1.728013 0.941920 -2.143491
v 1.728013 0.983705 -2.143491
v 1.815067 0.983705 -2.143491
v 1.675781 0.748661 -2.260143
v 1.867299 0.748661 -2.260143
v 1.867299 0.905357 -2.260143
v 1.675781 0.905357 -2.260143
v 1.867299 0.748661 -2.301929
v 1.675781 0.748661 -2.301929
v 1.675781 0.905357 -2.301929
v 1.867299 0.905357 -2.301929
v -1.771540 0.679018 -0.203770
v -1.684553 0.707282 -0.203770
v -1.696207 0.723322 -0.129774
v -1.771540 0.698845 -0.129774
v -1.630792 0.781277 -0.203770
v -1.649649 0.787404 -0.129774
v -1.630792 0.872741 -0.203770
v -1.649649 0.866614 -0.129774
v -1.684553 0.946736 -0.203770
v -1.696207 0.930696 -0.129774
v -1.771540 0.975000 -0.203770
v -1.771540 0.955173 -0.129774
v -1.858527 0.946736 -0.203770
v -1.846873 0.930696 -0.129774
v -1.912288 0.872741 -0.203770
v -1.893431 0.866614 -0.129774
v -1.912288 0.781277 -0.203770
v -1.893431 0.787404 -0.129774
v -1.858527 0.707282 -0.203770
v -1.846873 0.723322 -0.129774
v -1.728047 0.767145 -0.075606
v -1.771540 0.753013 -0.075606
v -1.701166 0.804143 -0.075606
v -1.701166 0.849875 -0.075606
v -1.728047 0.886873 -0.075606
v -1.771540 0.901004 -0.075606
v -1.815034 0.886873 -0.075606
v -1.841914 0.849875 -0.075606
v -1.841914 0.804143 -0.075606
v -1.815034 0.767145 -0.075606
v -1.771540 0.827009 -0.055779
v -0.774777 0.478795 -1.475848
v -0.705134 0.478795 -1.475848
v -1.659338 0.739955 -1.519375
v -1.728981 0.739955 -1.519375
v -0.705134 0.478795 -1.698705
v -0.774777 0.478795 -1.698705
v -1.728981 0.739955 -1.742232
v -1.659338 0.739955 -1.742232
v 1.771540 0.679018 -0.203770
v 1.858527 0.707282 -0.203770
v 1.846873 0.723322 -0.129774
v 1.771540 0.698845 -0.129774
v 1.912288 0.781277 -0.203770
v 1.893431 0.787404 -0.129774
v 1.912288 0.872741 -0.203770
v 1.893431 0.866614 -0.129774
v 1.858527 0.946736 -0.203770
v 1.846873 0.930696 -0.129774
v 1.771540 0.975000 -0.203770
v 1.771540 0.955173 -0.129774
v 1.684553 0.946736 -0.203770
v 1.696207 0.930696 -0.129774
v 1.630792 0.872741 -0.203770
v 1.649649 0.866614 -0.129774
v 1.630792 0.781277 -0.203770
v 1.649649 0.787404 -0.129774
v 1.684553 0.707282 -0.203770
v 1.696207 0.723322 -0.129774
v 1.815034 0.767145 -0.075606
v 1.771540 0.753013 -0.075606
v 1.841914 0.804143 -0.075606
v 1.841914 0.849875 -0.075606
v 1.815034 0.886873 -0.075606
v 1.771540 0.901004 -0.075606
v 1.728047 0.886873 -0.075606
v 1.701166 0.849875 -0.075606
v 1.701166 0.804143 -0.075606
v 1.728047 0.767145 -0.075606
v 1.771540 0.827009 -0.055779
v 0.705134 0.478795 -1.475848
v 0.774777 0.478795 -1.475848
v 1.728981 0.739955 -1.519375
v 1.659338 0.739955 -1.519375
v 0.774777 0.478795 -1.698705
v 0.705134 0.478795 -1.698705
v 1.659338 0.739955 -1.742232
v 1.728981 0.739955 -1.742232
vt 0.171875 0.828125
vt 0.203213 0.912918
vt 0.171875 0.918359
vt 0.230771 0.897249
vt 0.251226 0.873242
vt 0.262109 0.843794
vt 0.262109 0.812456
vt 0.251226 0.783008
vt 0.230771 0.759001
vt 0.203213 0.743332
vt 0.171875 0.737891
vt 0.140537 0.743332
vt 0.112979 0.759001
vt 0.092524 0.783008
vt 0.081641 0.812456
vt 0.081641 0.843794
vt 0.092524 0.873242
vt 0.112979 0.897249
vt 0.140537 0.912918
vt 0.223155 0.966876
vt 0.171875 0.975781
vt 0.268251 0.941236
vt 0.301722 0.901953
vt 0.319531 0.853765
vt 0.319531 0.802485
vt 0.301722 0.754297
vt 0.268251 0.715014
vt 0.223155 0.689374
vt 0.171875 0.680469
vt 0.120595 0.689374
vt 0.075499 0.715014
vt 0.042028 0.754297
vt 0.024219 0.802485
vt 0.024219 0.853765
vt 0.042028 0.901953
vt 0.075499 0.941236
vt 0.120595 0.966876
vt 0.228853 0.982293
vt 0.171875 0.992188
vt 0.278959 0.953804
vt 0.316149 0.910156
vt 0.335938 0.856614
vt 0.335938 0.799636
vt 0.316149 0.746094
vt 0.278959 0.702446
vt 0.228853 0.673957
vt 0.171875 0.664062
vt 0.114897 0.673957
vt 0.064791 0.702446
vt 0.027601 0.746094
vt 0.007813 0.799636
vt 0.007812 0.856614
vt 0.027601 0.910156
vt 0.064791 0.953804
vt 0.114897 0.982293
vt 0.195312 0.145531
vt 0.260431 0.145531
vt 0.260431 0.173328
vt 0.195312 0.173328
vt 0.317694 0.145531
vt 0.317694 0.173328
vt 0.338946 0.145531
vt 0.289062 0.145531
vt 0.289062 0.173328
vt 0.338946 0.173328
vt 0.227872 0.145531
vt 0.227872 0.173328
vt 0.162753 0.145531
vt 0.162753 0.173328
vt 0.101563 0.145531
vt 0.101563 0.173328
vt 0.051679 0.145531
vt 0.051679 0.173328
vt 0.700507 0.145531
vt 0.643243 0.145531
vt 0.643243 0.173328
vt 0.700507 0.173328
vt 0.578125 0.145531
vt 0.578125 0.173328
vt 0.513007 0.145531
vt 0.513007 0.173328
vt 0.455743 0.145531
vt 0.455743 0.173328
vt 0.072931 0.145531
vt 0.130194 0.145531
vt 0.130194 0.173328
vt 0.072931 0.173328
vt 0.253919 0.173328
vt 0.252616 0.178289
vt 0.195312 0.178289
vt 0.305456 0.173328
vt 0.303009 0.178289
vt 0.324582 0.173328
vt 0.279687 0.173328
vt 0.277812 0.178289
vt 0.321710 0.178289
vt 0.224616 0.173328
vt 0.223964 0.178289
vt 0.166009 0.173328
vt 0.166661 0.178289
vt 0.110938 0.173328
vt 0.112812 0.178289
vt 0.066043 0.173328
vt 0.068915 0.178289
vt 0.688269 0.173328
vt 0.636731 0.173328
vt 0.635429 0.178289
vt 0.685821 0.178289
vt 0.578125 0.178289
vt 0.519519 0.173328
vt 0.520821 0.178289
vt 0.467981 0.173328
vt 0.470429 0.178289
vt 0.085169 0.173328
vt 0.136706 0.173328
vt 0.138009 0.178289
vt 0.087616 0.178289
vt 0.171875 0.972500
vt 0.222016 0.963793
vt 0.266109 0.938723
vt 0.298836 0.900312
vt 0.316250 0.853195
vt 0.316250 0.803055
vt 0.298836 0.755938
vt 0.266109 0.717527
vt 0.222016 0.692457
vt 0.171875 0.683750
vt 0.121734 0.692457
vt 0.077641 0.717527
vt 0.044914 0.755937
vt 0.027500 0.803055
vt 0.027500 0.853195
vt 0.044914 0.900312
vt 0.077641 0.938723
vt 0.121734 0.963793
vt 0.200364 0.905209
vt 0.171875 0.910156
vt 0.225417 0.890965
vt 0.244012 0.869141
vt 0.253906 0.842370
vt 0.253906 0.813880
vt 0.244012 0.787109
vt 0.225417 0.765285
vt 0.200364 0.751041
vt 0.171875 0.746094
vt 0.143386 0.751041
vt 0.118333 0.765285
vt 0.099738 0.787109
vt 0.089844 0.813880
vt 0.089844 0.842370
vt 0.099738 0.869141
vt 0.118333 0.890965
vt 0.143386 0.905209
vt 0.186120 0.866667
vt 0.171875 0.869141
vt 0.198646 0.859545
vt 0.207944 0.848633
vt 0.212891 0.835247
vt 0.212891 0.821003
vt 0.207944 0.807617
vt 0.198646 0.796705
vt 0.186120 0.789583
vt 0.171875 0.787109
vt 0.157630 0.789583
vt 0.145104 0.796705
vt 0.135806 0.807617
vt 0.130859 0.821003
vt 0.130859 0.835247
vt 0.135806 0.848633
vt 0.145104 0.859545
vt 0.157630 0.866667
vt 0.007812 0.281250
vt 0.101562 0.281250
vt 0.101562 0.375000
vt 0.007812 0.375000
vt 0.101562 0.281250
vt 0.007812 0.281250
vt 0.007812 0.375000
vt 0.101562 0.375000
vt 0.007812 0.375000
vt 0.101562 0.375000
vt 0.101562 0.281250
vt 0.007812 0.281250
vt 0.007812 0.281250
vt 0.101562 0.281250
vt 0.101562 0.375000
vt 0.007812 0.375000
vt 0.718750 0.476562
vt 0.747720 0.476562
vt 0.743839 0.429688
vt 0.718750 0.429688
vt 0.680827 0.476562
vt 0.704265 0.476562
vt 0.706205 0.429688
vt 0.685908 0.429688
vt 0.733235 0.476562
vt 0.731295 0.429688
vt 0.756673 0.476562
vt 0.751592 0.429688
vt 0.747720 0.476562
vt 0.718750 0.476562
vt 0.718750 0.429688
vt 0.743839 0.429688
vt 0.689780 0.476562
vt 0.693661 0.429688
vt 0.689780 0.476562
vt 0.693661 0.429688
vt 0.617188 0.389093
vt 0.642277 0.396846
vt 0.631673 0.410726
vt 0.617188 0.406250
vt 0.657782 0.417143
vt 0.640625 0.422445
vt 0.725993 0.395373
vt 0.711507 0.395373
vt 0.657782 0.442232
vt 0.642277 0.462529
vt 0.631673 0.448649
vt 0.640625 0.436930
vt 0.718750 0.395373
vt 0.733235 0.395373
vt 0.704265 0.395373
vt 0.592098 0.462529
vt 0.576593 0.442232
vt 0.593750 0.436930
vt 0.602702 0.448649
vt 0.576593 0.417143
vt 0.592098 0.396846
vt 0.602702 0.410726
vt 0.593750 0.422445
vt 0.617188 0.429688
vt 0.617188 0.453125
vt 0.617188 0.429688
vt 0.650333 0.462833
vt 0.617188 0.476562
vt 0.664062 0.429688
vt 0.650333 0.396542
vt 0.617188 0.382812
vt 0.584042 0.396542
vt 0.570312 0.429688
vt 0.584042 0.462833
vt 0.718750 0.382812
vt 0.751896 0.382812
vt 0.751896 0.476562
vt 0.718750 0.476562
vt 0.751896 0.382812
vt 0.718750 0.382812
vt 0.718750 0.476562
vt 0.751896 0.476562
vt 0.685604 0.382812
vt 0.685604 0.476562
vt 0.751896 0.382812
vt 0.718750 0.382812
vt 0.718750 0.476562
vt 0.751896 0.476562
vt 0.685604 0.382812
vt 0.685604 0.476562
vt 0.685604 0.382812
vt 0.685604 0.476562
vt 0.187500 0.484375
vt 0.312500 0.484375
vt 0.312500 0.585202
vt 0.187500 0.585202
vt 0.312500 0.555423
vt 0.187500 0.555423
vt 0.187500 0.656250
vt 0.312500 0.656250
vt 0.320312 0.656250
vt 0.382812 0.656250
vt 0.382812 0.519153
vt 0.320312 0.519153
vt 0.320312 0.484375
vt 0.382812 0.484375
vt 0.382812 0.621472
vt 0.320312 0.621472
vt 0.187500 0.555423
vt 0.287207 0.484375
vt 0.312500 0.585202
vt 0.212793 0.656250
vt 0.203125 0.382812
vt 0.328125 0.382812
vt 0.328125 0.476562
vt 0.203125 0.476562
vt 0.441493 0.397396
vt 0.355382 0.397396
vt 0.355382 0.461979
vt 0.441493 0.461979
vt 0.343750 0.992188
vt 0.546875 0.992188
vt 0.515278 0.664062
vt 0.375347 0.664062
vt 0.109375 0.309028
vt 0.484375 0.296875
vt 0.484375 0.375000
vt 0.109375 0.362847
vt 0.617188 0.429687
vt 0.635126 0.429687
vt 0.633548 0.476562
vt 0.617188 0.476562
vt 0.718750 0.386935
vt 0.735111 0.390189
vt 0.732558 0.396352
vt 0.718750 0.393605
vt 0.617188 0.458658
vt 0.630996 0.458658
vt 0.630996 0.400717
vt 0.617188 0.400717
vt 0.718750 0.393605
vt 0.732558 0.396352
vt 0.735111 0.390189
vt 0.718750 0.386935
vt 0.617188 0.382812
vt 0.633548 0.382812
vt 0.650333 0.429687
vt 0.647418 0.476562
vt 0.748981 0.399457
vt 0.744264 0.404173
vt 0.642702 0.458658
vt 0.642702 0.400717
vt 0.744264 0.404173
vt 0.748981 0.399457
vt 0.647418 0.382812
vt 0.718750 0.396542
vt 0.718750 0.411749
vt 0.765625 0.413327
vt 0.765625 0.399457
vt 0.758248 0.413327
vt 0.752086 0.415879
vt 0.747720 0.404173
vt 0.747720 0.415879
vt 0.689780 0.415879
vt 0.689780 0.404173
vt 0.752086 0.415879
vt 0.758248 0.413327
vt 0.671875 0.399457
vt 0.671875 0.413327
vt 0.718750 0.429688
vt 0.765625 0.429688
vt 0.761503 0.429688
vt 0.754833 0.429688
vt 0.747720 0.429688
vt 0.689780 0.429688
vt 0.754833 0.429688
vt 0.761503 0.429688
vt 0.671875 0.429688
vt 0.718750 0.447626
vt 0.765625 0.446048
vt 0.758248 0.446048
vt 0.752086 0.443496
vt 0.747720 0.443496
vt 0.689780 0.443496
vt 0.752086 0.443496
vt 0.758248 0.446048
vt 0.671875 0.446048
vt 0.718750 0.462833
vt 0.765625 0.459918
vt 0.748981 0.459918
vt 0.744264 0.455202
vt 0.747720 0.455202
vt 0.689780 0.455202
vt 0.744264 0.455202
vt 0.748981 0.459918
vt 0.671875 0.459918
vt 0.735111 0.469186
vt 0.732558 0.463023
vt 0.732558 0.463023
vt 0.735111 0.469186
vt 0.718750 0.472440
vt 0.718750 0.465770
vt 0.718750 0.465770
vt 0.718750 0.472440
vt 0.599249 0.429687
vt 0.600827 0.476562
vt 0.702389 0.469186
vt 0.704942 0.463023
vt 0.603379 0.458658
vt 0.603379 0.400717
vt 0.704942 0.463023
vt 0.702389 0.469186
vt 0.600827 0.382812
vt 0.584042 0.429687
vt 0.586957 0.476562
vt 0.688519 0.459918
vt 0.693236 0.455202
vt 0.591673 0.458658
vt 0.591673 0.400717
vt 0.693236 0.455202
vt 0.688519 0.459918
vt 0.586957 0.382812
vt 0.679252 0.446048
vt 0.685414 0.443496
vt 0.685414 0.443496
vt 0.679252 0.446048
vt 0.675997 0.429688
vt 0.682667 0.429688
vt 0.682667 0.429688
vt 0.675997 0.429688
vt 0.679252 0.413327
vt 0.685414 0.415879
vt 0.685414 0.415879
vt 0.679252 0.413327
vt 0.688519 0.399457
vt 0.693236 0.404173
vt 0.693236 0.404173
vt 0.688519 0.399457
vt 0.702389 0.390189
vt 0.704942 0.396352
vt 0.704942 0.396352
vt 0.702389 0.390189
vt 0.054688 0.281250
vt 0.083658 0.290202
vt 0.075546 0.300821
vt 0.054688 0.294375
vt 0.101562 0.313640
vt 0.088438 0.317696
vt 0.101562 0.342610
vt 0.088438 0.338554
vt 0.083658 0.366048
vt 0.075546 0.355429
vt 0.054688 0.375000
vt 0.054688 0.361875
vt 0.025717 0.366048
vt 0.033829 0.355429
vt 0.007812 0.342610
vt 0.020938 0.338554
vt 0.007812 0.313640
vt 0.020938 0.317696
vt 0.025717 0.290202
vt 0.033829 0.300821
vt 0.054688 0.328125
vt 0.671875 0.382812
vt 0.765625 0.382812
vt 0.765625 0.476562
vt 0.671875 0.476562
vt 0.765625 0.382812
vt 0.671875 0.382812
vt 0.671875 0.476562
vt 0.765625 0.476562
vt 0.570312 0.476562
vt 0.664062 0.476562
vt 0.664062 0.382812
vt 0.570312 0.382812
vt 0.671875 0.382812
vt 0.765625 0.382812
vt 0.765625 0.476562
vt 0.671875 0.476562
vt 0.671875 0.476562
vt 0.765625 0.476562
vt 0.737500 0.382812
vt 0.690625 0.382812
vt 0.664062 0.382812
vt 0.570312 0.382812
vt 0.570312 0.476562
vt 0.664062 0.476562
vt 0.570312 0.448438
vt 0.664062 0.448438
vt 0.570312 0.401562
vt 0.664062 0.401562
vt 0.203125 0.382812
vt 0.328125 0.382812
vt 0.328125 0.476562
vt 0.203125 0.476562
vt 0.441493 0.397396
vt 0.355382 0.397396
vt 0.355382 0.461979
vt 0.441493 0.461979
vt 0.343750 0.992188
vt 0.546875 0.992188
vt 0.515278 0.664062
vt 0.375347 0.664062
vt 0.109375 0.309028
vt 0.484375 0.296875
vt 0.484375 0.375000
vt 0.109375 0.362847
vt 0.617188 0.429687
vt 0.635126 0.429687
vt 0.633548 0.476562
vt 0.617188 0.476562
vt 0.718750 0.386935
vt 0.735111 0.390189
vt 0.732558 0.396352
vt 0.718750 0.393605
vt 0.617188 0.458658
vt 0.630996 0.458658
vt 0.630996 0.400717
vt 0.617188 0.400717
vt 0.718750 0.393605
vt 0.732558 0.396352
vt 0.735111 0.390189
vt 0.718750 0.386935
vt 0.617188 0.382812
vt 0.633548 0.382812
vt 0.650333 0.429687
vt 0.647418 0.476562
vt 0.748981 0.399457
vt 0.744264 0.404173
vt 0.642702 0.458658
vt 0.642702 0.400717
vt 0.744264 0.404173
vt 0.748981 0.399457
vt 0.647418 0.382812
vt 0.718750 0.396542
vt 0.718750 0.411749
vt 0.765625 0.413327
vt 0.765625 0.399457
vt 0.758248 0.413327
vt 0.752086 0.415879
vt 0.747720 0.404173
vt 0.747720 0.415879
vt 0.689780 0.415879
vt 0.689780 0.404173
vt 0.752086 0.415879
vt 0.758248 0.413327
vt 0.671875 0.399457
vt 0.671875 0.413327
vt 0.718750 0.429688
vt 0.765625 0.429688
vt 0.761503 0.429688
vt 0.754833 0.429688
vt 0.747720 0.429688
vt 0.689780 0.429688
vt 0.754833 0.429688
vt 0.761503 0.429688
vt 0.671875 0.429688
vt 0.718750 0.447626
vt 0.765625 0.446048
vt 0.758248 0.446048
vt 0.752086 0.443496
vt 0.747720 0.443496
vt 0.689780 0.443496
vt 0.752086 0.443496
vt 0.758248 0.446048
vt 0.671875 0.446048
vt 0.718750 0.462833
vt 0.765625 0.459918
vt 0.748981 0.459918
vt 0.744264 0.455202
vt 0.747720 0.455202
vt 0.689780 0.455202
vt 0.744264 0.455202
vt 0.748981 0.459918
vt 0.671875 0.459918
vt 0.735111 0.469186
vt 0.732558 0.463023
vt 0.732558 0.463023
vt 0.735111 0.469186
vt 0.718750 0.472440
vt 0.718750 0.465770
vt 0.718750 0.465770
vt 0.718750 0.472440
vt 0.599249 0.429687
vt 0.600827 0.476562
vt 0.702389 0.469186
vt 0.704942 0.463023
vt 0.603379 0.458658
vt 0.603379 0.400717
vt 0.704942 0.463023
vt 0.702389 0.469186
vt 0.600827 0.382812
vt 0.584042 0.429687
vt 0.586957 0.476562
vt 0.688519 0.459918
vt 0.693236 0.455202
vt 0.591673 0.458658
vt 0.591673 0.400717
vt 0.693236 0.455202
vt 0.688519 0.459918
vt 0.586957 0.382812
vt 0.679252 0.446048
vt 0.685414 0.443496
vt 0.685414 0.443496
vt 0.679252 0.446048
vt 0.675997 0.429688
vt 0.682667 0.429688
vt 0.682667 0.429688
vt 0.675997 0.429688
vt 0.679252 0.413327
vt 0.685414 0.415879
vt 0.685414 0.415879
vt 0.679252 0.413327
vt 0.688519 0.399457
vt 0.693236 0.404173
vt 0.693236 0.404173
vt 0.688519 0.399457
vt 0.702389 0.390189
vt 0.704942 0.396352
vt 0.704942 0.396352
vt 0.702389 0.390189
vt 0.054688 0.281250
vt 0.083658 0.290202
vt 0.075546 0.300821
vt 0.054688 0.294375
vt 0.101562 0.313640
vt 0.088438 0.317696
vt 0.101562 0.342610
vt 0.088438 0.338554
vt 0.083658 0.366048
vt 0.075546 0.355429
vt 0.054688 0.375000
vt 0.054688 0.361875
vt 0.025717 0.366048
vt 0.033829 0.355429
vt 0.007812 0.342610
vt 0.020938 0.338554
vt 0.007812 0.313640
vt 0.020938 0.317696
vt 0.025717 0.290202
vt 0.033829 0.300821
vt 0.054688 0.328125
vt 0.671875 0.382812
vt 0.765625 0.382812
vt 0.765625 0.476562
vt 0.671875 0.476562
vt 0.765625 0.382812
vt 0.671875 0.382812
vt 0.671875 0.476562
vt 0.765625 0.476562
vt 0.570312 0.476562
vt 0.664062 0.476562
vt 0.664062 0.382812
vt 0.570312 0.382812
vt 0.671875 0.382812
vt 0.765625 0.382812
vt 0.765625 0.476562
vt 0.671875 0.476562
vt 0.671875 0.476562
vt 0.765625 0.476562
vt 0.737500 0.382812
vt 0.690625 0.382812
vt 0.664062 0.382812
vt 0.570312 0.382812
vt 0.570312 0.476562
vt 0.664062 0.476562
vt 0.570312 0.448438
vt 0.664062 0.448438
vt 0.570312 0.401562
vt 0.664062 0.401562
vt 0.390625 0.195312
vt 0.484375 0.195312
vt 0.484375 0.262559
vt 0.390625 0.262559
vt 0.578768 0.200455
vt 0.499357 0.200455
vt 0.499357 0.257417
vt 0.578768 0.257417
vt 0.554688 0.992188
vt 0.625000 0.992188
vt 0.619623 0.664062
vt 0.560064 0.664062
vt 0.492188 0.302017
vt 0.867188 0.296875
vt 0.867188 0.364122
vt 0.492188 0.358979
vt 0.382812 0.195312
vt 0.354136 0.200455
vt 0.354136 0.257417
vt 0.382812 0.262559
vt 0.423713 0.261570
vt 0.451287 0.261570
vt 0.451287 0.273438
vt 0.423713 0.273438
vt 0.552849 0.261570
vt 0.525276 0.261570
vt 0.525276 0.273438
vt 0.552849 0.273438
vt 0.579504 0.929844
vt 0.600184 0.929844
vt 0.600184 0.726406
vt 0.579504 0.726406
vt 0.563438 0.363133
vt 0.795937 0.363133
vt 0.795937 0.375000
vt 0.563438 0.375000
vt 0.250460 0.261570
vt 0.250460 0.273438
vt 0.407169 0.206685
vt 0.467831 0.206685
vt 0.467831 0.251187
vt 0.407169 0.251187
vt 0.569393 0.206685
vt 0.508732 0.206685
vt 0.508732 0.251187
vt 0.569393 0.251187
vt 0.567096 0.710476
vt 0.612592 0.710476
vt 0.612592 0.704769
vt 0.567096 0.704769
vt 0.538709 0.308248
vt 0.545231 0.308248
vt 0.545231 0.352749
vt 0.538709 0.352749
vt 0.316636 0.206685
vt 0.316636 0.251187
vt 0.390625 0.195312
vt 0.484375 0.195312
vt 0.484375 0.262559
vt 0.390625 0.262559
vt 0.578768 0.200455
vt 0.499357 0.200455
vt 0.499357 0.257417
vt 0.578768 0.257417
vt 0.554688 0.992188
vt 0.625000 0.992188
vt 0.619623 0.664062
vt 0.560064 0.664062
vt 0.036489 0.200455
vt 0.007812 0.195312
vt 0.007812 0.262559
vt 0.036489 0.257417
vt 0.867188 0.296875
vt 0.492188 0.302017
vt 0.492188 0.358979
vt 0.867188 0.364122
vt 0.423713 0.261570
vt 0.451287 0.261570
vt 0.451287 0.273438
vt 0.423713 0.273438
vt 0.552849 0.261570
vt 0.525276 0.261570
vt 0.525276 0.273438
vt 0.552849 0.273438
vt 0.579504 0.929844
vt 0.600184 0.929844
vt 0.600184 0.726406
vt 0.579504 0.726406
vt 0.140165 0.261570
vt 0.140165 0.273438
vt 0.795937 0.363133
vt 0.563438 0.363133
vt 0.563438 0.375000
vt 0.795937 0.375000
vt 0.407169 0.206685
vt 0.467831 0.206685
vt 0.467831 0.251187
vt 0.407169 0.251187
vt 0.569393 0.206685
vt 0.508732 0.206685
vt 0.508732 0.251187
vt 0.569393 0.251187
vt 0.567096 0.710476
vt 0.612592 0.710476
vt 0.612592 0.704769
vt 0.567096 0.704769
vt 0.073989 0.206685
vt 0.073989 0.251187
vt 0.545231 0.308248
vt 0.538709 0.308248
vt 0.538709 0.352749
vt 0.545231 0.352749
vt 0.054688 0.281250
vt 0.083658 0.281250
vt 0.079777 0.328125
vt 0.054688 0.328125
vt 0.007813 0.290202
vt 0.007813 0.313640
vt 0.054688 0.315580
vt 0.054688 0.295283
vt 0.007813 0.342610
vt 0.054688 0.340670
vt 0.007813 0.366048
vt 0.054688 0.360967
vt 0.025717 0.281250
vt 0.029598 0.328125
vt 0.069173 0.362440
vt 0.054688 0.362440
vt 0.079777 0.295283
vt 0.095282 0.315580
vt 0.078125 0.320882
vt 0.069173 0.309164
vt 0.089002 0.335368
vt 0.089002 0.320882
vt 0.095282 0.340670
vt 0.079777 0.360967
vt 0.069173 0.347086
vt 0.078125 0.335368
vt 0.040202 0.362440
vt 0.029598 0.360967
vt 0.014093 0.340670
vt 0.031250 0.335368
vt 0.040202 0.347086
vt 0.014093 0.315580
vt 0.029598 0.295283
vt 0.040202 0.309164
vt 0.031250 0.320882
vt 0.054688 0.304688
vt 0.054688 0.328125
vt 0.054688 0.351562
vt 0.297420 0.484375
vt 0.312500 0.484375
vt 0.202580 0.656250
vt 0.187500 0.656250
vt 0.312500 0.484375
vt 0.297420 0.484375
vt 0.187500 0.656250
vt 0.202580 0.656250
vt 0.320312 0.546698
vt 0.327853 0.546698
vt 0.327853 0.484375
vt 0.320312 0.484375
vt 0.375272 0.593927
vt 0.382812 0.593927
vt 0.382812 0.656250
vt 0.375272 0.656250
vt 0.267174 0.484375
vt 0.312500 0.484375
vt 0.232826 0.656250
vt 0.187500 0.656250
vt 0.054687 0.281250
vt 0.083658 0.281250
vt 0.079777 0.328125
vt 0.054687 0.328125
vt 0.007813 0.290202
vt 0.007813 0.313640
vt 0.054688 0.315580
vt 0.054688 0.295283
vt 0.007813 0.342610
vt 0.054688 0.340670
vt 0.007813 0.366048
vt 0.054688 0.360967
vt 0.025717 0.281250
vt 0.029598 0.328125
vt 0.069173 0.362440
vt 0.054687 0.362440
vt 0.079777 0.295283
vt 0.095282 0.315580
vt 0.078125 0.320882
vt 0.069173 0.309164
vt 0.089002 0.335368
vt 0.089002 0.320882
vt 0.095282 0.340670
vt 0.079777 0.360967
vt 0.069173 0.347086
vt 0.078125 0.335368
vt 0.040202 0.362440
vt 0.029598 0.360967
vt 0.014093 0.340670
vt 0.031250 0.335368
vt 0.040202 0.347086
vt 0.014093 0.315580
vt 0.029598 0.295283
vt 0.040202 0.309164
vt 0.031250 0.320882
vt 0.054687 0.304688
vt 0.054687 0.328125
vt 0.054687 0.351562
vt 0.187500 0.484375
vt 0.202580 0.484375
vt 0.312500 0.656250
vt 0.297420 0.656250
vt 0.202580 0.484375
vt 0.187500 0.484375
vt 0.297420 0.656250
vt 0.312500 0.656250
vt 0.375272 0.546698
vt 0.382812 0.546698
vt 0.382812 0.484375
vt 0.375272 0.484375
vt 0.320312 0.593927
vt 0.327853 0.593927
vt 0.327853 0.656250
vt 0.320312 0.656250
vt 0.267174 0.484375
vt 0.312500 0.484375
vt 0.232826 0.656250
vt 0.187500 0.656250
vt 0.390625 0.195312
vt 0.484375 0.195312
vt 0.484375 0.262559
vt 0.390625 0.262559
vt 0.578768 0.200455
vt 0.499357 0.200455
vt 0.499357 0.257417
vt 0.578768 0.257417
vt 0.554688 0.992188
vt 0.625000 0.992188
vt 0.619623 0.664062
vt 0.560064 0.664062
vt 0.492188 0.302017
vt 0.867188 0.296875
vt 0.867188 0.364122
vt 0.492188 0.358979
vt 0.382812 0.195312
vt 0.354136 0.200455
vt 0.354136 0.257417
vt 0.382812 0.262559
vt 0.423713 0.261570
vt 0.451287 0.261570
vt 0.451287 0.273438
vt 0.423713 0.273438
vt 0.552849 0.261570
vt 0.525276 0.261570
vt 0.525276 0.273438
vt 0.552849 0.273438
vt 0.579504 0.929844
vt 0.600184 0.929844
vt 0.600184 0.726406
vt 0.579504 0.726406
vt 0.563438 0.363133
vt 0.795937 0.363133
vt 0.795937 0.375000
vt 0.563438 0.375000
vt 0.250460 0.261570
vt 0.250460 0.273438
vt 0.407169 0.206685
vt 0.467831 0.206685
vt 0.467831 0.251187
vt 0.407169 0.251187
vt 0.569393 0.206685
vt 0.508732 0.206685
vt 0.508732 0.251187
vt 0.569393 0.251187
vt 0.567096 0.710476
vt 0.612592 0.710476
vt 0.612592 0.704769
vt 0.567096 0.704769
vt 0.538709 0.308248
vt 0.545231 0.308248
vt 0.545231 0.352749
vt 0.538709 0.352749
vt 0.316636 0.206685
vt 0.316636 0.251187
vt 0.390625 0.195312
vt 0.484375 0.195312
vt 0.484375 0.262559
vt 0.390625 0.262559
vt 0.578768 0.200455
vt 0.499357 0.200455
vt 0.499357 0.257417
vt 0.578768 0.257417
vt 0.554688 0.992188
vt 0.625000 0.992188
vt 0.619623 0.664062
vt 0.560064 0.664062
vt 0.036489 0.200455
vt 0.007812 0.195312
vt 0.007812 0.262559
vt 0.036489 0.257417
vt 0.867188 0.296875
vt 0.492188 0.302017
vt 0.492188 0.358979
vt 0.867188 0.364122
vt 0.423713 0.261570
vt 0.451287 0.261570
vt 0.451287 0.273438
vt 0.423713 0.273438
vt 0.552849 0.261570
vt 0.525276 0.261570
vt 0.525276 0.273438
vt 0.552849 0.273438
vt 0.579504 0.929844
vt 0.600184 0.929844
vt 0.600184 0.726406
vt 0.579504 0.726406
vt 0.140165 0.261570
vt 0.140165 0.273438
vt 0.795937 0.363133
vt 0.563438 0.363133
vt 0.563438 0.375000
vt 0.795937 0.375000
vt 0.407169 0.206685
vt 0.467831 0.206685
vt 0.467831 0.251187
vt 0.407169 0.251187
vt 0.569393 0.206685
vt 0.508732 0.206685
vt 0.508732 0.251187
vt 0.569393 0.251187
vt 0.567096 0.710476
vt 0.612592 0.710476
vt 0.612592 0.704769
vt 0.567096 0.704769
vt 0.073989 0.206685
vt 0.073989 0.251187
vt 0.545231 0.308248
vt 0.538709 0.308248
vt 0.538709 0.352749
vt 0.545231 0.352749
vt 0.054688 0.281250
vt 0.083658 0.281250
vt 0.079777 0.328125
vt 0.054688 0.328125
vt 0.007813 0.290202
vt 0.007813 0.313640
vt 0.054688 0.315580
vt 0.054688 0.295283
vt 0.007813 0.342610
vt 0.054688 0.340670
vt 0.007813 0.366048
vt 0.054688 0.360967
vt 0.025717 0.281250
vt 0.029598 0.328125
vt 0.069173 0.362440
vt 0.054688 0.362440
vt 0.079777 0.295283
vt 0.095282 0.315580
vt 0.078125 0.320882
vt 0.069173 0.309164
vt 0.089002 0.335368
vt 0.089002 0.320882
vt 0.095282 0.340670
vt 0.079777 0.360967
vt 0.069173 0.347086
vt 0.078125 0.335368
vt 0.040202 0.362440
vt 0.029598 0.360967
vt 0.014093 0.340670
vt 0.031250 0.335368
vt 0.040202 0.347086
vt 0.014093 0.315580
vt 0.029598 0.295283
vt 0.040202 0.309164
vt 0.031250 0.320882
vt 0.054688 0.304688
vt 0.054688 0.328125
vt 0.054688 0.351562
vt 0.303997 0.484375
vt 0.312500 0.484375
vt 0.196003 0.656250
vt 0.187500 0.656250
vt 0.312500 0.484375
vt 0.303997 0.484375
vt 0.187500 0.656250
vt 0.196003 0.656250
vt 0.320312 0.628166
vt 0.324564 0.628166
vt 0.324564 0.484375
vt 0.320312 0.484375
vt 0.378561 0.512459
vt 0.382812 0.512459
vt 0.382812 0.656250
vt 0.378561 0.656250
vt 0.054688 0.281250
vt 0.083658 0.281250
vt 0.079777 0.328125
vt 0.054688 0.328125
vt 0.007813 0.290202
vt 0.007813 0.313640
vt 0.054688 0.315580
vt 0.054688 0.295283
vt 0.007813 0.342610
vt 0.054688 0.340670
vt 0.007813 0.366048
vt 0.054688 0.360967
vt 0.025717 0.281250
vt 0.029598 0.328125
vt 0.069173 0.362440
vt 0.054688 0.362440
vt 0.079777 0.295283
vt 0.095282 0.315580
vt 0.078125 0.320882
vt 0.069173 0.309164
vt 0.089002 0.335368
vt 0.089002 0.320882
vt 0.095282 0.340670
vt 0.079777 0.360967
vt 0.069173 0.347086
vt 0.078125 0.335368
vt 0.040202 0.362440
vt 0.029598 0.360967
vt 0.014093 0.340670
vt 0.031250 0.335368
vt 0.040202 0.347086
vt 0.014093 0.315580
vt 0.029598 0.295283
vt 0.040202 0.309164
vt 0.031250 0.320882
vt 0.054688 0.304688
vt 0.054688 0.328125
vt 0.054688 0.351562
vt 0.187500 0.484375
vt 0.196003 0.484375
vt 0.312500 0.656250
vt 0.303997 0.656250
vt 0.196003 0.484375
vt 0.187500 0.484375
vt 0.303997 0.656250
vt 0.312500 0.656250
vt 0.378561 0.628166
vt 0.382812 0.628166
vt 0.382812 0.484375
vt 0.378561 0.484375
vt 0.320312 0.512459
vt 0.324564 0.512459
vt 0.324564 0.656250
vt 0.320312 0.656250
vn 0.000000 -1.000000 0.000000
vn 0.016715 -0.995356 0.094796
vn 0.048129 -0.995356 0.083362
vn 0.073738 -0.995356 0.061874
vn 0.090453 -0.995356 0.032922
vn 0.096258 -0.995356 0.000000
vn 0.090453 -0.995356 -0.032922
vn 0.073738 -0.995356 -0.061874
vn 0.048129 -0.995356 -0.083362
vn 0.016715 -0.995356 -0.094796
vn -0.016715 -0.995356 -0.094796
vn -0.048129 -0.995356 -0.083362
vn -0.073738 -0.995356 -0.061874
vn -0.090453 -0.995356 -0.032922
vn -0.096258 -0.995356 -0.000000
vn -0.090453 -0.995356 0.032922
vn -0.073738 -0.995356 0.061874
vn -0.048129 -0.995356 0.083362
vn -0.016715 -0.995356 0.094796
vn 0.173648 0.000000 0.984808
vn 0.500000 0.000000 0.866025
vn 0.766044 0.000000 0.642788
vn 0.939693 0.000000 0.342020
vn 1.000000 0.000000 0.000000
vn 0.939693 0.000000 -0.342020
vn 0.766044 0.000000 -0.642788
vn 0.500000 0.000000 -0.866025
vn 0.173648 0.000000 -0.984808
vn -0.173648 0.000000 -0.984808
vn -0.500000 0.000000 -0.866025
vn -0.766044 0.000000 -0.642788
vn -0.939693 0.000000 -0.342020
vn -1.000000 0.000000 -0.000000
vn -0.939693 0.000000 0.342020
vn -0.766044 0.000000 0.642788
vn -0.500000 0.000000 0.866025
vn -0.173648 0.000000 0.984808
vn 0.000000 1.000000 0.000000
vn 0.149925 0.504552 0.850264
vn 0.431691 0.504552 0.747710
vn 0.661388 0.504552 0.554971
vn 0.811313 0.504552 0.295294
vn 0.863381 0.504552 0.000000
vn 0.811313 0.504552 -0.295294
vn 0.661388 0.504552 -0.554971
vn 0.431691 0.504552 -0.747710
vn 0.149925 0.504552 -0.850264
vn -0.149925 0.504552 -0.850264
vn -0.431691 0.504552 -0.747710
vn -0.661388 0.504552 -0.554971
vn -0.811313 0.504552 -0.295294
vn -0.863381 0.504552 -0.000000
vn -0.811313 0.504552 0.295294
vn -0.661388 0.504552 0.554971
vn -0.431691 0.504552 0.747710
vn -0.149925 0.504552 0.850264
vn 0.114720 0.750700 0.650607
vn 0.330322 0.750700 0.572134
vn 0.506082 0.750700 0.424653
vn 0.620802 0.750700 0.225953
vn 0.660643 0.750700 0.000000
vn 0.620802 0.750700 -0.225953
vn 0.506082 0.750700 -0.424653
vn 0.330322 0.750700 -0.572134
vn 0.114720 0.750700 -0.650607
vn -0.114720 0.750700 -0.650607
vn -0.330322 0.750700 -0.572134
vn -0.506082 0.750700 -0.424653
vn -0.620802 0.750700 -0.225953
vn -0.660643 0.750700 -0.000000
vn -0.620802 0.750700 0.225953
vn -0.506082 0.750700 0.424653
vn -0.330322 0.750700 0.572134
vn -0.114720 0.750700 0.650607
vn 0.013542 0.996954 0.076802
vn 0.038994 0.996954 0.067539
vn 0.059742 0.996954 0.050129
vn 0.073284 0.996954 0.026673
vn 0.077987 0.996954 0.000000
vn 0.073284 0.996954 -0.026673
vn 0.059742 0.996954 -0.050129
vn 0.038994 0.996954 -0.067539
vn 0.013542 0.996954 -0.076802
vn -0.013542 0.996954 -0.076802
vn -0.038994 0.996954 -0.067539
vn -0.059742 0.996954 -0.050129
vn -0.073284 0.996954 -0.026673
vn -0.077987 0.996954 -0.000000
vn -0.073284 0.996954 0.026673
vn -0.059742 0.996954 0.050129
vn -0.038994 0.996954 0.067539
vn -0.013542 0.996954 0.076802
vn 0.000000 0.000000 1.000000
vn 0.000000 0.000000 -1.000000
vn -0.000000 1.000000 0.000000
vn 0.000000 -1.000000 0.000000
vn -1.000000 0.000000 0.000000
vn 1.000000 0.000000 0.000000
vn 0.299447 -0.246943 -0.921602
vn 0.783962 -0.246943 -0.569582
vn 0.969030 -0.246943 -0.000000
vn 0.783962 -0.246943 0.569582
vn 0.299447 -0.246943 0.921602
vn -0.299447 -0.246943 0.921602
vn -0.783962 -0.246943 0.569582
vn -0.969030 -0.246943 0.000000
vn -0.783962 -0.246943 -0.569582
vn -0.299447 -0.246943 -0.921602
vn 0.223919 -0.689152 -0.689152
vn 0.586227 -0.689152 -0.425919
vn 0.724617 -0.689152 -0.000000
vn 0.586227 -0.689152 0.425919
vn 0.223919 -0.689152 0.689152
vn -0.223919 -0.689152 0.689152
vn -0.586227 -0.689152 0.425919
vn -0.724617 -0.689152 0.000000
vn -0.586227 -0.689152 -0.425919
vn -0.223919 -0.689152 -0.689152
vn 0.083800 -0.962528 -0.257909
vn 0.219390 -0.962528 -0.159396
vn 0.271181 -0.962528 -0.000000
vn 0.219390 -0.962528 0.159396
vn 0.083800 -0.962528 0.257909
vn -0.083800 -0.962528 0.257909
vn -0.219390 -0.962528 0.159396
vn -0.271181 -0.962528 0.000000
vn -0.219390 -0.962528 -0.159396
vn -0.083800 -0.962528 -0.257909
vn 0.000000 -1.000000 0.000000
vn 0.382683 0.000000 0.923880
vn 0.923880 0.000000 0.382683
vn 0.923880 0.000000 -0.382683
vn 0.382683 0.000000 -0.923880
vn -0.382683 0.000000 -0.923880
vn -0.923880 0.000000 -0.382683
vn -0.923880 0.000000 0.382683
vn -0.382683 0.000000 0.923880
vn 0.000000 1.000000 0.000000
vn 0.000000 -0.389418 0.921061
vn 0.000000 0.389418 -0.921061
vn -0.000000 0.921061 0.389418
vn 0.000000 -0.921061 -0.389418
vn -1.000000 0.000000 0.000000
vn 1.000000 0.000000 0.000000
vn 0.000000 0.000000 1.000000
vn 0.000000 0.000000 -1.000000
vn 0.000000 0.999613 -0.027830
vn 0.000000 -0.999613 -0.027830
vn -0.999360 0.000000 -0.035773
vn 0.999360 0.000000 -0.035773
vn 0.158879 -0.798741 0.580319
vn -0.061352 0.308435 0.949265
vn -0.195090 0.980785 0.000000
vn -0.061352 0.308435 -0.949265
vn 0.158879 -0.798741 -0.580319
vn 0.452450 -0.677140 0.580319
vn -0.174714 0.261478 0.949265
vn -0.555570 0.831470 0.000000
vn -0.174714 0.261478 -0.949265
vn 0.452450 -0.677140 -0.580319
vn 0.677140 -0.452450 0.580319
vn -0.261478 0.174714 0.949265
vn -0.831470 0.555570 0.000000
vn -0.261478 0.174714 -0.949265
vn 0.677140 -0.452450 -0.580319
vn 0.798741 -0.158879 0.580319
vn -0.308435 0.061352 0.949265
vn -0.980785 0.195090 0.000000
vn -0.308435 0.061352 -0.949265
vn 0.798741 -0.158879 -0.580319
vn 0.798741 0.158879 0.580319
vn -0.308435 -0.061352 0.949265
vn -0.980785 -0.195090 0.000000
vn -0.308435 -0.061352 -0.949265
vn 0.798741 0.158879 -0.580319
vn 0.677140 0.452450 0.580319
vn -0.261478 -0.174714 0.949265
vn -0.831470 -0.555570 0.000000
vn -0.261478 -0.174714 -0.949265
vn 0.677140 0.452450 -0.580319
vn 0.452450 0.677140 0.580319
vn -0.174714 -0.261478 0.949265
vn -0.555570 -0.831470 0.000000
vn -0.174714 -0.261478 -0.949265
vn 0.452450 0.677140 -0.580319
vn 0.158879 0.798741 0.580319
vn -0.061352 -0.308435 0.949265
vn -0.195090 -0.980785 0.000000
vn -0.061352 -0.308435 -0.949265
vn 0.158879 0.798741 -0.580319
vn -0.158879 0.798741 0.580319
vn 0.061352 -0.308435 0.949265
vn 0.195090 -0.980785 0.000000
vn 0.061352 -0.308435 -0.949265
vn -0.158879 0.798741 -0.580319
vn -0.452450 0.677140 0.580319
vn 0.174714 -0.261478 0.949265
vn 0.555570 -0.831470 0.000000
vn 0.174714 -0.261478 -0.949265
vn -0.452450 0.677140 -0.580319
vn -0.677140 0.452450 0.580319
vn 0.261478 -0.174714 0.949265
vn 0.831470 -0.555570 0.000000
vn 0.261478 -0.174714 -0.949265
vn -0.677140 0.452450 -0.580319
vn -0.798741 0.158879 0.580319
vn 0.308435 -0.061352 0.949265
vn 0.980785 -0.195090 0.000000
vn 0.308435 -0.061352 -0.949265
vn -0.798741 0.158879 -0.580319
vn -0.798741 -0.158879 0.580319
vn 0.308435 0.061352 0.949265
vn 0.980785 0.195090 0.000000
vn 0.308435 0.061352 -0.949265
vn -0.798741 -0.158879 -0.580319
vn -0.677140 -0.452450 0.580319
vn 0.261478 0.174714 0.949265
vn 0.831470 0.555570 0.000000
vn 0.261478 0.174714 -0.949265
vn -0.677140 -0.452450 -0.580319
vn -0.452450 -0.677140 0.580319
vn 0.174714 0.261478 0.949265
vn 0.555570 0.831470 0.000000
vn 0.174714 0.261478 -0.949265
vn -0.452450 -0.677140 -0.580319
vn -0.158879 -0.798741 0.580319
vn 0.061352 0.308435 0.949265
vn 0.195090 0.980785 0.000000
vn 0.061352 0.308435 -0.949265
vn -0.158879 -0.798741 -0.580319
vn 0.173052 -0.532599 0.828487
vn 0.453056 -0.329164 0.828487
vn 0.560008 -0.000000 0.828487
vn 0.453056 0.329164 0.828487
vn 0.173052 0.532599 0.828487
vn -0.173052 0.532599 0.828487
vn -0.453056 0.329164 0.828487
vn -0.560008 0.000000 0.828487
vn -0.453056 -0.329164 0.828487
vn -0.173052 -0.532599 0.828487
vn 0.053340 -0.164165 0.984990
vn 0.139647 -0.101460 0.984990
vn 0.172613 -0.000000 0.984990
vn 0.139647 0.101460 0.984990
vn 0.053340 0.164165 0.984990
vn -0.053340 0.164165 0.984990
vn -0.139647 0.101460 0.984990
vn -0.172613 0.000000 0.984990
vn -0.139647 -0.101460 0.984990
vn -0.053340 -0.164165 0.984990
vn 0.000000 0.000000 1.000000
vn 0.000000 0.000000 -1.000000
vn -0.000000 1.000000 0.000000
vn 0.000000 -1.000000 0.000000
vn -1.000000 0.000000 0.000000
vn 1.000000 0.000000 0.000000
vn 1.000000 -0.000000 0.000000
vn -1.000000 0.000000 0.000000
vn 0.000000 1.000000 0.000000
vn 0.000000 -0.860292 0.509802
vn -0.000000 -1.000000 0.000000
vn -0.000000 -0.747409 -0.664364
vn 0.000000 0.000000 1.000000
vn 0.000000 0.000000 -1.000000
vn 0.000000 0.999613 -0.027830
vn 0.000000 -0.999613 -0.027830
vn -0.999360 0.000000 -0.035773
vn 0.999360 0.000000 -0.035773
vn 0.158879 -0.798741 0.580319
vn -0.061352 0.308435 0.949265
vn -0.195090 0.980785 0.000000
vn -0.061352 0.308435 -0.949265
vn 0.158879 -0.798741 -0.580319
vn 0.452450 -0.677140 0.580319
vn -0.174714 0.261478 0.949265
vn -0.555570 0.831470 0.000000
vn -0.174714 0.261478 -0.949265
vn 0.452450 -0.677140 -0.580319
vn 0.677140 -0.452450 0.580319
vn -0.261478 0.174714 0.949265
vn -0.831470 0.555570 0.000000
vn -0.261478 0.174714 -0.949265
vn 0.677140 -0.452450 -0.580319
vn 0.798741 -0.158879 0.580319
vn -0.308435 0.061352 0.949265
vn -0.980785 0.195090 0.000000
vn -0.308435 0.061352 -0.949265
vn 0.798741 -0.158879 -0.580319
vn 0.798741 0.158879 0.580319
vn -0.308435 -0.061352 0.949265
vn -0.980785 -0.195090 0.000000
vn -0.308435 -0.061352 -0.949265
vn 0.798741 0.158879 -0.580319
vn 0.677140 0.452450 0.580319
vn -0.261478 -0.174714 0.949265
vn -0.831470 -0.555570 0.000000
vn -0.261478 -0.174714 -0.949265
vn 0.677140 0.452450 -0.580319
vn 0.452450 0.677140 0.580319
vn -0.174714 -0.261478 0.949265
vn -0.555570 -0.831470 0.000000
vn -0.174714 -0.261478 -0.949265
vn 0.452450 0.677140 -0.580319
vn 0.158879 0.798741 0.580319
vn -0.061352 -0.308435 0.949265
vn -0.195090 -0.980785 0.000000
vn -0.061352 -0.308435 -0.949265
vn 0.158879 0.798741 -0.580319
vn -0.158879 0.798741 0.580319
vn 0.061352 -0.308435 0.949265
vn 0.195090 -0.980785 0.000000
vn 0.061352 -0.308435 -0.949265
vn -0.158879 0.798741 -0.580319
vn -0.452450 0.677140 0.580319
vn 0.174714 -0.261478 0.949265
vn 0.555570 -0.831470 0.000000
vn 0.174714 -0.261478 -0.949265
vn -0.452450 0.677140 -0.580319
vn -0.677140 0.452450 0.580319
vn 0.261478 -0.174714 0.949265
vn 0.831470 -0.555570 0.000000
vn 0.261478 -0.174714 -0.949265
vn -0.677140 0.452450 -0.580319
vn -0.798741 0.158879 0.580319
vn 0.308435 -0.061352 0.949265
vn 0.980785 -0.195090 0.000000
vn 0.308435 -0.061352 -0.949265
vn -0.798741 0.158879 -0.580319
vn -0.798741 -0.158879 0.580319
vn 0.308435 0.061352 0.949265
vn 0.980785 0.195090 0.000000
vn 0.308435 0.061352 -0.949265
vn -0.798741 -0.158879 -0.580319
vn -0.677140 -0.452450 0.580319
vn 0.261478 0.174714 0.949265
vn 0.831470 0.555570 0.000000
vn 0.261478 0.174714 -0.949265
vn -0.677140 -0.452450 -0.580319
vn -0.452450 -0.677140 0.580319
vn 0.174714 0.261478 0.949265
vn 0.555570 0.831470 0.000000
vn 0.174714 0.261478 -0.949265
vn -0.452450 -0.677140 -0.580319
vn -0.158879 -0.798741 0.580319
vn 0.061352 0.308435 0.949265
vn 0.195090 0.980785 0.000000
vn 0.061352 0.308435 -0.949265
vn -0.158879 -0.798741 -0.580319
vn 0.173052 -0.532599 0.828487
vn 0.453056 -0.329164 0.828487
vn 0.560008 -0.000000 0.828487
vn 0.453056 0.329164 0.828487
vn 0.173052 0.532599 0.828487
vn -0.173052 0.532599 0.828487
vn -0.453056 0.329164 0.828487
vn -0.560008 0.000000 0.828487
vn -0.453056 -0.329164 0.828487
vn -0.173052 -0.532599 0.828487
vn 0.053340 -0.164165 0.984990
vn 0.139647 -0.101460 0.984990
vn 0.172613 -0.000000 0.984990
vn 0.139647 0.101460 0.984990
vn 0.053340 0.164165 0.984990
vn -0.053340 0.164165 0.984990
vn -0.139647 0.101460 0.984990
vn -0.172613 0.000000 0.984990
vn -0.139647 -0.101460 0.984990
vn -0.053340 -0.164165 0.984990
vn 0.000000 0.000000 1.000000
vn 0.000000 0.000000 -1.000000
vn -0.000000 1.000000 0.000000
vn 0.000000 -1.000000 0.000000
vn -1.000000 0.000000 0.000000
vn 1.000000 0.000000 0.000000
vn 1.000000 -0.000000 0.000000
vn -1.000000 0.000000 0.000000
vn 0.000000 1.000000 0.000000
vn 0.000000 -0.860292 0.509802
vn -0.000000 -1.000000 0.000000
vn -0.000000 -0.747409 -0.664364
vn 0.000000 0.000000 1.000000
vn 0.000000 0.000000 -1.000000
vn 0.000000 0.999972 -0.007536
vn 0.000000 -0.999972 -0.007536
vn -0.999956 0.000000 -0.009420
vn 0.999956 0.000000 -0.009420
vn -0.000000 1.000000 0.000000
vn 0.000000 -1.000000 0.000000
vn -1.000000 0.000000 0.000000
vn 1.000000 0.000000 0.000000
vn 0.000000 0.000000 1.000000
vn 0.000000 0.000000 -1.000000
vn 0.000000 0.999972 -0.007536
vn 0.000000 -0.999972 -0.007536
vn -0.999956 0.000000 -0.009420
vn 0.999956 0.000000 -0.009420
vn -0.000000 1.000000 0.000000
vn 0.000000 -1.000000 0.000000
vn -1.000000 0.000000 0.000000
vn 1.000000 0.000000 0.000000
vn 0.299447 -0.921602 0.246943
vn 0.783962 -0.569582 0.246943
vn 0.969030 -0.000000 0.246943
vn 0.783962 0.569582 0.246943
vn 0.299447 0.921602 0.246943
vn -0.299447 0.921602 0.246943
vn -0.783962 0.569582 0.246943
vn -0.969030 0.000000 0.246943
vn -0.783962 -0.569582 0.246943
vn -0.299447 -0.921602 0.246943
vn 0.223919 -0.689152 0.689152
vn 0.586227 -0.425919 0.689152
vn 0.724617 -0.000000 0.689152
vn 0.586227 0.425919 0.689152
vn 0.223919 0.689152 0.689152
vn -0.223919 0.689152 0.689152
vn -0.586227 0.425919 0.689152
vn -0.724617 0.000000 0.689152
vn -0.586227 -0.425919 0.689152
vn -0.223919 -0.689152 0.689152
vn 0.083800 -0.257909 0.962528
vn 0.219390 -0.159396 0.962528
vn 0.271181 -0.000000 0.962528
vn 0.219390 0.159396 0.962528
vn 0.083800 0.257909 0.962528
vn -0.083800 0.257909 0.962528
vn -0.219390 0.159396 0.962528
vn -0.271181 0.000000 0.962528
vn -0.219390 -0.159396 0.962528
vn -0.083800 -0.257909 0.962528
vn -0.000000 0.378633 0.925547
vn -0.000000 -0.378633 -0.925547
vn -0.000000 1.000000 0.000000
vn 0.000000 -1.000000 0.000000
vn -0.883536 -0.468363 0.000000
vn 0.883536 0.468363 0.000000
vn 0.299447 -0.921602 0.246943
vn 0.783962 -0.569582 0.246943
vn 0.969030 -0.000000 0.246943
vn 0.783962 0.569582 0.246943
vn 0.299447 0.921602 0.246943
vn -0.299447 0.921602 0.246943
vn -0.783962 0.569582 0.246943
vn -0.969030 0.000000 0.246943
vn -0.783962 -0.569582 0.246943
vn -0.299447 -0.921602 0.246943
vn 0.223919 -0.689152 0.689152
vn 0.586227 -0.425919 0.689152
vn 0.724617 -0.000000 0.689152
vn 0.586227 0.425919 0.689152
vn 0.223919 0.689152 0.689152
vn -0.223919 0.689152 0.689152
vn -0.586227 0.425919 0.689152
vn -0.724617 0.000000 0.689152
vn -0.586227 -0.425919 0.689152
vn -0.223919 -0.689152 0.689152
vn 0.083800 -0.257909 0.962528
vn 0.219390 -0.159396 0.962528
vn 0.271181 -0.000000 0.962528
vn 0.219390 0.159396 0.962528
vn 0.083800 0.257909 0.962528
vn -0.083800 0.257909 0.962528
vn -0.219390 0.159396 0.962528
vn -0.271181 0.000000 0.962528
vn -0.219390 -0.159396 0.962528
vn -0.083800 -0.257909 0.962528
vn -0.000000 0.378633 0.925547
vn -0.000000 -0.378633 -0.925547
vn -0.000000 1.000000 0.000000
vn 0.000000 -1.000000 0.000000
vn -0.883536 0.468363 0.000000
vn 0.883536 -0.468363 0.000000
vn 0.000000 0.000000 1.000000
vn 0.000000 0.000000 -1.000000
vn 0.000000 0.999972 -0.007536
vn 0.000000 -0.999972 -0.007536
vn -0.999956 0.000000 -0.009420
vn 0.999956 0.000000 -0.009420
vn -0.000000 1.000000 0.000000
vn 0.000000 -1.000000 0.000000
vn -1.000000 0.000000 0.000000
vn 1.000000 0.000000 0.000000
vn 0.000000 0.000000 1.000000
vn 0.000000 0.000000 -1.000000
vn 0.000000 0.999972 -0.007536
vn 0.000000 -0.999972 -0.007536
vn -0.999956 0.000000 -0.009420
vn 0.999956 0.000000 -0.009420
vn -0.000000 1.000000 0.000000
vn 0.000000 -1.000000 0.000000
vn -1.000000 0.000000 0.000000
vn 1.000000 0.000000 0.000000
vn 0.299447 -0.921602 0.246943
vn 0.783962 -0.569582 0.246943
vn 0.969030 -0.000000 0.246943
vn 0.783962 0.569582 0.246943
vn 0.299447 0.921602 0.246943
vn -0.299447 0.921602 0.246943
vn -0.783962 0.569582 0.246943
vn -0.969030 0.000000 0.246943
vn -0.783962 -0.569582 0.246943
vn -0.299447 -0.921602 0.246943
vn 0.223919 -0.689152 0.689152
vn 0.586227 -0.425919 0.689152
vn 0.724617 -0.000000 0.689152
vn 0.586227 0.425919 0.689152
vn 0.223919 0.689152 0.689152
vn -0.223919 0.689152 0.689152
vn -0.586227 0.425919 0.689152
vn -0.724617 0.000000 0.689152
vn -0.586227 -0.425919 0.689152
vn -0.223919 -0.689152 0.689152
vn 0.083800 -0.257909 0.962528
vn 0.219390 -0.159396 0.962528
vn 0.271181 -0.000000 0.962528
vn 0.219390 0.159396 0.962528
vn 0.083800 0.257909 0.962528
vn -0.083800 0.257909 0.962528
vn -0.219390 0.159396 0.962528
vn -0.271181 0.000000 0.962528
vn -0.219390 -0.159396 0.962528
vn -0.083800 -0.257909 0.962528
vn -0.000000 0.164399 0.986394
vn -0.000000 -0.164399 -0.986394
vn -0.000000 1.000000 0.000000
vn 0.000000 -1.000000 0.000000
vn -0.263986 -0.964527 0.000000
vn 0.263986 0.964527 0.000000
vn 0.299447 -0.921602 0.246943
vn 0.783962 -0.569582 0.246943
vn 0.969030 -0.000000 0.246943
vn 0.783962 0.569582 0.246943
vn 0.299447 0.921602 0.246943
vn -0.299447 0.921602 0.246943
vn -0.783962 0.569582 0.246943
vn -0.969030 0.000000 0.246943
vn -0.783962 -0.569582 0.246943
vn -0.299447 -0.921602 0.246943
vn 0.223919 -0.689152 0.689152
vn 0.586227 -0.425919 0.689152
vn 0.724617 -0.000000 0.689152
vn 0.586227 0.425919 0.689152
vn 0.223919 0.689152 0.689152
vn -0.223919 0.689152 0.689152
vn -0.586227 0.425919 0.689152
vn -0.724617 0.000000 0.689152
vn -0.586227 -0.425919 0.689152
vn -0.223919 -0.689152 0.689152
vn 0.083800 -0.257909 0.962528
vn 0.219390 -0.159396 0.962528
vn 0.271181 -0.000000 0.962528
vn 0.219390 0.159396 0.962528
vn 0.083800 0.257909 0.962528
vn -0.083800 0.257909 0.962528
vn -0.219390 0.159396 0.962528
vn -0.271181 0.000000 0.962528
vn -0.219390 -0.159396 0.962528
vn -0.083800 -0.257909 0.962528
vn -0.000000 0.164399 0.986394
vn -0.000000 -0.164399 -0.986394
vn -0.000000 1.000000 0.000000
vn 0.000000 -1.000000 0.000000
vn -0.263986 0.964527 0.000000
vn 0.263986 -0.964527 0.000000
f 1/1/1 2/2/1 3/3/1
f 1/1/1 4/4/1 2/2/1
f 1/1/1 5/5/1 4/4/1
f 1/1/1 6/6/1 5/5/1
f 1/1/1 7/7/1 6/6/1
f 1/1/1 8/8/1 7/7/1
f 1/1/1 9/9/1 8/8/1
f 1/1/1 10/10/1 9/9/1
f 1/1/1 11/11/1 10/10/1
f 1/1/1 12/12/1 11/11/1
f 1/1/1 13/13/1 12/12/1
f 1/1/1 14/14/1 13/13/1
f 1/1/1 15/15/1 14/14/1
f 1/1/1 16/16/1 15/15/1
f 1/1/1 17/17/1 16/16/1
f 1/1/1 18/18/1 17/17/1
f 1/1/1 19/19/1 18/18/1
f 1/1/1 3/3/1 19/19/1
f 3/3/2 2/2/2 20/20/2
f 3/3/2 20/20/2 21/21/2
f 2/2/3 4/4/3 22/22/3
f 2/2/3 22/22/3 20/20/3
f 4/4/4 5/5/4 23/23/4
f 4/4/4 23/23/4 22/22/4
f 5/5/5 6/6/5 24/24/5
f 5/5/5 24/24/5 23/23/5
f 6/6/6 7/7/6 25/25/6
f 6/6/6 25/25/6 24/24/6
f 7/7/7 8/8/7 26/26/7
f 7/7/7 26/26/7 25/25/7
f 8/8/8 9/9/8 27/27/8
f 8/8/8 27/27/8 26/26/8
f 9/9/9 10/10/9 28/28/9
f 9/9/9 28/28/9 27/27/9
f 10/10/10 11/11/10 29/29/10
f 10/10/10 29/29/10 28/28/10
f 11/11/11 12/12/11 30/30/11
f 11/11/11 30/30/11 29/29/11
f 12/12/12 13/13/12 31/31/12
f 12/12/12 31/31/12 30/30/12
f 13/13/13 14/14/13 32/32/13
f 13/13/13 32/32/13 31/31/13
f 14/14/14 15/15/14 33/33/14
f 14/14/14 33/33/14 32/32/14
f 15/15/15 16/16/15 34/34/15
f 15/15/15 34/34/15 33/33/15
f 16/16/16 17/17/16 35/35/16
f 16/16/16 35/35/16 34/34/16
f 17/17/17 18/18/17 36/36/17
f 17/17/17 36/36/17 35/35/17
f 18/18/18 19/19/18 37/37/18
f 18/18/18 37/37/18 36/36/18
f 19/19/19 3/3/19 21/21/19
f 19/19/19 21/21/19 37/37/19
f 21/21/1 20/20/1 38/38/1
f 21/21/1 38/38/1 39/39/1
f 20/20/1 22/22/1 40/40/1
f 20/20/1 40/40/1 38/38/1
f 22/22/1 23/23/1 41/41/1
f 22/22/1 41/41/1 40/40/1
f 23/23/1 24/24/1 42/42/1
f 23/23/1 42/42/1 41/41/1
f 24/24/1 25/25/1 43/43/1
f 24/24/1 43/43/1 42/42/1
f 25/25/1 26/26/1 44/44/1
f 25/25/1 44/44/1 43/43/1
f 26/26/1 27/27/1 45/45/1
f 26/26/1 45/45/1 44/44/1
f 27/27/1 28/28/1 46/46/1
f 27/27/1 46/46/1 45/45/1
f 28/28/1 29/29/1 47/47/1
f 28/28/1 47/47/1 46/46/1
f 29/29/1 30/30/1 48/48/1
f 29/29/1 48/48/1 47/47/1
f 30/30/1 31/31/1 49/49/1
f 30/30/1 49/49/1 48/48/1
f 31/31/1 32/32/1 50/50/1
f 31/31/1 50/50/1 49/49/1
f 32/32/1 33/33/1 51/51/1
f 32/32/1 51/51/1 50/50/1
f 33/33/1 34/34/1 52/52/1
f 33/33/1 52/52/1 51/51/1
f 34/34/1 35/35/1 53/53/1
f 34/34/1 53/53/1 52/52/1
f 35/35/1 36/36/1 54/54/1
f 35/35/1 54/54/1 53/53/1
f 36/36/1 37/37/1 55/55/1
f 36/36/1 55/55/1 54/54/1
f 37/37/1 21/21/1 39/39/1
f 37/37/1 39/39/1 55/55/1
f 39/56/20 38/57/20 56/58/20
f 39/56/20 56/58/20 57/59/20
f 38/57/21 40/60/21 58/61/21
f 38/57/21 58/61/21 56/58/21
f 40/62/22 41/63/22 59/64/22
f 40/62/22 59/64/22 58/65/22
f 41/63/23 42/66/23 60/67/23
f 41/63/23 60/67/23 59/64/23
f 42/66/24 43/68/24 61/69/24
f 42/66/24 61/69/24 60/67/24
f 43/68/25 44/70/25 62/71/25
f 43/68/25 62/71/25 61/69/25
f 44/70/26 45/72/26 63/73/26
f 44/70/26 63/73/26 62/71/26
f 45/74/27 46/75/27 64/76/27
f 45/74/27 64/76/27 63/77/27
f 46/75/28 47/78/28 65/79/28
f 46/75/28 65/79/28 64/76/28
f 47/78/29 48/80/29 66/81/29
f 47/78/29 66/81/29 65/79/29
f 48/80/30 49/82/30 67/83/30
f 48/80/30 67/83/30 66/81/30
f 49/72/31 50/70/31 68/71/31
f 49/72/31 68/71/31 67/73/31
f 50/70/32 51/68/32 69/69/32
f 50/70/32 69/69/32 68/71/32
f 51/68/33 52/66/33 70/67/33
f 51/68/33 70/67/33 69/69/33
f 52/66/34 53/63/34 71/64/34
f 52/66/34 71/64/34 70/67/34
f 53/63/35 54/62/35 72/65/35
f 53/63/35 72/65/35 71/64/35
f 54/84/36 55/85/36 73/86/36
f 54/84/36 73/86/36 72/87/36
f 55/85/37 39/56/37 57/59/37
f 55/85/37 57/59/37 73/86/37
f 57/39/38 56/38/38 74/20/38
f 57/39/38 74/20/38 75/21/38
f 56/38/38 58/40/38 76/22/38
f 56/38/38 76/22/38 74/20/38
f 58/40/38 59/41/38 77/23/38
f 58/40/38 77/23/38 76/22/38
f 59/41/38 60/42/38 78/24/38
f 59/41/38 78/24/38 77/23/38
f 60/42/38 61/43/38 79/25/38
f 60/42/38 79/25/38 78/24/38
f 61/43/38 62/44/38 80/26/38
f 61/43/38 80/26/38 79/25/38
f 62/44/38 63/45/38 81/27/38
f 62/44/38 81/27/38 80/26/38
f 63/45/38 64/46/38 82/28/38
f 63/45/38 82/28/38 81/27/38
f 64/46/38 65/47/38 83/29/38
f 64/46/38 83/29/38 82/28/38
f 65/47/38 66/48/38 84/30/38
f 65/47/38 84/30/38 83/29/38
f 66/48/38 67/49/38 85/31/38
f 66/48/38 85/31/38 84/30/38
f 67/49/38 68/50/38 86/32/38
f 67/49/38 86/32/38 85/31/38
f 68/50/38 69/51/38 87/33/38
f 68/50/38 87/33/38 86/32/38
f 69/51/38 70/52/38 88/34/38
f 69/51/38 88/34/38 87/33/38
f 70/52/38 71/53/38 89/35/38
f 70/52/38 89/35/38 88/34/38
f 71/53/38 72/54/38 90/36/38
f 71/53/38 90/36/38 89/35/38
f 72/54/38 73/55/38 91/37/38
f 72/54/38 91/37/38 90/36/38
f 73/55/38 57/39/38 75/21/38
f 73/55/38 75/21/38 91/37/38
f 75/59/39 74/88/39 92/89/39
f 75/59/39 92/89/39 93/90/39
f 74/88/40 76/91/40 94/92/40
f 74/88/40 94/92/40 92/89/40
f 76/93/41 77/94/41 95/95/41
f 76/93/41 95/95/41 94/96/41
f 77/94/42 78/97/42 96/98/42
f 77/94/42 96/98/42 95/95/42
f 78/97/43 79/99/43 97/100/43
f 78/97/43 97/100/43 96/98/43
f 79/99/44 80/101/44 98/102/44
f 79/99/44 98/102/44 97/100/44
f 80/101/45 81/103/45 99/104/45
f 80/101/45 99/104/45 98/102/45
f 81/105/46 82/106/46 100/107/46
f 81/105/46 100/107/46 99/108/46
f 82/106/47 83/79/47 101/109/47
f 82/106/47 101/109/47 100/107/47
f 83/79/48 84/110/48 102/111/48
f 83/79/48 102/111/48 101/109/48
f 84/110/49 85/112/49 103/113/49
f 84/110/49 103/113/49 102/111/49
f 85/103/50 86/101/50 104/102/50
f 85/103/50 104/102/50 103/104/50
f 86/101/51 87/99/51 105/100/51
f 86/101/51 105/100/51 104/102/51
f 87/99/52 88/97/52 106/98/52
f 87/99/52 106/98/52 105/100/52
f 88/97/53 89/94/53 107/95/53
f 88/97/53 107/95/53 106/98/53
f 89/94/54 90/93/54 108/96/54
f 89/94/54 108/96/54 107/95/54
f 90/114/55 91/115/55 109/116/55
f 90/114/55 109/116/55 108/117/55
f 91/115/56 75/59/56 93/90/56
f 91/115/56 93/90/56 109/116/56
f 93/118/38 92/119/38 110/2/38
f 93/118/38 110/2/38 111/3/38
f 92/119/38 94/120/38 112/4/38
f 92/119/38 112/4/38 110/2/38
f 94/120/38 95/121/38 113/5/38
f 94/120/38 113/5/38 112/4/38
f 95/121/38 96/122/38 114/6/38
f 95/121/38 114/6/38 113/5/38
f 96/122/38 97/123/38 115/7/38
f 96/122/38 115/7/38 114/6/38
f 97/123/38 98/124/38 116/8/38
f 97/123/38 116/8/38 115/7/38
f 98/124/38 99/125/38 117/9/38
f 98/124/38 117/9/38 116/8/38
f 99/125/38 100/126/38 118/10/38
f 99/125/38 118/10/38 117/9/38
f 100/126/38 101/127/38 119/11/38
f 100/126/38 119/11/38 118/10/38
f 101/127/38 102/128/38 120/12/38
f 101/127/38 120/12/38 119/11/38
f 102/128/38 103/129/38 121/13/38
f 102/128/38 121/13/38 120/12/38
f 103/129/38 104/130/38 122/14/38
f 103/129/38 122/14/38 121/13/38
f 104/130/38 105/131/38 123/15/38
f 104/130/38 123/15/38 122/14/38
f 105/131/38 106/132/38 124/16/38
f 105/131/38 124/16/38 123/15/38
f 106/132/38 107/133/38 125/17/38
f 106/132/38 125/17/38 124/16/38
f 107/133/38 108/134/38 126/18/38
f 107/133/38 126/18/38 125/17/38
f 108/134/38 109/135/38 127/19/38
f 108/134/38 127/19/38 126/18/38
f 109/135/38 93/118/38 111/3/38
f 109/135/38 111/3/38 127/19/38
f 111/3/57 110/2/57 128/136/57
f 111/3/57 128/136/57 129/137/57
f 110/2/58 112/4/58 130/138/58
f 110/2/58 130/138/58 128/136/58
f 112/4/59 113/5/59 131/139/59
f 112/4/59 131/139/59 130/138/59
f 113/5/60 114/6/60 132/140/60
f 113/5/60 132/140/60 131/139/60
f 114/6/61 115/7/61 133/141/61
f 114/6/61 133/141/61 132/140/61
f 115/7/62 116/8/62 134/142/62
f 115/7/62 134/142/62 133/141/62
f 116/8/63 117/9/63 135/143/63
f 116/8/63 135/143/63 134/142/63
f 117/9/64 118/10/64 136/144/64
f 117/9/64 136/144/64 135/143/64
f 118/10/65 119/11/65 137/145/65
f 118/10/65 137/145/65 136/144/65
f 119/11/66 120/12/66 138/146/66
f 119/11/66 138/146/66 137/145/66
f 120/12/67 121/13/67 139/147/67
f 120/12/67 139/147/67 138/146/67
f 121/13/68 122/14/68 140/148/68
f 121/13/68 140/148/68 139/147/68
f 122/14/69 123/15/69 141/149/69
f 122/14/69 141/149/69 140/148/69
f 123/15/70 124/16/70 142/150/70
f 123/15/70 142/150/70 141/149/70
f 124/16/71 125/17/71 143/151/71
f 124/16/71 143/151/71 142/150/71
f 125/17/72 126/18/72 144/152/72
f 125/17/72 144/152/72 143/151/72
f 126/18/73 127/19/73 145/153/73
f 126/18/73 145/153/73 144/152/73
f 127/19/74 111/3/74 129/137/74
f 127/19/74 129/137/74 145/153/74
f 129/137/75 128/136/75 146/154/75
f 129/137/75 146/154/75 147/155/75
f 128/136/76 130/138/76 148/156/76
f 128/136/76 148/156/76 146/154/76
f 130/138/77 131/139/77 149/157/77
f 130/138/77 149/157/77 148/156/77
f 131/139/78 132/140/78 150/158/78
f 131/139/78 150/158/78 149/157/78
f 132/140/79 133/141/79 151/159/79
f 132/140/79 151/159/79 150/158/79
f 133/141/80 134/142/80 152/160/80
f 133/141/80 152/160/80 151/159/80
f 134/142/81 135/143/81 153/161/81
f 134/142/81 153/161/81 152/160/81
f 135/143/82 136/144/82 154/162/82
f 135/143/82 154/162/82 153/161/82
f 136/144/83 137/145/83 155/163/83
f 136/144/83 155/163/83 154/162/83
f 137/145/84 138/146/84 156/164/84
f 137/145/84 156/164/84 155/163/84
f 138/146/85 139/147/85 157/165/85
f 138/146/85 157/165/85 156/164/85
f 139/147/86 140/148/86 158/166/86
f 139/147/86 158/166/86 157/165/86
f 140/148/87 141/149/87 159/167/87
f 140/148/87 159/167/87 158/166/87
f 141/149/88 142/150/88 160/168/88
f 141/149/88 160/168/88 159/167/88
f 142/150/89 143/151/89 161/169/89
f 142/150/89 161/169/89 160/168/89
f 143/151/90 144/152/90 162/170/90
f 143/151/90 162/170/90 161/169/90
f 144/152/91 145/153/91 163/171/91
f 144/152/91 163/171/91 162/170/91
f 145/153/92 129/137/92 147/155/92
f 145/153/92 147/155/92 163/171/92
f 147/155/38 146/154/38 164/1/38
f 146/154/38 148/156/38 164/1/38
f 148/156/38 149/157/38 164/1/38
f 149/157/38 150/158/38 164/1/38
f 150/158/38 151/159/38 164/1/38
f 151/159/38 152/160/38 164/1/38
f 152/160/38 153/161/38 164/1/38
f 153/161/38 154/162/38 164/1/38
f 154/162/38 155/163/38 164/1/38
f 155/163/38 156/164/38 164/1/38
f 156/164/38 157/165/38 164/1/38
f 157/165/38 158/166/38 164/1/38
f 158/166/38 159/167/38 164/1/38
f 159/167/38 160/168/38 164/1/38
f 160/168/38 161/169/38 164/1/38
f 161/169/38 162/170/38 164/1/38
f 162/170/38 163/171/38 164/1/38
f 163/171/38 147/155/38 164/1/38
f 165/172/93 166/173/93 167/174/93
f 165/172/93 167/174/93 168/175/93
f 169/176/94 170/177/94 171/178/94
f 169/176/94 171/178/94 172/179/94
f 168/180/95 167/181/95 172/182/95
f 168/180/95 172/182/95 171/183/95
f 170/183/96 169/182/96 166/181/96
f 170/183/96 166/181/96 165/180/96
f 170/184/97 165/185/97 168/186/97
f 170/184/97 168/186/97 171/187/97
f 166/185/98 169/184/98 172/187/98
f 166/185/98 172/187/98 167/186/98
f 173/188/99 174/189/99 175/190/99
f 173/188/99 175/190/99 176/191/99
f 174/192/100 177/193/100 178/194/100
f 174/192/100 178/194/100 175/195/100
f 177/193/101 179/196/101 180/197/101
f 177/193/101 180/197/101 178/194/101
f 179/196/102 181/198/102 182/199/102
f 179/196/102 182/199/102 180/197/102
f 181/200/103 183/201/103 184/202/103
f 181/200/103 184/202/103 182/203/103
f 183/201/104 185/204/104 186/205/104
f 183/201/104 186/205/104 184/202/104
f 185/198/105 187/196/105 188/197/105
f 185/198/105 188/197/105 186/199/105
f 187/196/106 189/193/106 190/194/106
f 187/196/106 190/194/106 188/197/106
f 189/193/107 191/192/107 192/195/107
f 189/193/107 192/195/107 190/194/107
f 191/206/108 173/188/108 176/191/108
f 191/206/108 176/191/108 192/207/108
f 176/208/109 175/209/109 193/210/109
f 176/208/109 193/210/109 194/211/109
f 175/209/110 178/212/110 195/213/110
f 175/209/110 195/213/110 193/210/110
f 178/194/111 180/197/111 196/214/111
f 178/194/111 196/214/111 195/215/111
f 180/216/112 182/217/112 197/218/112
f 180/216/112 197/218/112 196/219/112
f 182/203/113 184/202/113 198/220/113
f 182/203/113 198/220/113 197/221/113
f 184/202/114 186/205/114 199/222/114
f 184/202/114 199/222/114 198/220/114
f 186/223/115 188/224/115 200/225/115
f 186/223/115 200/225/115 199/226/115
f 188/197/116 190/194/116 201/215/116
f 188/197/116 201/215/116 200/214/116
f 190/227/117 192/228/117 202/229/117
f 190/227/117 202/229/117 201/230/117
f 192/228/118 176/208/118 194/211/118
f 192/228/118 194/211/118 202/229/118
f 194/211/119 193/210/119 203/231/119
f 193/210/120 195/213/120 203/231/120
f 195/213/121 196/219/121 203/231/121
f 196/219/122 197/218/122 203/231/122
f 197/218/123 198/232/123 203/231/123
f 198/232/124 199/226/124 203/231/124
f 199/226/125 200/225/125 203/231/125
f 200/225/126 201/230/126 203/231/126
f 201/230/127 202/229/127 203/231/127
f 202/229/128 194/211/128 203/231/128
f 204/233/129 205/234/129 206/235/129
f 204/233/129 207/236/129 205/234/129
f 204/233/129 208/237/129 207/236/129
f 204/233/129 209/238/129 208/237/129
f 204/233/129 210/239/129 209/238/129
f 204/233/129 211/240/129 210/239/129
f 204/233/129 212/241/129 211/240/129
f 204/233/129 206/235/129 212/241/129
f 206/242/130 205/243/130 213/244/130
f 206/242/130 213/244/130 214/245/130
f 205/246/131 207/247/131 215/248/131
f 205/246/131 215/248/131 213/249/131
f 207/247/132 208/250/132 216/251/132
f 207/247/132 216/251/132 215/248/132
f 208/252/133 209/253/133 217/254/133
f 208/252/133 217/254/133 216/255/133
f 209/253/134 210/256/134 218/257/134
f 209/253/134 218/257/134 217/254/134
f 210/250/135 211/247/135 219/248/135
f 210/250/135 219/248/135 218/251/135
f 211/247/136 212/246/136 220/249/136
f 211/247/136 220/249/136 219/248/136
f 212/258/137 206/242/137 214/245/137
f 212/258/137 214/245/137 220/259/137
f 214/235/138 213/234/138 221/233/138
f 213/234/138 215/236/138 221/233/138
f 215/236/138 216/237/138 221/233/138
f 216/237/138 217/238/138 221/233/138
f 217/238/138 218/239/138 221/233/138
f 218/239/138 219/240/138 221/233/138
f 219/240/138 220/241/138 221/233/138
f 220/241/138 214/235/138 221/233/138
f 222/260/139 223/261/139 224/262/139
f 222/260/139 224/262/139 225/263/139
f 226/264/140 227/265/140 228/266/140
f 226/264/140 228/266/140 229/267/140
f 225/268/141 224/269/141 229/270/141
f 225/268/141 229/270/141 228/271/141
f 227/272/142 226/273/142 223/274/142
f 227/272/142 223/274/142 222/275/142
f 227/276/143 222/277/143 225/278/143
f 227/276/143 225/278/143 228/279/143
f 223/277/144 226/276/144 229/279/144
f 223/277/144 229/279/144 224/278/144
f 230/280/145 231/281/145 232/282/145
f 230/280/145 232/282/145 233/283/145
f 234/284/146 235/285/146 236/286/146
f 234/284/146 236/286/146 237/287/146
f 233/288/147 232/289/147 237/290/147
f 233/288/147 237/290/147 236/291/147
f 235/291/148 234/290/148 231/289/148
f 235/291/148 231/289/148 230/288/148
f 235/292/149 230/293/149 233/294/149
f 235/292/149 233/294/149 236/295/149
f 231/293/150 234/292/150 237/295/150
f 231/293/150 237/295/150 232/294/150
f 238/296/151 239/297/151 240/298/151
f 238/296/151 240/298/151 241/299/151
f 241/300/152 240/301/152 242/302/152
f 241/300/152 242/302/152 243/303/152
f 243/304/153 242/305/153 244/306/153
f 243/304/153 244/306/153 245/307/153
f 245/308/154 244/309/154 246/310/154
f 245/308/154 246/310/154 247/311/154
f 247/312/155 246/313/155 239/297/155
f 247/312/155 239/297/155 238/296/155
f 239/297/156 248/314/156 249/315/156
f 239/297/156 249/315/156 240/298/156
f 240/301/157 249/316/157 250/317/157
f 240/301/157 250/317/157 242/302/157
f 242/305/158 250/318/158 251/319/158
f 242/305/158 251/319/158 244/306/158
f 244/309/159 251/320/159 252/321/159
f 244/309/159 252/321/159 246/310/159
f 246/313/160 252/322/160 248/314/160
f 246/313/160 248/314/160 239/297/160
f 248/323/161 253/324/161 254/325/161
f 248/323/161 254/325/161 249/326/161
f 249/316/162 254/327/162 255/328/162
f 249/316/162 255/328/162 250/317/162
f 250/329/163 255/330/163 256/331/163
f 250/329/163 256/331/163 251/332/163
f 251/320/164 256/333/164 257/334/164
f 251/320/164 257/334/164 252/321/164
f 252/335/165 257/336/165 253/324/165
f 252/335/165 253/324/165 248/323/165
f 253/324/166 258/337/166 259/338/166
f 253/324/166 259/338/166 254/325/166
f 254/327/167 259/339/167 260/340/167
f 254/327/167 260/340/167 255/328/167
f 255/330/168 260/341/168 261/342/168
f 255/330/168 261/342/168 256/331/168
f 256/333/169 261/343/169 262/344/169
f 256/333/169 262/344/169 257/334/169
f 257/336/170 262/345/170 258/337/170
f 257/336/170 258/337/170 253/324/170
f 258/337/171 263/346/171 264/347/171
f 258/337/171 264/347/171 259/338/171
f 259/339/172 264/348/172 265/349/172
f 259/339/172 265/349/172 260/340/172
f 260/341/173 265/350/173 266/351/173
f 260/341/173 266/351/173 261/342/173
f 261/343/174 266/352/174 267/353/174
f 261/343/174 267/353/174 262/344/174
f 262/345/175 267/354/175 263/346/175
f 262/345/175 263/346/175 258/337/175
f 263/346/176 268/355/176 269/356/176
f 263/346/176 269/356/176 264/347/176
f 264/348/177 269/357/177 270/358/177
f 264/348/177 270/358/177 265/349/177
f 265/350/178 270/359/178 271/360/178
f 265/350/178 271/360/178 266/351/178
f 266/352/179 271/361/179 272/362/179
f 266/352/179 272/362/179 267/353/179
f 267/354/180 272/363/180 268/355/180
f 267/354/180 268/355/180 263/346/180
f 268/314/181 273/297/181 274/298/181
f 268/314/181 274/298/181 269/315/181
f 269/357/182 274/364/182 275/365/182
f 269/357/182 275/365/182 270/358/182
f 270/318/183 275/305/183 276/306/183
f 270/318/183 276/306/183 271/319/183
f 271/361/184 276/366/184 277/367/184
f 271/361/184 277/367/184 272/362/184
f 272/322/185 277/313/185 273/297/185
f 272/322/185 273/297/185 268/314/185
f 273/297/186 278/296/186 279/299/186
f 273/297/186 279/299/186 274/298/186
f 274/364/187 279/368/187 280/369/187
f 274/364/187 280/369/187 275/365/187
f 275/305/188 280/304/188 281/307/188
f 275/305/188 281/307/188 276/306/188
f 276/366/189 281/370/189 282/371/189
f 276/366/189 282/371/189 277/367/189
f 277/313/190 282/312/190 278/296/190
f 277/313/190 278/296/190 273/297/190
f 278/296/191 283/372/191 284/373/191
f 278/296/191 284/373/191 279/299/191
f 279/368/192 284/374/192 285/375/192
f 279/368/192 285/375/192 280/369/192
f 280/304/193 285/376/193 286/377/193
f 280/304/193 286/377/193 281/307/193
f 281/370/194 286/378/194 287/379/194
f 281/370/194 287/379/194 282/371/194
f 282/312/195 287/380/195 283/372/195
f 282/312/195 283/372/195 278/296/195
f 283/372/196 288/381/196 289/382/196
f 283/372/196 289/382/196 284/373/196
f 284/374/197 289/383/197 290/384/197
f 284/374/197 290/384/197 285/375/197
f 285/376/198 290/385/198 291/386/198
f 285/376/198 291/386/198 286/377/198
f 286/378/199 291/387/199 292/388/199
f 286/378/199 292/388/199 287/379/199
f 287/380/200 292/389/200 288/381/200
f 287/380/200 288/381/200 283/372/200
f 288/355/201 293/346/201 294/347/201
f 288/355/201 294/347/201 289/356/201
f 289/383/202 294/390/202 295/391/202
f 289/383/202 295/391/202 290/384/202
f 290/359/203 295/350/203 296/351/203
f 290/359/203 296/351/203 291/360/203
f 291/387/204 296/392/204 297/393/204
f 291/387/204 297/393/204 292/388/204
f 292/363/205 297/354/205 293/346/205
f 292/363/205 293/346/205 288/355/205
f 293/346/206 298/337/206 299/338/206
f 293/346/206 299/338/206 294/347/206
f 294/390/207 299/394/207 300/395/207
f 294/390/207 300/395/207 295/391/207
f 295/350/208 300/341/208 301/342/208
f 295/350/208 301/342/208 296/351/208
f 296/392/209 301/396/209 302/397/209
f 296/392/209 302/397/209 297/393/209
f 297/354/210 302/345/210 298/337/210
f 297/354/210 298/337/210 293/346/210
f 298/337/211 303/324/211 304/325/211
f 298/337/211 304/325/211 299/338/211
f 299/394/212 304/398/212 305/399/212
f 299/394/212 305/399/212 300/395/212
f 300/341/213 305/330/213 306/331/213
f 300/341/213 306/331/213 301/342/213
f 301/396/214 306/400/214 307/401/214
f 301/396/214 307/401/214 302/397/214
f 302/345/215 307/336/215 303/324/215
f 302/345/215 303/324/215 298/337/215
f 303/324/216 308/323/216 309/326/216
f 303/324/216 309/326/216 304/325/216
f 304/398/217 309/402/217 310/403/217
f 304/398/217 310/403/217 305/399/217
f 305/330/218 310/329/218 311/332/218
f 305/330/218 311/332/218 306/331/218
f 306/400/219 311/404/219 312/405/219
f 306/400/219 312/405/219 307/401/219
f 307/336/220 312/335/220 308/323/220
f 307/336/220 308/323/220 303/324/220
f 308/381/221 313/372/221 314/373/221
f 308/381/221 314/373/221 309/382/221
f 309/402/222 314/406/222 315/407/222
f 309/402/222 315/407/222 310/403/222
f 310/385/223 315/376/223 316/377/223
f 310/385/223 316/377/223 311/386/223
f 311/404/224 316/408/224 317/409/224
f 311/404/224 317/409/224 312/405/224
f 312/389/225 317/380/225 313/372/225
f 312/389/225 313/372/225 308/381/225
f 313/372/226 238/296/226 241/299/226
f 313/372/226 241/299/226 314/373/226
f 314/406/227 241/300/227 243/303/227
f 314/406/227 243/303/227 315/407/227
f 315/376/228 243/304/228 245/307/228
f 315/376/228 245/307/228 316/377/228
f 316/408/229 245/308/229 247/311/229
f 316/408/229 247/311/229 317/409/229
f 317/380/230 247/312/230 238/296/230
f 317/380/230 238/296/230 313/372/230
f 318/410/231 319/411/231 320/412/231
f 318/410/231 320/412/231 321/413/231
f 319/411/232 322/414/232 323/415/232
f 319/411/232 323/415/232 320/412/232
f 322/414/233 324/416/233 325/417/233
f 322/414/233 325/417/233 323/415/233
f 324/416/234 326/418/234 327/419/234
f 324/416/234 327/419/234 325/417/234
f 326/418/235 328/420/235 329/421/235
f 326/418/235 329/421/235 327/419/235
f 328/420/236 330/422/236 331/423/236
f 328/420/236 331/423/236 329/421/236
f 330/422/237 332/424/237 333/425/237
f 330/422/237 333/425/237 331/423/237
f 332/424/238 334/426/238 335/427/238
f 332/424/238 335/427/238 333/425/238
f 334/426/239 336/428/239 337/429/239
f 334/426/239 337/429/239 335/427/239
f 336/428/240 318/410/240 321/413/240
f 336/428/240 321/413/240 337/429/240
f 321/413/241 320/412/241 338/430/241
f 320/412/242 323/415/242 338/430/242
f 323/415/243 325/417/243 338/430/243
f 325/417/244 327/419/244 338/430/244
f 327/419/245 329/421/245 338/430/245
f 329/421/246 331/423/246 338/430/246
f 331/423/247 333/425/247 338/430/247
f 333/425/248 335/427/248 338/430/248
f 335/427/249 337/429/249 338/430/249
f 337/429/250 321/413/250 338/430/250
f 339/431/251 340/432/251 341/433/251
f 339/431/251 341/433/251 342/434/251
f 343/435/252 344/436/252 345/437/252
f 343/435/252 345/437/252 346/438/252
f 342/439/253 341/440/253 346/441/253
f 342/439/253 346/441/253 345/442/253
f 344/442/254 343/441/254 340/440/254
f 344/442/254 340/440/254 339/439/254
f 344/443/255 339/444/255 342/445/255
f 344/443/255 342/445/255 345/446/255
f 340/444/256 343/443/256 346/446/256
f 340/444/256 346/446/256 341/445/256
f 347/447/257 348/448/257 349/449/257
f 350/447/258 351/449/258 352/448/258
f 347/447/257 349/449/257 353/450/257
f 350/447/258 354/450/258 351/449/258
f 347/451/259 350/452/259 352/453/259
f 347/451/259 352/453/259 348/454/259
f 348/454/260 352/453/260 351/455/260
f 348/454/260 351/455/260 349/456/260
f 349/456/261 351/455/261 354/457/261
f 349/456/261 354/457/261 353/458/261
f 353/458/262 354/457/262 350/452/262
f 353/458/262 350/452/262 347/451/262
f 355/459/263 356/460/263 357/461/263
f 355/459/263 357/461/263 358/462/263
f 359/463/264 360/464/264 361/465/264
f 359/463/264 361/465/264 362/466/264
f 358/467/265 357/468/265 362/469/265
f 358/467/265 362/469/265 361/470/265
f 360/470/266 359/469/266 356/468/266
f 360/470/266 356/468/266 355/467/266
f 360/471/267 355/472/267 358/473/267
f 360/471/267 358/473/267 361/474/267
f 356/472/268 359/471/268 362/474/268
f 356/472/268 362/474/268 357/473/268
f 363/475/269 364/476/269 365/477/269
f 363/475/269 365/477/269 366/478/269
f 366/479/270 365/480/270 367/481/270
f 366/479/270 367/481/270 368/482/270
f 368/483/271 367/484/271 369/485/271
f 368/483/271 369/485/271 370/486/271
f 370/487/272 369/488/272 371/489/272
f 370/487/272 371/489/272 372/490/272
f 372/491/273 371/492/273 364/476/273
f 372/491/273 364/476/273 363/475/273
f 364/476/274 373/493/274 374/494/274
f 364/476/274 374/494/274 365/477/274
f 365/480/275 374/495/275 375/496/275
f 365/480/275 375/496/275 367/481/275
f 367/484/276 375/497/276 376/498/276
f 367/484/276 376/498/276 369/485/276
f 369/488/277 376/499/277 377/500/277
f 369/488/277 377/500/277 371/489/277
f 371/492/278 377/501/278 373/493/278
f 371/492/278 373/493/278 364/476/278
f 373/502/279 378/503/279 379/504/279
f 373/502/279 379/504/279 374/505/279
f 374/495/280 379/506/280 380/507/280
f 374/495/280 380/507/280 375/496/280
f 375/508/281 380/509/281 381/510/281
f 375/508/281 381/510/281 376/511/281
f 376/499/282 381/512/282 382/513/282
f 376/499/282 382/513/282 377/500/282
f 377/514/283 382/515/283 378/503/283
f 377/514/283 378/503/283 373/502/283
f 378/503/284 383/516/284 384/517/284
f 378/503/284 384/517/284 379/504/284
f 379/506/285 384/518/285 385/519/285
f 379/506/285 385/519/285 380/507/285
f 380/509/286 385/520/286 386/521/286
f 380/509/286 386/521/286 381/510/286
f 381/512/287 386/522/287 387/523/287
f 381/512/287 387/523/287 382/513/287
f 382/515/288 387/524/288 383/516/288
f 382/515/288 383/516/288 378/503/288
f 383/516/289 388/525/289 389/526/289
f 383/516/289 389/526/289 384/517/289
f 384/518/290 389/527/290 390/528/290
f 384/518/290 390/528/290 385/519/290
f 385/520/291 390/529/291 391/530/291
f 385/520/291 391/530/291 386/521/291
f 386/522/292 391/531/292 392/532/292
f 386/522/292 392/532/292 387/523/292
f 387/524/293 392/533/293 388/525/293
f 387/524/293 388/525/293 383/516/293
f 388/525/294 393/534/294 394/535/294
f 388/525/294 394/535/294 389/526/294
f 389/527/295 394/536/295 395/537/295
f 389/527/295 395/537/295 390/528/295
f 390/529/296 395/538/296 396/539/296
f 390/529/296 396/539/296 391/530/296
f 391/531/297 396/540/297 397/541/297
f 391/531/297 397/541/297 392/532/297
f 392/533/298 397/542/298 393/534/298
f 392/533/298 393/534/298 388/525/298
f 393/493/299 398/476/299 399/477/299
f 393/493/299 399/477/299 394/494/299
f 394/536/300 399/543/300 400/544/300
f 394/536/300 400/544/300 395/537/300
f 395/497/301 400/484/301 401/485/301
f 395/497/301 401/485/301 396/498/301
f 396/540/302 401/545/302 402/546/302
f 396/540/302 402/546/302 397/541/302
f 397/501/303 402/492/303 398/476/303
f 397/501/303 398/476/303 393/493/303
f 398/476/304 403/475/304 404/478/304
f 398/476/304 404/478/304 399/477/304
f 399/543/305 404/547/305 405/548/305
f 399/543/305 405/548/305 400/544/305
f 400/484/306 405/483/306 406/486/306
f 400/484/306 406/486/306 401/485/306
f 401/545/307 406/549/307 407/550/307
f 401/545/307 407/550/307 402/546/307
f 402/492/308 407/491/308 403/475/308
f 402/492/308 403/475/308 398/476/308
f 403/475/309 408/551/309 409/552/309
f 403/475/309 409/552/309 404/478/309
f 404/547/310 409/553/310 410/554/310
f 404/547/310 410/554/310 405/548/310
f 405/483/311 410/555/311 411/556/311
f 405/483/311 411/556/311 406/486/311
f 406/549/312 411/557/312 412/558/312
f 406/549/312 412/558/312 407/550/312
f 407/491/313 412/559/313 408/551/313
f 407/491/313 408/551/313 403/475/313
f 408/551/314 413/560/314 414/561/314
f 408/551/314 414/561/314 409/552/314
f 409/553/315 414/562/315 415/563/315
f 409/553/315 415/563/315 410/554/315
f 410/555/316 415/564/316 416/565/316
f 410/555/316 416/565/316 411/556/316
f 411/557/317 416/566/317 417/567/317
f 411/557/317 417/567/317 412/558/317
f 412/559/318 417/568/318 413/560/318
f 412/559/318 413/560/318 408/551/318
f 413/534/319 418/525/319 419/526/319
f 413/534/319 419/526/319 414/535/319
f 414/562/320 419/569/320 420/570/320
f 414/562/320 420/570/320 415/563/320
f 415/538/321 420/529/321 421/530/321
f 415/538/321 421/530/321 416/539/321
f 416/566/322 421/571/322 422/572/322
f 416/566/322 422/572/322 417/567/322
f 417/542/323 422/533/323 418/525/323
f 417/542/323 418/525/323 413/534/323
f 418/525/324 423/516/324 424/517/324
f 418/525/324 424/517/324 419/526/324
f 419/569/325 424/573/325 425/574/325
f 419/569/325 425/574/325 420/570/325
f 420/529/326 425/520/326 426/521/326
f 420/529/326 426/521/326 421/530/326
f 421/571/327 426/575/327 427/576/327
f 421/571/327 427/576/327 422/572/327
f 422/533/328 427/524/328 423/516/328
f 422/533/328 423/516/328 418/525/328
f 423/516/329 428/503/329 429/504/329
f 423/516/329 429/504/329 424/517/329
f 424/573/330 429/577/330 430/578/330
f 424/573/330 430/578/330 425/574/330
f 425/520/331 430/509/331 431/510/331
f 425/520/331 431/510/331 426/521/331
f 426/575/332 431/579/332 432/580/332
f 426/575/332 432/580/332 427/576/332
f 427/524/333 432/515/333 428/503/333
f 427/524/333 428/503/333 423/516/333
f 428/503/334 433/502/334 434/505/334
f 428/503/334 434/505/334 429/504/334
f 429/577/335 434/581/335 435/582/335
f 429/577/335 435/582/335 430/578/335
f 430/509/336 435/508/336 436/511/336
f 430/509/336 436/511/336 431/510/336
f 431/579/337 436/583/337 437/584/337
f 431/579/337 437/584/337 432/580/337
f 432/515/338 437/514/338 433/502/338
f 432/515/338 433/502/338 428/503/338
f 433/560/339 438/551/339 439/552/339
f 433/560/339 439/552/339 434/561/339
f 434/581/340 439/585/340 440/586/340
f 434/581/340 440/586/340 435/582/340
f 435/564/341 440/555/341 441/556/341
f 435/564/341 441/556/341 436/565/341
f 436/583/342 441/587/342 442/588/342
f 436/583/342 442/588/342 437/584/342
f 437/568/343 442/559/343 438/551/343
f 437/568/343 438/551/343 433/560/343
f 438/551/344 363/475/344 366/478/344
f 438/551/344 366/478/344 439/552/344
f 439/585/345 366/479/345 368/482/345
f 439/585/345 368/482/345 440/586/345
f 440/555/346 368/483/346 370/486/346
f 440/555/346 370/486/346 441/556/346
f 441/587/347 370/487/347 372/490/347
f 441/587/347 372/490/347 442/588/347
f 442/559/348 372/491/348 363/475/348
f 442/559/348 363/475/348 438/551/348
f 443/589/349 444/590/349 445/591/349
f 443/589/349 445/591/349 446/592/349
f 444/590/350 447/593/350 448/594/350
f 444/590/350 448/594/350 445/591/350
f 447/593/351 449/595/351 450/596/351
f 447/593/351 450/596/351 448/594/351
f 449/595/352 451/597/352 452/598/352
f 449/595/352 452/598/352 450/596/352
f 451/597/353 453/599/353 454/600/353
f 451/597/353 454/600/353 452/598/353
f 453/599/354 455/601/354 456/602/354
f 453/599/354 456/602/354 454/600/354
f 455/601/355 457/603/355 458/604/355
f 455/601/355 458/604/355 456/602/355
f 457/603/356 459/605/356 460/606/356
f 457/603/356 460/606/356 458/604/356
f 459/605/357 461/607/357 462/608/357
f 459/605/357 462/608/357 460/606/357
f 461/607/358 443/589/358 446/592/358
f 461/607/358 446/592/358 462/608/358
f 446/592/359 445/591/359 463/609/359
f 445/591/360 448/594/360 463/609/360
f 448/594/361 450/596/361 463/609/361
f 450/596/362 452/598/362 463/609/362
f 452/598/363 454/600/363 463/609/363
f 454/600/364 456/602/364 463/609/364
f 456/602/365 458/604/365 463/609/365
f 458/604/366 460/606/366 463/609/366
f 460/606/367 462/608/367 463/609/367
f 462/608/368 446/592/368 463/609/368
f 464/610/369 465/611/369 466/612/369
f 464/610/369 466/612/369 467/613/369
f 468/614/370 469/615/370 470/616/370
f 468/614/370 470/616/370 471/617/370
f 467/618/371 466/619/371 471/620/371
f 467/618/371 471/620/371 470/621/371
f 469/621/372 468/620/372 465/619/372
f 469/621/372 465/619/372 464/618/372
f 469/622/373 464/623/373 467/624/373
f 469/622/373 467/624/373 470/625/373
f 465/623/374 468/622/374 471/625/374
f 465/623/374 471/625/374 466/624/374
f 472/626/375 473/627/375 474/628/375
f 475/626/376 476/628/376 477/627/376
f 472/626/375 474/628/375 478/629/375
f 475/626/376 479/629/376 476/628/376
f 472/630/377 475/631/377 477/632/377
f 472/630/377 477/632/377 473/633/377
f 473/633/378 477/632/378 476/634/378
f 473/633/378 476/634/378 474/635/378
f 474/635/379 476/634/379 479/636/379
f 474/635/379 479/636/379 478/637/379
f 478/637/380 479/636/380 475/631/380
f 478/637/380 475/631/380 472/630/380
f 480/638/381 481/639/381 482/640/381
f 480/638/381 482/640/381 483/641/381
f 484/642/382 485/643/382 486/644/382
f 484/642/382 486/644/382 487/645/382
f 483/646/383 482/647/383 487/648/383
f 483/646/383 487/648/383 486/649/383
f 485/649/384 484/648/384 481/647/384
f 485/649/384 481/647/384 480/646/384
f 485/650/385 480/651/385 483/652/385
f 485/650/385 483/652/385 486/653/385
f 481/654/386 484/655/386 487/656/386
f 481/654/386 487/656/386 482/657/386
f 488/658/381 489/659/381 490/660/381
f 488/658/381 490/660/381 491/661/381
f 492/662/382 493/663/382 494/664/382
f 492/662/382 494/664/382 495/665/382
f 491/666/387 490/667/387 495/668/387
f 491/666/387 495/668/387 494/669/387
f 493/669/388 492/668/388 489/667/388
f 493/669/388 489/667/388 488/666/388
f 493/670/389 488/671/389 491/672/389
f 493/670/389 491/672/389 494/673/389
f 489/674/390 492/674/390 495/675/390
f 489/674/390 495/675/390 490/675/390
f 496/676/381 497/677/381 498/678/381
f 496/676/381 498/678/381 499/679/381
f 500/680/382 501/681/382 502/682/382
f 500/680/382 502/682/382 503/683/382
f 499/684/387 498/685/387 503/686/387
f 499/684/387 503/686/387 502/687/387
f 501/687/388 500/686/388 497/685/388
f 501/687/388 497/685/388 496/684/388
f 501/688/389 496/689/389 499/690/389
f 501/688/389 499/690/389 502/691/389
f 497/692/390 500/692/390 503/693/390
f 497/692/390 503/693/390 498/693/390
f 504/694/391 505/695/391 506/696/391
f 504/694/391 506/696/391 507/697/391
f 508/698/392 509/699/392 510/700/392
f 508/698/392 510/700/392 511/701/392
f 507/702/393 506/703/393 511/704/393
f 507/702/393 511/704/393 510/705/393
f 509/705/394 508/704/394 505/703/394
f 509/705/394 505/703/394 504/702/394
f 509/706/395 504/707/395 507/708/395
f 509/706/395 507/708/395 510/709/395
f 505/710/396 508/711/396 511/712/396
f 505/710/396 511/712/396 506/713/396
f 512/714/391 513/715/391 514/716/391
f 512/714/391 514/716/391 515/717/391
f 516/718/392 517/719/392 518/720/392
f 516/718/392 518/720/392 519/721/392
f 515/722/397 514/723/397 519/724/397
f 515/722/397 519/724/397 518/725/397
f 517/725/398 516/724/398 513/723/398
f 517/725/398 513/723/398 512/722/398
f 517/726/399 512/726/399 515/727/399
f 517/726/399 515/727/399 518/727/399
f 513/728/400 516/729/400 519/730/400
f 513/728/400 519/730/400 514/731/400
f 520/732/391 521/733/391 522/734/391
f 520/732/391 522/734/391 523/735/391
f 524/736/392 525/737/392 526/738/392
f 524/736/392 526/738/392 527/739/392
f 523/740/397 522/741/397 527/742/397
f 523/740/397 527/742/397 526/743/397
f 525/743/398 524/742/398 521/741/398
f 525/743/398 521/741/398 520/740/398
f 525/744/399 520/744/399 523/745/399
f 525/744/399 523/745/399 526/745/399
f 521/746/400 524/747/400 527/748/400
f 521/746/400 527/748/400 522/749/400
f 528/750/401 529/751/401 530/752/401
f 528/750/401 530/752/401 531/753/401
f 529/754/402 532/755/402 533/756/402
f 529/754/402 533/756/402 530/757/402
f 532/755/403 534/758/403 535/759/403
f 532/755/403 535/759/403 533/756/403
f 534/758/404 536/760/404 537/761/404
f 534/758/404 537/761/404 535/759/404
f 536/751/405 538/750/405 539/753/405
f 536/751/405 539/753/405 537/752/405
f 538/750/406 540/762/406 541/763/406
f 538/750/406 541/763/406 539/753/406
f 540/760/407 542/758/407 543/759/407
f 540/760/407 543/759/407 541/761/407
f 542/758/408 544/755/408 545/756/408
f 542/758/408 545/756/408 543/759/408
f 544/755/409 546/754/409 547/757/409
f 544/755/409 547/757/409 545/756/409
f 546/762/410 528/750/410 531/753/410
f 546/762/410 531/753/410 547/763/410
f 531/753/411 530/752/411 548/764/411
f 531/753/411 548/764/411 549/765/411
f 530/766/412 533/767/412 550/768/412
f 530/766/412 550/768/412 548/769/412
f 533/756/413 535/759/413 551/770/413
f 533/756/413 551/770/413 550/771/413
f 535/772/414 537/773/414 552/774/414
f 535/772/414 552/774/414 551/775/414
f 537/752/415 539/753/415 553/765/415
f 537/752/415 553/765/415 552/764/415
f 539/753/416 541/763/416 554/776/416
f 539/753/416 554/776/416 553/765/416
f 541/777/417 543/778/417 555/779/417
f 541/777/417 555/779/417 554/780/417
f 543/759/418 545/756/418 556/771/418
f 543/759/418 556/771/418 555/770/418
f 545/781/419 547/782/419 557/783/419
f 545/781/419 557/783/419 556/784/419
f 547/763/420 531/753/420 549/765/420
f 547/763/420 549/765/420 557/776/420
f 549/785/421 548/769/421 558/786/421
f 548/769/422 550/768/422 558/786/422
f 550/768/423 551/775/423 558/786/423
f 551/775/424 552/774/424 558/786/424
f 552/774/425 553/787/425 558/786/425
f 553/787/426 554/780/426 558/786/426
f 554/780/427 555/779/427 558/786/427
f 555/779/428 556/784/428 558/786/428
f 556/784/429 557/783/429 558/786/429
f 557/783/430 549/785/430 558/786/430
f 559/788/431 560/789/431 561/790/431
f 559/788/431 561/790/431 562/791/431
f 563/792/432 564/793/432 565/794/432
f 563/792/432 565/794/432 566/795/432
f 562/796/433 561/797/433 566/798/433
f 562/796/433 566/798/433 565/799/433
f 564/800/434 563/801/434 560/802/434
f 564/800/434 560/802/434 559/803/434
f 564/804/435 559/805/435 562/806/435
f 564/804/435 562/806/435 565/807/435
f 560/805/436 563/804/436 566/807/436
f 560/805/436 566/807/436 561/806/436
f 567/808/437 568/809/437 569/810/437
f 567/808/437 569/810/437 570/811/437
f 568/812/438 571/813/438 572/814/438
f 568/812/438 572/814/438 569/815/438
f 571/813/439 573/816/439 574/817/439
f 571/813/439 574/817/439 572/814/439
f 573/816/440 575/818/440 576/819/440
f 573/816/440 576/819/440 574/817/440
f 575/809/441 577/808/441 578/811/441
f 575/809/441 578/811/441 576/810/441
f 577/808/442 579/820/442 580/821/442
f 577/808/442 580/821/442 578/811/442
f 579/818/443 581/816/443 582/817/443
f 579/818/443 582/817/443 580/819/443
f 581/816/444 583/813/444 584/814/444
f 581/816/444 584/814/444 582/817/444
f 583/813/445 585/812/445 586/815/445
f 583/813/445 586/815/445 584/814/445
f 585/820/446 567/808/446 570/811/446
f 585/820/446 570/811/446 586/821/446
f 570/811/447 569/810/447 587/822/447
f 570/811/447 587/822/447 588/823/447
f 569/824/448 572/825/448 589/826/448
f 569/824/448 589/826/448 587/827/448
f 572/814/449 574/817/449 590/828/449
f 572/814/449 590/828/449 589/829/449
f 574/830/450 576/831/450 591/832/450
f 574/830/450 591/832/450 590/833/450
f 576/810/451 578/811/451 592/823/451
f 576/810/451 592/823/451 591/822/451
f 578/811/452 580/821/452 593/834/452
f 578/811/452 593/834/452 592/823/452
f 580/835/453 582/836/453 594/837/453
f 580/835/453 594/837/453 593/838/453
f 582/817/454 584/814/454 595/829/454
f 582/817/454 595/829/454 594/828/454
f 584/839/455 586/840/455 596/841/455
f 584/839/455 596/841/455 595/842/455
f 586/821/456 570/811/456 588/823/456
f 586/821/456 588/823/456 596/834/456
f 588/843/457 587/827/457 597/844/457
f 587/827/458 589/826/458 597/844/458
f 589/826/459 590/833/459 597/844/459
f 590/833/460 591/832/460 597/844/460
f 591/832/461 592/845/461 597/844/461
f 592/845/462 593/838/462 597/844/462
f 593/838/463 594/837/463 597/844/463
f 594/837/464 595/842/464 597/844/464
f 595/842/465 596/841/465 597/844/465
f 596/841/466 588/843/466 597/844/466
f 598/846/467 599/847/467 600/848/467
f 598/846/467 600/848/467 601/849/467
f 602/850/468 603/851/468 604/852/468
f 602/850/468 604/852/468 605/853/468
f 601/854/469 600/855/469 605/856/469
f 601/854/469 605/856/469 604/857/469
f 603/858/470 602/859/470 599/860/470
f 603/858/470 599/860/470 598/861/470
f 603/862/471 598/863/471 601/864/471
f 603/862/471 601/864/471 604/865/471
f 599/863/472 602/862/472 605/865/472
f 599/863/472 605/865/472 600/864/472
f 606/866/473 607/867/473 608/868/473
f 606/866/473 608/868/473 609/869/473
f 610/870/474 611/871/474 612/872/474
f 610/870/474 612/872/474 613/873/474
f 609/874/475 608/875/475 613/876/475
f 609/874/475 613/876/475 612/877/475
f 611/877/476 610/876/476 607/875/476
f 611/877/476 607/875/476 606/874/476
f 611/878/477 606/879/477 609/880/477
f 611/878/477 609/880/477 612/881/477
f 607/882/478 610/883/478 613/884/478
f 607/882/478 613/884/478 608/885/478
f 614/886/473 615/887/473 616/888/473
f 614/886/473 616/888/473 617/889/473
f 618/890/474 619/891/474 620/892/474
f 618/890/474 620/892/474 621/893/474
f 617/894/479 616/895/479 621/896/479
f 617/894/479 621/896/479 620/897/479
f 619/897/480 618/896/480 615/895/480
f 619/897/480 615/895/480 614/894/480
f 619/898/481 614/899/481 617/900/481
f 619/898/481 617/900/481 620/901/481
f 615/902/482 618/902/482 621/903/482
f 615/902/482 621/903/482 616/903/482
f 622/904/473 623/905/473 624/906/473
f 622/904/473 624/906/473 625/907/473
f 626/908/474 627/909/474 628/910/474
f 626/908/474 628/910/474 629/911/474
f 625/912/479 624/913/479 629/914/479
f 625/912/479 629/914/479 628/915/479
f 627/915/480 626/914/480 623/913/480
f 627/915/480 623/913/480 622/912/480
f 627/916/481 622/917/481 625/918/481
f 627/916/481 625/918/481 628/919/481
f 623/920/482 626/920/482 629/921/482
f 623/920/482 629/921/482 624/921/482
f 630/922/483 631/923/483 632/924/483
f 630/922/483 632/924/483 633/925/483
f 634/926/484 635/927/484 636/928/484
f 634/926/484 636/928/484 637/929/484
f 633/930/485 632/931/485 637/932/485
f 633/930/485 637/932/485 636/933/485
f 635/933/486 634/932/486 631/931/486
f 635/933/486 631/931/486 630/930/486
f 635/934/487 630/935/487 633/936/487
f 635/934/487 633/936/487 636/937/487
f 631/938/488 634/939/488 637/940/488
f 631/938/488 637/940/488 632/941/488
f 638/942/483 639/943/483 640/944/483
f 638/942/483 640/944/483 641/945/483
f 642/946/484 643/947/484 644/948/484
f 642/946/484 644/948/484 645/949/484
f 641/950/489 640/951/489 645/952/489
f 641/950/489 645/952/489 644/953/489
f 643/953/490 642/952/490 639/951/490
f 643/953/490 639/951/490 638/950/490
f 643/954/491 638/954/491 641/955/491
f 643/954/491 641/955/491 644/955/491
f 639/956/492 642/957/492 645/958/492
f 639/956/492 645/958/492 640/959/492
f 646/960/483 647/961/483 648/962/483
f 646/960/483 648/962/483 649/963/483
f 650/964/484 651/965/484 652/966/484
f 650/964/484 652/966/484 653/967/484
f 649/968/489 648/969/489 653/970/489
f 649/968/489 653/970/489 652/971/489
f 651/971/490 650/970/490 647/969/490
f 651/971/490 647/969/490 646/968/490
f 651/972/491 646/972/491 649/973/491
f 651/972/491 649/973/491 652/973/491
f 647/974/492 650/975/492 653/976/492
f 647/974/492 653/976/492 648/977/492
f 654/978/493 655/979/493 656/980/493
f 654/978/493 656/980/493 657/981/493
f 655/982/494 658/983/494 659/984/494
f 655/982/494 659/984/494 656/985/494
f 658/983/495 660/986/495 661/987/495
f 658/983/495 661/987/495 659/984/495
f 660/986/496 662/988/496 663/989/496
f 660/986/496 663/989/496 661/987/496
f 662/979/497 664/978/497 665/981/497
f 662/979/497 665/981/497 663/980/497
f 664/978/498 666/990/498 667/991/498
f 664/978/498 667/991/498 665/981/498
f 666/988/499 668/986/499 669/987/499
f 666/988/499 669/987/499 667/989/499
f 668/986/500 670/983/500 671/984/500
f 668/986/500 671/984/500 669/987/500
f 670/983/501 672/982/501 673/985/501
f 670/983/501 673/985/501 671/984/501
f 672/990/502 654/978/502 657/981/502
f 672/990/502 657/981/502 673/991/502
f 657/981/503 656/980/503 674/992/503
f 657/981/503 674/992/503 675/993/503
f 656/994/504 659/995/504 676/996/504
f 656/994/504 676/996/504 674/997/504
f 659/984/505 661/987/505 677/998/505
f 659/984/505 677/998/505 676/999/505
f 661/1000/506 663/1001/506 678/1002/506
f 661/1000/506 678/1002/506 677/1003/506
f 663/980/507 665/981/507 679/993/507
f 663/980/507 679/993/507 678/992/507
f 665/981/508 667/991/508 680/1004/508
f 665/981/508 680/1004/508 679/993/508
f 667/1005/509 669/1006/509 681/1007/509
f 667/1005/509 681/1007/509 680/1008/509
f 669/987/510 671/984/510 682/999/510
f 669/987/510 682/999/510 681/998/510
f 671/1009/511 673/1010/511 683/1011/511
f 671/1009/511 683/1011/511 682/1012/511
f 673/991/512 657/981/512 675/993/512
f 673/991/512 675/993/512 683/1004/512
f 675/1013/513 674/997/513 684/1014/513
f 674/997/514 676/996/514 684/1014/514
f 676/996/515 677/1003/515 684/1014/515
f 677/1003/516 678/1002/516 684/1014/516
f 678/1002/517 679/1015/517 684/1014/517
f 679/1015/518 680/1008/518 684/1014/518
f 680/1008/519 681/1007/519 684/1014/519
f 681/1007/520 682/1012/520 684/1014/520
f 682/1012/521 683/1011/521 684/1014/521
f 683/1011/522 675/1013/522 684/1014/522
f 685/1016/523 686/1017/523 687/1018/523
f 685/1016/523 687/1018/523 688/1019/523
f 689/1020/524 690/1021/524 691/1022/524
f 689/1020/524 691/1022/524 692/1023/524
f 688/1024/525 687/1025/525 692/1026/525
f 688/1024/525 692/1026/525 691/1027/525
f 690/1028/526 689/1029/526 686/1030/526
f 690/1028/526 686/1030/526 685/1031/526
f 690/1028/527 685/1031/527 688/1024/527
f 690/1028/527 688/1024/527 691/1027/527
f 686/1030/528 689/1029/528 692/1026/528
f 686/1030/528 692/1026/528 687/1025/528
f 693/1032/529 694/1033/529 695/1034/529
f 693/1032/529 695/1034/529 696/1035/529
f 694/1036/530 697/1037/530 698/1038/530
f 694/1036/530 698/1038/530 695/1039/530
f 697/1037/531 699/1040/531 700/1041/531
f 697/1037/531 700/1041/531 698/1038/531
f 699/1040/532 701/1042/532 702/1043/532
f 699/1040/532 702/1043/532 700/1041/532
f 701/1033/533 703/1032/533 704/1035/533
f 701/1033/533 704/1035/533 702/1034/533
f 703/1032/534 705/1044/534 706/1045/534
f 703/1032/534 706/1045/534 704/1035/534
f 705/1042/535 707/1040/535 708/1041/535
f 705/1042/535 708/1041/535 706/1043/535
f 707/1040/536 709/1037/536 710/1038/536
f 707/1040/536 710/1038/536 708/1041/536
f 709/1037/537 711/1036/537 712/1039/537
f 709/1037/537 712/1039/537 710/1038/537
f 711/1044/538 693/1032/538 696/1035/538
f 711/1044/538 696/1035/538 712/1045/538
f 696/1035/539 695/1034/539 713/1046/539
f 696/1035/539 713/1046/539 714/1047/539
f 695/1048/540 698/1049/540 715/1050/540
f 695/1048/540 715/1050/540 713/1051/540
f 698/1038/541 700/1041/541 716/1052/541
f 698/1038/541 716/1052/541 715/1053/541
f 700/1054/542 702/1055/542 717/1056/542
f 700/1054/542 717/1056/542 716/1057/542
f 702/1034/543 704/1035/543 718/1047/543
f 702/1034/543 718/1047/543 717/1046/543
f 704/1035/544 706/1045/544 719/1058/544
f 704/1035/544 719/1058/544 718/1047/544
f 706/1059/545 708/1060/545 720/1061/545
f 706/1059/545 720/1061/545 719/1062/545
f 708/1041/546 710/1038/546 721/1053/546
f 708/1041/546 721/1053/546 720/1052/546
f 710/1063/547 712/1064/547 722/1065/547
f 710/1063/547 722/1065/547 721/1066/547
f 712/1045/548 696/1035/548 714/1047/548
f 712/1045/548 714/1047/548 722/1058/548
f 714/1067/549 713/1051/549 723/1068/549
f 713/1051/550 715/1050/550 723/1068/550
f 715/1050/551 716/1057/551 723/1068/551
f 716/1057/552 717/1056/552 723/1068/552
f 717/1056/553 718/1069/553 723/1068/553
f 718/1069/554 719/1062/554 723/1068/554
f 719/1062/555 720/1061/555 723/1068/555
f 720/1061/556 721/1066/556 723/1068/556
f 721/1066/557 722/1065/557 723/1068/557
f 722/1065/558 714/1067/558 723/1068/558
f 724/1070/559 725/1071/559 726/1072/559
f 724/1070/559 726/1072/559 727/1073/559
f 728/1074/560 729/1075/560 730/1076/560
f 728/1074/560 730/1076/560 731/1077/560
f 727/1078/561 726/1079/561 731/1080/561
f 727/1078/561 731/1080/561 730/1081/561
f 729/1082/562 728/1083/562 725/1084/562
f 729/1082/562 725/1084/562 724/1085/562
f 729/1082/563 724/1085/563 727/1078/563
f 729/1082/563 727/1078/563 730/1081/563
f 725/1084/564 728/1083/564 731/1080/564
f 725/1084/564 731/1080/564 726/1079/564
