# Helion dreadnought, from tools/gen_fleet.py
# Generated by tools. Edit the generator script.
v -0.136842 0.821053 2.025263
v 0.136842 0.821053 2.025263
v 0.136842 1.094737 2.025263
v -0.136842 1.094737 2.025263
v 0.136842 0.821053 -2.390175
v -0.136842 0.821053 -2.390175
v -0.136842 1.094737 -2.390175
v 0.136842 1.094737 -2.390175
v -0.319298 0.638596 2.600000
v 0.319298 0.638596 2.600000
v 0.319298 1.642105 2.600000
v -0.319298 1.642105 2.600000
v 0.319298 0.638596 1.961404
v -0.319298 0.638596 1.961404
v -0.319298 1.642105 1.961404
v 0.319298 1.642105 1.961404
v -0.387719 1.003509 2.326316
v -0.296491 1.003509 2.326316
v -0.296491 1.094737 2.326316
v -0.387719 1.094737 2.326316
v -0.296491 1.003509 2.235088
v -0.387719 1.003509 2.235088
v -0.387719 1.094737 2.235088
v -0.296491 1.094737 2.235088
v 0.296491 1.003509 2.326316
v 0.387719 1.003509 2.326316
v 0.387719 1.094737 2.326316
v 0.296491 1.094737 2.326316
v 0.387719 1.003509 2.235088
v 0.296491 1.003509 2.235088
v 0.296491 1.094737 2.235088
v 0.387719 1.094737 2.235088
v -0.159649 1.632982 2.554386
v -0.095141 1.632982 2.527666
v -0.103784 1.678596 2.519023
v -0.159649 1.678596 2.542164
v -0.068421 1.632982 2.463158
v -0.080643 1.678596 2.463158
v -0.095141 1.632982 2.398650
v -0.103784 1.678596 2.407292
v -0.159649 1.632982 2.371930
v -0.159649 1.678596 2.384152
v -0.224157 1.632982 2.398650
v -0.215515 1.678596 2.407292
v -0.250877 1.632982 2.463158
v -0.238655 1.678596 2.463158
v -0.224157 1.632982 2.527666
v -0.215515 1.678596 2.519023
v -0.127395 1.711988 2.495412
v -0.159649 1.711988 2.508772
v -0.114035 1.711988 2.463158
v -0.127395 1.711988 2.430904
v -0.159649 1.711988 2.417544
v -0.191903 1.711988 2.430904
v -0.205263 1.711988 2.463158
v -0.191903 1.711988 2.495412
v -0.159649 1.724211 2.463158
v -0.410526 1.071930 1.814709
v 0.410526 1.071930 1.814709
v 0.410526 1.573684 1.814709
v -0.410526 1.573684 1.814709
v 0.410526 1.071930 1.176112
v -0.410526 1.071930 1.176112
v -0.410526 1.573684 1.176112
v 0.410526 1.573684 1.176112
v -0.410526 0.342105 1.814709
v 0.410526 0.342105 1.814709
v 0.410526 0.843860 1.814709
v -0.410526 0.843860 1.814709
v 0.410526 0.342105 1.176112
v -0.410526 0.342105 1.176112
v -0.410526 0.843860 1.176112
v 0.410526 0.843860 1.176112
v 0.114035 0.547368 1.814709
v 0.615789 0.547368 1.814709
v 0.615789 1.368421 1.814709
v 0.114035 1.368421 1.814709
v 0.615789 0.547368 1.176112
v 0.114035 0.547368 1.176112
v 0.114035 1.368421 1.176112
v 0.615789 1.368421 1.176112
v -0.615789 0.547368 1.814709
v -0.114035 0.547368 1.814709
v -0.114035 1.368421 1.814709
v -0.615789 1.368421 1.814709
v -0.114035 0.547368 1.176112
v -0.615789 0.547368 1.176112
v -0.615789 1.368421 1.176112
v -0.114035 1.368421 1.176112
v -0.410526 1.071930 1.196547
v 0.410526 1.071930 1.196547
v 0.410526 1.573684 1.196547
v -0.410526 1.573684 1.196547
v 0.410526 1.071930 0.557951
v -0.410526 1.071930 0.557951
v -0.410526 1.573684 0.557951
v 0.410526 1.573684 0.557951
v -0.410526 0.342105 1.196547
v 0.410526 0.342105 1.196547
v 0.410526 0.843860 1.196547
v -0.410526 0.843860 1.196547
v 0.410526 0.342105 0.557951
v -0.410526 0.342105 0.557951
v -0.410526 0.843860 0.557951
v 0.410526 0.843860 0.557951
v 0.114035 0.547368 1.196547
v 0.615789 0.547368 1.196547
v 0.615789 1.368421 1.196547
v 0.114035 1.368421 1.196547
v 0.615789 0.547368 0.557951
v 0.114035 0.547368 0.557951
v 0.114035 1.368421 0.557951
v 0.615789 1.368421 0.557951
v -0.615789 0.547368 1.196547
v -0.114035 0.547368 1.196547
v -0.114035 1.368421 1.196547
v -0.615789 1.368421 1.196547
v -0.114035 0.547368 0.557951
v -0.615789 0.547368 0.557951
v -0.615789 1.368421 0.557951
v -0.114035 1.368421 0.557951
v -0.410526 1.071930 0.578386
v 0.410526 1.071930 0.578386
v 0.410526 1.573684 0.578386
v -0.410526 1.573684 0.578386
v 0.410526 1.071930 -0.060211
v -0.410526 1.071930 -0.060211
v -0.410526 1.573684 -0.060211
v 0.410526 1.573684 -0.060211
v -0.410526 0.342105 0.578386
v 0.410526 0.342105 0.578386
v 0.410526 0.843860 0.578386
v -0.410526 0.843860 0.578386
v 0.410526 0.342105 -0.060211
v -0.410526 0.342105 -0.060211
v -0.410526 0.843860 -0.060211
v 0.410526 0.843860 -0.060211
v 0.114035 0.547368 0.578386
v 0.615789 0.547368 0.578386
v 0.615789 1.368421 0.578386
v 0.114035 1.368421 0.578386
v 0.615789 0.547368 -0.060211
v 0.114035 0.547368 -0.060211
v 0.114035 1.368421 -0.060211
v 0.615789 1.368421 -0.060211
v -0.615789 0.547368 0.578386
v -0.114035 0.547368 0.578386
v -0.114035 1.368421 0.578386
v -0.615789 1.368421 0.578386
v -0.114035 0.547368 -0.060211
v -0.615789 0.547368 -0.060211
v -0.615789 1.368421 -0.060211
v -0.114035 1.368421 -0.060211
v -0.410526 1.071930 -0.039775
v 0.410526 1.071930 -0.039775
v 0.410526 1.573684 -0.039775
v -0.410526 1.573684 -0.039775
v 0.410526 1.071930 -0.678372
v -0.410526 1.071930 -0.678372
v -0.410526 1.573684 -0.678372
v 0.410526 1.573684 -0.678372
v -0.410526 0.342105 -0.039775
v 0.410526 0.342105 -0.039775
v 0.410526 0.843860 -0.039775
v -0.410526 0.843860 -0.039775
v 0.410526 0.342105 -0.678372
v -0.410526 0.342105 -0.678372
v -0.410526 0.843860 -0.678372
v 0.410526 0.843860 -0.678372
v 0.114035 0.547368 -0.039775
v 0.615789 0.547368 -0.039775
v 0.615789 1.368421 -0.039775
v 0.114035 1.368421 -0.039775
v 0.615789 0.547368 -0.678372
v 0.114035 0.547368 -0.678372
v 0.114035 1.368421 -0.678372
v 0.615789 1.368421 -0.678372
v -0.615789 0.547368 -0.039775
v -0.114035 0.547368 -0.039775
v -0.114035 1.368421 -0.039775
v -0.615789 1.368421 -0.039775
v -0.114035 0.547368 -0.678372
v -0.615789 0.547368 -0.678372
v -0.615789 1.368421 -0.678372
v -0.114035 1.368421 -0.678372
v -0.410526 1.071930 -0.657937
v 0.410526 1.071930 -0.657937
v 0.410526 1.573684 -0.657937
v -0.410526 1.573684 -0.657937
v 0.410526 1.071930 -1.296533
v -0.410526 1.071930 -1.296533
v -0.410526 1.573684 -1.296533
v 0.410526 1.573684 -1.296533
v -0.410526 0.342105 -0.657937
v 0.410526 0.342105 -0.657937
v 0.410526 0.843860 -0.657937
v -0.410526 0.843860 -0.657937
v 0.410526 0.342105 -1.296533
v -0.410526 0.342105 -1.296533
v -0.410526 0.843860 -1.296533
v 0.410526 0.843860 -1.296533
v 0.114035 0.547368 -0.657937
v 0.615789 0.547368 -0.657937
v 0.615789 1.368421 -0.657937
v 0.114035 1.368421 -0.657937
v 0.615789 0.547368 -1.296533
v 0.114035 0.547368 -1.296533
v 0.114035 1.368421 -1.296533
v 0.615789 1.368421 -1.296533
v -0.615789 0.547368 -0.657937
v -0.114035 0.547368 -0.657937
v -0.114035 1.368421 -0.657937
v -0.615789 1.368421 -0.657937
v -0.114035 0.547368 -1.296533
v -0.615789 0.547368 -1.296533
v -0.615789 1.368421 -1.296533
v -0.114035 1.368421 -1.296533
v -0.410526 1.071930 -1.276098
v 0.410526 1.071930 -1.276098
v 0.410526 1.573684 -1.276098
v -0.410526 1.573684 -1.276098
v 0.410526 1.071930 -1.914695
v -0.410526 1.071930 -1.914695
v -0.410526 1.573684 -1.914695
v 0.410526 1.573684 -1.914695
v -0.410526 0.342105 -1.276098
v 0.410526 0.342105 -1.276098
v 0.410526 0.843860 -1.276098
v -0.410526 0.843860 -1.276098
v 0.410526 0.342105 -1.914695
v -0.410526 0.342105 -1.914695
v -0.410526 0.843860 -1.914695
v 0.410526 0.843860 -1.914695
v 0.114035 0.547368 -1.276098
v 0.615789 0.547368 -1.276098
v 0.615789 1.368421 -1.276098
v 0.114035 1.368421 -1.276098
v 0.615789 0.547368 -1.914695
v 0.114035 0.547368 -1.914695
v 0.114035 1.368421 -1.914695
v 0.615789 1.368421 -1.914695
v -0.615789 0.547368 -1.276098
v -0.114035 0.547368 -1.276098
v -0.114035 1.368421 -1.276098
v -0.615789 1.368421 -1.276098
v -0.114035 0.547368 -1.914695
v -0.615789 0.547368 -1.914695
v -0.615789 1.368421 -1.914695
v -0.114035 1.368421 -1.914695
v -0.091228 0.000000 1.142175
v 0.091228 0.000000 1.142175
v 0.091228 0.182456 1.142175
v -0.091228 0.182456 1.142175
v 0.091228 0.000000 -1.948632
v -0.091228 0.000000 -1.948632
v -0.091228 0.182456 -1.948632
v 0.091228 0.182456 -1.948632
v -0.182456 0.091228 0.834554
v 0.182456 0.091228 0.834554
v 0.182456 0.364912 0.834554
v -0.182456 0.364912 0.834554
v 0.182456 0.091228 0.743326
v -0.182456 0.091228 0.743326
v -0.182456 0.364912 0.743326
v 0.182456 0.364912 0.743326
v -0.182456 0.091228 -1.108239
v 0.182456 0.091228 -1.108239
v 0.182456 0.364912 -1.108239
v -0.182456 0.364912 -1.108239
v 0.182456 0.091228 -1.199467
v -0.182456 0.091228 -1.199467
v -0.182456 0.364912 -1.199467
v 0.182456 0.364912 -1.199467
v -0.501754 1.322807 -2.572632
v -0.372738 1.193791 -2.572632
v -0.501754 1.140351 -2.572632
v -0.319298 1.322807 -2.572632
v -0.372738 1.451823 -2.572632
v -0.501754 1.505263 -2.572632
v -0.630770 1.451823 -2.572632
v -0.684211 1.322807 -2.572632
v -0.630770 1.193791 -2.572632
v -0.372738 1.193791 -1.842807
v -0.501754 1.140351 -1.842807
v -0.319298 1.322807 -1.842807
v -0.372738 1.451823 -1.842807
v -0.501754 1.505263 -1.842807
v -0.630770 1.451823 -1.842807
v -0.684211 1.322807 -1.842807
v -0.630770 1.193791 -1.842807
v -0.501754 1.322807 -1.842807
v 0.501754 1.322807 -2.572632
v 0.630770 1.193791 -2.572632
v 0.501754 1.140351 -2.572632
v 0.684211 1.322807 -2.572632
v 0.630770 1.451823 -2.572632
v 0.501754 1.505263 -2.572632
v 0.372738 1.451823 -2.572632
v 0.319298 1.322807 -2.572632
v 0.372738 1.193791 -2.572632
v 0.630770 1.193791 -1.842807
v 0.501754 1.140351 -1.842807
v 0.684211 1.322807 -1.842807
v 0.630770 1.451823 -1.842807
v 0.501754 1.505263 -1.842807
v 0.372738 1.451823 -1.842807
v 0.319298 1.322807 -1.842807
v 0.372738 1.193791 -1.842807
v 0.501754 1.322807 -1.842807
v -0.044966 1.035718 -2.171228
v -0.413863 1.304007 -2.171228
v -0.456789 1.244984 -2.171228
v -0.087892 0.976695 -2.171228
v -0.413863 1.304007 -2.244211
v -0.044966 1.035718 -2.244211
v -0.087892 0.976695 -2.244211
v -0.456789 1.244984 -2.244211
v -0.501754 1.108421 -2.207719
v -0.419712 1.124740 -2.207719
v -0.428156 1.145124 -2.177352
v -0.501754 1.130484 -2.177352
v -0.441817 1.178105 -2.188951
v -0.501754 1.166183 -2.188951
v -0.441817 1.178105 -2.226487
v -0.501754 1.166183 -2.226487
v -0.428156 1.145124 -2.238086
v -0.501754 1.130484 -2.238086
v -0.350161 1.171213 -2.207719
v -0.365761 1.186814 -2.177352
v -0.391004 1.212057 -2.188951
v -0.391004 1.212057 -2.226487
v -0.365761 1.186814 -2.238086
v -0.303688 1.240765 -2.207719
v -0.324071 1.249208 -2.177352
v -0.357052 1.262869 -2.188951
v -0.357052 1.262869 -2.226487
v -0.324071 1.249208 -2.238086
v -0.287368 1.322807 -2.207719
v -0.309431 1.322807 -2.177352
v -0.345130 1.322807 -2.188951
v -0.345130 1.322807 -2.226487
v -0.309431 1.322807 -2.238086
v -0.303688 1.404849 -2.207719
v -0.324071 1.396406 -2.177352
v -0.357052 1.382745 -2.188951
v -0.357052 1.382745 -2.226487
v -0.324071 1.396406 -2.238086
v -0.350161 1.474401 -2.207719
v -0.365761 1.458800 -2.177352
v -0.391004 1.433557 -2.188951
v -0.391004 1.433557 -2.226487
v -0.365761 1.458800 -2.238086
v -0.419712 1.520874 -2.207719
v -0.428156 1.500490 -2.177352
v -0.441817 1.467509 -2.188951
v -0.441817 1.467509 -2.226487
v -0.428156 1.500490 -2.238086
v -0.501754 1.537193 -2.207719
v -0.501754 1.515130 -2.177352
v -0.501754 1.479431 -2.188951
v -0.501754 1.479431 -2.226487
v -0.501754 1.515130 -2.238086
v -0.583796 1.520874 -2.207719
v -0.575353 1.500490 -2.177352
v -0.561692 1.467509 -2.188951
v -0.561692 1.467509 -2.226487
v -0.575353 1.500490 -2.238086
v -0.653348 1.474401 -2.207719
v -0.637747 1.458800 -2.177352
v -0.612505 1.433557 -2.188951
v -0.612505 1.433557 -2.226487
v -0.637747 1.458800 -2.238086
v -0.699821 1.404849 -2.207719
v -0.679438 1.396406 -2.177352
v -0.646456 1.382745 -2.188951
v -0.646456 1.382745 -2.226487
v -0.679438 1.396406 -2.238086
v -0.716140 1.322807 -2.207719
v -0.694077 1.322807 -2.177352
v -0.658379 1.322807 -2.188951
v -0.658379 1.322807 -2.226487
v -0.694077 1.322807 -2.238086
v -0.699821 1.240765 -2.207719
v -0.679438 1.249208 -2.177352
v -0.646456 1.262869 -2.188951
v -0.646456 1.262869 -2.226487
v -0.679438 1.249208 -2.238086
v -0.653348 1.171213 -2.207719
v -0.637747 1.186814 -2.177352
v -0.612505 1.212057 -2.188951
v -0.612505 1.212057 -2.226487
v -0.637747 1.186814 -2.238086
v -0.583796 1.124740 -2.207719
v -0.575353 1.145124 -2.177352
v -0.561692 1.178105 -2.188951
v -0.561692 1.178105 -2.226487
v -0.575353 1.145124 -2.238086
v -0.501754 1.322807 -2.600000
v -0.383060 1.204112 -2.600000
v -0.501754 1.154947 -2.600000
v -0.333895 1.322807 -2.600000
v -0.383060 1.441502 -2.600000
v -0.501754 1.490667 -2.600000
v -0.620449 1.441502 -2.600000
v -0.669614 1.322807 -2.600000
v -0.620449 1.204112 -2.600000
v -0.383060 1.204112 -2.508772
v -0.501754 1.154947 -2.508772
v -0.333895 1.322807 -2.508772
v -0.383060 1.441502 -2.508772
v -0.501754 1.490667 -2.508772
v -0.620449 1.441502 -2.508772
v -0.669614 1.322807 -2.508772
v -0.620449 1.204112 -2.508772
v -0.501754 1.322807 -2.508772
v 0.087892 0.976695 -2.171228
v 0.456789 1.244984 -2.171228
v 0.413863 1.304007 -2.171228
v 0.044966 1.035718 -2.171228
v 0.456789 1.244984 -2.244211
v 0.087892 0.976695 -2.244211
v 0.044966 1.035718 -2.244211
v 0.413863 1.304007 -2.244211
v 0.501754 1.108421 -2.207719
v 0.583796 1.124740 -2.207719
v 0.575353 1.145124 -2.177352
v 0.501754 1.130484 -2.177352
v 0.561692 1.178105 -2.188951
v 0.501754 1.166183 -2.188951
v 0.561692 1.178105 -2.226487
v 0.501754 1.166183 -2.226487
v 0.575353 1.145124 -2.238086
v 0.501754 1.130484 -2.238086
v 0.653348 1.171213 -2.207719
v 0.637747 1.186814 -2.177352
v 0.612505 1.212057 -2.188951
v 0.612505 1.212057 -2.226487
v 0.637747 1.186814 -2.238086
v 0.699821 1.240765 -2.207719
v 0.679438 1.249208 -2.177352
v 0.646456 1.262869 -2.188951
v 0.646456 1.262869 -2.226487
v 0.679438 1.249208 -2.238086
v 0.716140 1.322807 -2.207719
v 0.694077 1.322807 -2.177352
v 0.658379 1.322807 -2.188951
v 0.658379 1.322807 -2.226487
v 0.694077 1.322807 -2.238086
v 0.699821 1.404849 -2.207719
v 0.679438 1.396406 -2.177352
v 0.646456 1.382745 -2.188951
v 0.646456 1.382745 -2.226487
v 0.679438 1.396406 -2.238086
v 0.653348 1.474401 -2.207719
v 0.637747 1.458800 -2.177352
v 0.612505 1.433557 -2.188951
v 0.612505 1.433557 -2.226487
v 0.637747 1.458800 -2.238086
v 0.583796 1.520874 -2.207719
v 0.575353 1.500490 -2.177352
v 0.561692 1.467509 -2.188951
v 0.561692 1.467509 -2.226487
v 0.575353 1.500490 -2.238086
v 0.501754 1.537193 -2.207719
v 0.501754 1.515130 -2.177352
v 0.501754 1.479431 -2.188951
v 0.501754 1.479431 -2.226487
v 0.501754 1.515130 -2.238086
v 0.419712 1.520874 -2.207719
v 0.428156 1.500490 -2.177352
v 0.441817 1.467509 -2.188951
v 0.441817 1.467509 -2.226487
v 0.428156 1.500490 -2.238086
v 0.350161 1.474401 -2.207719
v 0.365761 1.458800 -2.177352
v 0.391004 1.433557 -2.188951
v 0.391004 1.433557 -2.226487
v 0.365761 1.458800 -2.238086
v 0.303688 1.404849 -2.207719
v 0.324071 1.396406 -2.177352
v 0.357052 1.382745 -2.188951
v 0.357052 1.382745 -2.226487
v 0.324071 1.396406 -2.238086
v 0.287368 1.322807 -2.207719
v 0.309431 1.322807 -2.177352
v 0.345130 1.322807 -2.188951
v 0.345130 1.322807 -2.226487
v 0.309431 1.322807 -2.238086
v 0.303688 1.240765 -2.207719
v 0.324071 1.249208 -2.177352
v 0.357052 1.262869 -2.188951
v 0.357052 1.262869 -2.226487
v 0.324071 1.249208 -2.238086
v 0.350161 1.171213 -2.207719
v 0.365761 1.186814 -2.177352
v 0.391004 1.212057 -2.188951
v 0.391004 1.212057 -2.226487
v 0.365761 1.186814 -2.238086
v 0.419712 1.124740 -2.207719
v 0.428156 1.145124 -2.177352
v 0.441817 1.178105 -2.188951
v 0.441817 1.178105 -2.226487
v 0.428156 1.145124 -2.238086
v 0.501754 1.322807 -2.600000
v 0.620449 1.204112 -2.600000
v 0.501754 1.154947 -2.600000
v 0.669614 1.322807 -2.600000
v 0.620449 1.441502 -2.600000
v 0.501754 1.490667 -2.600000
v 0.383060 1.441502 -2.600000
v 0.333895 1.322807 -2.600000
v 0.383060 1.204112 -2.600000
v 0.620449 1.204112 -2.508772
v 0.501754 1.154947 -2.508772
v 0.669614 1.322807 -2.508772
v 0.620449 1.441502 -2.508772
v 0.501754 1.490667 -2.508772
v 0.383060 1.441502 -2.508772
v 0.333895 1.322807 -2.508772
v 0.383060 1.204112 -2.508772
v 0.501754 1.322807 -2.508772
v -0.501754 0.592982 -2.572632
v -0.372738 0.463966 -2.572632
v -0.501754 0.410526 -2.572632
v -0.319298 0.592982 -2.572632
v -0.372738 0.721998 -2.572632
v -0.501754 0.775439 -2.572632
v -0.630770 0.721998 -2.572632
v -0.684211 0.592982 -2.572632
v -0.630770 0.463966 -2.572632
v -0.372738 0.463966 -1.842807
v -0.501754 0.410526 -1.842807
v -0.319298 0.592982 -1.842807
v -0.372738 0.721998 -1.842807
v -0.501754 0.775439 -1.842807
v -0.630770 0.721998 -1.842807
v -0.684211 0.592982 -1.842807
v -0.630770 0.463966 -1.842807
v -0.501754 0.592982 -1.842807
v 0.501754 0.592982 -2.572632
v 0.630770 0.463966 -2.572632
v 0.501754 0.410526 -2.572632
v 0.684211 0.592982 -2.572632
v 0.630770 0.721998 -2.572632
v 0.501754 0.775439 -2.572632
v 0.372738 0.721998 -2.572632
v 0.319298 0.592982 -2.572632
v 0.372738 0.463966 -2.572632
v 0.630770 0.463966 -1.842807
v 0.501754 0.410526 -1.842807
v 0.684211 0.592982 -1.842807
v 0.630770 0.721998 -1.842807
v 0.501754 0.775439 -1.842807
v 0.372738 0.721998 -1.842807
v 0.319298 0.592982 -1.842807
v 0.372738 0.463966 -1.842807
v 0.501754 0.592982 -1.842807
v -0.087892 0.939095 -2.171228
v -0.456789 0.670806 -2.171228
v -0.413863 0.611782 -2.171228
v -0.044966 0.880071 -2.171228
v -0.456789 0.670806 -2.244211
v -0.087892 0.939095 -2.244211
v -0.044966 0.880071 -2.244211
v -0.413863 0.611782 -2.244211
v -0.501754 0.378596 -2.207719
v -0.419712 0.394916 -2.207719
v -0.428156 0.415299 -2.177352
v -0.501754 0.400659 -2.177352
v -0.441817 0.448280 -2.188951
v -0.501754 0.436358 -2.188951
v -0.441817 0.448280 -2.226487
v -0.501754 0.436358 -2.226487
v -0.428156 0.415299 -2.238086
v -0.501754 0.400659 -2.238086
v -0.350161 0.441389 -2.207719
v -0.365761 0.456990 -2.177352
v -0.391004 0.482232 -2.188951
v -0.391004 0.482232 -2.226487
v -0.365761 0.456990 -2.238086
v -0.303688 0.510940 -2.207719
v -0.324071 0.519384 -2.177352
v -0.357052 0.533045 -2.188951
v -0.357052 0.533045 -2.226487
v -0.324071 0.519384 -2.238086
v -0.287368 0.592982 -2.207719
v -0.309431 0.592982 -2.177352
v -0.345130 0.592982 -2.188951
v -0.345130 0.592982 -2.226487
v -0.309431 0.592982 -2.238086
v -0.303688 0.675024 -2.207719
v -0.324071 0.666581 -2.177352
v -0.357052 0.652920 -2.188951
v -0.357052 0.652920 -2.226487
v -0.324071 0.666581 -2.238086
v -0.350161 0.744576 -2.207719
v -0.365761 0.728975 -2.177352
v -0.391004 0.703733 -2.188951
v -0.391004 0.703733 -2.226487
v -0.365761 0.728975 -2.238086
v -0.419712 0.791049 -2.207719
v -0.428156 0.770666 -2.177352
v -0.441817 0.737685 -2.188951
v -0.441817 0.737685 -2.226487
v -0.428156 0.770666 -2.238086
v -0.501754 0.807368 -2.207719
v -0.501754 0.785305 -2.177352
v -0.501754 0.749607 -2.188951
v -0.501754 0.749607 -2.226487
v -0.501754 0.785305 -2.238086
v -0.583796 0.791049 -2.207719
v -0.575353 0.770666 -2.177352
v -0.561692 0.737685 -2.188951
v -0.561692 0.737685 -2.226487
v -0.575353 0.770666 -2.238086
v -0.653348 0.744576 -2.207719
v -0.637747 0.728975 -2.177352
v -0.612505 0.703733 -2.188951
v -0.612505 0.703733 -2.226487
v -0.637747 0.728975 -2.238086
v -0.699821 0.675024 -2.207719
v -0.679438 0.666581 -2.177352
v -0.646456 0.652920 -2.188951
v -0.646456 0.652920 -2.226487
v -0.679438 0.666581 -2.238086
v -0.716140 0.592982 -2.207719
v -0.694077 0.592982 -2.177352
v -0.658379 0.592982 -2.188951
v -0.658379 0.592982 -2.226487
v -0.694077 0.592982 -2.238086
v -0.699821 0.510940 -2.207719
v -0.679438 0.519384 -2.177352
v -0.646456 0.533045 -2.188951
v -0.646456 0.533045 -2.226487
v -0.679438 0.519384 -2.238086
v -0.653348 0.441389 -2.207719
v -0.637747 0.456990 -2.177352
v -0.612505 0.482232 -2.188951
v -0.612505 0.482232 -2.226487
v -0.637747 0.456990 -2.238086
v -0.583796 0.394916 -2.207719
v -0.575353 0.415299 -2.177352
v -0.561692 0.448280 -2.188951
v -0.561692 0.448280 -2.226487
v -0.575353 0.415299 -2.238086
v -0.501754 0.592982 -2.600000
v -0.383060 0.474288 -2.600000
v -0.501754 0.425123 -2.600000
v -0.333895 0.592982 -2.600000
v -0.383060 0.711677 -2.600000
v -0.501754 0.760842 -2.600000
v -0.620449 0.711677 -2.600000
v -0.669614 0.592982 -2.600000
v -0.620449 0.474288 -2.600000
v -0.383060 0.474288 -2.508772
v -0.501754 0.425123 -2.508772
v -0.333895 0.592982 -2.508772
v -0.383060 0.711677 -2.508772
v -0.501754 0.760842 -2.508772
v -0.620449 0.711677 -2.508772
v -0.669614 0.592982 -2.508772
v -0.620449 0.474288 -2.508772
v -0.501754 0.592982 -2.508772
v 0.044966 0.880071 -2.171228
v 0.413863 0.611782 -2.171228
v 0.456789 0.670806 -2.171228
v 0.087892 0.939095 -2.171228
v 0.413863 0.611782 -2.244211
v 0.044966 0.880071 -2.244211
v 0.087892 0.939095 -2.244211
v 0.456789 0.670806 -2.244211
v 0.501754 0.378596 -2.207719
v 0.583796 0.394916 -2.207719
v 0.575353 0.415299 -2.177352
v 0.501754 0.400659 -2.177352
v 0.561692 0.448280 -2.188951
v 0.501754 0.436358 -2.188951
v 0.561692 0.448280 -2.226487
v 0.501754 0.436358 -2.226487
v 0.575353 0.415299 -2.238086
v 0.501754 0.400659 -2.238086
v 0.653348 0.441389 -2.207719
v 0.637747 0.456990 -2.177352
v 0.612505 0.482232 -2.188951
v 0.612505 0.482232 -2.226487
v 0.637747 0.456990 -2.238086
v 0.699821 0.510940 -2.207719
v 0.679438 0.519384 -2.177352
v 0.646456 0.533045 -2.188951
v 0.646456 0.533045 -2.226487
v 0.679438 0.519384 -2.238086
v 0.716140 0.592982 -2.207719
v 0.694077 0.592982 -2.177352
v 0.658379 0.592982 -2.188951
v 0.658379 0.592982 -2.226487
v 0.694077 0.592982 -2.238086
v 0.699821 0.675024 -2.207719
v 0.679438 0.666581 -2.177352
v 0.646456 0.652920 -2.188951
v 0.646456 0.652920 -2.226487
v 0.679438 0.666581 -2.238086
v 0.653348 0.744576 -2.207719
v 0.637747 0.728975 -2.177352
v 0.612505 0.703733 -2.188951
v 0.612505 0.703733 -2.226487
v 0.637747 0.728975 -2.238086
v 0.583796 0.791049 -2.207719
v 0.575353 0.770666 -2.177352
v 0.561692 0.737685 -2.188951
v 0.561692 0.737685 -2.226487
v 0.575353 0.770666 -2.238086
v 0.501754 0.807368 -2.207719
v 0.501754 0.785305 -2.177352
v 0.501754 0.749607 -2.188951
v 0.501754 0.749607 -2.226487
v 0.501754 0.785305 -2.238086
v 0.419712 0.791049 -2.207719
v 0.428156 0.770666 -2.177352
v 0.441817 0.737685 -2.188951
v 0.441817 0.737685 -2.226487
v 0.428156 0.770666 -2.238086
v 0.350161 0.744576 -2.207719
v 0.365761 0.728975 -2.177352
v 0.391004 0.703733 -2.188951
v 0.391004 0.703733 -2.226487
v 0.365761 0.728975 -2.238086
v 0.303688 0.675024 -2.207719
v 0.324071 0.666581 -2.177352
v 0.357052 0.652920 -2.188951
v 0.357052 0.652920 -2.226487
v 0.324071 0.666581 -2.238086
v 0.287368 0.592982 -2.207719
v 0.309431 0.592982 -2.177352
v 0.345130 0.592982 -2.188951
v 0.345130 0.592982 -2.226487
v 0.309431 0.592982 -2.238086
v 0.303688 0.510940 -2.207719
v 0.324071 0.519384 -2.177352
v 0.357052 0.533045 -2.188951
v 0.357052 0.533045 -2.226487
v 0.324071 0.519384 -2.238086
v 0.350161 0.441389 -2.207719
v 0.365761 0.456990 -2.177352
v 0.391004 0.482232 -2.188951
v 0.391004 0.482232 -2.226487
v 0.365761 0.456990 -2.238086
v 0.419712 0.394916 -2.207719
v 0.428156 0.415299 -2.177352
v 0.441817 0.448280 -2.188951
v 0.441817 0.448280 -2.226487
v 0.428156 0.415299 -2.238086
v 0.501754 0.592982 -2.600000
v 0.620449 0.474288 -2.600000
v 0.501754 0.425123 -2.600000
v 0.669614 0.592982 -2.600000
v 0.620449 0.711677 -2.600000
v 0.501754 0.760842 -2.600000
v 0.383060 0.711677 -2.600000
v 0.333895 0.592982 -2.600000
v 0.383060 0.474288 -2.600000
v 0.620449 0.474288 -2.508772
v 0.501754 0.425123 -2.508772
v 0.669614 0.592982 -2.508772
v 0.620449 0.711677 -2.508772
v 0.501754 0.760842 -2.508772
v 0.383060 0.711677 -2.508772
v 0.333895 0.592982 -2.508772
v 0.383060 0.474288 -2.508772
v 0.501754 0.592982 -2.508772
vt 0.843750 0.531250
vt 0.968750 0.531250
vt 0.968750 0.656250
vt 0.843750 0.656250
vt 0.968750 0.531250
vt 0.843750 0.531250
vt 0.843750 0.656250
vt 0.968750 0.656250
vt 0.843750 0.656250
vt 0.968750 0.656250
vt 0.968750 0.531250
vt 0.843750 0.531250
vt 0.843750 0.531250
vt 0.968750 0.531250
vt 0.968750 0.656250
vt 0.843750 0.656250
vt 0.468750 0.382812
vt 0.562500 0.382812
vt 0.562500 0.476562
vt 0.468750 0.476562
vt 0.195312 0.382812
vt 0.007812 0.382812
vt 0.007812 0.476562
vt 0.195312 0.476562
vt 0.007812 0.656250
vt 0.179688 0.656250
vt 0.179688 0.484375
vt 0.007812 0.484375
vt 0.007812 0.382812
vt 0.195312 0.382812
vt 0.195312 0.476562
vt 0.007812 0.476562
vt 0.671875 0.382812
vt 0.765625 0.382812
vt 0.765625 0.476562
vt 0.671875 0.476562
vt 0.765625 0.382812
vt 0.671875 0.382812
vt 0.671875 0.476562
vt 0.765625 0.476562
vt 0.570312 0.476562
vt 0.664062 0.476562
vt 0.664062 0.382812
vt 0.570312 0.382812
vt 0.671875 0.382812
vt 0.765625 0.382812
vt 0.765625 0.476562
vt 0.671875 0.476562
vt 0.671875 0.382812
vt 0.765625 0.382812
vt 0.765625 0.476562
vt 0.671875 0.476562
vt 0.765625 0.382812
vt 0.671875 0.382812
vt 0.671875 0.476562
vt 0.765625 0.476562
vt 0.570312 0.476562
vt 0.664062 0.476562
vt 0.664062 0.382812
vt 0.570312 0.382812
vt 0.671875 0.382812
vt 0.765625 0.382812
vt 0.765625 0.476562
vt 0.671875 0.476562
vt 0.718750 0.382812
vt 0.751896 0.382812
vt 0.747455 0.429688
vt 0.718750 0.429688
vt 0.751896 0.382812
vt 0.718750 0.382812
vt 0.718750 0.429688
vt 0.747455 0.429688
vt 0.685604 0.382812
vt 0.690045 0.429688
vt 0.751896 0.382812
vt 0.718750 0.382812
vt 0.718750 0.429688
vt 0.747455 0.429688
vt 0.685604 0.382812
vt 0.690045 0.429688
vt 0.685604 0.382812
vt 0.690045 0.429688
vt 0.617188 0.470282
vt 0.645892 0.458392
vt 0.633760 0.446260
vt 0.617188 0.453125
vt 0.657782 0.429688
vt 0.640625 0.429688
vt 0.645892 0.400983
vt 0.633760 0.413115
vt 0.617188 0.389093
vt 0.617188 0.406250
vt 0.588483 0.400983
vt 0.600615 0.413115
vt 0.702177 0.464002
vt 0.718750 0.464002
vt 0.576593 0.429688
vt 0.593750 0.429688
vt 0.588483 0.458392
vt 0.600615 0.446260
vt 0.718750 0.464002
vt 0.702177 0.464002
vt 0.617188 0.429688
vt 0.203125 0.382812
vt 0.328125 0.382812
vt 0.328125 0.476562
vt 0.203125 0.476562
vt 0.460938 0.382812
vt 0.335938 0.382812
vt 0.335938 0.476562
vt 0.460938 0.476562
vt 0.343750 0.992188
vt 0.546875 0.992188
vt 0.546875 0.664062
vt 0.343750 0.664062
vt 0.109375 0.296875
vt 0.484375 0.296875
vt 0.484375 0.375000
vt 0.109375 0.375000
vt 0.203125 0.382812
vt 0.328125 0.382812
vt 0.328125 0.476562
vt 0.203125 0.476562
vt 0.460938 0.382812
vt 0.335938 0.382812
vt 0.335938 0.476562
vt 0.460938 0.476562
vt 0.343750 0.992188
vt 0.546875 0.992188
vt 0.546875 0.664062
vt 0.343750 0.664062
vt 0.109375 0.296875
vt 0.484375 0.296875
vt 0.484375 0.375000
vt 0.109375 0.375000
vt 0.203125 0.382812
vt 0.328125 0.382812
vt 0.328125 0.476562
vt 0.203125 0.476562
vt 0.460938 0.382812
vt 0.335938 0.382812
vt 0.335938 0.476562
vt 0.460938 0.476562
vt 0.343750 0.992188
vt 0.546875 0.992188
vt 0.546875 0.664062
vt 0.343750 0.664062
vt 0.109375 0.296875
vt 0.484375 0.296875
vt 0.484375 0.375000
vt 0.109375 0.375000
vt 0.203125 0.382812
vt 0.328125 0.382812
vt 0.328125 0.476562
vt 0.203125 0.476562
vt 0.460938 0.382812
vt 0.335938 0.382812
vt 0.335938 0.476562
vt 0.460938 0.476562
vt 0.343750 0.992188
vt 0.546875 0.992188
vt 0.546875 0.664062
vt 0.343750 0.664062
vt 0.109375 0.296875
vt 0.484375 0.296875
vt 0.484375 0.375000
vt 0.109375 0.375000
vt 0.203125 0.382812
vt 0.328125 0.382812
vt 0.328125 0.476562
vt 0.203125 0.476562
vt 0.460938 0.382812
vt 0.335938 0.382812
vt 0.335938 0.476562
vt 0.460938 0.476562
vt 0.343750 0.992188
vt 0.546875 0.992188
vt 0.546875 0.664062
vt 0.343750 0.664062
vt 0.109375 0.296875
vt 0.484375 0.296875
vt 0.484375 0.375000
vt 0.109375 0.375000
vt 0.203125 0.382812
vt 0.328125 0.382812
vt 0.328125 0.476562
vt 0.203125 0.476562
vt 0.460938 0.382812
vt 0.335938 0.382812
vt 0.335938 0.476562
vt 0.460938 0.476562
vt 0.343750 0.992188
vt 0.546875 0.992188
vt 0.546875 0.664062
vt 0.343750 0.664062
vt 0.109375 0.296875
vt 0.484375 0.296875
vt 0.484375 0.375000
vt 0.109375 0.375000
vt 0.203125 0.382812
vt 0.328125 0.382812
vt 0.328125 0.476562
vt 0.203125 0.476562
vt 0.460938 0.382812
vt 0.335938 0.382812
vt 0.335938 0.476562
vt 0.460938 0.476562
vt 0.343750 0.992188
vt 0.546875 0.992188
vt 0.546875 0.664062
vt 0.343750 0.664062
vt 0.109375 0.296875
vt 0.484375 0.296875
vt 0.484375 0.375000
vt 0.109375 0.375000
vt 0.203125 0.382812
vt 0.328125 0.382812
vt 0.328125 0.476562
vt 0.203125 0.476562
vt 0.460938 0.382812
vt 0.335938 0.382812
vt 0.335938 0.476562
vt 0.460938 0.476562
vt 0.343750 0.992188
vt 0.546875 0.992188
vt 0.546875 0.664062
vt 0.343750 0.664062
vt 0.109375 0.296875
vt 0.484375 0.296875
vt 0.484375 0.375000
vt 0.109375 0.375000
vt 0.203125 0.382812
vt 0.328125 0.382812
vt 0.328125 0.476562
vt 0.203125 0.476562
vt 0.460938 0.382812
vt 0.335938 0.382812
vt 0.335938 0.476562
vt 0.460938 0.476562
vt 0.343750 0.992188
vt 0.546875 0.992188
vt 0.546875 0.664062
vt 0.343750 0.664062
vt 0.109375 0.296875
vt 0.484375 0.296875
vt 0.484375 0.375000
vt 0.109375 0.375000
vt 0.203125 0.382812
vt 0.328125 0.382812
vt 0.328125 0.476562
vt 0.203125 0.476562
vt 0.460938 0.382812
vt 0.335938 0.382812
vt 0.335938 0.476562
vt 0.460938 0.476562
vt 0.343750 0.992188
vt 0.546875 0.992188
vt 0.546875 0.664062
vt 0.343750 0.664062
vt 0.109375 0.296875
vt 0.484375 0.296875
vt 0.484375 0.375000
vt 0.109375 0.375000
vt 0.203125 0.382812
vt 0.328125 0.382812
vt 0.328125 0.476562
vt 0.203125 0.476562
vt 0.460938 0.382812
vt 0.335938 0.382812
vt 0.335938 0.476562
vt 0.460938 0.476562
vt 0.343750 0.992188
vt 0.546875 0.992188
vt 0.546875 0.664062
vt 0.343750 0.664062
vt 0.109375 0.296875
vt 0.484375 0.296875
vt 0.484375 0.375000
vt 0.109375 0.375000
vt 0.203125 0.382812
vt 0.328125 0.382812
vt 0.328125 0.476562
vt 0.203125 0.476562
vt 0.460938 0.382812
vt 0.335938 0.382812
vt 0.335938 0.476562
vt 0.460938 0.476562
vt 0.343750 0.992188
vt 0.546875 0.992188
vt 0.546875 0.664062
vt 0.343750 0.664062
vt 0.109375 0.296875
vt 0.484375 0.296875
vt 0.484375 0.375000
vt 0.109375 0.375000
vt 0.203125 0.382812
vt 0.328125 0.382812
vt 0.328125 0.476562
vt 0.203125 0.476562
vt 0.460938 0.382812
vt 0.335938 0.382812
vt 0.335938 0.476562
vt 0.460938 0.476562
vt 0.343750 0.992188
vt 0.546875 0.992188
vt 0.546875 0.664062
vt 0.343750 0.664062
vt 0.109375 0.296875
vt 0.484375 0.296875
vt 0.484375 0.375000
vt 0.109375 0.375000
vt 0.203125 0.382812
vt 0.328125 0.382812
vt 0.328125 0.476562
vt 0.203125 0.476562
vt 0.460938 0.382812
vt 0.335938 0.382812
vt 0.335938 0.476562
vt 0.460938 0.476562
vt 0.343750 0.992188
vt 0.546875 0.992188
vt 0.546875 0.664062
vt 0.343750 0.664062
vt 0.109375 0.296875
vt 0.484375 0.296875
vt 0.484375 0.375000
vt 0.109375 0.375000
vt 0.203125 0.382812
vt 0.328125 0.382812
vt 0.328125 0.476562
vt 0.203125 0.476562
vt 0.460938 0.382812
vt 0.335938 0.382812
vt 0.335938 0.476562
vt 0.460938 0.476562
vt 0.343750 0.992188
vt 0.546875 0.992188
vt 0.546875 0.664062
vt 0.343750 0.664062
vt 0.109375 0.296875
vt 0.484375 0.296875
vt 0.484375 0.375000
vt 0.109375 0.375000
vt 0.203125 0.382812
vt 0.328125 0.382812
vt 0.328125 0.476562
vt 0.203125 0.476562
vt 0.460938 0.382812
vt 0.335938 0.382812
vt 0.335938 0.476562
vt 0.460938 0.476562
vt 0.343750 0.992188
vt 0.546875 0.992188
vt 0.546875 0.664062
vt 0.343750 0.664062
vt 0.109375 0.296875
vt 0.484375 0.296875
vt 0.484375 0.375000
vt 0.109375 0.375000
vt 0.203125 0.382812
vt 0.328125 0.382812
vt 0.328125 0.476562
vt 0.203125 0.476562
vt 0.460938 0.382812
vt 0.335938 0.382812
vt 0.335938 0.476562
vt 0.460938 0.476562
vt 0.343750 0.992188
vt 0.546875 0.992188
vt 0.546875 0.664062
vt 0.343750 0.664062
vt 0.109375 0.296875
vt 0.484375 0.296875
vt 0.484375 0.375000
vt 0.109375 0.375000
vt 0.203125 0.382812
vt 0.328125 0.382812
vt 0.328125 0.476562
vt 0.203125 0.476562
vt 0.460938 0.382812
vt 0.335938 0.382812
vt 0.335938 0.476562
vt 0.460938 0.476562
vt 0.343750 0.992188
vt 0.546875 0.992188
vt 0.546875 0.664062
vt 0.343750 0.664062
vt 0.109375 0.296875
vt 0.484375 0.296875
vt 0.484375 0.375000
vt 0.109375 0.375000
vt 0.203125 0.382812
vt 0.328125 0.382812
vt 0.328125 0.476562
vt 0.203125 0.476562
vt 0.460938 0.382812
vt 0.335938 0.382812
vt 0.335938 0.476562
vt 0.460938 0.476562
vt 0.343750 0.992188
vt 0.546875 0.992188
vt 0.546875 0.664062
vt 0.343750 0.664062
vt 0.109375 0.296875
vt 0.484375 0.296875
vt 0.484375 0.375000
vt 0.109375 0.375000
vt 0.203125 0.382812
vt 0.328125 0.382812
vt 0.328125 0.476562
vt 0.203125 0.476562
vt 0.460938 0.382812
vt 0.335938 0.382812
vt 0.335938 0.476562
vt 0.460938 0.476562
vt 0.343750 0.992188
vt 0.546875 0.992188
vt 0.546875 0.664062
vt 0.343750 0.664062
vt 0.109375 0.296875
vt 0.484375 0.296875
vt 0.484375 0.375000
vt 0.109375 0.375000
vt 0.203125 0.382812
vt 0.328125 0.382812
vt 0.328125 0.476562
vt 0.203125 0.476562
vt 0.460938 0.382812
vt 0.335938 0.382812
vt 0.335938 0.476562
vt 0.460938 0.476562
vt 0.343750 0.992188
vt 0.546875 0.992188
vt 0.546875 0.664062
vt 0.343750 0.664062
vt 0.109375 0.296875
vt 0.484375 0.296875
vt 0.484375 0.375000
vt 0.109375 0.375000
vt 0.203125 0.382812
vt 0.328125 0.382812
vt 0.328125 0.476562
vt 0.203125 0.476562
vt 0.460938 0.382812
vt 0.335938 0.382812
vt 0.335938 0.476562
vt 0.460938 0.476562
vt 0.343750 0.992188
vt 0.546875 0.992188
vt 0.546875 0.664062
vt 0.343750 0.664062
vt 0.109375 0.296875
vt 0.484375 0.296875
vt 0.484375 0.375000
vt 0.109375 0.375000
vt 0.203125 0.382812
vt 0.328125 0.382812
vt 0.328125 0.476562
vt 0.203125 0.476562
vt 0.460938 0.382812
vt 0.335938 0.382812
vt 0.335938 0.476562
vt 0.460938 0.476562
vt 0.343750 0.992188
vt 0.546875 0.992188
vt 0.546875 0.664062
vt 0.343750 0.664062
vt 0.109375 0.296875
vt 0.484375 0.296875
vt 0.484375 0.375000
vt 0.109375 0.375000
vt 0.203125 0.382812
vt 0.328125 0.382812
vt 0.328125 0.476562
vt 0.203125 0.476562
vt 0.460938 0.382812
vt 0.335938 0.382812
vt 0.335938 0.476562
vt 0.460938 0.476562
vt 0.343750 0.992188
vt 0.546875 0.992188
vt 0.546875 0.664062
vt 0.343750 0.664062
vt 0.109375 0.296875
vt 0.484375 0.296875
vt 0.484375 0.375000
vt 0.109375 0.375000
vt 0.843750 0.531250
vt 0.968750 0.531250
vt 0.968750 0.656250
vt 0.843750 0.656250
vt 0.968750 0.531250
vt 0.843750 0.531250
vt 0.843750 0.656250
vt 0.968750 0.656250
vt 0.843750 0.656250
vt 0.968750 0.656250
vt 0.968750 0.531250
vt 0.843750 0.531250
vt 0.843750 0.531250
vt 0.968750 0.531250
vt 0.968750 0.656250
vt 0.843750 0.656250
vt 0.843750 0.531250
vt 0.968750 0.531250
vt 0.968750 0.656250
vt 0.843750 0.656250
vt 0.968750 0.531250
vt 0.843750 0.531250
vt 0.843750 0.656250
vt 0.968750 0.656250
vt 0.843750 0.656250
vt 0.968750 0.656250
vt 0.968750 0.531250
vt 0.843750 0.531250
vt 0.843750 0.531250
vt 0.968750 0.531250
vt 0.968750 0.656250
vt 0.843750 0.656250
vt 0.843750 0.531250
vt 0.968750 0.531250
vt 0.968750 0.656250
vt 0.843750 0.656250
vt 0.968750 0.531250
vt 0.843750 0.531250
vt 0.843750 0.656250
vt 0.968750 0.656250
vt 0.843750 0.656250
vt 0.968750 0.656250
vt 0.968750 0.531250
vt 0.843750 0.531250
vt 0.843750 0.531250
vt 0.968750 0.531250
vt 0.968750 0.656250
vt 0.843750 0.656250
vt 0.539062 0.234375
vt 0.572208 0.206754
vt 0.539062 0.195312
vt 0.585938 0.234375
vt 0.572208 0.261996
vt 0.539062 0.273438
vt 0.505917 0.261996
vt 0.492188 0.234375
vt 0.505917 0.206754
vt 0.589844 0.664062
vt 0.614703 0.664062
vt 0.614703 0.992188
vt 0.589844 0.992188
vt 0.327895 0.206754
vt 0.382812 0.234375
vt 0.327895 0.261996
vt 0.564985 0.664062
vt 0.564985 0.992188
vt 0.492188 0.363559
vt 0.492188 0.335938
vt 0.867188 0.335938
vt 0.867188 0.363559
vt 0.492188 0.308316
vt 0.867188 0.308316
vt 0.437500 0.195312
vt 0.470646 0.206754
vt 0.437500 0.234375
vt 0.484375 0.234375
vt 0.470646 0.261996
vt 0.437500 0.273438
vt 0.404354 0.261996
vt 0.390625 0.234375
vt 0.404354 0.206754
vt 0.539062 0.234375
vt 0.572208 0.206754
vt 0.539062 0.195312
vt 0.585938 0.234375
vt 0.572208 0.261996
vt 0.539062 0.273438
vt 0.505917 0.261996
vt 0.492188 0.234375
vt 0.505917 0.206754
vt 0.589844 0.664062
vt 0.614703 0.664062
vt 0.614703 0.992188
vt 0.589844 0.992188
vt 0.492188 0.308316
vt 0.492188 0.335938
vt 0.867188 0.335938
vt 0.867188 0.308316
vt 0.492188 0.363559
vt 0.867188 0.363559
vt 0.564985 0.664062
vt 0.564985 0.992188
vt 0.062730 0.261996
vt 0.007812 0.234375
vt 0.062730 0.206754
vt 0.437500 0.195312
vt 0.470646 0.206754
vt 0.437500 0.234375
vt 0.484375 0.234375
vt 0.470646 0.261996
vt 0.437500 0.273438
vt 0.404354 0.261996
vt 0.390625 0.234375
vt 0.404354 0.206754
vt 0.968750 0.553791
vt 0.856779 0.656250
vt 0.843750 0.633709
vt 0.955721 0.531250
vt 0.856779 0.656250
vt 0.968750 0.553791
vt 0.955721 0.531250
vt 0.843750 0.633709
vt 0.955721 0.656250
vt 0.843750 0.656250
vt 0.843750 0.531250
vt 0.955721 0.531250
vt 0.968750 0.531250
vt 0.856779 0.531250
vt 0.856779 0.656250
vt 0.968750 0.656250
vt 0.843750 0.553791
vt 0.968750 0.553791
vt 0.968750 0.531250
vt 0.843750 0.531250
vt 0.968750 0.656250
vt 0.843750 0.656250
vt 0.843750 0.633709
vt 0.968750 0.633709
vt 0.718750 0.242188
vt 0.766585 0.242188
vt 0.761663 0.273438
vt 0.718750 0.273438
vt 0.515625 0.103171
vt 0.558538 0.104237
vt 0.550572 0.106641
vt 0.515625 0.105772
vt 0.718750 0.261501
vt 0.753697 0.261501
vt 0.753697 0.222874
vt 0.718750 0.222874
vt 0.515625 0.105772
vt 0.550572 0.106641
vt 0.558538 0.104237
vt 0.515625 0.103171
vt 0.718750 0.210938
vt 0.761663 0.210938
vt 0.807138 0.242188
vt 0.798042 0.273438
vt 0.594917 0.107276
vt 0.580199 0.109116
vt 0.783324 0.261501
vt 0.783324 0.222874
vt 0.580199 0.109116
vt 0.594917 0.107276
vt 0.798042 0.210938
vt 0.515625 0.106139
vt 0.515625 0.111208
vt 0.640625 0.111823
vt 0.640625 0.107276
vt 0.619225 0.111823
vt 0.599995 0.112819
vt 0.592879 0.109116
vt 0.592879 0.112819
vt 0.438371 0.112819
vt 0.438371 0.109116
vt 0.599995 0.112819
vt 0.619225 0.111823
vt 0.390625 0.107276
vt 0.390625 0.111823
vt 0.515625 0.117188
vt 0.640625 0.117188
vt 0.627761 0.117188
vt 0.606946 0.117188
vt 0.592879 0.117188
vt 0.438371 0.117188
vt 0.606946 0.117188
vt 0.627761 0.117188
vt 0.390625 0.117188
vt 0.515625 0.123167
vt 0.640625 0.122552
vt 0.619225 0.122552
vt 0.599995 0.121556
vt 0.592879 0.121556
vt 0.438371 0.121556
vt 0.599995 0.121556
vt 0.619225 0.122552
vt 0.390625 0.122552
vt 0.515625 0.128236
vt 0.640625 0.127099
vt 0.594917 0.127099
vt 0.580199 0.125259
vt 0.592879 0.125259
vt 0.438371 0.125259
vt 0.580199 0.125259
vt 0.594917 0.127099
vt 0.390625 0.127099
vt 0.558538 0.130138
vt 0.550572 0.127734
vt 0.550572 0.127734
vt 0.558538 0.130138
vt 0.515625 0.131204
vt 0.515625 0.128603
vt 0.515625 0.128603
vt 0.515625 0.131204
vt 0.670915 0.242188
vt 0.675837 0.273438
vt 0.472712 0.130138
vt 0.480678 0.127734
vt 0.683803 0.261501
vt 0.683803 0.222874
vt 0.480678 0.127734
vt 0.472712 0.130138
vt 0.675837 0.210938
vt 0.630362 0.242188
vt 0.639458 0.273438
vt 0.436333 0.127099
vt 0.451051 0.125259
vt 0.654176 0.261501
vt 0.654176 0.222874
vt 0.451051 0.125259
vt 0.436333 0.127099
vt 0.639458 0.210938
vt 0.412025 0.122552
vt 0.431255 0.121556
vt 0.431255 0.121556
vt 0.412025 0.122552
vt 0.403489 0.117188
vt 0.424304 0.117188
vt 0.424304 0.117188
vt 0.403489 0.117188
vt 0.412025 0.111823
vt 0.431255 0.112819
vt 0.431255 0.112819
vt 0.412025 0.111823
vt 0.436333 0.107276
vt 0.451051 0.109116
vt 0.451051 0.109116
vt 0.436333 0.107276
vt 0.472712 0.104237
vt 0.480678 0.106641
vt 0.480678 0.106641
vt 0.472712 0.104237
vt 0.054687 0.328125
vt 0.087833 0.294979
vt 0.054687 0.281250
vt 0.101562 0.328125
vt 0.087833 0.361271
vt 0.054687 0.375000
vt 0.021542 0.361271
vt 0.007812 0.328125
vt 0.021542 0.294979
vt 0.054687 0.281250
vt 0.087833 0.281250
vt 0.087833 0.375000
vt 0.054687 0.375000
vt 0.007812 0.294979
vt 0.007812 0.328125
vt 0.101562 0.328125
vt 0.101562 0.294979
vt 0.007812 0.361271
vt 0.101562 0.361271
vt 0.021542 0.281250
vt 0.021542 0.375000
vt 0.054687 0.281250
vt 0.087833 0.294979
vt 0.054687 0.328125
vt 0.101562 0.328125
vt 0.087833 0.361271
vt 0.054687 0.375000
vt 0.021542 0.361271
vt 0.007812 0.328125
vt 0.021542 0.294979
vt 0.856779 0.531250
vt 0.968750 0.633709
vt 0.955721 0.656250
vt 0.843750 0.553791
vt 0.968750 0.633709
vt 0.856779 0.531250
vt 0.843750 0.553791
vt 0.955721 0.656250
vt 0.843750 0.656250
vt 0.955721 0.656250
vt 0.955721 0.531250
vt 0.843750 0.531250
vt 0.856779 0.531250
vt 0.968750 0.531250
vt 0.968750 0.656250
vt 0.856779 0.656250
vt 0.843750 0.531250
vt 0.968750 0.531250
vt 0.968750 0.553791
vt 0.843750 0.553791
vt 0.968750 0.633709
vt 0.843750 0.633709
vt 0.843750 0.656250
vt 0.968750 0.656250
vt 0.718750 0.242188
vt 0.766585 0.242188
vt 0.761663 0.273438
vt 0.718750 0.273438
vt 0.515625 0.103171
vt 0.558538 0.104237
vt 0.550572 0.106641
vt 0.515625 0.105772
vt 0.718750 0.261501
vt 0.753697 0.261501
vt 0.753697 0.222874
vt 0.718750 0.222874
vt 0.515625 0.105772
vt 0.550572 0.106641
vt 0.558538 0.104237
vt 0.515625 0.103171
vt 0.718750 0.210938
vt 0.761663 0.210938
vt 0.807138 0.242188
vt 0.798042 0.273438
vt 0.594917 0.107276
vt 0.580199 0.109116
vt 0.783324 0.261501
vt 0.783324 0.222874
vt 0.580199 0.109116
vt 0.594917 0.107276
vt 0.798042 0.210938
vt 0.515625 0.106139
vt 0.515625 0.111208
vt 0.640625 0.111823
vt 0.640625 0.107276
vt 0.619225 0.111823
vt 0.599995 0.112819
vt 0.592879 0.109116
vt 0.592879 0.112819
vt 0.438371 0.112819
vt 0.438371 0.109116
vt 0.599995 0.112819
vt 0.619225 0.111823
vt 0.390625 0.107276
vt 0.390625 0.111823
vt 0.515625 0.117188
vt 0.640625 0.117188
vt 0.627761 0.117188
vt 0.606946 0.117188
vt 0.592879 0.117188
vt 0.438371 0.117188
vt 0.606946 0.117188
vt 0.627761 0.117188
vt 0.390625 0.117188
vt 0.515625 0.123167
vt 0.640625 0.122552
vt 0.619225 0.122552
vt 0.599995 0.121556
vt 0.592879 0.121556
vt 0.438371 0.121556
vt 0.599995 0.121556
vt 0.619225 0.122552
vt 0.390625 0.122552
vt 0.515625 0.128236
vt 0.640625 0.127099
vt 0.594917 0.127099
vt 0.580199 0.125259
vt 0.592879 0.125259
vt 0.438371 0.125259
vt 0.580199 0.125259
vt 0.594917 0.127099
vt 0.390625 0.127099
vt 0.558538 0.130138
vt 0.550572 0.127734
vt 0.550572 0.127734
vt 0.558538 0.130138
vt 0.515625 0.131204
vt 0.515625 0.128603
vt 0.515625 0.128603
vt 0.515625 0.131204
vt 0.670915 0.242188
vt 0.675837 0.273438
vt 0.472712 0.130138
vt 0.480678 0.127734
vt 0.683803 0.261501
vt 0.683803 0.222874
vt 0.480678 0.127734
vt 0.472712 0.130138
vt 0.675837 0.210938
vt 0.630362 0.242188
vt 0.639458 0.273438
vt 0.436333 0.127099
vt 0.451051 0.125259
vt 0.654176 0.261501
vt 0.654176 0.222874
vt 0.451051 0.125259
vt 0.436333 0.127099
vt 0.639458 0.210938
vt 0.412025 0.122552
vt 0.431255 0.121556
vt 0.431255 0.121556
vt 0.412025 0.122552
vt 0.403489 0.117188
vt 0.424304 0.117188
vt 0.424304 0.117188
vt 0.403489 0.117188
vt 0.412025 0.111823
vt 0.431255 0.112819
vt 0.431255 0.112819
vt 0.412025 0.111823
vt 0.436333 0.107276
vt 0.451051 0.109116
vt 0.451051 0.109116
vt 0.436333 0.107276
vt 0.472712 0.104237
vt 0.480678 0.106641
vt 0.480678 0.106641
vt 0.472712 0.104237
vt 0.054688 0.328125
vt 0.087833 0.294979
vt 0.054688 0.281250
vt 0.101562 0.328125
vt 0.087833 0.361271
vt 0.054688 0.375000
vt 0.021542 0.361271
vt 0.007812 0.328125
vt 0.021542 0.294979
vt 0.054688 0.281250
vt 0.087833 0.281250
vt 0.087833 0.375000
vt 0.054688 0.375000
vt 0.007812 0.294979
vt 0.007812 0.328125
vt 0.101562 0.328125
vt 0.101562 0.294979
vt 0.007812 0.361271
vt 0.101562 0.361271
vt 0.021542 0.281250
vt 0.021542 0.375000
vt 0.054688 0.281250
vt 0.087833 0.294979
vt 0.054688 0.328125
vt 0.101562 0.328125
vt 0.087833 0.361271
vt 0.054688 0.375000
vt 0.021542 0.361271
vt 0.007812 0.328125
vt 0.021542 0.294979
vt 0.539062 0.234375
vt 0.572208 0.206754
vt 0.539062 0.195312
vt 0.585938 0.234375
vt 0.572208 0.261996
vt 0.539062 0.273438
vt 0.505917 0.261996
vt 0.492188 0.234375
vt 0.505917 0.206754
vt 0.589844 0.664062
vt 0.614703 0.664062
vt 0.614703 0.992188
vt 0.589844 0.992188
vt 0.327895 0.206754
vt 0.382812 0.234375
vt 0.327895 0.261996
vt 0.564985 0.664062
vt 0.564985 0.992188
vt 0.492188 0.363559
vt 0.492188 0.335938
vt 0.867188 0.335938
vt 0.867188 0.363559
vt 0.492188 0.308316
vt 0.867188 0.308316
vt 0.437500 0.195312
vt 0.470646 0.206754
vt 0.437500 0.234375
vt 0.484375 0.234375
vt 0.470646 0.261996
vt 0.437500 0.273438
vt 0.404354 0.261996
vt 0.390625 0.234375
vt 0.404354 0.206754
vt 0.539062 0.234375
vt 0.572208 0.206754
vt 0.539062 0.195312
vt 0.585938 0.234375
vt 0.572208 0.261996
vt 0.539062 0.273438
vt 0.505917 0.261996
vt 0.492188 0.234375
vt 0.505917 0.206754
vt 0.589844 0.664062
vt 0.614703 0.664062
vt 0.614703 0.992188
vt 0.589844 0.992188
vt 0.492188 0.308316
vt 0.492188 0.335938
vt 0.867188 0.335938
vt 0.867188 0.308316
vt 0.492188 0.363559
vt 0.867188 0.363559
vt 0.564985 0.664062
vt 0.564985 0.992188
vt 0.062730 0.261996
vt 0.007812 0.234375
vt 0.062730 0.206754
vt 0.437500 0.195312
vt 0.470646 0.206754
vt 0.437500 0.234375
vt 0.484375 0.234375
vt 0.470646 0.261996
vt 0.437500 0.273438
vt 0.404354 0.261996
vt 0.390625 0.234375
vt 0.404354 0.206754
vt 0.955721 0.656250
vt 0.843750 0.553791
vt 0.856779 0.531250
vt 0.968750 0.633709
vt 0.843750 0.553791
vt 0.955721 0.656250
vt 0.968750 0.633709
vt 0.856779 0.531250
vt 0.968750 0.656250
vt 0.856779 0.656250
vt 0.856779 0.531250
vt 0.968750 0.531250
vt 0.955721 0.531250
vt 0.843750 0.531250
vt 0.843750 0.656250
vt 0.955721 0.656250
vt 0.843750 0.656250
vt 0.968750 0.656250
vt 0.968750 0.633709
vt 0.843750 0.633709
vt 0.968750 0.553791
vt 0.843750 0.553791
vt 0.843750 0.531250
vt 0.968750 0.531250
vt 0.718750 0.242188
vt 0.766585 0.242188
vt 0.761663 0.273438
vt 0.718750 0.273438
vt 0.515625 0.103171
vt 0.558538 0.104237
vt 0.550572 0.106641
vt 0.515625 0.105772
vt 0.718750 0.261501
vt 0.753697 0.261501
vt 0.753697 0.222874
vt 0.718750 0.222874
vt 0.515625 0.105772
vt 0.550572 0.106641
vt 0.558538 0.104237
vt 0.515625 0.103171
vt 0.718750 0.210938
vt 0.761663 0.210938
vt 0.807138 0.242188
vt 0.798042 0.273438
vt 0.594917 0.107276
vt 0.580199 0.109116
vt 0.783324 0.261501
vt 0.783324 0.222874
vt 0.580199 0.109116
vt 0.594917 0.107276
vt 0.798042 0.210938
vt 0.515625 0.106139
vt 0.515625 0.111208
vt 0.640625 0.111823
vt 0.640625 0.107276
vt 0.619225 0.111823
vt 0.599995 0.112819
vt 0.592879 0.109116
vt 0.592879 0.112819
vt 0.438371 0.112819
vt 0.438371 0.109116
vt 0.599995 0.112819
vt 0.619225 0.111823
vt 0.390625 0.107276
vt 0.390625 0.111823
vt 0.515625 0.117188
vt 0.640625 0.117188
vt 0.627761 0.117188
vt 0.606946 0.117188
vt 0.592879 0.117188
vt 0.438371 0.117188
vt 0.606946 0.117188
vt 0.627761 0.117188
vt 0.390625 0.117188
vt 0.515625 0.123167
vt 0.640625 0.122552
vt 0.619225 0.122552
vt 0.599995 0.121556
vt 0.592879 0.121556
vt 0.438371 0.121556
vt 0.599995 0.121556
vt 0.619225 0.122552
vt 0.390625 0.122552
vt 0.515625 0.128236
vt 0.640625 0.127099
vt 0.594917 0.127099
vt 0.580199 0.125259
vt 0.592879 0.125259
vt 0.438371 0.125259
vt 0.580199 0.125259
vt 0.594917 0.127099
vt 0.390625 0.127099
vt 0.558538 0.130138
vt 0.550572 0.127734
vt 0.550572 0.127734
vt 0.558538 0.130138
vt 0.515625 0.131204
vt 0.515625 0.128603
vt 0.515625 0.128603
vt 0.515625 0.131204
vt 0.670915 0.242188
vt 0.675837 0.273438
vt 0.472712 0.130138
vt 0.480678 0.127734
vt 0.683803 0.261501
vt 0.683803 0.222874
vt 0.480678 0.127734
vt 0.472712 0.130138
vt 0.675837 0.210938
vt 0.630362 0.242188
vt 0.639458 0.273438
vt 0.436333 0.127099
vt 0.451051 0.125259
vt 0.654176 0.261501
vt 0.654176 0.222874
vt 0.451051 0.125259
vt 0.436333 0.127099
vt 0.639458 0.210938
vt 0.412025 0.122552
vt 0.431255 0.121556
vt 0.431255 0.121556
vt 0.412025 0.122552
vt 0.403489 0.117188
vt 0.424304 0.117188
vt 0.424304 0.117188
vt 0.403489 0.117188
vt 0.412025 0.111823
vt 0.431255 0.112819
vt 0.431255 0.112819
vt 0.412025 0.111823
vt 0.436333 0.107276
vt 0.451051 0.109116
vt 0.451051 0.109116
vt 0.436333 0.107276
vt 0.472712 0.104237
vt 0.480678 0.106641
vt 0.480678 0.106641
vt 0.472712 0.104237
vt 0.054687 0.328125
vt 0.087833 0.294979
vt 0.054687 0.281250
vt 0.101562 0.328125
vt 0.087833 0.361271
vt 0.054687 0.375000
vt 0.021542 0.361271
vt 0.007812 0.328125
vt 0.021542 0.294979
vt 0.054687 0.281250
vt 0.087833 0.281250
vt 0.087833 0.375000
vt 0.054687 0.375000
vt 0.007812 0.294979
vt 0.007812 0.328125
vt 0.101562 0.328125
vt 0.101562 0.294979
vt 0.007812 0.361271
vt 0.101562 0.361271
vt 0.021542 0.281250
vt 0.021542 0.375000
vt 0.054687 0.281250
vt 0.087833 0.294979
vt 0.054687 0.328125
vt 0.101562 0.328125
vt 0.087833 0.361271
vt 0.054687 0.375000
vt 0.021542 0.361271
vt 0.007812 0.328125
vt 0.021542 0.294979
vt 0.843750 0.633709
vt 0.955721 0.531250
vt 0.968750 0.553791
vt 0.856779 0.656250
vt 0.955721 0.531250
vt 0.843750 0.633709
vt 0.856779 0.656250
vt 0.968750 0.553791
vt 0.856779 0.656250
vt 0.968750 0.656250
vt 0.968750 0.531250
vt 0.856779 0.531250
vt 0.843750 0.531250
vt 0.955721 0.531250
vt 0.955721 0.656250
vt 0.843750 0.656250
vt 0.843750 0.633709
vt 0.968750 0.633709
vt 0.968750 0.656250
vt 0.843750 0.656250
vt 0.968750 0.531250
vt 0.843750 0.531250
vt 0.843750 0.553791
vt 0.968750 0.553791
vt 0.718750 0.242188
vt 0.766585 0.242188
vt 0.761663 0.273438
vt 0.718750 0.273438
vt 0.515625 0.103171
vt 0.558538 0.104237
vt 0.550572 0.106641
vt 0.515625 0.105772
vt 0.718750 0.261501
vt 0.753697 0.261501
vt 0.753697 0.222874
vt 0.718750 0.222874
vt 0.515625 0.105772
vt 0.550572 0.106641
vt 0.558538 0.104237
vt 0.515625 0.103171
vt 0.718750 0.210938
vt 0.761663 0.210938
vt 0.807138 0.242188
vt 0.798042 0.273438
vt 0.594917 0.107276
vt 0.580199 0.109116
vt 0.783324 0.261501
vt 0.783324 0.222874
vt 0.580199 0.109116
vt 0.594917 0.107276
vt 0.798042 0.210938
vt 0.515625 0.106139
vt 0.515625 0.111208
vt 0.640625 0.111823
vt 0.640625 0.107276
vt 0.619225 0.111823
vt 0.599995 0.112819
vt 0.592879 0.109116
vt 0.592879 0.112819
vt 0.438371 0.112819
vt 0.438371 0.109116
vt 0.599995 0.112819
vt 0.619225 0.111823
vt 0.390625 0.107276
vt 0.390625 0.111823
vt 0.515625 0.117188
vt 0.640625 0.117188
vt 0.627761 0.117188
vt 0.606946 0.117188
vt 0.592879 0.117188
vt 0.438371 0.117188
vt 0.606946 0.117188
vt 0.627761 0.117188
vt 0.390625 0.117188
vt 0.515625 0.123167
vt 0.640625 0.122552
vt 0.619225 0.122552
vt 0.599995 0.121556
vt 0.592879 0.121556
vt 0.438371 0.121556
vt 0.599995 0.121556
vt 0.619225 0.122552
vt 0.390625 0.122552
vt 0.515625 0.128236
vt 0.640625 0.127099
vt 0.594917 0.127099
vt 0.580199 0.125259
vt 0.592879 0.125259
vt 0.438371 0.125259
vt 0.580199 0.125259
vt 0.594917 0.127099
vt 0.390625 0.127099
vt 0.558538 0.130138
vt 0.550572 0.127734
vt 0.550572 0.127734
vt 0.558538 0.130138
vt 0.515625 0.131204
vt 0.515625 0.128603
vt 0.515625 0.128603
vt 0.515625 0.131204
vt 0.670915 0.242188
vt 0.675837 0.273438
vt 0.472712 0.130138
vt 0.480678 0.127734
vt 0.683803 0.261501
vt 0.683803 0.222874
vt 0.480678 0.127734
vt 0.472712 0.130138
vt 0.675837 0.210938
vt 0.630362 0.242188
vt 0.639458 0.273438
vt 0.436333 0.127099
vt 0.451051 0.125259
vt 0.654176 0.261501
vt 0.654176 0.222874
vt 0.451051 0.125259
vt 0.436333 0.127099
vt 0.639458 0.210938
vt 0.412025 0.122552
vt 0.431255 0.121556
vt 0.431255 0.121556
vt 0.412025 0.122552
vt 0.403489 0.117188
vt 0.424304 0.117188
vt 0.424304 0.117188
vt 0.403489 0.117188
vt 0.412025 0.111823
vt 0.431255 0.112819
vt 0.431255 0.112819
vt 0.412025 0.111823
vt 0.436333 0.107276
vt 0.451051 0.109116
vt 0.451051 0.109116
vt 0.436333 0.107276
vt 0.472712 0.104237
vt 0.480678 0.106641
vt 0.480678 0.106641
vt 0.472712 0.104237
vt 0.054688 0.328125
vt 0.087833 0.294979
vt 0.054688 0.281250
vt 0.101562 0.328125
vt 0.087833 0.361271
vt 0.054688 0.375000
vt 0.021542 0.361271
vt 0.007812 0.328125
vt 0.021542 0.294979
vt 0.054688 0.281250
vt 0.087833 0.281250
vt 0.087833 0.375000
vt 0.054688 0.375000
vt 0.007812 0.294979
vt 0.007812 0.328125
vt 0.101562 0.328125
vt 0.101562 0.294979
vt 0.007812 0.361271
vt 0.101562 0.361271
vt 0.021542 0.281250
vt 0.021542 0.375000
vt 0.054688 0.281250
vt 0.087833 0.294979
vt 0.054688 0.328125
vt 0.101562 0.328125
vt 0.087833 0.361271
vt 0.054688 0.375000
vt 0.021542 0.361271
vt 0.007812 0.328125
vt 0.021542 0.294979
vn 0.000000 0.000000 1.000000
vn 0.000000 0.000000 -1.000000
vn -0.000000 1.000000 0.000000
vn 0.000000 -1.000000 0.000000
vn -1.000000 0.000000 0.000000
vn 1.000000 0.000000 0.000000
vn 0.000000 0.000000 1.000000
vn 0.000000 0.000000 -1.000000
vn -0.000000 1.000000 0.000000
vn 0.000000 -1.000000 0.000000
vn -1.000000 0.000000 0.000000
vn 1.000000 0.000000 0.000000
vn 0.000000 0.000000 1.000000
vn 0.000000 0.000000 -1.000000
vn -0.000000 1.000000 0.000000
vn 0.000000 -1.000000 0.000000
vn -1.000000 0.000000 0.000000
vn 1.000000 0.000000 0.000000
vn 0.000000 0.000000 1.000000
vn 0.000000 0.000000 -1.000000
vn -0.000000 1.000000 0.000000
vn 0.000000 -1.000000 0.000000
vn -1.000000 0.000000 0.000000
vn 1.000000 0.000000 0.000000
vn 0.371470 0.240299 0.896809
vn 0.896809 0.240299 0.371470
vn 0.896809 0.240299 -0.371470
vn 0.371470 0.240299 -0.896809
vn -0.371470 0.240299 -0.896809
vn -0.896809 0.240299 -0.371470
vn -0.896809 0.240299 0.371470
vn -0.371470 0.240299 0.896809
vn 0.281085 0.678598 0.678598
vn 0.678598 0.678598 0.281085
vn 0.678598 0.678598 -0.281085
vn 0.281085 0.678598 -0.678598
vn -0.281085 0.678598 -0.678598
vn -0.678598 0.678598 -0.281085
vn -0.678598 0.678598 0.281085
vn -0.281085 0.678598 0.678598
vn 0.106596 0.960422 0.257344
vn 0.257344 0.960422 0.106596
vn 0.257344 0.960422 -0.106596
vn 0.106596 0.960422 -0.257344
vn -0.106596 0.960422 -0.257344
vn -0.257344 0.960422 -0.106596
vn -0.257344 0.960422 0.106596
vn -0.106596 0.960422 0.257344
vn 0.000000 0.000000 1.000000
vn 0.000000 0.000000 -1.000000
vn -0.000000 1.000000 0.000000
vn 0.000000 -1.000000 0.000000
vn -1.000000 0.000000 0.000000
vn 1.000000 0.000000 0.000000
vn 0.000000 0.000000 1.000000
vn 0.000000 0.000000 -1.000000
vn -0.000000 1.000000 0.000000
vn 0.000000 -1.000000 0.000000
vn -1.000000 0.000000 0.000000
vn 1.000000 0.000000 0.000000
vn 0.000000 0.000000 1.000000
vn 0.000000 0.000000 -1.000000
vn -0.000000 1.000000 0.000000
vn 0.000000 -1.000000 0.000000
vn -1.000000 0.000000 0.000000
vn 1.000000 0.000000 0.000000
vn 0.000000 0.000000 1.000000
vn 0.000000 0.000000 -1.000000
vn -0.000000 1.000000 0.000000
vn 0.000000 -1.000000 0.000000
vn -1.000000 0.000000 0.000000
vn 1.000000 0.000000 0.000000
vn 0.000000 0.000000 1.000000
vn 0.000000 0.000000 -1.000000
vn -0.000000 1.000000 0.000000
vn 0.000000 -1.000000 0.000000
vn -1.000000 0.000000 0.000000
vn 1.000000 0.000000 0.000000
vn 0.000000 0.000000 1.000000
vn 0.000000 0.000000 -1.000000
vn -0.000000 1.000000 0.000000
vn 0.000000 -1.000000 0.000000
vn -1.000000 0.000000 0.000000
vn 1.000000 0.000000 0.000000
vn 0.000000 0.000000 1.000000
vn 0.000000 0.000000 -1.000000
vn -0.000000 1.000000 0.000000
vn 0.000000 -1.000000 0.000000
vn -1.000000 0.000000 0.000000
vn 1.000000 0.000000 0.000000
vn 0.000000 0.000000 1.000000
vn 0.000000 0.000000 -1.000000
vn -0.000000 1.000000 0.000000
vn 0.000000 -1.000000 0.000000
vn -1.000000 0.000000 0.000000
vn 1.000000 0.000000 0.000000
vn 0.000000 0.000000 1.000000
vn 0.000000 0.000000 -1.000000
vn -0.000000 1.000000 0.000000
vn 0.000000 -1.000000 0.000000
vn -1.000000 0.000000 0.000000
vn 1.000000 0.000000 0.000000
vn 0.000000 0.000000 1.000000
vn 0.000000 0.000000 -1.000000
vn -0.000000 1.000000 0.000000
vn 0.000000 -1.000000 0.000000
vn -1.000000 0.000000 0.000000
vn 1.000000 0.000000 0.000000
vn 0.000000 0.000000 1.000000
vn 0.000000 0.000000 -1.000000
vn -0.000000 1.000000 0.000000
vn 0.000000 -1.000000 0.000000
vn -1.000000 0.000000 0.000000
vn 1.000000 0.000000 0.000000
vn 0.000000 0.000000 1.000000
vn 0.000000 0.000000 -1.000000
vn -0.000000 1.000000 0.000000
vn 0.000000 -1.000000 0.000000
vn -1.000000 0.000000 0.000000
vn 1.000000 0.000000 0.000000
vn 0.000000 0.000000 1.000000
vn 0.000000 0.000000 -1.000000
vn -0.000000 1.000000 0.000000
vn 0.000000 -1.000000 0.000000
vn -1.000000 0.000000 0.000000
vn 1.000000 0.000000 0.000000
vn 0.000000 0.000000 1.000000
vn 0.000000 0.000000 -1.000000
vn -0.000000 1.000000 0.000000
vn 0.000000 -1.000000 0.000000
vn -1.000000 0.000000 0.000000
vn 1.000000 0.000000 0.000000
vn 0.000000 0.000000 1.000000
vn 0.000000 0.000000 -1.000000
vn -0.000000 1.000000 0.000000
vn 0.000000 -1.000000 0.000000
vn -1.000000 0.000000 0.000000
vn 1.000000 0.000000 0.000000
vn 0.000000 0.000000 1.000000
vn 0.000000 0.000000 -1.000000
vn -0.000000 1.000000 0.000000
vn 0.000000 -1.000000 0.000000
vn -1.000000 0.000000 0.000000
vn 1.000000 0.000000 0.000000
vn 0.000000 0.000000 1.000000
vn 0.000000 0.000000 -1.000000
vn -0.000000 1.000000 0.000000
vn 0.000000 -1.000000 0.000000
vn -1.000000 0.000000 0.000000
vn 1.000000 0.000000 0.000000
vn 0.000000 0.000000 1.000000
vn 0.000000 0.000000 -1.000000
vn -0.000000 1.000000 0.000000
vn 0.000000 -1.000000 0.000000
vn -1.000000 0.000000 0.000000
vn 1.000000 0.000000 0.000000
vn 0.000000 0.000000 1.000000
vn 0.000000 0.000000 -1.000000
vn -0.000000 1.000000 0.000000
vn 0.000000 -1.000000 0.000000
vn -1.000000 0.000000 0.000000
vn 1.000000 0.000000 0.000000
vn 0.000000 0.000000 1.000000
vn 0.000000 0.000000 -1.000000
vn -0.000000 1.000000 0.000000
vn 0.000000 -1.000000 0.000000
vn -1.000000 0.000000 0.000000
vn 1.000000 0.000000 0.000000
vn 0.000000 0.000000 1.000000
vn 0.000000 0.000000 -1.000000
vn -0.000000 1.000000 0.000000
vn 0.000000 -1.000000 0.000000
vn -1.000000 0.000000 0.000000
vn 1.000000 0.000000 0.000000
vn 0.000000 0.000000 1.000000
vn 0.000000 0.000000 -1.000000
vn -0.000000 1.000000 0.000000
vn 0.000000 -1.000000 0.000000
vn -1.000000 0.000000 0.000000
vn 1.000000 0.000000 0.000000
vn 0.000000 0.000000 1.000000
vn 0.000000 0.000000 -1.000000
vn -0.000000 1.000000 0.000000
vn 0.000000 -1.000000 0.000000
vn -1.000000 0.000000 0.000000
vn 1.000000 0.000000 0.000000
vn 0.000000 0.000000 1.000000
vn 0.000000 0.000000 -1.000000
vn -0.000000 1.000000 0.000000
vn 0.000000 -1.000000 0.000000
vn -1.000000 0.000000 0.000000
vn 1.000000 0.000000 0.000000
vn 0.000000 0.000000 1.000000
vn 0.000000 0.000000 -1.000000
vn -0.000000 1.000000 0.000000
vn 0.000000 -1.000000 0.000000
vn -1.000000 0.000000 0.000000
vn 1.000000 0.000000 0.000000
vn 0.000000 0.000000 1.000000
vn 0.000000 0.000000 -1.000000
vn -0.000000 1.000000 0.000000
vn 0.000000 -1.000000 0.000000
vn -1.000000 0.000000 0.000000
vn 1.000000 0.000000 0.000000
vn 0.000000 0.000000 1.000000
vn 0.000000 0.000000 -1.000000
vn -0.000000 1.000000 0.000000
vn 0.000000 -1.000000 0.000000
vn -1.000000 0.000000 0.000000
vn 1.000000 0.000000 0.000000
vn 0.000000 0.000000 -1.000000
vn 0.382683 -0.923880 0.000000
vn 0.923880 -0.382683 0.000000
vn 0.923880 0.382683 0.000000
vn 0.382683 0.923880 0.000000
vn -0.382683 0.923880 0.000000
vn -0.923880 0.382683 0.000000
vn -0.923880 -0.382683 0.000000
vn -0.382683 -0.923880 0.000000
vn 0.000000 0.000000 1.000000
vn 0.000000 0.000000 -1.000000
vn 0.382683 -0.923880 0.000000
vn 0.923880 -0.382683 0.000000
vn 0.923880 0.382683 0.000000
vn 0.382683 0.923880 0.000000
vn -0.382683 0.923880 0.000000
vn -0.923880 0.382683 0.000000
vn -0.923880 -0.382683 0.000000
vn -0.382683 -0.923880 0.000000
vn 0.000000 0.000000 1.000000
vn 0.000000 0.000000 1.000000
vn 0.000000 0.000000 -1.000000
vn -0.588172 -0.808736 0.000000
vn 0.588172 0.808736 0.000000
vn 0.808736 -0.588172 0.000000
vn -0.808736 0.588172 0.000000
vn 0.158879 -0.798741 0.580319
vn -0.061352 0.308435 0.949265
vn -0.195090 0.980785 0.000000
vn -0.061352 0.308435 -0.949265
vn 0.158879 -0.798741 -0.580319
vn 0.452450 -0.677140 0.580319
vn -0.174714 0.261478 0.949265
vn -0.555570 0.831470 0.000000
vn -0.174714 0.261478 -0.949265
vn 0.452450 -0.677140 -0.580319
vn 0.677140 -0.452450 0.580319
vn -0.261478 0.174714 0.949265
vn -0.831470 0.555570 0.000000
vn -0.261478 0.174714 -0.949265
vn 0.677140 -0.452450 -0.580319
vn 0.798741 -0.158879 0.580319
vn -0.308435 0.061352 0.949265
vn -0.980785 0.195090 0.000000
vn -0.308435 0.061352 -0.949265
vn 0.798741 -0.158879 -0.580319
vn 0.798741 0.158879 0.580319
vn -0.308435 -0.061352 0.949265
vn -0.980785 -0.195090 0.000000
vn -0.308435 -0.061352 -0.949265
vn 0.798741 0.158879 -0.580319
vn 0.677140 0.452450 0.580319
vn -0.261478 -0.174714 0.949265
vn -0.831470 -0.555570 0.000000
vn -0.261478 -0.174714 -0.949265
vn 0.677140 0.452450 -0.580319
vn 0.452450 0.677140 0.580319
vn -0.174714 -0.261478 0.949265
vn -0.555570 -0.831470 0.000000
vn -0.174714 -0.261478 -0.949265
vn 0.452450 0.677140 -0.580319
vn 0.158879 0.798741 0.580319
vn -0.061352 -0.308435 0.949265
vn -0.195090 -0.980785 0.000000
vn -0.061352 -0.308435 -0.949265
vn 0.158879 0.798741 -0.580319
vn -0.158879 0.798741 0.580319
vn 0.061352 -0.308435 0.949265
vn 0.195090 -0.980785 0.000000
vn 0.061352 -0.308435 -0.949265
vn -0.158879 0.798741 -0.580319
vn -0.452450 0.677140 0.580319
vn 0.174714 -0.261478 0.949265
vn 0.555570 -0.831470 0.000000
vn 0.174714 -0.261478 -0.949265
vn -0.452450 0.677140 -0.580319
vn -0.677140 0.452450 0.580319
vn 0.261478 -0.174714 0.949265
vn 0.831470 -0.555570 0.000000
vn 0.261478 -0.174714 -0.949265
vn -0.677140 0.452450 -0.580319
vn -0.798741 0.158879 0.580319
vn 0.308435 -0.061352 0.949265
vn 0.980785 -0.195090 0.000000
vn 0.308435 -0.061352 -0.949265
vn -0.798741 0.158879 -0.580319
vn -0.798741 -0.158879 0.580319
vn 0.308435 0.061352 0.949265
vn 0.980785 0.195090 0.000000
vn 0.308435 0.061352 -0.949265
vn -0.798741 -0.158879 -0.580319
vn -0.677140 -0.452450 0.580319
vn 0.261478 0.174714 0.949265
vn 0.831470 0.555570 0.000000
vn 0.261478 0.174714 -0.949265
vn -0.677140 -0.452450 -0.580319
vn -0.452450 -0.677140 0.580319
vn 0.174714 0.261478 0.949265
vn 0.555570 0.831470 0.000000
vn 0.174714 0.261478 -0.949265
vn -0.452450 -0.677140 -0.580319
vn -0.158879 -0.798741 0.580319
vn 0.061352 0.308435 0.949265
vn 0.195090 0.980785 0.000000
vn 0.061352 0.308435 -0.949265
vn -0.158879 -0.798741 -0.580319
vn 0.000000 0.000000 -1.000000
vn 0.382683 -0.923880 0.000000
vn 0.923880 -0.382683 0.000000
vn 0.923880 0.382683 0.000000
vn 0.382683 0.923880 0.000000
vn -0.382683 0.923880 0.000000
vn -0.923880 0.382683 0.000000
vn -0.923880 -0.382683 0.000000
vn -0.382683 -0.923880 0.000000
vn 0.000000 0.000000 1.000000
vn 0.000000 0.000000 1.000000
vn 0.000000 0.000000 -1.000000
vn -0.588172 0.808736 0.000000
vn 0.588172 -0.808736 0.000000
vn -0.808736 -0.588172 0.000000
vn 0.808736 0.588172 0.000000
vn 0.158879 -0.798741 0.580319
vn -0.061352 0.308435 0.949265
vn -0.195090 0.980785 0.000000
vn -0.061352 0.308435 -0.949265
vn 0.158879 -0.798741 -0.580319
vn 0.452450 -0.677140 0.580319
vn -0.174714 0.261478 0.949265
vn -0.555570 0.831470 0.000000
vn -0.174714 0.261478 -0.949265
vn 0.452450 -0.677140 -0.580319
vn 0.677140 -0.452450 0.580319
vn -0.261478 0.174714 0.949265
vn -0.831470 0.555570 0.000000
vn -0.261478 0.174714 -0.949265
vn 0.677140 -0.452450 -0.580319
vn 0.798741 -0.158879 0.580319
vn -0.308435 0.061352 0.949265
vn -0.980785 0.195090 0.000000
vn -0.308435 0.061352 -0.949265
vn 0.798741 -0.158879 -0.580319
vn 0.798741 0.158879 0.580319
vn -0.308435 -0.061352 0.949265
vn -0.980785 -0.195090 0.000000
vn -0.308435 -0.061352 -0.949265
vn 0.798741 0.158879 -0.580319
vn 0.677140 0.452450 0.580319
vn -0.261478 -0.174714 0.949265
vn -0.831470 -0.555570 0.000000
vn -0.261478 -0.174714 -0.949265
vn 0.677140 0.452450 -0.580319
vn 0.452450 0.677140 0.580319
vn -0.174714 -0.261478 0.949265
vn -0.555570 -0.831470 0.000000
vn -0.174714 -0.261478 -0.949265
vn 0.452450 0.677140 -0.580319
vn 0.158879 0.798741 0.580319
vn -0.061352 -0.308435 0.949265
vn -0.195090 -0.980785 0.000000
vn -0.061352 -0.308435 -0.949265
vn 0.158879 0.798741 -0.580319
vn -0.158879 0.798741 0.580319
vn 0.061352 -0.308435 0.949265
vn 0.195090 -0.980785 0.000000
vn 0.061352 -0.308435 -0.949265
vn -0.158879 0.798741 -0.580319
vn -0.452450 0.677140 0.580319
vn 0.174714 -0.261478 0.949265
vn 0.555570 -0.831470 0.000000
vn 0.174714 -0.261478 -0.949265
vn -0.452450 0.677140 -0.580319
vn -0.677140 0.452450 0.580319
vn 0.261478 -0.174714 0.949265
vn 0.831470 -0.555570 0.000000
vn 0.261478 -0.174714 -0.949265
vn -0.677140 0.452450 -0.580319
vn -0.798741 0.158879 0.580319
vn 0.308435 -0.061352 0.949265
vn 0.980785 -0.195090 0.000000
vn 0.308435 -0.061352 -0.949265
vn -0.798741 0.158879 -0.580319
vn -0.798741 -0.158879 0.580319
vn 0.308435 0.061352 0.949265
vn 0.980785 0.195090 0.000000
vn 0.308435 0.061352 -0.949265
vn -0.798741 -0.158879 -0.580319
vn -0.677140 -0.452450 0.580319
vn 0.261478 0.174714 0.949265
vn 0.831470 0.555570 0.000000
vn 0.261478 0.174714 -0.949265
vn -0.677140 -0.452450 -0.580319
vn -0.452450 -0.677140 0.580319
vn 0.174714 0.261478 0.949265
vn 0.555570 0.831470 0.000000
vn 0.174714 0.261478 -0.949265
vn -0.452450 -0.677140 -0.580319
vn -0.158879 -0.798741 0.580319
vn 0.061352 0.308435 0.949265
vn 0.195090 0.980785 0.000000
vn 0.061352 0.308435 -0.949265
vn -0.158879 -0.798741 -0.580319
vn 0.000000 0.000000 -1.000000
vn 0.382683 -0.923880 0.000000
vn 0.923880 -0.382683 0.000000
vn 0.923880 0.382683 0.000000
vn 0.382683 0.923880 0.000000
vn -0.382683 0.923880 0.000000
vn -0.923880 0.382683 0.000000
vn -0.923880 -0.382683 0.000000
vn -0.382683 -0.923880 0.000000
vn 0.000000 0.000000 1.000000
vn 0.000000 0.000000 -1.000000
vn 0.382683 -0.923880 0.000000
vn 0.923880 -0.382683 0.000000
vn 0.923880 0.382683 -0.000000
vn 0.382683 0.923880 0.000000
vn -0.382683 0.923880 0.000000
vn -0.923880 0.382683 -0.000000
vn -0.923880 -0.382683 0.000000
vn -0.382683 -0.923880 0.000000
vn 0.000000 0.000000 1.000000
vn 0.000000 0.000000 -1.000000
vn 0.382683 -0.923880 0.000000
vn 0.923880 -0.382683 0.000000
vn 0.923880 0.382683 -0.000000
vn 0.382683 0.923880 0.000000
vn -0.382683 0.923880 0.000000
vn -0.923880 0.382683 -0.000000
vn -0.923880 -0.382683 0.000000
vn -0.382683 -0.923880 0.000000
vn 0.000000 0.000000 1.000000
vn 0.000000 0.000000 1.000000
vn 0.000000 0.000000 -1.000000
vn 0.588172 -0.808736 0.000000
vn -0.588172 0.808736 0.000000
vn 0.808736 0.588172 -0.000000
vn -0.808736 -0.588172 -0.000000
vn 0.158879 -0.798741 0.580319
vn -0.061352 0.308435 0.949265
vn -0.195090 0.980785 0.000000
vn -0.061352 0.308435 -0.949265
vn 0.158879 -0.798741 -0.580319
vn 0.452450 -0.677140 0.580319
vn -0.174714 0.261478 0.949265
vn -0.555570 0.831470 0.000000
vn -0.174714 0.261478 -0.949265
vn 0.452450 -0.677140 -0.580319
vn 0.677140 -0.452450 0.580319
vn -0.261478 0.174714 0.949265
vn -0.831470 0.555570 0.000000
vn -0.261478 0.174714 -0.949265
vn 0.677140 -0.452450 -0.580319
vn 0.798741 -0.158879 0.580319
vn -0.308435 0.061352 0.949265
vn -0.980785 0.195090 0.000000
vn -0.308435 0.061352 -0.949265
vn 0.798741 -0.158879 -0.580319
vn 0.798741 0.158879 0.580319
vn -0.308435 -0.061352 0.949265
vn -0.980785 -0.195090 0.000000
vn -0.308435 -0.061352 -0.949265
vn 0.798741 0.158879 -0.580319
vn 0.677140 0.452450 0.580319
vn -0.261478 -0.174714 0.949265
vn -0.831470 -0.555570 0.000000
vn -0.261478 -0.174714 -0.949265
vn 0.677140 0.452450 -0.580319
vn 0.452450 0.677140 0.580319
vn -0.174714 -0.261478 0.949265
vn -0.555570 -0.831470 0.000000
vn -0.174714 -0.261478 -0.949265
vn 0.452450 0.677140 -0.580319
vn 0.158879 0.798741 0.580319
vn -0.061352 -0.308435 0.949265
vn -0.195090 -0.980785 0.000000
vn -0.061352 -0.308435 -0.949265
vn 0.158879 0.798741 -0.580319
vn -0.158879 0.798741 0.580319
vn 0.061352 -0.308435 0.949265
vn 0.195090 -0.980785 0.000000
vn 0.061352 -0.308435 -0.949265
vn -0.158879 0.798741 -0.580319
vn -0.452450 0.677140 0.580319
vn 0.174714 -0.261478 0.949265
vn 0.555570 -0.831470 0.000000
vn 0.174714 -0.261478 -0.949265
vn -0.452450 0.677140 -0.580319
vn -0.677140 0.452450 0.580319
vn 0.261478 -0.174714 0.949265
vn 0.831470 -0.555570 0.000000
vn 0.261478 -0.174714 -0.949265
vn -0.677140 0.452450 -0.580319
vn -0.798741 0.158879 0.580319
vn 0.308435 -0.061352 0.949265
vn 0.980785 -0.195090 0.000000
vn 0.308435 -0.061352 -0.949265
vn -0.798741 0.158879 -0.580319
vn -0.798741 -0.158879 0.580319
vn 0.308435 0.061352 0.949265
vn 0.980785 0.195090 0.000000
vn 0.308435 0.061352 -0.949265
vn -0.798741 -0.158879 -0.580319
vn -0.677140 -0.452450 0.580319
vn 0.261478 0.174714 0.949265
vn 0.831470 0.555570 0.000000
vn 0.261478 0.174714 -0.949265
vn -0.677140 -0.452450 -0.580319
vn -0.452450 -0.677140 0.580319
vn 0.174714 0.261478 0.949265
vn 0.555570 0.831470 0.000000
vn 0.174714 0.261478 -0.949265
vn -0.452450 -0.677140 -0.580319
vn -0.158879 -0.798741 0.580319
vn 0.061352 0.308435 0.949265
vn 0.195090 0.980785 0.000000
vn 0.061352 0.308435 -0.949265
vn -0.158879 -0.798741 -0.580319
vn 0.000000 0.000000 -1.000000
vn 0.382683 -0.923880 0.000000
vn 0.923880 -0.382683 0.000000
vn 0.923880 0.382683 0.000000
vn 0.382683 0.923880 0.000000
vn -0.382683 0.923880 0.000000
vn -0.923880 0.382683 0.000000
vn -0.923880 -0.382683 0.000000
vn -0.382683 -0.923880 0.000000
vn 0.000000 0.000000 1.000000
vn 0.000000 0.000000 1.000000
vn 0.000000 0.000000 -1.000000
vn 0.588172 0.808736 0.000000
vn -0.588172 -0.808736 0.000000
vn -0.808736 0.588172 0.000000
vn 0.808736 -0.588172 0.000000
vn 0.158879 -0.798741 0.580319
vn -0.061352 0.308435 0.949265
vn -0.195090 0.980785 0.000000
vn -0.061352 0.308435 -0.949265
vn 0.158879 -0.798741 -0.580319
vn 0.452450 -0.677140 0.580319
vn -0.174714 0.261478 0.949265
vn -0.555570 0.831470 0.000000
vn -0.174714 0.261478 -0.949265
vn 0.452450 -0.677140 -0.580319
vn 0.677140 -0.452450 0.580319
vn -0.261478 0.174714 0.949265
vn -0.831470 0.555570 0.000000
vn -0.261478 0.174714 -0.949265
vn 0.677140 -0.452450 -0.580319
vn 0.798741 -0.158879 0.580319
vn -0.308435 0.061352 0.949265
vn -0.980785 0.195090 0.000000
vn -0.308435 0.061352 -0.949265
vn 0.798741 -0.158879 -0.580319
vn 0.798741 0.158879 0.580319
vn -0.308435 -0.061352 0.949265
vn -0.980785 -0.195090 0.000000
vn -0.308435 -0.061352 -0.949265
vn 0.798741 0.158879 -0.580319
vn 0.677140 0.452450 0.580319
vn -0.261478 -0.174714 0.949265
vn -0.831470 -0.555570 0.000000
vn -0.261478 -0.174714 -0.949265
vn 0.677140 0.452450 -0.580319
vn 0.452450 0.677140 0.580319
vn -0.174714 -0.261478 0.949265
vn -0.555570 -0.831470 0.000000
vn -0.174714 -0.261478 -0.949265
vn 0.452450 0.677140 -0.580319
vn 0.158879 0.798741 0.580319
vn -0.061352 -0.308435 0.949265
vn -0.195090 -0.980785 0.000000
vn -0.061352 -0.308435 -0.949265
vn 0.158879 0.798741 -0.580319
vn -0.158879 0.798741 0.580319
vn 0.061352 -0.308435 0.949265
vn 0.195090 -0.980785 0.000000
vn 0.061352 -0.308435 -0.949265
vn -0.158879 0.798741 -0.580319
vn -0.452450 0.677140 0.580319
vn 0.174714 -0.261478 0.949265
vn 0.555570 -0.831470 0.000000
vn 0.174714 -0.261478 -0.949265
vn -0.452450 0.677140 -0.580319
vn -0.677140 0.452450 0.580319
vn 0.261478 -0.174714 0.949265
vn 0.831470 -0.555570 0.000000
vn 0.261478 -0.174714 -0.949265
vn -0.677140 0.452450 -0.580319
vn -0.798741 0.158879 0.580319
vn 0.308435 -0.061352 0.949265
vn 0.980785 -0.195090 0.000000
vn 0.308435 -0.061352 -0.949265
vn -0.798741 0.158879 -0.580319
vn -0.798741 -0.158879 0.580319
vn 0.308435 0.061352 0.949265
vn 0.980785 0.195090 0.000000
vn 0.308435 0.061352 -0.949265
vn -0.798741 -0.158879 -0.580319
vn -0.677140 -0.452450 0.580319
vn 0.261478 0.174714 0.949265
vn 0.831470 0.555570 0.000000
vn 0.261478 0.174714 -0.949265
vn -0.677140 -0.452450 -0.580319
vn -0.452450 -0.677140 0.580319
vn 0.174714 0.261478 0.949265
vn 0.555570 0.831470 0.000000
vn 0.174714 0.261478 -0.949265
vn -0.452450 -0.677140 -0.580319
vn -0.158879 -0.798741 0.580319
vn 0.061352 0.308435 0.949265
vn 0.195090 0.980785 0.000000
vn 0.061352 0.308435 -0.949265
vn -0.158879 -0.798741 -0.580319
vn 0.000000 0.000000 -1.000000
vn 0.382683 -0.923880 0.000000
vn 0.923880 -0.382683 0.000000
vn 0.923880 0.382683 0.000000
vn 0.382683 0.923880 0.000000
vn -0.382683 0.923880 0.000000
vn -0.923880 0.382683 0.000000
vn -0.923880 -0.382683 0.000000
vn -0.382683 -0.923880 0.000000
vn 0.000000 0.000000 1.000000
f 1/1/1 2/2/1 3/3/1
f 1/1/1 3/3/1 4/4/1
f 5/5/2 6/6/2 7/7/2
f 5/5/2 7/7/2 8/8/2
f 4/9/3 3/10/3 8/11/3
f 4/9/3 8/11/3 7/12/3
f 6/12/4 5/11/4 2/10/4
f 6/12/4 2/10/4 1/9/4
f 6/13/5 1/14/5 4/15/5
f 6/13/5 4/15/5 7/16/5
f 2/14/6 5/13/6 8/16/6
f 2/14/6 8/16/6 3/15/6
f 9/17/7 10/18/7 11/19/7
f 9/17/7 11/19/7 12/20/7
f 13/21/8 14/22/8 15/23/8
f 13/21/8 15/23/8 16/24/8
f 12/25/9 11/26/9 16/27/9
f 12/25/9 16/27/9 15/28/9
f 14/28/10 13/27/10 10/26/10
f 14/28/10 10/26/10 9/25/10
f 14/29/11 9/30/11 12/31/11
f 14/29/11 12/31/11 15/32/11
f 10/30/12 13/29/12 16/32/12
f 10/30/12 16/32/12 11/31/12
f 17/33/13 18/34/13 19/35/13
f 17/33/13 19/35/13 20/36/13
f 21/37/14 22/38/14 23/39/14
f 21/37/14 23/39/14 24/40/14
f 20/41/15 19/42/15 24/43/15
f 20/41/15 24/43/15 23/44/15
f 22/44/16 21/43/16 18/42/16
f 22/44/16 18/42/16 17/41/16
f 22/45/17 17/46/17 20/47/17
f 22/45/17 20/47/17 23/48/17
f 18/46/18 21/45/18 24/48/18
f 18/46/18 24/48/18 19/47/18
f 25/49/19 26/50/19 27/51/19
f 25/49/19 27/51/19 28/52/19
f 29/53/20 30/54/20 31/55/20
f 29/53/20 31/55/20 32/56/20
f 28/57/21 27/58/21 32/59/21
f 28/57/21 32/59/21 31/60/21
f 30/60/22 29/59/22 26/58/22
f 30/60/22 26/58/22 25/57/22
f 30/61/23 25/62/23 28/63/23
f 30/61/23 28/63/23 31/64/23
f 26/62/24 29/61/24 32/64/24
f 26/62/24 32/64/24 27/63/24
f 33/65/25 34/66/25 35/67/25
f 33/65/25 35/67/25 36/68/25
f 34/69/26 37/70/26 38/71/26
f 34/69/26 38/71/26 35/72/26
f 37/70/27 39/73/27 40/74/27
f 37/70/27 40/74/27 38/71/27
f 39/75/28 41/76/28 42/77/28
f 39/75/28 42/77/28 40/78/28
f 41/76/29 43/79/29 44/80/29
f 41/76/29 44/80/29 42/77/29
f 43/73/30 45/70/30 46/71/30
f 43/73/30 46/71/30 44/74/30
f 45/70/31 47/69/31 48/72/31
f 45/70/31 48/72/31 46/71/31
f 47/81/32 33/65/32 36/68/32
f 47/81/32 36/68/32 48/82/32
f 36/83/33 35/84/33 49/85/33
f 36/83/33 49/85/33 50/86/33
f 35/84/34 38/87/34 51/88/34
f 35/84/34 51/88/34 49/85/34
f 38/87/35 40/89/35 52/90/35
f 38/87/35 52/90/35 51/88/35
f 40/89/36 42/91/36 53/92/36
f 40/89/36 53/92/36 52/90/36
f 42/91/37 44/93/37 54/94/37
f 42/77/37 54/95/37 53/96/37
f 44/93/38 46/97/38 55/98/38
f 44/93/38 55/98/38 54/94/38
f 46/97/39 48/99/39 56/100/39
f 46/97/39 56/100/39 55/98/39
f 48/99/40 36/83/40 50/86/40
f 48/82/40 50/101/40 56/102/40
f 50/86/41 49/85/41 57/103/41
f 49/85/42 51/88/42 57/103/42
f 51/88/43 52/90/43 57/103/43
f 52/90/44 53/92/44 57/103/44
f 53/92/45 54/94/45 57/103/45
f 54/94/46 55/98/46 57/103/46
f 55/98/47 56/100/47 57/103/47
f 56/100/48 50/86/48 57/103/48
f 58/104/49 59/105/49 60/106/49
f 58/104/49 60/106/49 61/107/49
f 62/108/50 63/109/50 64/110/50
f 62/108/50 64/110/50 65/111/50
f 61/112/51 60/113/51 65/114/51
f 61/112/51 65/114/51 64/115/51
f 63/115/52 62/114/52 59/113/52
f 63/115/52 59/113/52 58/112/52
f 63/116/53 58/117/53 61/118/53
f 63/116/53 61/118/53 64/119/53
f 59/117/54 62/116/54 65/119/54
f 59/117/54 65/119/54 60/118/54
f 66/120/55 67/121/55 68/122/55
f 66/120/55 68/122/55 69/123/55
f 70/124/56 71/125/56 72/126/56
f 70/124/56 72/126/56 73/127/56
f 69/128/57 68/129/57 73/130/57
f 69/128/57 73/130/57 72/131/57
f 71/131/58 70/130/58 67/129/58
f 71/131/58 67/129/58 66/128/58
f 71/132/59 66/133/59 69/134/59
f 71/132/59 69/134/59 72/135/59
f 67/133/60 70/132/60 73/135/60
f 67/133/60 73/135/60 68/134/60
f 74/136/61 75/137/61 76/138/61
f 74/136/61 76/138/61 77/139/61
f 78/140/62 79/141/62 80/142/62
f 78/140/62 80/142/62 81/143/62
f 77/144/63 76/145/63 81/146/63
f 77/144/63 81/146/63 80/147/63
f 79/147/64 78/146/64 75/145/64
f 79/147/64 75/145/64 74/144/64
f 79/148/65 74/149/65 77/150/65
f 79/148/65 77/150/65 80/151/65
f 75/149/66 78/148/66 81/151/66
f 75/149/66 81/151/66 76/150/66
f 82/152/67 83/153/67 84/154/67
f 82/152/67 84/154/67 85/155/67
f 86/156/68 87/157/68 88/158/68
f 86/156/68 88/158/68 89/159/68
f 85/160/69 84/161/69 89/162/69
f 85/160/69 89/162/69 88/163/69
f 87/163/70 86/162/70 83/161/70
f 87/163/70 83/161/70 82/160/70
f 87/164/71 82/165/71 85/166/71
f 87/164/71 85/166/71 88/167/71
f 83/165/72 86/164/72 89/167/72
f 83/165/72 89/167/72 84/166/72
f 90/168/73 91/169/73 92/170/73
f 90/168/73 92/170/73 93/171/73
f 94/172/74 95/173/74 96/174/74
f 94/172/74 96/174/74 97/175/74
f 93/176/75 92/177/75 97/178/75
f 93/176/75 97/178/75 96/179/75
f 95/179/76 94/178/76 91/177/76
f 95/179/76 91/177/76 90/176/76
f 95/180/77 90/181/77 93/182/77
f 95/180/77 93/182/77 96/183/77
f 91/181/78 94/180/78 97/183/78
f 91/181/78 97/183/78 92/182/78
f 98/184/79 99/185/79 100/186/79
f 98/184/79 100/186/79 101/187/79
f 102/188/80 103/189/80 104/190/80
f 102/188/80 104/190/80 105/191/80
f 101/192/81 100/193/81 105/194/81
f 101/192/81 105/194/81 104/195/81
f 103/195/82 102/194/82 99/193/82
f 103/195/82 99/193/82 98/192/82
f 103/196/83 98/197/83 101/198/83
f 103/196/83 101/198/83 104/199/83
f 99/197/84 102/196/84 105/199/84
f 99/197/84 105/199/84 100/198/84
f 106/200/85 107/201/85 108/202/85
f 106/200/85 108/202/85 109/203/85
f 110/204/86 111/205/86 112/206/86
f 110/204/86 112/206/86 113/207/86
f 109/208/87 108/209/87 113/210/87
f 109/208/87 113/210/87 112/211/87
f 111/211/88 110/210/88 107/209/88
f 111/211/88 107/209/88 106/208/88
f 111/212/89 106/213/89 109/214/89
f 111/212/89 109/214/89 112/215/89
f 107/213/90 110/212/90 113/215/90
f 107/213/90 113/215/90 108/214/90
f 114/216/91 115/217/91 116/218/91
f 114/216/91 116/218/91 117/219/91
f 118/220/92 119/221/92 120/222/92
f 118/220/92 120/222/92 121/223/92
f 117/224/93 116/225/93 121/226/93
f 117/224/93 121/226/93 120/227/93
f 119/227/94 118/226/94 115/225/94
f 119/227/94 115/225/94 114/224/94
f 119/228/95 114/229/95 117/230/95
f 119/228/95 117/230/95 120/231/95
f 115/229/96 118/228/96 121/231/96
f 115/229/96 121/231/96 116/230/96
f 122/232/97 123/233/97 124/234/97
f 122/232/97 124/234/97 125/235/97
f 126/236/98 127/237/98 128/238/98
f 126/236/98 128/238/98 129/239/98
f 125/240/99 124/241/99 129/242/99
f 125/240/99 129/242/99 128/243/99
f 127/243/100 126/242/100 123/241/100
f 127/243/100 123/241/100 122/240/100
f 127/244/101 122/245/101 125/246/101
f 127/244/101 125/246/101 128/247/101
f 123/245/102 126/244/102 129/247/102
f 123/245/102 129/247/102 124/246/102
f 130/248/103 131/249/103 132/250/103
f 130/248/103 132/250/103 133/251/103
f 134/252/104 135/253/104 136/254/104
f 134/252/104 136/254/104 137/255/104
f 133/256/105 132/257/105 137/258/105
f 133/256/105 137/258/105 136/259/105
f 135/259/106 134/258/106 131/257/106
f 135/259/106 131/257/106 130/256/106
f 135/260/107 130/261/107 133/262/107
f 135/260/107 133/262/107 136/263/107
f 131/261/108 134/260/108 137/263/108
f 131/261/108 137/263/108 132/262/108
f 138/264/109 139/265/109 140/266/109
f 138/264/109 140/266/109 141/267/109
f 142/268/110 143/269/110 144/270/110
f 142/268/110 144/270/110 145/271/110
f 141/272/111 140/273/111 145/274/111
f 141/272/111 145/274/111 144/275/111
f 143/275/112 142/274/112 139/273/112
f 143/275/112 139/273/112 138/272/112
f 143/276/113 138/277/113 141/278/113
f 143/276/113 141/278/113 144/279/113
f 139/277/114 142/276/114 145/279/114
f 139/277/114 145/279/114 140/278/114
f 146/280/115 147/281/115 148/282/115
f 146/280/115 148/282/115 149/283/115
f 150/284/116 151/285/116 152/286/116
f 150/284/116 152/286/116 153/287/116
f 149/288/117 148/289/117 153/290/117
f 149/288/117 153/290/117 152/291/117
f 151/291/118 150/290/118 147/289/118
f 151/291/118 147/289/118 146/288/118
f 151/292/119 146/293/119 149/294/119
f 151/292/119 149/294/119 152/295/119
f 147/293/120 150/292/120 153/295/120
f 147/293/120 153/295/120 148/294/120
f 154/296/121 155/297/121 156/298/121
f 154/296/121 156/298/121 157/299/121
f 158/300/122 159/301/122 160/302/122
f 158/300/122 160/302/122 161/303/122
f 157/304/123 156/305/123 161/306/123
f 157/304/123 161/306/123 160/307/123
f 159/307/124 158/306/124 155/305/124
f 159/307/124 155/305/124 154/304/124
f 159/308/125 154/309/125 157/310/125
f 159/308/125 157/310/125 160/311/125
f 155/309/126 158/308/126 161/311/126
f 155/309/126 161/311/126 156/310/126
f 162/312/127 163/313/127 164/314/127
f 162/312/127 164/314/127 165/315/127
f 166/316/128 167/317/128 168/318/128
f 166/316/128 168/318/128 169/319/128
f 165/320/129 164/321/129 169/322/129
f 165/320/129 169/322/129 168/323/129
f 167/323/130 166/322/130 163/321/130
f 167/323/130 163/321/130 162/320/130
f 167/324/131 162/325/131 165/326/131
f 167/324/131 165/326/131 168/327/131
f 163/325/132 166/324/132 169/327/132
f 163/325/132 169/327/132 164/326/132
f 170/328/133 171/329/133 172/330/133
f 170/328/133 172/330/133 173/331/133
f 174/332/134 175/333/134 176/334/134
f 174/332/134 176/334/134 177/335/134
f 173/336/135 172/337/135 177/338/135
f 173/336/135 177/338/135 176/339/135
f 175/339/136 174/338/136 171/337/136
f 175/339/136 171/337/136 170/336/136
f 175/340/137 170/341/137 173/342/137
f 175/340/137 173/342/137 176/343/137
f 171/341/138 174/340/138 177/343/138
f 171/341/138 177/343/138 172/342/138
f 178/344/139 179/345/139 180/346/139
f 178/344/139 180/346/139 181/347/139
f 182/348/140 183/349/140 184/350/140
f 182/348/140 184/350/140 185/351/140
f 181/352/141 180/353/141 185/354/141
f 181/352/141 185/354/141 184/355/141
f 183/355/142 182/354/142 179/353/142
f 183/355/142 179/353/142 178/352/142
f 183/356/143 178/357/143 181/358/143
f 183/356/143 181/358/143 184/359/143
f 179/357/144 182/356/144 185/359/144
f 179/357/144 185/359/144 180/358/144
f 186/360/145 187/361/145 188/362/145
f 186/360/145 188/362/145 189/363/145
f 190/364/146 191/365/146 192/366/146
f 190/364/146 192/366/146 193/367/146
f 189/368/147 188/369/147 193/370/147
f 189/368/147 193/370/147 192/371/147
f 191/371/148 190/370/148 187/369/148
f 191/371/148 187/369/148 186/368/148
f 191/372/149 186/373/149 189/374/149
f 191/372/149 189/374/149 192/375/149
f 187/373/150 190/372/150 193/375/150
f 187/373/150 193/375/150 188/374/150
f 194/376/151 195/377/151 196/378/151
f 194/376/151 196/378/151 197/379/151
f 198/380/152 199/381/152 200/382/152
f 198/380/152 200/382/152 201/383/152
f 197/384/153 196/385/153 201/386/153
f 197/384/153 201/386/153 200/387/153
f 199/387/154 198/386/154 195/385/154
f 199/387/154 195/385/154 194/384/154
f 199/388/155 194/389/155 197/390/155
f 199/388/155 197/390/155 200/391/155
f 195/389/156 198/388/156 201/391/156
f 195/389/156 201/391/156 196/390/156
f 202/392/157 203/393/157 204/394/157
f 202/392/157 204/394/157 205/395/157
f 206/396/158 207/397/158 208/398/158
f 206/396/158 208/398/158 209/399/158
f 205/400/159 204/401/159 209/402/159
f 205/400/159 209/402/159 208/403/159
f 207/403/160 206/402/160 203/401/160
f 207/403/160 203/401/160 202/400/160
f 207/404/161 202/405/161 205/406/161
f 207/404/161 205/406/161 208/407/161
f 203/405/162 206/404/162 209/407/162
f 203/405/162 209/407/162 204/406/162
f 210/408/163 211/409/163 212/410/163
f 210/408/163 212/410/163 213/411/163
f 214/412/164 215/413/164 216/414/164
f 214/412/164 216/414/164 217/415/164
f 213/416/165 212/417/165 217/418/165
f 213/416/165 217/418/165 216/419/165
f 215/419/166 214/418/166 211/417/166
f 215/419/166 211/417/166 210/416/166
f 215/420/167 210/421/167 213/422/167
f 215/420/167 213/422/167 216/423/167
f 211/421/168 214/420/168 217/423/168
f 211/421/168 217/423/168 212/422/168
f 218/424/169 219/425/169 220/426/169
f 218/424/169 220/426/169 221/427/169
f 222/428/170 223/429/170 224/430/170
f 222/428/170 224/430/170 225/431/170
f 221/432/171 220/433/171 225/434/171
f 221/432/171 225/434/171 224/435/171
f 223/435/172 222/434/172 219/433/172
f 223/435/172 219/433/172 218/432/172
f 223/436/173 218/437/173 221/438/173
f 223/436/173 221/438/173 224/439/173
f 219/437/174 222/436/174 225/439/174
f 219/437/174 225/439/174 220/438/174
f 226/440/175 227/441/175 228/442/175
f 226/440/175 228/442/175 229/443/175
f 230/444/176 231/445/176 232/446/176
f 230/444/176 232/446/176 233/447/176
f 229/448/177 228/449/177 233/450/177
f 229/448/177 233/450/177 232/451/177
f 231/451/178 230/450/178 227/449/178
f 231/451/178 227/449/178 226/448/178
f 231/452/179 226/453/179 229/454/179
f 231/452/179 229/454/179 232/455/179
f 227/453/180 230/452/180 233/455/180
f 227/453/180 233/455/180 228/454/180
f 234/456/181 235/457/181 236/458/181
f 234/456/181 236/458/181 237/459/181
f 238/460/182 239/461/182 240/462/182
f 238/460/182 240/462/182 241/463/182
f 237/464/183 236/465/183 241/466/183
f 237/464/183 241/466/183 240/467/183
f 239/467/184 238/466/184 235/465/184
f 239/467/184 235/465/184 234/464/184
f 239/468/185 234/469/185 237/470/185
f 239/468/185 237/470/185 240/471/185
f 235/469/186 238/468/186 241/471/186
f 235/469/186 241/471/186 236/470/186
f 242/472/187 243/473/187 244/474/187
f 242/472/187 244/474/187 245/475/187
f 246/476/188 247/477/188 248/478/188
f 246/476/188 248/478/188 249/479/188
f 245/480/189 244/481/189 249/482/189
f 245/480/189 249/482/189 248/483/189
f 247/483/190 246/482/190 243/481/190
f 247/483/190 243/481/190 242/480/190
f 247/484/191 242/485/191 245/486/191
f 247/484/191 245/486/191 248/487/191
f 243/485/192 246/484/192 249/487/192
f 243/485/192 249/487/192 244/486/192
f 250/488/193 251/489/193 252/490/193
f 250/488/193 252/490/193 253/491/193
f 254/492/194 255/493/194 256/494/194
f 254/492/194 256/494/194 257/495/194
f 253/496/195 252/497/195 257/498/195
f 253/496/195 257/498/195 256/499/195
f 255/499/196 254/498/196 251/497/196
f 255/499/196 251/497/196 250/496/196
f 255/500/197 250/501/197 253/502/197
f 255/500/197 253/502/197 256/503/197
f 251/501/198 254/500/198 257/503/198
f 251/501/198 257/503/198 252/502/198
f 258/504/199 259/505/199 260/506/199
f 258/504/199 260/506/199 261/507/199
f 262/508/200 263/509/200 264/510/200
f 262/508/200 264/510/200 265/511/200
f 261/512/201 260/513/201 265/514/201
f 261/512/201 265/514/201 264/515/201
f 263/515/202 262/514/202 259/513/202
f 263/515/202 259/513/202 258/512/202
f 263/516/203 258/517/203 261/518/203
f 263/516/203 261/518/203 264/519/203
f 259/517/204 262/516/204 265/519/204
f 259/517/204 265/519/204 260/518/204
f 266/520/205 267/521/205 268/522/205
f 266/520/205 268/522/205 269/523/205
f 270/524/206 271/525/206 272/526/206
f 270/524/206 272/526/206 273/527/206
f 269/528/207 268/529/207 273/530/207
f 269/528/207 273/530/207 272/531/207
f 271/531/208 270/530/208 267/529/208
f 271/531/208 267/529/208 266/528/208
f 271/532/209 266/533/209 269/534/209
f 271/532/209 269/534/209 272/535/209
f 267/533/210 270/532/210 273/535/210
f 267/533/210 273/535/210 268/534/210
f 274/536/211 275/537/211 276/538/211
f 274/536/211 277/539/211 275/537/211
f 274/536/211 278/540/211 277/539/211
f 274/536/211 279/541/211 278/540/211
f 274/536/211 280/542/211 279/541/211
f 274/536/211 281/543/211 280/542/211
f 274/536/211 282/544/211 281/543/211
f 274/536/211 276/538/211 282/544/211
f 276/545/212 275/546/212 283/547/212
f 276/545/212 283/547/212 284/548/212
f 275/549/213 277/550/213 285/550/213
f 275/549/213 285/550/213 283/549/213
f 277/550/214 278/551/214 286/551/214
f 277/550/214 286/551/214 285/550/214
f 278/546/215 279/545/215 287/548/215
f 278/546/215 287/548/215 286/547/215
f 279/545/216 280/552/216 288/553/216
f 279/545/216 288/553/216 287/548/216
f 280/554/217 281/555/217 289/556/217
f 280/554/217 289/556/217 288/557/217
f 281/555/218 282/558/218 290/559/218
f 281/555/218 290/559/218 289/556/218
f 282/552/219 276/545/219 284/548/219
f 282/552/219 284/548/219 290/553/219
f 284/560/220 283/561/220 291/562/220
f 283/561/220 285/563/220 291/562/220
f 285/563/220 286/564/220 291/562/220
f 286/564/220 287/565/220 291/562/220
f 287/565/220 288/566/220 291/562/220
f 288/566/220 289/567/220 291/562/220
f 289/567/220 290/568/220 291/562/220
f 290/568/220 284/560/220 291/562/220
f 292/569/221 293/570/221 294/571/221
f 292/569/221 295/572/221 293/570/221
f 292/569/221 296/573/221 295/572/221
f 292/569/221 297/574/221 296/573/221
f 292/569/221 298/575/221 297/574/221
f 292/569/221 299/576/221 298/575/221
f 292/569/221 300/577/221 299/576/221
f 292/569/221 294/571/221 300/577/221
f 294/578/222 293/579/222 301/580/222
f 294/578/222 301/580/222 302/581/222
f 293/582/223 295/583/223 303/584/223
f 293/582/223 303/584/223 301/585/223
f 295/583/224 296/586/224 304/587/224
f 295/583/224 304/587/224 303/584/224
f 296/579/225 297/578/225 305/581/225
f 296/579/225 305/581/225 304/580/225
f 297/578/226 298/588/226 306/589/226
f 297/578/226 306/589/226 305/581/226
f 298/590/227 299/591/227 307/591/227
f 298/590/227 307/591/227 306/590/227
f 299/591/228 300/592/228 308/592/228
f 299/591/228 308/592/228 307/591/228
f 300/588/229 294/578/229 302/581/229
f 300/588/229 302/581/229 308/589/229
f 302/593/230 301/594/230 309/595/230
f 301/594/230 303/596/230 309/595/230
f 303/596/230 304/597/230 309/595/230
f 304/597/230 305/598/230 309/595/230
f 305/598/230 306/599/230 309/595/230
f 306/599/230 307/600/230 309/595/230
f 307/600/230 308/601/230 309/595/230
f 308/601/230 302/593/230 309/595/230
f 310/602/231 311/603/231 312/604/231
f 310/602/231 312/604/231 313/605/231
f 314/606/232 315/607/232 316/608/232
f 314/606/232 316/608/232 317/609/232
f 313/610/233 312/611/233 317/612/233
f 313/610/233 317/612/233 316/613/233
f 315/614/234 314/615/234 311/616/234
f 315/614/234 311/616/234 310/617/234
f 315/618/235 310/619/235 313/620/235
f 315/618/235 313/620/235 316/621/235
f 311/622/236 314/623/236 317/624/236
f 311/622/236 317/624/236 312/625/236
f 318/626/237 319/627/237 320/628/237
f 318/626/237 320/628/237 321/629/237
f 321/630/238 320/631/238 322/632/238
f 321/630/238 322/632/238 323/633/238
f 323/634/239 322/635/239 324/636/239
f 323/634/239 324/636/239 325/637/239
f 325/638/240 324/639/240 326/640/240
f 325/638/240 326/640/240 327/641/240
f 327/642/241 326/643/241 319/627/241
f 327/642/241 319/627/241 318/626/241
f 319/627/242 328/644/242 329/645/242
f 319/627/242 329/645/242 320/628/242
f 320/631/243 329/646/243 330/647/243
f 320/631/243 330/647/243 322/632/243
f 322/635/244 330/648/244 331/649/244
f 322/635/244 331/649/244 324/636/244
f 324/639/245 331/650/245 332/651/245
f 324/639/245 332/651/245 326/640/245
f 326/643/246 332/652/246 328/644/246
f 326/643/246 328/644/246 319/627/246
f 328/653/247 333/654/247 334/655/247
f 328/653/247 334/655/247 329/656/247
f 329/646/248 334/657/248 335/658/248
f 329/646/248 335/658/248 330/647/248
f 330/659/249 335/660/249 336/661/249
f 330/659/249 336/661/249 331/662/249
f 331/650/250 336/663/250 337/664/250
f 331/650/250 337/664/250 332/651/250
f 332/665/251 337/666/251 333/654/251
f 332/665/251 333/654/251 328/653/251
f 333/654/252 338/667/252 339/668/252
f 333/654/252 339/668/252 334/655/252
f 334/657/253 339/669/253 340/670/253
f 334/657/253 340/670/253 335/658/253
f 335/660/254 340/671/254 341/672/254
f 335/660/254 341/672/254 336/661/254
f 336/663/255 341/673/255 342/674/255
f 336/663/255 342/674/255 337/664/255
f 337/666/256 342/675/256 338/667/256
f 337/666/256 338/667/256 333/654/256
f 338/667/257 343/676/257 344/677/257
f 338/667/257 344/677/257 339/668/257
f 339/669/258 344/678/258 345/679/258
f 339/669/258 345/679/258 340/670/258
f 340/671/259 345/680/259 346/681/259
f 340/671/259 346/681/259 341/672/259
f 341/673/260 346/682/260 347/683/260
f 341/673/260 347/683/260 342/674/260
f 342/675/261 347/684/261 343/676/261
f 342/675/261 343/676/261 338/667/261
f 343/676/262 348/685/262 349/686/262
f 343/676/262 349/686/262 344/677/262
f 344/678/263 349/687/263 350/688/263
f 344/678/263 350/688/263 345/679/263
f 345/680/264 350/689/264 351/690/264
f 345/680/264 351/690/264 346/681/264
f 346/682/265 351/691/265 352/692/265
f 346/682/265 352/692/265 347/683/265
f 347/684/266 352/693/266 348/685/266
f 347/684/266 348/685/266 343/676/266
f 348/644/267 353/627/267 354/628/267
f 348/644/267 354/628/267 349/645/267
f 349/687/268 354/694/268 355/695/268
f 349/687/268 355/695/268 350/688/268
f 350/648/269 355/635/269 356/636/269
f 350/648/269 356/636/269 351/649/269
f 351/691/270 356/696/270 357/697/270
f 351/691/270 357/697/270 352/692/270
f 352/652/271 357/643/271 353/627/271
f 352/652/271 353/627/271 348/644/271
f 353/627/272 358/626/272 359/629/272
f 353/627/272 359/629/272 354/628/272
f 354/694/273 359/698/273 360/699/273
f 354/694/273 360/699/273 355/695/273
f 355/635/274 360/634/274 361/637/274
f 355/635/274 361/637/274 356/636/274
f 356/696/275 361/700/275 362/701/275
f 356/696/275 362/701/275 357/697/275
f 357/643/276 362/642/276 358/626/276
f 357/643/276 358/626/276 353/627/276
f 358/626/277 363/702/277 364/703/277
f 358/626/277 364/703/277 359/629/277
f 359/698/278 364/704/278 365/705/278
f 359/698/278 365/705/278 360/699/278
f 360/634/279 365/706/279 366/707/279
f 360/634/279 366/707/279 361/637/279
f 361/700/280 366/708/280 367/709/280
f 361/700/280 367/709/280 362/701/280
f 362/642/281 367/710/281 363/702/281
f 362/642/281 363/702/281 358/626/281
f 363/702/282 368/711/282 369/712/282
f 363/702/282 369/712/282 364/703/282
f 364/704/283 369/713/283 370/714/283
f 364/704/283 370/714/283 365/705/283
f 365/706/284 370/715/284 371/716/284
f 365/706/284 371/716/284 366/707/284
f 366/708/285 371/717/285 372/718/285
f 366/708/285 372/718/285 367/709/285
f 367/710/286 372/719/286 368/711/286
f 367/710/286 368/711/286 363/702/286
f 368/685/287 373/676/287 374/677/287
f 368/685/287 374/677/287 369/686/287
f 369/713/288 374/720/288 375/721/288
f 369/713/288 375/721/288 370/714/288
f 370/689/289 375/680/289 376/681/289
f 370/689/289 376/681/289 371/690/289
f 371/717/290 376/722/290 377/723/290
f 371/717/290 377/723/290 372/718/290
f 372/693/291 377/684/291 373/676/291
f 372/693/291 373/676/291 368/685/291
f 373/676/292 378/667/292 379/668/292
f 373/676/292 379/668/292 374/677/292
f 374/720/293 379/724/293 380/725/293
f 374/720/293 380/725/293 375/721/293
f 375/680/294 380/671/294 381/672/294
f 375/680/294 381/672/294 376/681/294
f 376/722/295 381/726/295 382/727/295
f 376/722/295 382/727/295 377/723/295
f 377/684/296 382/675/296 378/667/296
f 377/684/296 378/667/296 373/676/296
f 378/667/297 383/654/297 384/655/297
f 378/667/297 384/655/297 379/668/297
f 379/724/298 384/728/298 385/729/298
f 379/724/298 385/729/298 380/725/298
f 380/671/299 385/660/299 386/661/299
f 380/671/299 386/661/299 381/672/299
f 381/726/300 386/730/300 387/731/300
f 381/726/300 387/731/300 382/727/300
f 382/675/301 387/666/301 383/654/301
f 382/675/301 383/654/301 378/667/301
f 383/654/302 388/653/302 389/656/302
f 383/654/302 389/656/302 384/655/302
f 384/728/303 389/732/303 390/733/303
f 384/728/303 390/733/303 385/729/303
f 385/660/304 390/659/304 391/662/304
f 385/660/304 391/662/304 386/661/304
f 386/730/305 391/734/305 392/735/305
f 386/730/305 392/735/305 387/731/305
f 387/666/306 392/665/306 388/653/306
f 387/666/306 388/653/306 383/654/306
f 388/711/307 393/702/307 394/703/307
f 388/711/307 394/703/307 389/712/307
f 389/732/308 394/736/308 395/737/308
f 389/732/308 395/737/308 390/733/308
f 390/715/309 395/706/309 396/707/309
f 390/715/309 396/707/309 391/716/309
f 391/734/310 396/738/310 397/739/310
f 391/734/310 397/739/310 392/735/310
f 392/719/311 397/710/311 393/702/311
f 392/719/311 393/702/311 388/711/311
f 393/702/312 318/626/312 321/629/312
f 393/702/312 321/629/312 394/703/312
f 394/736/313 321/630/313 323/633/313
f 394/736/313 323/633/313 395/737/313
f 395/706/314 323/634/314 325/637/314
f 395/706/314 325/637/314 396/707/314
f 396/738/315 325/638/315 327/641/315
f 396/738/315 327/641/315 397/739/315
f 397/710/316 327/642/316 318/626/316
f 397/710/316 318/626/316 393/702/316
f 398/740/317 399/741/317 400/742/317
f 398/740/317 401/743/317 399/741/317
f 398/740/317 402/744/317 401/743/317
f 398/740/317 403/745/317 402/744/317
f 398/740/317 404/746/317 403/745/317
f 398/740/317 405/747/317 404/746/317
f 398/740/317 406/748/317 405/747/317
f 398/740/317 400/742/317 406/748/317
f 400/749/318 399/750/318 407/751/318
f 400/749/318 407/751/318 408/752/318
f 399/753/319 401/754/319 409/755/319
f 399/753/319 409/755/319 407/756/319
f 401/754/320 402/757/320 410/758/320
f 401/754/320 410/758/320 409/755/320
f 402/750/321 403/749/321 411/752/321
f 402/750/321 411/752/321 410/751/321
f 403/749/322 404/759/322 412/760/322
f 403/749/322 412/760/322 411/752/322
f 404/757/323 405/754/323 413/755/323
f 404/757/323 413/755/323 412/758/323
f 405/754/324 406/753/324 414/756/324
f 405/754/324 414/756/324 413/755/324
f 406/759/325 400/749/325 408/752/325
f 406/759/325 408/752/325 414/760/325
f 408/761/326 407/762/326 415/763/326
f 407/762/326 409/764/326 415/763/326
f 409/764/326 410/765/326 415/763/326
f 410/765/326 411/766/326 415/763/326
f 411/766/326 412/767/326 415/763/326
f 412/767/326 413/768/326 415/763/326
f 413/768/326 414/769/326 415/763/326
f 414/769/326 408/761/326 415/763/326
f 416/770/327 417/771/327 418/772/327
f 416/770/327 418/772/327 419/773/327
f 420/774/328 421/775/328 422/776/328
f 420/774/328 422/776/328 423/777/328
f 419/778/329 418/779/329 423/780/329
f 419/778/329 423/780/329 422/781/329
f 421/782/330 420/783/330 417/784/330
f 421/782/330 417/784/330 416/785/330
f 421/786/331 416/787/331 419/788/331
f 421/786/331 419/788/331 422/789/331
f 417/790/332 420/791/332 423/792/332
f 417/790/332 423/792/332 418/793/332
f 424/794/333 425/795/333 426/796/333
f 424/794/333 426/796/333 427/797/333
f 427/798/334 426/799/334 428/800/334
f 427/798/334 428/800/334 429/801/334
f 429/802/335 428/803/335 430/804/335
f 429/802/335 430/804/335 431/805/335
f 431/806/336 430/807/336 432/808/336
f 431/806/336 432/808/336 433/809/336
f 433/810/337 432/811/337 425/795/337
f 433/810/337 425/795/337 424/794/337
f 425/795/338 434/812/338 435/813/338
f 425/795/338 435/813/338 426/796/338
f 426/799/339 435/814/339 436/815/339
f 426/799/339 436/815/339 428/800/339
f 428/803/340 436/816/340 437/817/340
f 428/803/340 437/817/340 430/804/340
f 430/807/341 437/818/341 438/819/341
f 430/807/341 438/819/341 432/808/341
f 432/811/342 438/820/342 434/812/342
f 432/811/342 434/812/342 425/795/342
f 434/821/343 439/822/343 440/823/343
f 434/821/343 440/823/343 435/824/343
f 435/814/344 440/825/344 441/826/344
f 435/814/344 441/826/344 436/815/344
f 436/827/345 441/828/345 442/829/345
f 436/827/345 442/829/345 437/830/345
f 437/818/346 442/831/346 443/832/346
f 437/818/346 443/832/346 438/819/346
f 438/833/347 443/834/347 439/822/347
f 438/833/347 439/822/347 434/821/347
f 439/822/348 444/835/348 445/836/348
f 439/822/348 445/836/348 440/823/348
f 440/825/349 445/837/349 446/838/349
f 440/825/349 446/838/349 441/826/349
f 441/828/350 446/839/350 447/840/350
f 441/828/350 447/840/350 442/829/350
f 442/831/351 447/841/351 448/842/351
f 442/831/351 448/842/351 443/832/351
f 443/834/352 448/843/352 444/835/352
f 443/834/352 444/835/352 439/822/352
f 444/835/353 449/844/353 450/845/353
f 444/835/353 450/845/353 445/836/353
f 445/837/354 450/846/354 451/847/354
f 445/837/354 451/847/354 446/838/354
f 446/839/355 451/848/355 452/849/355
f 446/839/355 452/849/355 447/840/355
f 447/841/356 452/850/356 453/851/356
f 447/841/356 453/851/356 448/842/356
f 448/843/357 453/852/357 449/844/357
f 448/843/357 449/844/357 444/835/357
f 449/844/358 454/853/358 455/854/358
f 449/844/358 455/854/358 450/845/358
f 450/846/359 455/855/359 456/856/359
f 450/846/359 456/856/359 451/847/359
f 451/848/360 456/857/360 457/858/360
f 451/848/360 457/858/360 452/849/360
f 452/850/361 457/859/361 458/860/361
f 452/850/361 458/860/361 453/851/361
f 453/852/362 458/861/362 454/853/362
f 453/852/362 454/853/362 449/844/362
f 454/812/363 459/795/363 460/796/363
f 454/812/363 460/796/363 455/813/363
f 455/855/364 460/862/364 461/863/364
f 455/855/364 461/863/364 456/856/364
f 456/816/365 461/803/365 462/804/365
f 456/816/365 462/804/365 457/817/365
f 457/859/366 462/864/366 463/865/366
f 457/859/366 463/865/366 458/860/366
f 458/820/367 463/811/367 459/795/367
f 458/820/367 459/795/367 454/812/367
f 459/795/368 464/794/368 465/797/368
f 459/795/368 465/797/368 460/796/368
f 460/862/369 465/866/369 466/867/369
f 460/862/369 466/867/369 461/863/369
f 461/803/370 466/802/370 467/805/370
f 461/803/370 467/805/370 462/804/370
f 462/864/371 467/868/371 468/869/371
f 462/864/371 468/869/371 463/865/371
f 463/811/372 468/810/372 464/794/372
f 463/811/372 464/794/372 459/795/372
f 464/794/373 469/870/373 470/871/373
f 464/794/373 470/871/373 465/797/373
f 465/866/374 470/872/374 471/873/374
f 465/866/374 471/873/374 466/867/374
f 466/802/375 471/874/375 472/875/375
f 466/802/375 472/875/375 467/805/375
f 467/868/376 472/876/376 473/877/376
f 467/868/376 473/877/376 468/869/376
f 468/810/377 473/878/377 469/870/377
f 468/810/377 469/870/377 464/794/377
f 469/870/378 474/879/378 475/880/378
f 469/870/378 475/880/378 470/871/378
f 470/872/379 475/881/379 476/882/379
f 470/872/379 476/882/379 471/873/379
f 471/874/380 476/883/380 477/884/380
f 471/874/380 477/884/380 472/875/380
f 472/876/381 477/885/381 478/886/381
f 472/876/381 478/886/381 473/877/381
f 473/878/382 478/887/382 474/879/382
f 473/878/382 474/879/382 469/870/382
f 474/853/383 479/844/383 480/845/383
f 474/853/383 480/845/383 475/854/383
f 475/881/384 480/888/384 481/889/384
f 475/881/384 481/889/384 476/882/384
f 476/857/385 481/848/385 482/849/385
f 476/857/385 482/849/385 477/858/385
f 477/885/386 482/890/386 483/891/386
f 477/885/386 483/891/386 478/886/386
f 478/861/387 483/852/387 479/844/387
f 478/861/387 479/844/387 474/853/387
f 479/844/388 484/835/388 485/836/388
f 479/844/388 485/836/388 480/845/388
f 480/888/389 485/892/389 486/893/389
f 480/888/389 486/893/389 481/889/389
f 481/848/390 486/839/390 487/840/390
f 481/848/390 487/840/390 482/849/390
f 482/890/391 487/894/391 488/895/391
f 482/890/391 488/895/391 483/891/391
f 483/852/392 488/843/392 484/835/392
f 483/852/392 484/835/392 479/844/392
f 484/835/393 489/822/393 490/823/393
f 484/835/393 490/823/393 485/836/393
f 485/892/394 490/896/394 491/897/394
f 485/892/394 491/897/394 486/893/394
f 486/839/395 491/828/395 492/829/395
f 486/839/395 492/829/395 487/840/395
f 487/894/396 492/898/396 493/899/396
f 487/894/396 493/899/396 488/895/396
f 488/843/397 493/834/397 489/822/397
f 488/843/397 489/822/397 484/835/397
f 489/822/398 494/821/398 495/824/398
f 489/822/398 495/824/398 490/823/398
f 490/896/399 495/900/399 496/901/399
f 490/896/399 496/901/399 491/897/399
f 491/828/400 496/827/400 497/830/400
f 491/828/400 497/830/400 492/829/400
f 492/898/401 497/902/401 498/903/401
f 492/898/401 498/903/401 493/899/401
f 493/834/402 498/833/402 494/821/402
f 493/834/402 494/821/402 489/822/402
f 494/879/403 499/870/403 500/871/403
f 494/879/403 500/871/403 495/880/403
f 495/900/404 500/904/404 501/905/404
f 495/900/404 501/905/404 496/901/404
f 496/883/405 501/874/405 502/875/405
f 496/883/405 502/875/405 497/884/405
f 497/902/406 502/906/406 503/907/406
f 497/902/406 503/907/406 498/903/406
f 498/887/407 503/878/407 499/870/407
f 498/887/407 499/870/407 494/879/407
f 499/870/408 424/794/408 427/797/408
f 499/870/408 427/797/408 500/871/408
f 500/904/409 427/798/409 429/801/409
f 500/904/409 429/801/409 501/905/409
f 501/874/410 429/802/410 431/805/410
f 501/874/410 431/805/410 502/875/410
f 502/906/411 431/806/411 433/809/411
f 502/906/411 433/809/411 503/907/411
f 503/878/412 433/810/412 424/794/412
f 503/878/412 424/794/412 499/870/412
f 504/908/413 505/909/413 506/910/413
f 504/908/413 507/911/413 505/909/413
f 504/908/413 508/912/413 507/911/413
f 504/908/413 509/913/413 508/912/413
f 504/908/413 510/914/413 509/913/413
f 504/908/413 511/915/413 510/914/413
f 504/908/413 512/916/413 511/915/413
f 504/908/413 506/910/413 512/916/413
f 506/917/414 505/918/414 513/919/414
f 506/917/414 513/919/414 514/920/414
f 505/921/415 507/922/415 515/923/415
f 505/921/415 515/923/415 513/924/415
f 507/922/416 508/925/416 516/926/416
f 507/922/416 516/926/416 515/923/416
f 508/918/417 509/917/417 517/920/417
f 508/918/417 517/920/417 516/919/417
f 509/917/418 510/927/418 518/928/418
f 509/917/418 518/928/418 517/920/418
f 510/925/419 511/922/419 519/923/419
f 510/925/419 519/923/419 518/926/419
f 511/922/420 512/921/420 520/924/420
f 511/922/420 520/924/420 519/923/420
f 512/927/421 506/917/421 514/920/421
f 512/927/421 514/920/421 520/928/421
f 514/929/422 513/930/422 521/931/422
f 513/930/422 515/932/422 521/931/422
f 515/932/422 516/933/422 521/931/422
f 516/933/422 517/934/422 521/931/422
f 517/934/422 518/935/422 521/931/422
f 518/935/422 519/936/422 521/931/422
f 519/936/422 520/937/422 521/931/422
f 520/937/422 514/929/422 521/931/422
f 522/938/423 523/939/423 524/940/423
f 522/938/423 525/941/423 523/939/423
f 522/938/423 526/942/423 525/941/423
f 522/938/423 527/943/423 526/942/423
f 522/938/423 528/944/423 527/943/423
f 522/938/423 529/945/423 528/944/423
f 522/938/423 530/946/423 529/945/423
f 522/938/423 524/940/423 530/946/423
f 524/947/424 523/948/424 531/949/424
f 524/947/424 531/949/424 532/950/424
f 523/951/425 525/952/425 533/952/425
f 523/951/425 533/952/425 531/951/425
f 525/952/426 526/953/426 534/953/426
f 525/952/426 534/953/426 533/952/426
f 526/948/427 527/947/427 535/950/427
f 526/948/427 535/950/427 534/949/427
f 527/947/428 528/954/428 536/955/428
f 527/947/428 536/955/428 535/950/428
f 528/956/429 529/957/429 537/958/429
f 528/956/429 537/958/429 536/959/429
f 529/957/430 530/960/430 538/961/430
f 529/957/430 538/961/430 537/958/430
f 530/954/431 524/947/431 532/950/431
f 530/954/431 532/950/431 538/955/431
f 532/962/432 531/963/432 539/964/432
f 531/963/432 533/965/432 539/964/432
f 533/965/432 534/966/432 539/964/432
f 534/966/432 535/967/432 539/964/432
f 535/967/432 536/968/432 539/964/432
f 536/968/432 537/969/432 539/964/432
f 537/969/432 538/970/432 539/964/432
f 538/970/432 532/962/432 539/964/432
f 540/971/433 541/972/433 542/973/433
f 540/971/433 543/974/433 541/972/433
f 540/971/433 544/975/433 543/974/433
f 540/971/433 545/976/433 544/975/433
f 540/971/433 546/977/433 545/976/433
f 540/971/433 547/978/433 546/977/433
f 540/971/433 548/979/433 547/978/433
f 540/971/433 542/973/433 548/979/433
f 542/980/434 541/981/434 549/982/434
f 542/980/434 549/982/434 550/983/434
f 541/984/435 543/985/435 551/986/435
f 541/984/435 551/986/435 549/987/435
f 543/985/436 544/988/436 552/989/436
f 543/985/436 552/989/436 551/986/436
f 544/981/437 545/980/437 553/983/437
f 544/981/437 553/983/437 552/982/437
f 545/980/438 546/990/438 554/991/438
f 545/980/438 554/991/438 553/983/438
f 546/992/439 547/993/439 555/993/439
f 546/992/439 555/993/439 554/992/439
f 547/993/440 548/994/440 556/994/440
f 547/993/440 556/994/440 555/993/440
f 548/990/441 542/980/441 550/983/441
f 548/990/441 550/983/441 556/991/441
f 550/995/442 549/996/442 557/997/442
f 549/996/442 551/998/442 557/997/442
f 551/998/442 552/999/442 557/997/442
f 552/999/442 553/1000/442 557/997/442
f 553/1000/442 554/1001/442 557/997/442
f 554/1001/442 555/1002/442 557/997/442
f 555/1002/442 556/1003/442 557/997/442
f 556/1003/442 550/995/442 557/997/442
f 558/1004/443 559/1005/443 560/1006/443
f 558/1004/443 560/1006/443 561/1007/443
f 562/1008/444 563/1009/444 564/1010/444
f 562/1008/444 564/1010/444 565/1011/444
f 561/1012/445 560/1013/445 565/1014/445
f 561/1012/445 565/1014/445 564/1015/445
f 563/1016/446 562/1017/446 559/1018/446
f 563/1016/446 559/1018/446 558/1019/446
f 563/1020/447 558/1021/447 561/1022/447
f 563/1020/447 561/1022/447 564/1023/447
f 559/1024/448 562/1025/448 565/1026/448
f 559/1024/448 565/1026/448 560/1027/448
f 566/1028/449 567/1029/449 568/1030/449
f 566/1028/449 568/1030/449 569/1031/449
f 569/1032/450 568/1033/450 570/1034/450
f 569/1032/450 570/1034/450 571/1035/450
f 571/1036/451 570/1037/451 572/1038/451
f 571/1036/451 572/1038/451 573/1039/451
f 573/1040/452 572/1041/452 574/1042/452
f 573/1040/452 574/1042/452 575/1043/452
f 575/1044/453 574/1045/453 567/1029/453
f 575/1044/453 567/1029/453 566/1028/453
f 567/1029/454 576/1046/454 577/1047/454
f 567/1029/454 577/1047/454 568/1030/454
f 568/1033/455 577/1048/455 578/1049/455
f 568/1033/455 578/1049/455 570/1034/455
f 570/1037/456 578/1050/456 579/1051/456
f 570/1037/456 579/1051/456 572/1038/456
f 572/1041/457 579/1052/457 580/1053/457
f 572/1041/457 580/1053/457 574/1042/457
f 574/1045/458 580/1054/458 576/1046/458
f 574/1045/458 576/1046/458 567/1029/458
f 576/1055/459 581/1056/459 582/1057/459
f 576/1055/459 582/1057/459 577/1058/459
f 577/1048/460 582/1059/460 583/1060/460
f 577/1048/460 583/1060/460 578/1049/460
f 578/1061/461 583/1062/461 584/1063/461
f 578/1061/461 584/1063/461 579/1064/461
f 579/1052/462 584/1065/462 585/1066/462
f 579/1052/462 585/1066/462 580/1053/462
f 580/1067/463 585/1068/463 581/1056/463
f 580/1067/463 581/1056/463 576/1055/463
f 581/1056/464 586/1069/464 587/1070/464
f 581/1056/464 587/1070/464 582/1057/464
f 582/1059/465 587/1071/465 588/1072/465
f 582/1059/465 588/1072/465 583/1060/465
f 583/1062/466 588/1073/466 589/1074/466
f 583/1062/466 589/1074/466 584/1063/466
f 584/1065/467 589/1075/467 590/1076/467
f 584/1065/467 590/1076/467 585/1066/467
f 585/1068/468 590/1077/468 586/1069/468
f 585/1068/468 586/1069/468 581/1056/468
f 586/1069/469 591/1078/469 592/1079/469
f 586/1069/469 592/1079/469 587/1070/469
f 587/1071/470 592/1080/470 593/1081/470
f 587/1071/470 593/1081/470 588/1072/470
f 588/1073/471 593/1082/471 594/1083/471
f 588/1073/471 594/1083/471 589/1074/471
f 589/1075/472 594/1084/472 595/1085/472
f 589/1075/472 595/1085/472 590/1076/472
f 590/1077/473 595/1086/473 591/1078/473
f 590/1077/473 591/1078/473 586/1069/473
f 591/1078/474 596/1087/474 597/1088/474
f 591/1078/474 597/1088/474 592/1079/474
f 592/1080/475 597/1089/475 598/1090/475
f 592/1080/475 598/1090/475 593/1081/475
f 593/1082/476 598/1091/476 599/1092/476
f 593/1082/476 599/1092/476 594/1083/476
f 594/1084/477 599/1093/477 600/1094/477
f 594/1084/477 600/1094/477 595/1085/477
f 595/1086/478 600/1095/478 596/1087/478
f 595/1086/478 596/1087/478 591/1078/478
f 596/1046/479 601/1029/479 602/1030/479
f 596/1046/479 602/1030/479 597/1047/479
f 597/1089/480 602/1096/480 603/1097/480
f 597/1089/480 603/1097/480 598/1090/480
f 598/1050/481 603/1037/481 604/1038/481
f 598/1050/481 604/1038/481 599/1051/481
f 599/1093/482 604/1098/482 605/1099/482
f 599/1093/482 605/1099/482 600/1094/482
f 600/1054/483 605/1045/483 601/1029/483
f 600/1054/483 601/1029/483 596/1046/483
f 601/1029/484 606/1028/484 607/1031/484
f 601/1029/484 607/1031/484 602/1030/484
f 602/1096/485 607/1100/485 608/1101/485
f 602/1096/485 608/1101/485 603/1097/485
f 603/1037/486 608/1036/486 609/1039/486
f 603/1037/486 609/1039/486 604/1038/486
f 604/1098/487 609/1102/487 610/1103/487
f 604/1098/487 610/1103/487 605/1099/487
f 605/1045/488 610/1044/488 606/1028/488
f 605/1045/488 606/1028/488 601/1029/488
f 606/1028/489 611/1104/489 612/1105/489
f 606/1028/489 612/1105/489 607/1031/489
f 607/1100/490 612/1106/490 613/1107/490
f 607/1100/490 613/1107/490 608/1101/490
f 608/1036/491 613/1108/491 614/1109/491
f 608/1036/491 614/1109/491 609/1039/491
f 609/1102/492 614/1110/492 615/1111/492
f 609/1102/492 615/1111/492 610/1103/492
f 610/1044/493 615/1112/493 611/1104/493
f 610/1044/493 611/1104/493 606/1028/493
f 611/1104/494 616/1113/494 617/1114/494
f 611/1104/494 617/1114/494 612/1105/494
f 612/1106/495 617/1115/495 618/1116/495
f 612/1106/495 618/1116/495 613/1107/495
f 613/1108/496 618/1117/496 619/1118/496
f 613/1108/496 619/1118/496 614/1109/496
f 614/1110/497 619/1119/497 620/1120/497
f 614/1110/497 620/1120/497 615/1111/497
f 615/1112/498 620/1121/498 616/1113/498
f 615/1112/498 616/1113/498 611/1104/498
f 616/1087/499 621/1078/499 622/1079/499
f 616/1087/499 622/1079/499 617/1088/499
f 617/1115/500 622/1122/500 623/1123/500
f 617/1115/500 623/1123/500 618/1116/500
f 618/1091/501 623/1082/501 624/1083/501
f 618/1091/501 624/1083/501 619/1092/501
f 619/1119/502 624/1124/502 625/1125/502
f 619/1119/502 625/1125/502 620/1120/502
f 620/1095/503 625/1086/503 621/1078/503
f 620/1095/503 621/1078/503 616/1087/503
f 621/1078/504 626/1069/504 627/1070/504
f 621/1078/504 627/1070/504 622/1079/504
f 622/1122/505 627/1126/505 628/1127/505
f 622/1122/505 628/1127/505 623/1123/505
f 623/1082/506 628/1073/506 629/1074/506
f 623/1082/506 629/1074/506 624/1083/506
f 624/1124/507 629/1128/507 630/1129/507
f 624/1124/507 630/1129/507 625/1125/507
f 625/1086/508 630/1077/508 626/1069/508
f 625/1086/508 626/1069/508 621/1078/508
f 626/1069/509 631/1056/509 632/1057/509
f 626/1069/509 632/1057/509 627/1070/509
f 627/1126/510 632/1130/510 633/1131/510
f 627/1126/510 633/1131/510 628/1127/510
f 628/1073/511 633/1062/511 634/1063/511
f 628/1073/511 634/1063/511 629/1074/511
f 629/1128/512 634/1132/512 635/1133/512
f 629/1128/512 635/1133/512 630/1129/512
f 630/1077/513 635/1068/513 631/1056/513
f 630/1077/513 631/1056/513 626/1069/513
f 631/1056/514 636/1055/514 637/1058/514
f 631/1056/514 637/1058/514 632/1057/514
f 632/1130/515 637/1134/515 638/1135/515
f 632/1130/515 638/1135/515 633/1131/515
f 633/1062/516 638/1061/516 639/1064/516
f 633/1062/516 639/1064/516 634/1063/516
f 634/1132/517 639/1136/517 640/1137/517
f 634/1132/517 640/1137/517 635/1133/517
f 635/1068/518 640/1067/518 636/1055/518
f 635/1068/518 636/1055/518 631/1056/518
f 636/1113/519 641/1104/519 642/1105/519
f 636/1113/519 642/1105/519 637/1114/519
f 637/1134/520 642/1138/520 643/1139/520
f 637/1134/520 643/1139/520 638/1135/520
f 638/1117/521 643/1108/521 644/1109/521
f 638/1117/521 644/1109/521 639/1118/521
f 639/1136/522 644/1140/522 645/1141/522
f 639/1136/522 645/1141/522 640/1137/522
f 640/1121/523 645/1112/523 641/1104/523
f 640/1121/523 641/1104/523 636/1113/523
f 641/1104/524 566/1028/524 569/1031/524
f 641/1104/524 569/1031/524 642/1105/524
f 642/1138/525 569/1032/525 571/1035/525
f 642/1138/525 571/1035/525 643/1139/525
f 643/1108/526 571/1036/526 573/1039/526
f 643/1108/526 573/1039/526 644/1109/526
f 644/1140/527 573/1040/527 575/1043/527
f 644/1140/527 575/1043/527 645/1141/527
f 645/1112/528 575/1044/528 566/1028/528
f 645/1112/528 566/1028/528 641/1104/528
f 646/1142/529 647/1143/529 648/1144/529
f 646/1142/529 649/1145/529 647/1143/529
f 646/1142/529 650/1146/529 649/1145/529
f 646/1142/529 651/1147/529 650/1146/529
f 646/1142/529 652/1148/529 651/1147/529
f 646/1142/529 653/1149/529 652/1148/529
f 646/1142/529 654/1150/529 653/1149/529
f 646/1142/529 648/1144/529 654/1150/529
f 648/1151/530 647/1152/530 655/1153/530
f 648/1151/530 655/1153/530 656/1154/530
f 647/1155/531 649/1156/531 657/1157/531
f 647/1155/531 657/1157/531 655/1158/531
f 649/1156/532 650/1159/532 658/1160/532
f 649/1156/532 658/1160/532 657/1157/532
f 650/1152/533 651/1151/533 659/1154/533
f 650/1152/533 659/1154/533 658/1153/533
f 651/1151/534 652/1161/534 660/1162/534
f 651/1151/534 660/1162/534 659/1154/534
f 652/1159/535 653/1156/535 661/1157/535
f 652/1159/535 661/1157/535 660/1160/535
f 653/1156/536 654/1155/536 662/1158/536
f 653/1156/536 662/1158/536 661/1157/536
f 654/1161/537 648/1151/537 656/1154/537
f 654/1161/537 656/1154/537 662/1162/537
f 656/1163/538 655/1164/538 663/1165/538
f 655/1164/538 657/1166/538 663/1165/538
f 657/1166/538 658/1167/538 663/1165/538
f 658/1167/538 659/1168/538 663/1165/538
f 659/1168/538 660/1169/538 663/1165/538
f 660/1169/538 661/1170/538 663/1165/538
f 661/1170/538 662/1171/538 663/1165/538
f 662/1171/538 656/1163/538 663/1165/538
f 664/1172/539 665/1173/539 666/1174/539
f 664/1172/539 666/1174/539 667/1175/539
f 668/1176/540 669/1177/540 670/1178/540
f 668/1176/540 670/1178/540 671/1179/540
f 667/1180/541 666/1181/541 671/1182/541
f 667/1180/541 671/1182/541 670/1183/541
f 669/1184/542 668/1185/542 665/1186/542
f 669/1184/542 665/1186/542 664/1187/542
f 669/1188/543 664/1189/543 667/1190/543
f 669/1188/543 667/1190/543 670/1191/543
f 665/1192/544 668/1193/544 671/1194/544
f 665/1192/544 671/1194/544 666/1195/544
f 672/1196/545 673/1197/545 674/1198/545
f 672/1196/545 674/1198/545 675/1199/545
f 675/1200/546 674/1201/546 676/1202/546
f 675/1200/546 676/1202/546 677/1203/546
f 677/1204/547 676/1205/547 678/1206/547
f 677/1204/547 678/1206/547 679/1207/547
f 679/1208/548 678/1209/548 680/1210/548
f 679/1208/548 680/1210/548 681/1211/548
f 681/1212/549 680/1213/549 673/1197/549
f 681/1212/549 673/1197/549 672/1196/549
f 673/1197/550 682/1214/550 683/1215/550
f 673/1197/550 683/1215/550 674/1198/550
f 674/1201/551 683/1216/551 684/1217/551
f 674/1201/551 684/1217/551 676/1202/551
f 676/1205/552 684/1218/552 685/1219/552
f 676/1205/552 685/1219/552 678/1206/552
f 678/1209/553 685/1220/553 686/1221/553
f 678/1209/553 686/1221/553 680/1210/553
f 680/1213/554 686/1222/554 682/1214/554
f 680/1213/554 682/1214/554 673/1197/554
f 682/1223/555 687/1224/555 688/1225/555
f 682/1223/555 688/1225/555 683/1226/555
f 683/1216/556 688/1227/556 689/1228/556
f 683/1216/556 689/1228/556 684/1217/556
f 684/1229/557 689/1230/557 690/1231/557
f 684/1229/557 690/1231/557 685/1232/557
f 685/1220/558 690/1233/558 691/1234/558
f 685/1220/558 691/1234/558 686/1221/558
f 686/1235/559 691/1236/559 687/1224/559
f 686/1235/559 687/1224/559 682/1223/559
f 687/1224/560 692/1237/560 693/1238/560
f 687/1224/560 693/1238/560 688/1225/560
f 688/1227/561 693/1239/561 694/1240/561
f 688/1227/561 694/1240/561 689/1228/561
f 689/1230/562 694/1241/562 695/1242/562
f 689/1230/562 695/1242/562 690/1231/562
f 690/1233/563 695/1243/563 696/1244/563
f 690/1233/563 696/1244/563 691/1234/563
f 691/1236/564 696/1245/564 692/1237/564
f 691/1236/564 692/1237/564 687/1224/564
f 692/1237/565 697/1246/565 698/1247/565
f 692/1237/565 698/1247/565 693/1238/565
f 693/1239/566 698/1248/566 699/1249/566
f 693/1239/566 699/1249/566 694/1240/566
f 694/1241/567 699/1250/567 700/1251/567
f 694/1241/567 700/1251/567 695/1242/567
f 695/1243/568 700/1252/568 701/1253/568
f 695/1243/568 701/1253/568 696/1244/568
f 696/1245/569 701/1254/569 697/1246/569
f 696/1245/569 697/1246/569 692/1237/569
f 697/1246/570 702/1255/570 703/1256/570
f 697/1246/570 703/1256/570 698/1247/570
f 698/1248/571 703/1257/571 704/1258/571
f 698/1248/571 704/1258/571 699/1249/571
f 699/1250/572 704/1259/572 705/1260/572
f 699/1250/572 705/1260/572 700/1251/572
f 700/1252/573 705/1261/573 706/1262/573
f 700/1252/573 706/1262/573 701/1253/573
f 701/1254/574 706/1263/574 702/1255/574
f 701/1254/574 702/1255/574 697/1246/574
f 702/1214/575 707/1197/575 708/1198/575
f 702/1214/575 708/1198/575 703/1215/575
f 703/1257/576 708/1264/576 709/1265/576
f 703/1257/576 709/1265/576 704/1258/576
f 704/1218/577 709/1205/577 710/1206/577
f 704/1218/577 710/1206/577 705/1219/577
f 705/1261/578 710/1266/578 711/1267/578
f 705/1261/578 711/1267/578 706/1262/578
f 706/1222/579 711/1213/579 707/1197/579
f 706/1222/579 707/1197/579 702/1214/579
f 707/1197/580 712/1196/580 713/1199/580
f 707/1197/580 713/1199/580 708/1198/580
f 708/1264/581 713/1268/581 714/1269/581
f 708/1264/581 714/1269/581 709/1265/581
f 709/1205/582 714/1204/582 715/1207/582
f 709/1205/582 715/1207/582 710/1206/582
f 710/1266/583 715/1270/583 716/1271/583
f 710/1266/583 716/1271/583 711/1267/583
f 711/1213/584 716/1212/584 712/1196/584
f 711/1213/584 712/1196/584 707/1197/584
f 712/1196/585 717/1272/585 718/1273/585
f 712/1196/585 718/1273/585 713/1199/585
f 713/1268/586 718/1274/586 719/1275/586
f 713/1268/586 719/1275/586 714/1269/586
f 714/1204/587 719/1276/587 720/1277/587
f 714/1204/587 720/1277/587 715/1207/587
f 715/1270/588 720/1278/588 721/1279/588
f 715/1270/588 721/1279/588 716/1271/588
f 716/1212/589 721/1280/589 717/1272/589
f 716/1212/589 717/1272/589 712/1196/589
f 717/1272/590 722/1281/590 723/1282/590
f 717/1272/590 723/1282/590 718/1273/590
f 718/1274/591 723/1283/591 724/1284/591
f 718/1274/591 724/1284/591 719/1275/591
f 719/1276/592 724/1285/592 725/1286/592
f 719/1276/592 725/1286/592 720/1277/592
f 720/1278/593 725/1287/593 726/1288/593
f 720/1278/593 726/1288/593 721/1279/593
f 721/1280/594 726/1289/594 722/1281/594
f 721/1280/594 722/1281/594 717/1272/594
f 722/1255/595 727/1246/595 728/1247/595
f 722/1255/595 728/1247/595 723/1256/595
f 723/1283/596 728/1290/596 729/1291/596
f 723/1283/596 729/1291/596 724/1284/596
f 724/1259/597 729/1250/597 730/1251/597
f 724/1259/597 730/1251/597 725/1260/597
f 725/1287/598 730/1292/598 731/1293/598
f 725/1287/598 731/1293/598 726/1288/598
f 726/1263/599 731/1254/599 727/1246/599
f 726/1263/599 727/1246/599 722/1255/599
f 727/1246/600 732/1237/600 733/1238/600
f 727/1246/600 733/1238/600 728/1247/600
f 728/1290/601 733/1294/601 734/1295/601
f 728/1290/601 734/1295/601 729/1291/601
f 729/1250/602 734/1241/602 735/1242/602
f 729/1250/602 735/1242/602 730/1251/602
f 730/1292/603 735/1296/603 736/1297/603
f 730/1292/603 736/1297/603 731/1293/603
f 731/1254/604 736/1245/604 732/1237/604
f 731/1254/604 732/1237/604 727/1246/604
f 732/1237/605 737/1224/605 738/1225/605
f 732/1237/605 738/1225/605 733/1238/605
f 733/1294/606 738/1298/606 739/1299/606
f 733/1294/606 739/1299/606 734/1295/606
f 734/1241/607 739/1230/607 740/1231/607
f 734/1241/607 740/1231/607 735/1242/607
f 735/1296/608 740/1300/608 741/1301/608
f 735/1296/608 741/1301/608 736/1297/608
f 736/1245/609 741/1236/609 737/1224/609
f 736/1245/609 737/1224/609 732/1237/609
f 737/1224/610 742/1223/610 743/1226/610
f 737/1224/610 743/1226/610 738/1225/610
f 738/1298/611 743/1302/611 744/1303/611
f 738/1298/611 744/1303/611 739/1299/611
f 739/1230/612 744/1229/612 745/1232/612
f 739/1230/612 745/1232/612 740/1231/612
f 740/1300/613 745/1304/613 746/1305/613
f 740/1300/613 746/1305/613 741/1301/613
f 741/1236/614 746/1235/614 742/1223/614
f 741/1236/614 742/1223/614 737/1224/614
f 742/1281/615 747/1272/615 748/1273/615
f 742/1281/615 748/1273/615 743/1282/615
f 743/1302/616 748/1306/616 749/1307/616
f 743/1302/616 749/1307/616 744/1303/616
f 744/1285/617 749/1276/617 750/1277/617
f 744/1285/617 750/1277/617 745/1286/617
f 745/1304/618 750/1308/618 751/1309/618
f 745/1304/618 751/1309/618 746/1305/618
f 746/1289/619 751/1280/619 747/1272/619
f 746/1289/619 747/1272/619 742/1281/619
f 747/1272/620 672/1196/620 675/1199/620
f 747/1272/620 675/1199/620 748/1273/620
f 748/1306/621 675/1200/621 677/1203/621
f 748/1306/621 677/1203/621 749/1307/621
f 749/1276/622 677/1204/622 679/1207/622
f 749/1276/622 679/1207/622 750/1277/622
f 750/1308/623 679/1208/623 681/1211/623
f 750/1308/623 681/1211/623 751/1309/623
f 751/1280/624 681/1212/624 672/1196/624
f 751/1280/624 672/1196/624 747/1272/624
f 752/1310/625 753/1311/625 754/1312/625
f 752/1310/625 755/1313/625 753/1311/625
f 752/1310/625 756/1314/625 755/1313/625
f 752/1310/625 757/1315/625 756/1314/625
f 752/1310/625 758/1316/625 757/1315/625
f 752/1310/625 759/1317/625 758/1316/625
f 752/1310/625 760/1318/625 759/1317/625
f 752/1310/625 754/1312/625 760/1318/625
f 754/1319/626 753/1320/626 761/1321/626
f 754/1319/626 761/1321/626 762/1322/626
f 753/1323/627 755/1324/627 763/1325/627
f 753/1323/627 763/1325/627 761/1326/627
f 755/1324/628 756/1327/628 764/1328/628
f 755/1324/628 764/1328/628 763/1325/628
f 756/1320/629 757/1319/629 765/1322/629
f 756/1320/629 765/1322/629 764/1321/629
f 757/1319/630 758/1329/630 766/1330/630
f 757/1319/630 766/1330/630 765/1322/630
f 758/1327/631 759/1324/631 767/1325/631
f 758/1327/631 767/1325/631 766/1328/631
f 759/1324/632 760/1323/632 768/1326/632
f 759/1324/632 768/1326/632 767/1325/632
f 760/1329/633 754/1319/633 762/1322/633
f 760/1329/633 762/1322/633 768/1330/633
f 762/1331/634 761/1332/634 769/1333/634
f 761/1332/634 763/1334/634 769/1333/634
f 763/1334/634 764/1335/634 769/1333/634
f 764/1335/634 765/1336/634 769/1333/634
f 765/1336/634 766/1337/634 769/1333/634
f 766/1337/634 767/1338/634 769/1333/634
f 767/1338/634 768/1339/634 769/1333/634
f 768/1339/634 762/1331/634 769/1333/634
