# Bloom battleship, from tools/gen_fleet.py
# Generated by tools. Edit the generator script.
v 0.062246 0.448340 0.435788
v 0.217369 0.491799 1.133707
v 0.062246 0.491799 1.210420
v 0.341768 0.491799 0.918763
v 0.410805 0.491799 0.608160
v 0.410805 0.491799 0.263416
v 0.341768 0.491799 -0.047188
v 0.217369 0.491799 -0.262132
v 0.062246 0.491799 -0.338845
v -0.092878 0.491799 -0.262132
v -0.217277 0.491799 -0.047188
v -0.286313 0.491799 0.263416
v -0.286313 0.491799 0.608160
v -0.217277 0.491799 0.918763
v -0.092878 0.491799 1.133707
v 0.348876 0.615562 1.725375
v 0.062246 0.615562 1.867122
v 0.578736 0.615562 1.328210
v 0.706299 0.615562 0.754290
v 0.706299 0.615562 0.117286
v 0.578736 0.615562 -0.456635
v 0.348876 0.615562 -0.853800
v 0.062246 0.615562 -0.995547
v -0.224385 0.615562 -0.853800
v -0.454244 0.615562 -0.456635
v -0.581807 0.615562 0.117286
v -0.581807 0.615562 0.754290
v -0.454244 0.615562 1.328210
v -0.224385 0.615562 1.725375
v 0.436746 0.800785 2.120715
v 0.062246 0.800785 2.305916
v 0.737073 0.800785 1.601794
v 0.903741 0.800785 0.851930
v 0.903741 0.800785 0.019645
v 0.737073 0.800785 -0.730218
v 0.436746 0.800785 -1.249140
v 0.062246 0.800785 -1.434341
v -0.312255 0.800785 -1.249140
v -0.612581 0.800785 -0.730218
v -0.779250 0.800785 0.019645
v -0.779250 0.800785 0.851930
v -0.612581 0.800785 1.601794
v -0.312255 0.800785 2.120715
v 0.467602 1.019271 2.259540
v 0.062246 1.019271 2.460000
v 0.792673 1.019271 1.697863
v 0.973074 1.019271 0.886217
v 0.973074 1.019271 -0.014642
v 0.792673 1.019271 -0.826288
v 0.467602 1.019271 -1.387965
v 0.062246 1.019271 -1.588425
v -0.343111 1.019271 -1.387965
v -0.668182 1.019271 -0.826288
v -0.848582 1.019271 -0.014642
v -0.848582 1.019271 0.886217
v -0.668182 1.019271 1.697863
v -0.343111 1.019271 2.259540
v 0.436746 1.237757 2.120715
v 0.062246 1.237757 2.305916
v 0.737073 1.237757 1.601794
v 0.903741 1.237757 0.851930
v 0.903741 1.237757 0.019645
v 0.737073 1.237757 -0.730218
v 0.436746 1.237757 -1.249140
v 0.062246 1.237757 -1.434341
v -0.312255 1.237757 -1.249140
v -0.612581 1.237757 -0.730218
v -0.779250 1.237757 0.019645
v -0.779250 1.237757 0.851930
v -0.612581 1.237757 1.601794
v -0.312255 1.237757 2.120715
v 0.348876 1.422981 1.725375
v 0.062246 1.422981 1.867122
v 0.578736 1.422981 1.328210
v 0.706299 1.422981 0.754290
v 0.706299 1.422981 0.117286
v 0.578736 1.422981 -0.456635
v 0.348876 1.422981 -0.853800
v 0.062246 1.422981 -0.995547
v -0.224385 1.422981 -0.853800
v -0.454244 1.422981 -0.456635
v -0.581807 1.422981 0.117286
v -0.581807 1.422981 0.754290
v -0.454244 1.422981 1.328210
v -0.224385 1.422981 1.725375
v 0.217369 1.546743 1.133707
v 0.062246 1.546743 1.210420
v 0.341768 1.546743 0.918763
v 0.410805 1.546743 0.608160
v 0.410805 1.546743 0.263416
v 0.341768 1.546743 -0.047188
v 0.217369 1.546743 -0.262132
v 0.062246 1.546743 -0.338845
v -0.092878 1.546743 -0.262132
v -0.217277 1.546743 -0.047188
v -0.286313 1.546743 0.263416
v -0.286313 1.546743 0.608160
v -0.217277 1.546743 0.918763
v -0.092878 1.546743 1.133707
v 0.062246 1.590203 0.435788
v -0.493634 0.295368 0.994510
v -0.393180 0.371326 1.234475
v -0.529269 0.371326 1.270489
v -0.295461 0.371326 1.106803
v -0.273438 0.371326 0.936238
v -0.335522 0.371326 0.787932
v -0.458000 0.371326 0.718531
v -0.594089 0.371326 0.754545
v -0.691808 0.371326 0.882218
v -0.713831 0.371326 1.052782
v -0.651747 0.371326 1.201089
v -0.331096 0.570187 1.382782
v -0.551293 0.570187 1.441054
v -0.172983 0.570187 1.176203
v -0.137348 0.570187 0.900224
v -0.237803 0.570187 0.660259
v -0.435976 0.570187 0.547967
v -0.656173 0.570187 0.606238
v -0.814285 0.570187 0.812817
v -0.849920 0.570187 1.088796
v -0.749466 0.570187 1.328761
v -0.331096 0.815993 1.382782
v -0.551293 0.815993 1.441054
v -0.172983 0.815993 1.176203
v -0.137348 0.815993 0.900224
v -0.237803 0.815993 0.660259
v -0.435976 0.815993 0.547967
v -0.656173 0.815993 0.606238
v -0.814285 0.815993 0.812817
v -0.849920 0.815993 1.088796
v -0.749466 0.815993 1.328761
v -0.393180 1.014854 1.234475
v -0.529269 1.014854 1.270489
v -0.295461 1.014854 1.106803
v -0.273438 1.014854 0.936238
v -0.335522 1.014854 0.787932
v -0.458000 1.014854 0.718531
v -0.594089 1.014854 0.754545
v -0.691808 1.014854 0.882218
v -0.713831 1.014854 1.052782
v -0.651747 1.014854 1.201089
v -0.493634 1.090812 0.994510
v -0.631308 0.931393 1.296768
v -0.606834 0.880801 1.343641
v -0.598049 0.927713 1.372956
v -0.615355 0.963487 1.339811
v -0.535187 0.875414 1.357547
v -0.547388 0.923904 1.382788
v -0.488015 0.920619 1.324579
v -0.514031 0.955869 1.359477
v -0.512489 0.971211 1.277706
v -0.531337 0.991643 1.326332
v -0.584135 0.976598 1.263800
v -0.581999 0.995452 1.316500
v -0.566778 0.973625 1.365786
v -0.397238 0.353925 0.849084
v -0.412049 0.369014 0.887235
v -0.421676 0.337088 0.888821
v -0.411204 0.326419 0.861844
v -0.454942 0.373544 0.893725
v -0.452006 0.340292 0.893410
v -0.483025 0.362986 0.862065
v -0.471864 0.332826 0.871023
v -0.468214 0.347898 0.823915
v -0.461391 0.322157 0.844047
v -0.425321 0.343367 0.817424
v -0.431061 0.318954 0.839457
v -0.442114 0.317680 0.870932
v -0.417905 0.582194 1.347514
v -0.349584 0.548893 1.349664
v -0.358232 0.560218 1.406087
v -0.406543 0.583765 1.404567
v -0.287734 0.590032 1.365892
v -0.314497 0.589308 1.417562
v -0.294204 0.664472 1.379970
v -0.319072 0.641945 1.427517
v -0.362525 0.697772 1.377820
v -0.367383 0.665492 1.425996
v -0.424375 0.656633 1.361592
v -0.411118 0.636402 1.414521
v -0.365605 0.608515 1.437705
v 0.732272 0.262549 1.374689
v 0.824320 0.360249 1.718286
v 0.650849 0.360249 1.757926
v 0.962631 0.360249 1.547404
v 1.012954 0.360249 1.310551
v 0.956065 0.360249 1.098197
v 0.813695 0.360249 0.991453
v 0.640224 0.360249 1.031093
v 0.501912 0.360249 1.201974
v 0.451590 0.360249 1.438827
v 0.508479 0.360249 1.651182
v 0.881208 0.616031 1.930641
v 0.600526 0.616031 1.994779
v 1.105002 0.616031 1.654148
v 1.186425 0.616031 1.270912
v 1.094377 0.616031 0.927315
v 0.864018 0.616031 0.754600
v 0.583336 0.616031 0.818738
v 0.359542 0.616031 1.095231
v 0.278119 0.616031 1.478467
v 0.370167 0.616031 1.822064
v 0.881208 0.932195 1.930641
v 0.600526 0.932195 1.994779
v 1.105002 0.932195 1.654148
v 1.186425 0.932195 1.270912
v 1.094377 0.932195 0.927315
v 0.864018 0.932195 0.754600
v 0.583336 0.932195 0.818738
v 0.359542 0.932195 1.095231
v 0.278119 0.932195 1.478467
v 0.370167 0.932195 1.822064
v 0.824320 1.187976 1.718286
v 0.650849 1.187976 1.757926
v 0.962631 1.187976 1.547404
v 1.012954 1.187976 1.310551
v 0.956065 1.187976 1.098197
v 0.813695 1.187976 0.991453
v 0.640224 1.187976 1.031093
v 0.501912 1.187976 1.201974
v 0.451590 1.187976 1.438827
v 0.508479 1.187976 1.651182
v 0.732272 1.285676 1.374689
v 0.829609 0.381453 1.089599
v 0.786925 0.405867 1.122567
v 0.778452 0.361777 1.128678
v 0.808633 0.344514 1.105366
v 0.730475 0.402643 1.105023
v 0.738536 0.359497 1.116272
v 0.716709 0.375005 1.054512
v 0.728801 0.339955 1.080555
v 0.759392 0.350591 1.021544
v 0.758983 0.322691 1.057244
v 0.815842 0.353815 1.039088
v 0.798899 0.324971 1.069649
v 0.766877 0.327325 1.101620
v 0.837987 1.013898 1.789957
v 0.883461 1.000864 1.809127
v 0.876153 1.033745 1.828917
v 0.843998 1.042961 1.815361
v 0.924830 1.028513 1.797746
v 0.905405 1.053295 1.820869
v 0.920724 1.069195 1.767195
v 0.902502 1.082062 1.799266
v 0.875249 1.082230 1.748025
v 0.870346 1.091279 1.785711
v 0.833881 1.054581 1.759406
v 0.841094 1.071728 1.793758
v 0.870720 1.071195 1.819217
v 0.556692 0.353711 1.525529
v 0.554387 0.333961 1.467567
v 0.567236 0.294770 1.489897
v 0.568865 0.308736 1.530883
v 0.606140 0.319981 1.437881
v 0.603830 0.284885 1.468906
v 0.660197 0.325752 1.466157
v 0.642054 0.288965 1.488900
v 0.662501 0.345502 1.524120
v 0.643684 0.302931 1.529886
v 0.610749 0.359481 1.553806
v 0.607089 0.312816 1.550877
v 0.604223 0.281917 1.515711
v 0.831867 0.575220 0.931468
v 0.926071 0.638529 1.186445
v 0.790797 0.638529 1.224566
v 1.025362 0.638529 1.050932
v 1.050745 0.638529 0.869787
v 0.992523 0.638529 0.712203
v 0.872937 0.638529 0.638370
v 0.737663 0.638529 0.676491
v 0.638372 0.638529 0.812004
v 0.612989 0.638529 0.993149
v 0.671211 0.638529 1.150733
v 0.984292 0.804274 1.344030
v 0.765415 0.804274 1.405711
v 1.144949 0.804274 1.124765
v 1.186019 0.804274 0.831667
v 1.091815 0.804274 0.576689
v 0.898320 0.804274 0.457225
v 0.679442 0.804274 0.518906
v 0.518785 0.804274 0.738172
v 0.477716 0.804274 1.031270
v 0.571919 0.804274 1.286247
v 0.984292 1.009145 1.344030
v 0.765415 1.009145 1.405711
v 1.144949 1.009145 1.124765
v 1.186019 1.009145 0.831667
v 1.091815 1.009145 0.576689
v 0.898320 1.009145 0.457225
v 0.679442 1.009145 0.518906
v 0.518785 1.009145 0.738172
v 0.477716 1.009145 1.031270
v 0.571919 1.009145 1.286247
v 0.926071 1.174890 1.186445
v 0.790797 1.174890 1.224566
v 1.025362 1.174890 1.050932
v 1.050745 1.174890 0.869787
v 0.992523 1.174890 0.712203
v 0.872937 1.174890 0.638370
v 0.737663 1.174890 0.676491
v 0.638372 1.174890 0.812004
v 0.612989 1.174890 0.993149
v 0.671211 1.174890 1.150733
v 0.831867 1.238199 0.931468
v 1.045118 0.689881 0.613440
v 1.018509 0.758059 0.669139
v 0.993378 0.702003 0.703508
v 1.012194 0.653794 0.664122
v 0.929422 0.779939 0.675728
v 0.930385 0.717475 0.708167
v 0.866945 0.733642 0.626618
v 0.886206 0.684738 0.673441
v 0.893554 0.665464 0.570919
v 0.905022 0.636529 0.634056
v 0.982641 0.643584 0.564330
v 0.968016 0.621057 0.629397
v 0.946371 0.651664 0.688976
v 0.928806 0.937282 0.492585
v 0.876392 1.004276 0.481190
v 0.858690 0.984549 0.541290
v 0.895752 0.937177 0.549347
v 0.792241 0.991534 0.470169
v 0.799186 0.975539 0.533497
v 0.760504 0.911798 0.470543
v 0.776745 0.919157 0.533761
v 0.812917 0.844804 0.481938
v 0.813807 0.871785 0.541818
v 0.897069 0.857546 0.492959
v 0.873311 0.880795 0.549611
v 0.832767 0.929669 0.566403
v 0.969839 0.701058 1.174475
v 1.013217 0.693883 1.175098
v 1.004762 0.684952 1.206425
v 0.974089 0.690026 1.205985
v 1.039498 0.720074 1.198695
v 1.023346 0.703473 1.223111
v 1.022401 0.753442 1.221670
v 1.011256 0.727067 1.239357
v 0.979022 0.760617 1.221048
v 0.980583 0.732141 1.238917
v 0.952742 0.734425 1.197450
v 0.962000 0.713620 1.222231
v 0.991245 0.700800 1.232860
v -0.151592 0.195042 0.623109
v -0.057700 0.268447 0.934449
v -0.262031 0.268447 0.925122
v 0.110768 0.268447 0.824855
v 0.179024 0.268447 0.638201
v 0.120995 0.268447 0.445782
v -0.041152 0.268447 0.321096
v -0.245484 0.268447 0.311769
v -0.413952 0.268447 0.421363
v -0.482207 0.268447 0.608017
v -0.424179 0.268447 0.800436
v 0.000329 0.460625 1.126868
v -0.330286 0.460625 1.111776
v 0.272916 0.460625 0.949541
v 0.383355 0.460625 0.647528
v 0.289463 0.460625 0.336188
v 0.027103 0.460625 0.134442
v -0.303513 0.460625 0.119350
v -0.576099 0.460625 0.296677
v -0.686539 0.460625 0.598690
v -0.592646 0.460625 0.910030
v 0.000329 0.698169 1.126868
v -0.330286 0.698169 1.111776
v 0.272916 0.698169 0.949541
v 0.383355 0.698169 0.647528
v 0.289463 0.698169 0.336188
v 0.027103 0.698169 0.134442
v -0.303513 0.698169 0.119350
v -0.576099 0.698169 0.296677
v -0.686539 0.698169 0.598690
v -0.592646 0.698169 0.910030
v -0.057700 0.890347 0.934449
v -0.262031 0.890347 0.925122
v 0.110768 0.890347 0.824855
v 0.179024 0.890347 0.638201
v 0.120995 0.890347 0.445782
v -0.041152 0.890347 0.321096
v -0.245484 0.890347 0.311769
v -0.413952 0.890347 0.421363
v -0.482207 0.890347 0.608017
v -0.424179 0.890347 0.800436
v -0.151592 0.963752 0.623109
v 0.232400 0.362734 0.832888
v 0.302105 0.384795 0.869160
v 0.265269 0.375453 0.918737
v 0.215980 0.359854 0.893089
v 0.307546 0.457157 0.906515
v 0.269116 0.426621 0.945151
v 0.243281 0.507458 0.907597
v 0.223674 0.462189 0.945916
v 0.173576 0.485396 0.871326
v 0.174385 0.446589 0.920268
v 0.168135 0.413034 0.833971
v 0.170538 0.395421 0.893855
v 0.212366 0.401049 0.939907
v -0.423752 0.850616 0.823572
v -0.432046 0.819729 0.857354
v -0.427065 0.849428 0.876350
v -0.421200 0.871269 0.852463
v -0.397638 0.806484 0.885723
v -0.402735 0.840063 0.896410
v -0.354936 0.824127 0.880309
v -0.372540 0.852538 0.892582
v -0.346642 0.855015 0.846527
v -0.366675 0.874379 0.868694
v -0.381049 0.868260 0.818158
v -0.391005 0.883744 0.848635
v -0.399988 0.872065 0.881047
v -0.298843 0.881519 0.821457
v -0.274182 0.847171 0.899069
v -0.266670 0.913294 0.911206
v -0.284108 0.937581 0.856325
v -0.189398 0.850294 0.923837
v -0.206718 0.915502 0.928719
v -0.129273 0.887765 0.870991
v -0.164204 0.941998 0.891351
v -0.153934 0.922113 0.793378
v -0.181642 0.966286 0.836471
v -0.238719 0.918990 0.768611
v -0.241594 0.964077 0.818958
v -0.228339 0.962633 0.885277
v -0.676666 0.400324 -0.570757
v -0.569124 0.486578 -0.173235
v -0.763834 0.486578 -0.122161
v -0.415491 0.486578 -0.376149
v -0.361619 0.486578 -0.653397
v -0.428083 0.486578 -0.899079
v -0.589499 0.486578 -1.019353
v -0.784209 0.486578 -0.968279
v -0.937842 0.486578 -0.765364
v -0.991714 0.486578 -0.488117
v -0.925250 0.486578 -0.242435
v -0.502659 0.712392 0.072447
v -0.817707 0.712392 0.155087
v -0.254076 0.712392 -0.255875
v -0.166908 0.712392 -0.704472
v -0.274451 0.712392 -1.101993
v -0.535626 0.712392 -1.296601
v -0.850674 0.712392 -1.213961
v -1.099257 0.712392 -0.885639
v -1.186425 0.712392 -0.437042
v -1.078882 0.712392 -0.039520
v -0.502659 0.991514 0.072447
v -0.817707 0.991514 0.155087
v -0.254076 0.991514 -0.255875
v -0.166908 0.991514 -0.704472
v -0.274451 0.991514 -1.101993
v -0.535626 0.991514 -1.296601
v -0.850674 0.991514 -1.213961
v -1.099257 0.991514 -0.885639
v -1.186425 0.991514 -0.437042
v -1.078882 0.991514 -0.039520
v -0.569124 1.217329 -0.173235
v -0.763834 1.217329 -0.122161
v -0.415491 1.217329 -0.376149
v -0.361619 1.217329 -0.653397
v -0.428083 1.217329 -0.899079
v -0.589499 1.217329 -1.019353
v -0.784209 1.217329 -0.968279
v -0.937842 1.217329 -0.765364
v -0.991714 1.217329 -0.488117
v -0.925250 1.217329 -0.242435
v -0.676666 1.303582 -0.570757
v -0.502811 0.506572 -0.923468
v -0.555866 0.549721 -0.864767
v -0.572957 0.484080 -0.852228
v -0.535441 0.453569 -0.893736
v -0.644979 0.552274 -0.877999
v -0.635969 0.485885 -0.861584
v -0.681035 0.511678 -0.949933
v -0.661465 0.457179 -0.912449
v -0.627980 0.468528 -1.008634
v -0.623949 0.426668 -0.953957
v -0.538867 0.465975 -0.995402
v -0.560937 0.424863 -0.944601
v -0.601158 0.433110 -0.889171
v -0.594921 1.250558 -0.576775
v -0.570586 1.256897 -0.624010
v -0.587125 1.293983 -0.618675
v -0.604332 1.289501 -0.585275
v -0.599678 1.261656 -0.668669
v -0.607695 1.297348 -0.650254
v -0.653103 1.260075 -0.666095
v -0.645473 1.296231 -0.648433
v -0.677438 1.253736 -0.618860
v -0.662680 1.291748 -0.615034
v -0.648347 1.248977 -0.574200
v -0.642109 1.288383 -0.583454
v -0.625271 1.308419 -0.614957
v -0.439915 1.164704 -0.884873
v -0.434762 1.193754 -0.923634
v -0.451645 1.216777 -0.899658
v -0.455288 1.196236 -0.872250
v -0.473859 1.207071 -0.949458
v -0.479290 1.226194 -0.917918
v -0.518107 1.191338 -0.936523
v -0.510579 1.215069 -0.908772
v -0.523260 1.162289 -0.897763
v -0.514222 1.194528 -0.881364
v -0.484163 1.148971 -0.871938
v -0.486577 1.185111 -0.863103
v -0.484558 1.217098 -0.882149
v 0.512202 0.934864 0.008423
v 0.579094 1.022861 0.499716
v 0.334208 1.022861 0.526058
v 0.798430 1.022861 0.285717
v 0.908437 1.022861 -0.034200
v 0.867095 1.022861 -0.337836
v 0.690196 1.022861 -0.509213
v 0.445309 1.022861 -0.482871
v 0.225973 1.022861 -0.268871
v 0.115967 1.022861 0.051045
v 0.157309 1.022861 0.354681
v 0.620436 1.253240 0.803352
v 0.224202 1.253240 0.845975
v 0.975329 1.253240 0.457094
v 1.153323 1.253240 -0.060542
v 1.086430 1.253240 -0.551835
v 0.800202 1.253240 -0.829129
v 0.403967 1.253240 -0.786507
v 0.049074 1.253240 -0.440248
v -0.128920 1.253240 0.077387
v -0.062027 1.253240 0.568681
v 0.620436 1.538004 0.803352
v 0.224202 1.538004 0.845975
v 0.975329 1.538004 0.457094
v 1.153323 1.538004 -0.060542
v 1.086430 1.538004 -0.551835
v 0.800202 1.538004 -0.829129
v 0.403967 1.538004 -0.786507
v 0.049074 1.538004 -0.440248
v -0.128920 1.538004 0.077387
v -0.062027 1.538004 0.568681
v 0.579094 1.768383 0.499716
v 0.334208 1.768383 0.526058
v 0.798430 1.768383 0.285717
v 0.908437 1.768383 -0.034200
v 0.867095 1.768383 -0.337836
v 0.690196 1.768383 -0.509213
v 0.445309 1.768383 -0.482871
v 0.225973 1.768383 -0.268871
v 0.115967 1.768383 0.051045
v 0.157309 1.768383 0.354681
v 0.512202 1.856380 0.008423
v 0.304673 1.802394 -0.085067
v 0.246782 1.788466 -0.069194
v 0.254861 1.826011 -0.041818
v 0.295796 1.835860 -0.053041
v 0.234890 1.765157 -0.013405
v 0.246452 1.809529 -0.002368
v 0.280888 1.755775 0.026512
v 0.278978 1.802895 0.025857
v 0.338779 1.769703 0.010640
v 0.319912 1.812743 0.014634
v 0.350671 1.793013 -0.045149
v 0.328322 1.829226 -0.024815
v 0.285153 1.836067 -0.007095
v -0.119235 1.384779 0.215757
v -0.141517 1.343786 0.202494
v -0.139132 1.339008 0.239233
v -0.123376 1.367995 0.248611
v -0.117891 1.301487 0.204838
v -0.122426 1.309098 0.240890
v -0.071983 1.300182 0.220446
v -0.089964 1.308175 0.251927
v -0.049701 1.341175 0.233709
v -0.074208 1.337162 0.261305
v -0.073327 1.383474 0.231365
v -0.090914 1.367072 0.259648
v -0.111252 1.336264 0.263593
v 0.154851 1.064155 0.211164
v 0.147670 1.026749 0.136989
v 0.160269 0.976814 0.174678
v 0.165347 1.003263 0.227127
v 0.215123 0.995116 0.099544
v 0.207966 0.954446 0.148200
v 0.289757 1.000889 0.136274
v 0.260740 0.958528 0.174172
v 0.296938 1.038294 0.210448
v 0.265818 0.984977 0.226622
v 0.229485 1.069927 0.247893
v 0.218122 1.007345 0.253099
v 0.209208 0.959511 0.211805
v 0.236534 0.000000 0.984042
v 0.253998 0.109560 1.550904
v -0.018540 0.109560 1.562789
v 0.519866 0.109560 1.322498
v 0.677510 0.109560 0.964813
v 0.666716 0.109560 0.614472
v 0.491607 0.109560 0.405295
v 0.219069 0.109560 0.417179
v -0.046798 0.109560 0.645585
v -0.204443 0.109560 1.003270
v -0.193649 0.109560 1.353611
v 0.264792 0.396391 1.901245
v -0.176184 0.396391 1.920474
v 0.694975 0.396391 1.531676
v 0.950048 0.396391 0.952929
v 0.932584 0.396391 0.386066
v 0.649252 0.396391 0.047609
v 0.208275 0.396391 0.066838
v -0.221907 0.396391 0.436407
v -0.476981 0.396391 1.015154
v -0.459516 0.396391 1.582017
v 0.264792 0.750934 1.901245
v -0.176184 0.750934 1.920474
v 0.694975 0.750934 1.531676
v 0.950048 0.750934 0.952929
v 0.932584 0.750934 0.386066
v 0.649252 0.750934 0.047609
v 0.208275 0.750934 0.066838
v -0.221907 0.750934 0.436407
v -0.476981 0.750934 1.015154
v -0.459516 0.750934 1.582017
v 0.253998 1.037765 1.550904
v -0.018540 1.037765 1.562789
v 0.519866 1.037765 1.322498
v 0.677510 1.037765 0.964813
v 0.666716 1.037765 0.614472
v 0.491607 1.037765 0.405295
v 0.219069 1.037765 0.417179
v -0.046798 1.037765 0.645585
v -0.204443 1.037765 1.003270
v -0.193649 1.037765 1.353611
v 0.236534 1.147325 0.984042
v -0.091209 1.063630 0.971054
v -0.156656 1.033625 1.003988
v -0.147012 1.081927 1.039284
v -0.100735 1.103143 1.015996
v -0.153038 0.999701 1.075433
v -0.144454 1.057939 1.089803
v -0.083974 0.995781 1.113942
v -0.095618 1.055167 1.117033
v -0.018527 1.025786 1.081007
v -0.049340 1.076384 1.093745
v -0.022145 1.059710 1.009563
v -0.051899 1.100372 1.043226
v -0.102561 1.099638 1.076462
v 0.130426 0.813406 1.747510
v 0.172703 0.785917 1.784173
v 0.161523 0.824260 1.810285
v 0.131630 0.843698 1.784360
v 0.228859 0.811878 1.791895
v 0.201232 0.842617 1.815745
v 0.242739 0.865327 1.762953
v 0.211046 0.880412 1.795281
v 0.200463 0.892816 1.726290
v 0.181153 0.899849 1.769356
v 0.144306 0.866855 1.718568
v 0.141444 0.881492 1.763896
v 0.165023 0.871452 1.804148
v 0.847382 0.192636 0.671203
v 0.852876 0.259338 0.733437
v 0.809941 0.214484 0.765647
v 0.806056 0.167319 0.721641
v 0.780571 0.312858 0.749563
v 0.758814 0.252328 0.777049
v 0.702773 0.299676 0.703454
v 0.703802 0.243007 0.744445
v 0.697278 0.232975 0.641220
v 0.699917 0.195842 0.700439
v 0.769583 0.179455 0.625094
v 0.751044 0.157998 0.689037
v 0.746584 0.188183 0.751978
v -0.014299 0.101559 0.321405
v 0.137893 0.190002 0.673554
v -0.035396 0.190002 0.746297
v 0.253049 0.190002 0.466302
v 0.266088 0.190002 0.203704
v 0.172027 0.190002 -0.013936
v 0.006797 0.190002 -0.103487
v -0.166492 0.190002 -0.030744
v -0.281648 0.190002 0.176508
v -0.294686 0.190002 0.439106
v -0.200626 0.190002 0.656746
v 0.231953 0.421549 0.891194
v -0.048434 0.421549 1.008895
v 0.418280 0.421549 0.555853
v 0.439376 0.421549 0.130960
v 0.287184 0.421549 -0.221188
v 0.019835 0.421549 -0.366085
v -0.260552 0.421549 -0.248384
v -0.446879 0.421549 0.086957
v -0.467975 0.421549 0.511849
v -0.315782 0.421549 0.863998
v 0.231953 0.707757 0.891194
v -0.048434 0.707757 1.008895
v 0.418280 0.707757 0.555853
v 0.439376 0.707757 0.130960
v 0.287184 0.707757 -0.221188
v 0.019835 0.707757 -0.366085
v -0.260552 0.707757 -0.248384
v -0.446879 0.707757 0.086957
v -0.467975 0.707757 0.511849
v -0.315782 0.707757 0.863998
v 0.137893 0.939304 0.673554
v -0.035396 0.939304 0.746297
v 0.253049 0.939304 0.466302
v 0.266088 0.939304 0.203704
v 0.172027 0.939304 -0.013936
v 0.006797 0.939304 -0.103487
v -0.166492 0.939304 -0.030744
v -0.281648 0.939304 0.176508
v -0.294686 0.939304 0.439106
v -0.200626 0.939304 0.656746
v -0.014299 1.027747 0.321405
v -0.363310 0.761830 0.055786
v -0.426712 0.753274 0.055726
v -0.417503 0.754753 0.103795
v -0.372671 0.760803 0.103838
v -0.451468 0.697402 0.074657
v -0.435009 0.715245 0.117181
v -0.412823 0.650086 0.093648
v -0.407683 0.681788 0.130610
v -0.349421 0.658641 0.093709
v -0.362851 0.687837 0.130653
v -0.324665 0.714514 0.074778
v -0.345345 0.727345 0.117267
v -0.391051 0.727648 0.134831
v 0.133279 0.927526 0.411430
v 0.203467 0.940067 0.381551
v 0.184022 0.995522 0.388439
v 0.134391 0.986654 0.409567
v 0.210523 0.967269 0.309533
v 0.189011 1.014757 0.337515
v 0.147391 0.981930 0.267393
v 0.144370 1.025124 0.307718
v 0.077203 0.969389 0.297272
v 0.094739 1.016256 0.328845
v 0.070147 0.942187 0.369290
v 0.089750 0.997021 0.379769
v 0.138985 1.027081 0.366608
v -0.085993 0.684757 0.941522
v -0.056073 0.638294 0.957282
v -0.049955 0.664454 0.992106
v -0.071112 0.697308 0.980962
v 0.001311 0.640451 0.959469
v -0.009379 0.665979 0.993652
v 0.028775 0.689070 0.945896
v 0.010041 0.700358 0.984054
v -0.001145 0.735533 0.930136
v -0.011115 0.733212 0.972910
v -0.058529 0.733376 0.927949
v -0.051692 0.731687 0.971364
v -0.031333 0.703771 0.998579
v 0.362915 0.268690 0.089341
v 0.395010 0.331302 0.486491
v 0.198252 0.331302 0.497890
v 0.579509 0.331302 0.323394
v 0.681276 0.331302 0.070896
v 0.661440 0.331302 -0.174556
v 0.527577 0.331302 -0.319209
v 0.330819 0.331302 -0.307810
v 0.146320 0.331302 -0.144713
v 0.044553 0.331302 0.107785
v 0.064389 0.331302 0.353237
v 0.414847 0.495222 0.731944
v 0.096485 0.495222 0.750388
v 0.713372 0.495222 0.468047
v 0.878035 0.495222 0.059497
v 0.845939 0.495222 -0.337653
v 0.629344 0.495222 -0.571707
v 0.310983 0.495222 -0.553263
v 0.012457 0.495222 -0.289366
v -0.152205 0.495222 0.119184
v -0.120109 0.495222 0.516335
v 0.414847 0.697838 0.731944
v 0.096485 0.697838 0.750388
v 0.713372 0.697838 0.468047
v 0.878035 0.697838 0.059497
v 0.845939 0.697838 -0.337653
v 0.629344 0.697838 -0.571707
v 0.310983 0.697838 -0.553263
v 0.012457 0.697838 -0.289366
v -0.152205 0.697838 0.119184
v -0.120109 0.697838 0.516335
v 0.395010 0.861758 0.486491
v 0.198252 0.861758 0.497890
v 0.579509 0.861758 0.323394
v 0.681276 0.861758 0.070896
v 0.661440 0.861758 -0.174556
v 0.527577 0.861758 -0.319209
v 0.330819 0.861758 -0.307810
v 0.146320 0.861758 -0.144713
v 0.044553 0.861758 0.107785
v 0.064389 0.861758 0.353237
v 0.362915 0.924370 0.089341
v 0.138718 0.332701 0.247247
v 0.162165 0.306979 0.179322
v 0.170186 0.259630 0.212580
v 0.153606 0.277818 0.260610
v 0.236235 0.293054 0.167285
v 0.222561 0.249783 0.204068
v 0.286858 0.304850 0.223172
v 0.258357 0.258124 0.243586
v 0.263411 0.330571 0.291097
v 0.241777 0.276312 0.291617
v 0.189341 0.344497 0.303135
v 0.189401 0.286159 0.300129
v 0.203162 0.246928 0.259094
v 0.697726 0.419259 0.319596
v 0.736790 0.433370 0.343209
v 0.714152 0.425934 0.370947
v 0.686529 0.415956 0.354250
v 0.736859 0.475085 0.366501
v 0.714201 0.455431 0.387417
v 0.697865 0.502690 0.366179
v 0.686627 0.474951 0.387189
v 0.658801 0.488579 0.342565
v 0.659005 0.464973 0.370492
v 0.658732 0.446864 0.319274
v 0.658956 0.435476 0.354022
v 0.681932 0.439025 0.382248
v 0.442847 0.301630 0.160886
v 0.483162 0.303009 0.182213
v 0.468587 0.275074 0.197274
v 0.440080 0.274099 0.182193
v 0.485283 0.314734 0.226259
v 0.470086 0.283365 0.228419
v 0.447088 0.325082 0.248978
v 0.443079 0.290682 0.244484
v 0.406773 0.323703 0.227651
v 0.414572 0.289707 0.229404
v 0.404652 0.311977 0.183605
v 0.413072 0.281415 0.198258
v 0.440176 0.269564 0.216821
v -0.549324 0.873464 -2.454785
v -0.512439 0.851850 -2.457199
v -0.549324 0.830736 -2.451984
v -0.512439 0.894578 -2.460000
v -0.549324 0.916193 -2.457586
v -0.586210 0.895079 -2.452371
v -0.586210 0.852350 -2.449570
v -0.299224 0.908888 -1.021846
v -0.399821 0.851304 -1.007623
v -0.299224 1.025419 -1.029485
v -0.399821 1.084367 -1.022902
v -0.500418 1.026783 -1.008679
v -0.500418 0.910252 -1.001040
v -0.399821 0.967835 -1.015263
v -0.495408 1.067111 -1.821403
v -0.458347 1.045672 -1.820799
v -0.495408 1.024454 -1.817665
v -0.458347 1.088328 -1.824537
v -0.495408 1.109767 -1.825142
v -0.532470 1.088550 -1.822008
v -0.532470 1.045893 -1.818270
v -0.367649 1.076673 -1.043451
v -0.468725 1.018807 -1.034906
v -0.367649 1.193009 -1.053646
v -0.468725 1.251479 -1.055296
v -0.569802 1.193613 -1.046751
v -0.569802 1.077277 -1.036555
v -0.468725 1.135143 -1.045101
v 0.617994 0.954134 -2.034119
v 0.654895 0.932412 -2.034015
v 0.617994 0.911896 -2.041153
v 0.654895 0.974650 -2.026982
v 0.617994 0.996373 -2.027086
v 0.581093 0.975856 -2.034223
v 0.581093 0.933618 -2.041257
v 0.618490 0.729528 -1.040827
v 0.517851 0.673575 -1.060294
v 0.618490 0.844723 -1.021644
v 0.517851 0.903966 -1.021927
v 0.417212 0.848012 -1.041394
v 0.417212 0.732817 -1.060578
v 0.517851 0.788770 -1.041111
vt 0.500000 0.578125
vt 0.518628 0.605061
vt 0.500000 0.608022
vt 0.533566 0.596766
vt 0.541856 0.584778
vt 0.541856 0.571472
vt 0.533566 0.559484
vt 0.518628 0.551189
vt 0.500000 0.548228
vt 0.481372 0.551189
vt 0.466434 0.559484
vt 0.458144 0.571472
vt 0.458144 0.584778
vt 0.466434 0.596766
vt 0.481372 0.605061
vt 0.534419 0.627897
vt 0.500000 0.633368
vt 0.562022 0.612568
vt 0.577340 0.590418
vt 0.577340 0.565832
vt 0.562022 0.543682
vt 0.534419 0.528353
vt 0.500000 0.522882
vt 0.465581 0.528353
vt 0.437978 0.543682
vt 0.422660 0.565832
vt 0.422660 0.590418
vt 0.437978 0.612568
vt 0.465581 0.627897
vt 0.544971 0.643155
vt 0.500000 0.650303
vt 0.581035 0.623127
vt 0.601049 0.594186
vt 0.601049 0.562064
vt 0.581035 0.533123
vt 0.544971 0.513095
vt 0.500000 0.505947
vt 0.455029 0.513095
vt 0.418965 0.533123
vt 0.398951 0.562064
vt 0.398951 0.594186
vt 0.418965 0.623127
vt 0.455029 0.643155
vt 0.726562 0.548228
vt 0.771534 0.548228
vt 0.775239 0.578125
vt 0.726562 0.578125
vt 0.817605 0.548228
vt 0.789566 0.548228
vt 0.794757 0.578125
vt 0.825106 0.578125
vt 0.749048 0.548228
vt 0.750901 0.578125
vt 0.704077 0.548228
vt 0.702224 0.578125
vt 0.663559 0.548228
vt 0.658368 0.578125
vt 0.635520 0.548228
vt 0.628019 0.578125
vt 0.771534 0.548228
vt 0.726562 0.548228
vt 0.726562 0.578125
vt 0.775239 0.578125
vt 0.681591 0.548228
vt 0.677886 0.578125
vt 0.681591 0.548228
vt 0.677886 0.578125
vt 0.771534 0.608022
vt 0.726562 0.608022
vt 0.789566 0.608022
vt 0.817605 0.608022
vt 0.749048 0.608022
vt 0.704077 0.608022
vt 0.663559 0.608022
vt 0.635520 0.608022
vt 0.726562 0.608022
vt 0.771534 0.608022
vt 0.681591 0.608022
vt 0.681591 0.608022
vt 0.500000 0.578125
vt 0.530838 0.620108
vt 0.489061 0.626409
vt 0.560837 0.597771
vt 0.567597 0.567930
vt 0.548538 0.541983
vt 0.510939 0.529841
vt 0.469162 0.536142
vt 0.439163 0.558479
vt 0.432403 0.588320
vt 0.451462 0.614267
vt 0.715623 0.514921
vt 0.757401 0.514921
vt 0.776460 0.553983
vt 0.708862 0.553983
vt 0.785339 0.514921
vt 0.754067 0.514921
vt 0.771066 0.553983
vt 0.821665 0.553983
vt 0.712290 0.514921
vt 0.703468 0.553983
vt 0.675964 0.514921
vt 0.644692 0.553983
vt 0.775101 0.514921
vt 0.737502 0.514921
vt 0.744263 0.553983
vt 0.805099 0.553983
vt 0.695724 0.514921
vt 0.676665 0.553983
vt 0.667786 0.514921
vt 0.699058 0.514921
vt 0.682059 0.553983
vt 0.631460 0.553983
vt 0.740835 0.514921
vt 0.749657 0.553983
vt 0.777161 0.514921
vt 0.808433 0.553983
vt 0.678024 0.514921
vt 0.648026 0.553983
vt 0.776460 0.602267
vt 0.708862 0.602267
vt 0.771066 0.602267
vt 0.821665 0.602267
vt 0.703468 0.602267
vt 0.644692 0.602267
vt 0.744263 0.602267
vt 0.805099 0.602267
vt 0.676665 0.602267
vt 0.682059 0.602267
vt 0.631460 0.602267
vt 0.749657 0.602267
vt 0.808433 0.602267
vt 0.648026 0.602267
vt 0.757401 0.641329
vt 0.715623 0.641329
vt 0.754067 0.641329
vt 0.785339 0.641329
vt 0.712290 0.641329
vt 0.675964 0.641329
vt 0.737502 0.641329
vt 0.775101 0.641329
vt 0.695724 0.641329
vt 0.699058 0.641329
vt 0.667786 0.641329
vt 0.740835 0.641329
vt 0.777161 0.641329
vt 0.678024 0.641329
vt 0.033788 0.324970
vt 0.070719 0.285457
vt 0.093815 0.322096
vt 0.067701 0.350035
vt 0.023825 0.285457
vt 0.070700 0.281250
vt 0.062718 0.319121
vt 0.029572 0.322096
vt 0.101562 0.316555
vt 0.084541 0.344085
vt 0.055700 0.316555
vt 0.018769 0.356068
vt 0.057081 0.372025
vt 0.083195 0.344085
vt 0.085550 0.292206
vt 0.038675 0.281250
vt 0.040073 0.322771
vt 0.073219 0.330519
vt 0.007812 0.360275
vt 0.049334 0.375000
vt 0.018250 0.350035
vt 0.050032 0.357953
vt 0.084541 0.356633
vt 0.050032 0.361604
vt 0.018250 0.341139
vt 0.046713 0.342077
vt 0.093588 0.367397
vt 0.095536 0.313821
vt 0.062391 0.295917
vt 0.085377 0.367397
vt 0.038502 0.375000
vt 0.041711 0.319197
vt 0.074856 0.313821
vt 0.101562 0.375000
vt 0.062662 0.357282
vt 0.073669 0.306668
vt 0.101175 0.319197
vt 0.015787 0.331961
vt 0.040523 0.288764
vt 0.023998 0.331961
vt 0.070873 0.324358
vt 0.064600 0.283388
vt 0.031454 0.288764
vt 0.007812 0.324358
vt 0.034884 0.283388
vt 0.086301 0.335828
vt 0.074856 0.368974
vt 0.052520 0.346994
vt 0.052520 0.281250
vt 0.041711 0.374613
vt 0.020010 0.347106
vt 0.031454 0.313961
vt 0.064600 0.308322
vt 0.012252 0.281250
vt 0.059127 0.283485
vt 0.053193 0.342135
vt 0.020048 0.340554
vt 0.101562 0.300354
vt 0.083200 0.354062
vt 0.026916 0.307156
vt 0.041549 0.354031
vt 0.090972 0.339845
vt 0.080625 0.306699
vt 0.097123 0.314987
vt 0.050248 0.312752
vt 0.046915 0.362829
vt 0.080061 0.364410
vt 0.007812 0.295883
vt 0.016909 0.350901
vt 0.022446 0.349094
vt 0.007812 0.302219
vt 0.067117 0.303209
vt 0.077464 0.336355
vt 0.020048 0.303209
vt 0.053193 0.288382
vt 0.048135 0.318794
vt 0.083200 0.306699
vt 0.080061 0.339845
vt 0.046915 0.354673
vt 0.016909 0.336355
vt 0.500000 0.578125
vt 0.522168 0.621415
vt 0.480391 0.626409
vt 0.555478 0.599885
vt 0.567597 0.570044
vt 0.553897 0.543290
vt 0.519609 0.529841
vt 0.477832 0.534835
vt 0.444522 0.556365
vt 0.432403 0.586206
vt 0.446103 0.612960
vt 0.706953 0.514921
vt 0.748731 0.514921
vt 0.762431 0.553983
vt 0.694834 0.553983
vt 0.787168 0.514921
vt 0.757027 0.514921
vt 0.775855 0.553983
vt 0.824624 0.553983
vt 0.715249 0.514921
vt 0.708258 0.553983
vt 0.677793 0.514921
vt 0.647652 0.553983
vt 0.531729 0.500000
vt 0.587207 0.521760
vt 0.746172 0.514921
vt 0.704394 0.514921
vt 0.690694 0.553983
vt 0.758291 0.553983
vt 0.665957 0.514921
vt 0.696098 0.514921
vt 0.677270 0.553983
vt 0.628501 0.553983
vt 0.737876 0.514921
vt 0.744867 0.553983
vt 0.775332 0.514921
vt 0.805473 0.553983
vt 0.468271 0.656250
vt 0.412793 0.634490
vt 0.762431 0.602267
vt 0.694834 0.602267
vt 0.775855 0.602267
vt 0.824624 0.602267
vt 0.708258 0.602267
vt 0.647652 0.602267
vt 0.813769 0.553983
vt 0.758291 0.602267
vt 0.813769 0.602267
vt 0.690694 0.602267
vt 0.677270 0.602267
vt 0.628501 0.602267
vt 0.744867 0.602267
vt 0.805473 0.602267
vt 0.639356 0.553983
vt 0.639356 0.602267
vt 0.748731 0.641329
vt 0.706953 0.641329
vt 0.757027 0.641329
vt 0.787168 0.641329
vt 0.715249 0.641329
vt 0.677793 0.641329
vt 0.704394 0.641329
vt 0.746172 0.641329
vt 0.696098 0.641329
vt 0.665957 0.641329
vt 0.737876 0.641329
vt 0.775332 0.641329
vt 0.765625 0.449045
vt 0.730182 0.476562
vt 0.723145 0.426867
vt 0.748207 0.407409
vt 0.683307 0.472929
vt 0.689999 0.424298
vt 0.744925 0.472929
vt 0.700724 0.441778
vt 0.723514 0.402271
vt 0.754769 0.424298
vt 0.671875 0.414260
vt 0.703115 0.382812
vt 0.605756 0.382812
vt 0.652631 0.398165
vt 0.638562 0.424908
vt 0.605416 0.414052
vt 0.687227 0.417893
vt 0.731429 0.449045
vt 0.745226 0.407409
vt 0.713971 0.385382
vt 0.713534 0.388035
vt 0.588437 0.465707
vt 0.580354 0.434452
vt 0.611972 0.452885
vt 0.646645 0.456163
vt 0.676107 0.396328
vt 0.722982 0.382812
vt 0.715449 0.416906
vt 0.682303 0.426463
vt 0.765625 0.411481
vt 0.745602 0.437178
vt 0.729500 0.411481
vt 0.694093 0.453664
vt 0.731262 0.467006
vt 0.756298 0.437178
vt 0.659830 0.405030
vt 0.612955 0.382812
vt 0.607901 0.426489
vt 0.641047 0.442199
vt 0.570312 0.396002
vt 0.577748 0.435815
vt 0.685065 0.438511
vt 0.720472 0.396328
vt 0.749915 0.426463
vt 0.724878 0.456291
vt 0.709849 0.455738
vt 0.742609 0.467006
vt 0.608287 0.465321
vt 0.679311 0.456291
vt 0.742757 0.469588
vt 0.695882 0.445717
vt 0.713941 0.398348
vt 0.747087 0.415227
vt 0.671875 0.445717
vt 0.716752 0.428820
vt 0.714749 0.386400
vt 0.683016 0.398348
vt 0.763627 0.435794
vt 0.747894 0.391332
vt 0.694743 0.435794
vt 0.741618 0.459666
vt 0.746281 0.408211
vt 0.713135 0.391332
vt 0.765625 0.459666
vt 0.720748 0.476562
vt 0.717575 0.420159
vt 0.749307 0.408211
vt 0.673873 0.469588
vt 0.684429 0.415227
vt 0.582867 0.458024
vt 0.581454 0.424879
vt 0.613527 0.445754
vt 0.613186 0.407903
vt 0.646332 0.424073
vt 0.647745 0.457218
vt 0.616012 0.474194
vt 0.500000 0.578125
vt 0.529094 0.620129
vt 0.487316 0.626409
vt 0.559758 0.597805
vt 0.567597 0.567964
vt 0.549617 0.542004
vt 0.512684 0.529841
vt 0.470906 0.536121
vt 0.440242 0.558445
vt 0.432403 0.588286
vt 0.450383 0.614246
vt 0.547074 0.646089
vt 0.479477 0.656250
vt 0.596691 0.609968
vt 0.754115 0.514921
vt 0.712337 0.514921
vt 0.703545 0.553983
vt 0.771143 0.553983
vt 0.675993 0.514921
vt 0.644740 0.553983
vt 0.520523 0.500000
vt 0.580281 0.519680
vt 0.452926 0.510161
vt 0.403309 0.546282
vt 0.699010 0.514921
vt 0.740788 0.514921
vt 0.749580 0.553983
vt 0.681982 0.553983
vt 0.777132 0.514921
vt 0.808385 0.553983
vt 0.419719 0.636570
vt 0.706040 0.553983
vt 0.773637 0.553983
vt 0.773637 0.602267
vt 0.706040 0.602267
vt 0.821712 0.553983
vt 0.771143 0.602267
vt 0.821712 0.602267
vt 0.703545 0.602267
vt 0.644740 0.602267
vt 0.806844 0.553983
vt 0.747085 0.553983
vt 0.747085 0.602267
vt 0.806844 0.602267
vt 0.679488 0.553983
vt 0.679488 0.602267
vt 0.631413 0.553983
vt 0.681982 0.602267
vt 0.631413 0.602267
vt 0.749580 0.602267
vt 0.808385 0.602267
vt 0.646281 0.553983
vt 0.646281 0.602267
vt 0.712337 0.641329
vt 0.754115 0.641329
vt 0.675993 0.641329
vt 0.740788 0.641329
vt 0.699010 0.641329
vt 0.777132 0.641329
vt 0.703884 0.423423
vt 0.740187 0.463652
vt 0.762588 0.430576
vt 0.736918 0.402129
vt 0.751624 0.463652
vt 0.704749 0.476562
vt 0.705255 0.439705
vt 0.738401 0.430576
vt 0.744482 0.476562
vt 0.712473 0.449244
vt 0.742991 0.420388
vt 0.765625 0.439705
vt 0.676170 0.409015
vt 0.717321 0.391942
vt 0.584314 0.387107
vt 0.631189 0.382812
vt 0.623493 0.425221
vt 0.590348 0.428258
vt 0.664062 0.414821
vt 0.646739 0.447855
vt 0.748301 0.402129
vt 0.713667 0.400872
vt 0.682010 0.420388
vt 0.580447 0.453929
vt 0.612104 0.464054
vt 0.693712 0.437178
vt 0.682612 0.476562
vt 0.741160 0.464965
vt 0.749010 0.437117
vt 0.634866 0.393549
vt 0.587991 0.382812
vt 0.591860 0.444506
vt 0.625006 0.452098
vt 0.671875 0.469072
vt 0.672239 0.422197
vt 0.733826 0.426523
vt 0.733568 0.459668
vt 0.683340 0.382812
vt 0.741675 0.398674
vt 0.599509 0.394277
vt 0.646384 0.405014
vt 0.633150 0.460204
vt 0.600004 0.452612
vt 0.694076 0.390303
vt 0.749267 0.403971
vt 0.747213 0.437117
vt 0.726568 0.464965
vt 0.712128 0.432703
vt 0.693423 0.459668
vt 0.680922 0.426523
vt 0.701567 0.398674
vt 0.734712 0.403971
vt 0.026288 0.281250
vt 0.073163 0.282149
vt 0.064027 0.327416
vt 0.030881 0.326780
vt 0.008712 0.292315
vt 0.042809 0.324767
vt 0.078088 0.304197
vt 0.053978 0.281250
vt 0.076006 0.366110
vt 0.101562 0.333431
vt 0.083087 0.366110
vt 0.036212 0.375000
vt 0.037899 0.339717
vt 0.071044 0.333431
vt 0.075107 0.375000
vt 0.041010 0.342548
vt 0.076816 0.316770
vt 0.100926 0.339717
vt 0.007812 0.301205
vt 0.053342 0.287537
vt 0.049420 0.365612
vt 0.084108 0.351526
vt 0.084108 0.304197
vt 0.049420 0.300885
vt 0.017817 0.316770
vt 0.017817 0.350254
vt 0.500000 0.578125
vt 0.519197 0.626409
vt 0.477420 0.624962
vt 0.553642 0.609413
vt 0.567597 0.580466
vt 0.555733 0.550624
vt 0.522580 0.531288
vt 0.480803 0.529841
vt 0.446358 0.546837
vt 0.432403 0.575784
vt 0.444267 0.605626
vt 0.703982 0.514921
vt 0.745760 0.514921
vt 0.757624 0.553983
vt 0.690027 0.553983
vt 0.586795 0.628749
vt 0.531062 0.656250
vt 0.609375 0.581912
vt 0.590178 0.533628
vt 0.536536 0.502341
vt 0.749143 0.514921
vt 0.707365 0.514921
vt 0.695501 0.553983
vt 0.763098 0.553983
vt 0.413205 0.527501
vt 0.468938 0.500000
vt 0.390625 0.574338
vt 0.409822 0.622622
vt 0.463464 0.653909
vt 0.757624 0.602267
vt 0.690027 0.602267
vt 0.813357 0.553983
vt 0.813357 0.602267
vt 0.797437 0.553983
vt 0.731864 0.553983
vt 0.731864 0.602267
vt 0.797437 0.602267
vt 0.664267 0.553983
vt 0.664267 0.602267
vt 0.816740 0.553983
vt 0.763098 0.602267
vt 0.816740 0.602267
vt 0.695501 0.602267
vt 0.639768 0.553983
vt 0.639768 0.602267
vt 0.655688 0.553983
vt 0.721261 0.553983
vt 0.721261 0.602267
vt 0.655688 0.602267
vt 0.788858 0.553983
vt 0.788858 0.602267
vt 0.636385 0.553983
vt 0.636385 0.602267
vt 0.745760 0.641329
vt 0.703982 0.641329
vt 0.707365 0.641329
vt 0.749143 0.641329
vt 0.613529 0.382812
vt 0.660404 0.412898
vt 0.635632 0.454019
vt 0.602487 0.432745
vt 0.701960 0.398654
vt 0.732944 0.444615
vt 0.764990 0.425220
vt 0.743081 0.392721
vt 0.765625 0.444615
vt 0.722409 0.476562
vt 0.709224 0.447810
vt 0.739782 0.425220
vt 0.620846 0.444779
vt 0.573971 0.414694
vt 0.574516 0.455289
vt 0.607661 0.476562
vt 0.703756 0.462550
vt 0.672773 0.416590
vt 0.722443 0.405403
vt 0.744352 0.437902
vt 0.570312 0.383711
vt 0.571928 0.433380
vt 0.600057 0.471578
vt 0.737195 0.392721
vt 0.701619 0.408978
vt 0.676078 0.437902
vt 0.760640 0.408978
vt 0.014299 0.334801
vt 0.054772 0.297321
vt 0.077530 0.333359
vt 0.048911 0.359862
vt 0.088759 0.281250
vt 0.101562 0.321995
vt 0.045582 0.281250
vt 0.092457 0.302659
vt 0.073133 0.337133
vt 0.039988 0.321995
vt 0.082273 0.302659
vt 0.041800 0.340139
vt 0.068357 0.363636
vt 0.096976 0.337133
vt 0.101562 0.315237
vt 0.063793 0.281250
vt 0.052864 0.317762
vt 0.079571 0.341795
vt 0.016918 0.287736
vt 0.019718 0.322349
vt 0.013280 0.350967
vt 0.043004 0.356595
vt 0.013280 0.333359
vt 0.043004 0.360828
vt 0.073133 0.370414
vt 0.702818 0.409846
vt 0.748264 0.382812
vt 0.755370 0.434855
vt 0.723235 0.453971
vt 0.685509 0.382812
vt 0.732384 0.385270
vt 0.722808 0.436593
vt 0.689662 0.434855
vt 0.765625 0.414762
vt 0.746313 0.457447
vt 0.731823 0.414762
vt 0.686377 0.441796
vt 0.711610 0.476562
vt 0.743745 0.457447
vt 0.650428 0.397315
vt 0.603553 0.382812
vt 0.601964 0.412293
vt 0.635109 0.422547
vt 0.671875 0.439338
vt 0.701355 0.474824
vt 0.578459 0.434173
vt 0.588100 0.466308
vt 0.609292 0.451125
vt 0.710855 0.473688
vt 0.621245 0.476562
vt 0.644750 0.454682
vt 0.500000 0.578125
vt 0.523075 0.620912
vt 0.481297 0.626409
vt 0.556038 0.599071
vt 0.567597 0.569230
vt 0.553337 0.542787
vt 0.518703 0.529841
vt 0.476925 0.535338
vt 0.443962 0.557179
vt 0.432403 0.587020
vt 0.446663 0.613463
vt 0.537335 0.647355
vt 0.469738 0.656250
vt 0.590672 0.612017
vt 0.755887 0.514921
vt 0.714110 0.514921
vt 0.706413 0.553983
vt 0.774011 0.553983
vt 0.677089 0.514921
vt 0.646512 0.553983
vt 0.530262 0.500000
vt 0.586300 0.520946
vt 0.462665 0.508895
vt 0.409328 0.544233
vt 0.697238 0.514921
vt 0.739015 0.514921
vt 0.746712 0.553983
vt 0.679114 0.553983
vt 0.776036 0.514921
vt 0.806613 0.553983
vt 0.413700 0.635304
vt 0.696300 0.553983
vt 0.763898 0.553983
vt 0.763898 0.602267
vt 0.696300 0.602267
vt 0.823485 0.553983
vt 0.774011 0.602267
vt 0.823485 0.602267
vt 0.706413 0.602267
vt 0.646512 0.602267
vt 0.812863 0.553983
vt 0.756825 0.553983
vt 0.756825 0.602267
vt 0.812863 0.602267
vt 0.689227 0.553983
vt 0.689227 0.602267
vt 0.629640 0.553983
vt 0.679114 0.602267
vt 0.629640 0.602267
vt 0.746712 0.602267
vt 0.806613 0.602267
vt 0.640262 0.553983
vt 0.640262 0.602267
vt 0.714110 0.641329
vt 0.755887 0.641329
vt 0.677089 0.641329
vt 0.739015 0.641329
vt 0.697238 0.641329
vt 0.776036 0.641329
vt 0.058861 0.341372
vt 0.094047 0.373121
vt 0.101562 0.324822
vt 0.076683 0.302372
vt 0.073654 0.373121
vt 0.026779 0.375000
vt 0.031518 0.326151
vt 0.064664 0.324822
vt 0.086115 0.375000
vt 0.042998 0.345129
vt 0.065466 0.305029
vt 0.095954 0.326151
vt 0.007812 0.313379
vt 0.040586 0.282578
vt 0.035721 0.281250
vt 0.082596 0.289181
vt 0.070987 0.319632
vt 0.037841 0.314023
vt 0.015744 0.311501
vt 0.046194 0.281250
vt 0.084398 0.302372
vt 0.049829 0.287318
vt 0.031518 0.369392
vt 0.018107 0.338903
vt 0.049829 0.352856
vt 0.084398 0.350120
vt 0.099007 0.283743
vt 0.052132 0.293741
vt 0.057427 0.352232
vt 0.090572 0.345163
vt 0.007812 0.301246
vt 0.026088 0.357539
vt 0.076038 0.301246
vt 0.029163 0.298753
vt 0.035858 0.355777
vt 0.069004 0.357539
vt 0.010368 0.298753
vt 0.057243 0.288755
vt 0.061040 0.348707
vt 0.027895 0.355777
vt 0.101562 0.281250
vt 0.092379 0.343400
vt 0.033337 0.281250
vt 0.080212 0.283743
vt 0.071955 0.345163
vt 0.038809 0.343400
vt 0.071955 0.364010
vt 0.087052 0.330864
vt 0.053583 0.334554
vt 0.069004 0.299525
vt 0.035858 0.301332
vt 0.020761 0.334478
vt 0.038809 0.365817
vt 0.077928 0.300350
vt 0.035849 0.335617
vt 0.061878 0.363568
vt 0.091632 0.338630
vt 0.101562 0.309286
vt 0.060146 0.281250
vt 0.054391 0.315491
vt 0.083678 0.335315
vt 0.013271 0.295293
vt 0.021246 0.325421
vt 0.021856 0.332685
vt 0.063935 0.297418
vt 0.081738 0.336557
vt 0.051983 0.361494
vt 0.007812 0.297418
vt 0.049229 0.281250
vt 0.046673 0.325125
vt 0.017386 0.336557
vt 0.096104 0.300350
vt 0.079818 0.338630
vt 0.079818 0.365070
vt 0.048811 0.354323
vt 0.017386 0.355176
vt 0.048811 0.363957
vt 0.500000 0.578125
vt 0.511412 0.623952
vt 0.469634 0.626409
vt 0.548830 0.603990
vt 0.567597 0.574149
vt 0.560545 0.545827
vt 0.530366 0.529841
vt 0.488588 0.532298
vt 0.451170 0.552260
vt 0.432403 0.582101
vt 0.439455 0.610423
vt 0.518465 0.652274
vt 0.450867 0.656250
vt 0.579009 0.619976
vt 0.609375 0.571692
vt 0.597963 0.525865
vt 0.549133 0.500000
vt 0.481535 0.503976
vt 0.420991 0.536274
vt 0.390625 0.584558
vt 0.402037 0.630385
vt 0.677430 0.553983
vt 0.745027 0.553983
vt 0.745027 0.602267
vt 0.677430 0.602267
vt 0.805572 0.553983
vt 0.805572 0.602267
vt 0.785154 0.553983
vt 0.717556 0.553983
vt 0.717556 0.602267
vt 0.785154 0.602267
vt 0.653399 0.553983
vt 0.653399 0.602267
vt 0.824526 0.553983
vt 0.775695 0.553983
vt 0.775695 0.602267
vt 0.824526 0.602267
vt 0.708098 0.553983
vt 0.708098 0.602267
vt 0.647553 0.553983
vt 0.647553 0.602267
vt 0.667971 0.553983
vt 0.735569 0.553983
vt 0.735569 0.602267
vt 0.667971 0.602267
vt 0.799726 0.553983
vt 0.799726 0.602267
vt 0.628599 0.553983
vt 0.628599 0.602267
vt 0.728380 0.437246
vt 0.681505 0.420984
vt 0.688046 0.464821
vt 0.721192 0.476321
vt 0.685211 0.420984
vt 0.732086 0.393767
vt 0.741359 0.445576
vt 0.708213 0.464821
vt 0.671875 0.393767
vt 0.709120 0.382812
vt 0.707574 0.437830
vt 0.681237 0.445576
vt 0.755995 0.399075
vt 0.740719 0.449329
vt 0.752289 0.399075
vt 0.705414 0.426292
vt 0.722499 0.468575
vt 0.755645 0.449329
vt 0.664062 0.416352
vt 0.626817 0.382812
vt 0.619629 0.409721
vt 0.645966 0.433437
vt 0.586484 0.419151
vt 0.611011 0.448325
vt 0.579675 0.452296
vt 0.606011 0.476012
vt 0.712574 0.476562
vt 0.639157 0.466582
vt 0.028163 0.375000
vt 0.007812 0.329572
vt 0.064184 0.324277
vt 0.078574 0.356400
vt 0.011410 0.282697
vt 0.066728 0.291131
vt 0.031936 0.284847
vt 0.078811 0.308795
vt 0.060451 0.357099
vt 0.027306 0.340165
vt 0.035357 0.281250
vt 0.055708 0.326678
vt 0.098052 0.322231
vt 0.083661 0.290108
vt 0.052111 0.373553
vt 0.095508 0.355377
vt 0.077439 0.325549
vt 0.030564 0.301601
vt 0.026335 0.352012
vt 0.059481 0.368946
vt 0.026335 0.356400
vt 0.010248 0.324277
vt 0.038715 0.321236
vt 0.027306 0.291131
vt 0.060451 0.290108
vt 0.076539 0.322231
vt 0.059481 0.355377
vt 0.740022 0.471876
vt 0.694736 0.441510
vt 0.717747 0.400971
vt 0.749768 0.422443
vt 0.671875 0.415829
vt 0.701581 0.382812
vt 0.612677 0.382812
vt 0.659552 0.405237
vt 0.641328 0.428375
vt 0.608182 0.412519
vt 0.694300 0.420516
vt 0.739585 0.450882
vt 0.749460 0.407599
vt 0.717438 0.386126
vt 0.765625 0.450882
vt 0.723260 0.476562
vt 0.716123 0.425757
vt 0.746079 0.407599
vt 0.676385 0.471876
vt 0.682977 0.422443
vt 0.581415 0.460706
vt 0.578226 0.428684
vt 0.608962 0.451351
vt 0.644517 0.460397
vt 0.710525 0.386925
vt 0.500000 0.578125
vt 0.502677 0.625417
vt 0.460900 0.626409
vt 0.543432 0.606362
vt 0.567597 0.576521
vt 0.565943 0.547292
vt 0.539100 0.529841
vt 0.497323 0.530833
vt 0.456568 0.549888
vt 0.432403 0.579729
vt 0.434057 0.608958
vt 0.504332 0.654646
vt 0.436734 0.656250
vt 0.570275 0.623813
vt 0.766094 0.514921
vt 0.724317 0.514921
vt 0.722929 0.553983
vt 0.790526 0.553983
vt 0.683397 0.514921
vt 0.656719 0.553983
vt 0.563266 0.500000
vt 0.606698 0.528237
vt 0.495668 0.501604
vt 0.429725 0.532437
vt 0.687031 0.514921
vt 0.728808 0.514921
vt 0.730196 0.553983
vt 0.662599 0.553983
vt 0.769728 0.514921
vt 0.796406 0.553983
vt 0.393302 0.628013
vt 0.663297 0.553983
vt 0.730894 0.553983
vt 0.730894 0.602267
vt 0.663297 0.602267
vt 0.796837 0.553983
vt 0.796837 0.602267
vt 0.722929 0.602267
vt 0.790526 0.602267
vt 0.656719 0.602267
vt 0.617188 0.553983
vt 0.617188 0.602267
vt 0.789828 0.553983
vt 0.722231 0.553983
vt 0.722231 0.602267
vt 0.789828 0.602267
vt 0.656288 0.553983
vt 0.656288 0.602267
vt 0.730196 0.602267
vt 0.662599 0.602267
vt 0.796406 0.602267
vt 0.835938 0.553983
vt 0.835938 0.602267
vt 0.724317 0.641329
vt 0.766094 0.641329
vt 0.683397 0.641329
vt 0.728808 0.641329
vt 0.687031 0.641329
vt 0.769728 0.641329
vt 0.716295 0.442059
vt 0.671875 0.415858
vt 0.678420 0.458036
vt 0.709830 0.476562
vt 0.693026 0.415858
vt 0.738909 0.386235
vt 0.748137 0.437089
vt 0.715693 0.458036
vt 0.674330 0.386235
vt 0.721205 0.382812
vt 0.713302 0.434669
vt 0.680157 0.437089
vt 0.765625 0.409013
vt 0.744712 0.453196
vt 0.742489 0.409013
vt 0.696606 0.438636
vt 0.718225 0.474142
vt 0.750669 0.453196
vt 0.661607 0.407544
vt 0.614732 0.382812
vt 0.608267 0.411675
vt 0.641413 0.429163
vt 0.576858 0.426631
vt 0.607028 0.450507
vt 0.578594 0.459075
vt 0.708590 0.473502
vt 0.643149 0.461606
vt 0.035733 0.303869
vt 0.071104 0.281250
vt 0.096295 0.312801
vt 0.071284 0.328795
vt 0.043101 0.281250
vt 0.089976 0.302612
vt 0.066916 0.327906
vt 0.033770 0.312801
vt 0.078553 0.302612
vt 0.050632 0.346593
vt 0.081819 0.359006
vt 0.101562 0.327906
vt 0.101562 0.324070
vt 0.066274 0.288699
vt 0.050155 0.330246
vt 0.075108 0.355257
vt 0.019399 0.281250
vt 0.017009 0.324979
vt 0.007812 0.347851
vt 0.051541 0.359895
vt 0.008817 0.328795
vt 0.036692 0.351634
vt 0.075108 0.359006
vt 0.036692 0.363811
vt 0.090374 0.351634
vt 0.036260 0.302219
vt 0.074656 0.342600
vt 0.094528 0.315446
vt 0.067378 0.286893
vt 0.101562 0.342600
vt 0.057998 0.375000
vt 0.044889 0.338356
vt 0.075694 0.315446
vt 0.011123 0.367020
vt 0.011743 0.332714
vt 0.056157 0.367020
vt 0.017761 0.326640
vt 0.054297 0.304160
vt 0.081447 0.332714
vt 0.007812 0.291199
vt 0.051377 0.281250
vt 0.040207 0.320700
vt 0.009402 0.327735
vt 0.098252 0.309697
vt 0.073353 0.340815
vt 0.073353 0.286893
vt 0.037520 0.299524
vt 0.086095 0.299524
vt 0.037520 0.359532
vt 0.500000 0.578125
vt 0.536692 0.618142
vt 0.494914 0.626409
vt 0.564454 0.594591
vt 0.567597 0.564750
vt 0.544921 0.540017
vt 0.505086 0.529841
vt 0.463308 0.538108
vt 0.435546 0.561659
vt 0.432403 0.591500
vt 0.455079 0.616233
vt 0.559368 0.642875
vt 0.491771 0.656250
vt 0.782587 0.514921
vt 0.749615 0.514921
vt 0.763862 0.553983
vt 0.817212 0.553983
vt 0.707837 0.514921
vt 0.696264 0.553983
vt 0.673212 0.514921
vt 0.640240 0.553983
vt 0.508229 0.500000
vt 0.572683 0.516466
vt 0.440632 0.513375
vt 0.670538 0.514921
vt 0.703510 0.514921
vt 0.689263 0.553983
vt 0.635913 0.553983
vt 0.745288 0.514921
vt 0.756861 0.553983
vt 0.779913 0.514921
vt 0.812885 0.553983
vt 0.427317 0.639784
vt 0.718333 0.553983
vt 0.785931 0.553983
vt 0.785931 0.602267
vt 0.718333 0.602267
vt 0.763862 0.602267
vt 0.817212 0.602267
vt 0.696264 0.602267
vt 0.640240 0.602267
vt 0.799246 0.553983
vt 0.734792 0.553983
vt 0.734792 0.602267
vt 0.799246 0.602267
vt 0.667194 0.553983
vt 0.667194 0.602267
vt 0.689263 0.602267
vt 0.635913 0.602267
vt 0.756861 0.602267
vt 0.812885 0.602267
vt 0.653879 0.553983
vt 0.653879 0.602267
vt 0.749615 0.641329
vt 0.782587 0.641329
vt 0.707837 0.641329
vt 0.673212 0.641329
vt 0.703510 0.641329
vt 0.670538 0.641329
vt 0.745288 0.641329
vt 0.779913 0.641329
vt 0.635491 0.382885
vt 0.588616 0.382812
vt 0.595424 0.439781
vt 0.628570 0.439832
vt 0.671875 0.469384
vt 0.694311 0.422509
vt 0.744708 0.437479
vt 0.728843 0.470625
vt 0.716818 0.382812
vt 0.760623 0.409409
vt 0.598884 0.427756
vt 0.645759 0.427828
vt 0.635830 0.471611
vt 0.602685 0.471561
vt 0.716890 0.389991
vt 0.694455 0.436866
vt 0.744810 0.447631
vt 0.760674 0.414485
vt 0.671947 0.476562
vt 0.728894 0.475701
vt 0.614981 0.476562
vt 0.696986 0.470625
vt 0.684044 0.437479
vt 0.716543 0.447885
vt 0.704247 0.409409
vt 0.737393 0.414485
vt 0.750335 0.447631
vt 0.730132 0.475701
vt 0.714038 0.382812
vt 0.760913 0.394622
vt 0.747926 0.446844
vt 0.714780 0.438493
vt 0.746178 0.394622
vt 0.699303 0.420238
vt 0.717515 0.464957
vt 0.750661 0.446844
vt 0.765625 0.420238
vt 0.723462 0.434044
vt 0.721444 0.474720
vt 0.751258 0.464957
vt 0.676587 0.422235
vt 0.688299 0.466369
vt 0.691322 0.422235
vt 0.738197 0.396619
vt 0.745018 0.448256
vt 0.711872 0.466369
vt 0.671875 0.396619
vt 0.684967 0.448256
vt 0.613218 0.475350
vt 0.646363 0.461599
vt 0.616286 0.447389
vt 0.649695 0.428453
vt 0.619882 0.409059
vt 0.586736 0.422810
vt 0.583404 0.455955
vt 0.025829 0.326046
vt 0.046747 0.281250
vt 0.092970 0.306472
vt 0.078178 0.338147
vt 0.032253 0.320185
vt 0.079128 0.323087
vt 0.070396 0.368460
vt 0.037250 0.366408
vt 0.049650 0.283329
vt 0.031633 0.330204
vt 0.082283 0.341087
vt 0.095022 0.307942
vt 0.010715 0.375000
vt 0.067491 0.372763
vt 0.077122 0.284152
vt 0.030247 0.281250
vt 0.035832 0.338877
vt 0.068977 0.340929
vt 0.007812 0.372921
vt 0.065439 0.371293
vt 0.019968 0.338147
vt 0.037250 0.306472
vt 0.052462 0.344377
vt 0.070396 0.307942
vt 0.086260 0.341087
vt 0.068977 0.372763
vt 0.035832 0.371293
vt 0.500000 0.578125
vt 0.506815 0.625062
vt 0.465037 0.626409
vt 0.545989 0.605786
vt 0.567597 0.575945
vt 0.563386 0.546937
vt 0.534963 0.529841
vt 0.493185 0.531188
vt 0.454011 0.550464
vt 0.432403 0.580305
vt 0.436614 0.609313
vt 0.511027 0.654070
vt 0.443429 0.656250
vt 0.574412 0.622882
vt 0.609375 0.574598
vt 0.602560 0.527661
vt 0.556571 0.500000
vt 0.488973 0.502180
vt 0.425588 0.533368
vt 0.390625 0.581652
vt 0.397440 0.628589
vt 0.669992 0.553983
vt 0.737589 0.553983
vt 0.737589 0.602267
vt 0.669992 0.602267
vt 0.800975 0.553983
vt 0.800975 0.602267
vt 0.789222 0.553983
vt 0.721625 0.553983
vt 0.721625 0.602267
vt 0.789222 0.602267
vt 0.655913 0.553983
vt 0.655913 0.602267
vt 0.617188 0.553983
vt 0.617188 0.602267
vt 0.783133 0.553983
vt 0.715536 0.553983
vt 0.715536 0.602267
vt 0.783133 0.602267
vt 0.652150 0.553983
vt 0.652150 0.602267
vt 0.663903 0.553983
vt 0.731500 0.553983
vt 0.731500 0.602267
vt 0.663903 0.602267
vt 0.797212 0.553983
vt 0.797212 0.602267
vt 0.835938 0.553983
vt 0.835938 0.602267
vt 0.062995 0.363666
vt 0.016120 0.338951
vt 0.039071 0.293455
vt 0.072216 0.310931
vt 0.022651 0.338951
vt 0.069526 0.325570
vt 0.060872 0.283994
vt 0.027727 0.293455
vt 0.007812 0.325570
vt 0.046380 0.336905
vt 0.060468 0.292008
vt 0.033197 0.283994
vt 0.093255 0.361619
vt 0.093614 0.309484
vt 0.086724 0.361619
vt 0.039849 0.375000
vt 0.039887 0.318946
vt 0.073033 0.309484
vt 0.101562 0.375000
vt 0.099488 0.318946
vt 0.017234 0.345654
vt 0.027727 0.312508
vt 0.048596 0.344607
vt 0.060872 0.306634
vt 0.083525 0.333906
vt 0.073033 0.367051
vt 0.039887 0.372925
vt 0.054604 0.281693
vt 0.101479 0.314180
vt 0.074314 0.352341
vt 0.041168 0.329369
vt 0.040743 0.300072
vt 0.072787 0.345162
vt 0.101562 0.323918
vt 0.078904 0.292035
vt 0.101562 0.345162
vt 0.054771 0.375000
vt 0.041286 0.345017
vt 0.074373 0.323918
vt 0.054771 0.345782
vt 0.007896 0.313294
vt 0.008140 0.351715
vt 0.041286 0.374687
vt 0.039857 0.359748
vt 0.007812 0.314658
vt 0.055619 0.302348
vt 0.078277 0.334232
vt 0.007812 0.281250
vt 0.008081 0.329056
vt 0.035652 0.367889
vt 0.074314 0.292035
vt 0.035652 0.306184
vt 0.008140 0.334232
vt 0.094451 0.306184
vt 0.052222 0.335398
vt 0.099097 0.337726
vt 0.082150 0.290554
vt 0.049004 0.288908
vt 0.030509 0.337726
vt 0.077384 0.357527
vt 0.079683 0.304555
vt 0.046537 0.290554
vt 0.101562 0.357527
vt 0.057153 0.375000
vt 0.052492 0.316911
vt 0.083894 0.304555
vt 0.010278 0.372672
vt 0.019346 0.315264
vt 0.078866 0.372672
vt 0.031991 0.352871
vt 0.047585 0.301263
vt 0.080731 0.315264
vt 0.007812 0.352871
vt 0.017602 0.301263
vt 0.049004 0.303926
vt 0.082150 0.319975
vt 0.049116 0.340778
vt 0.083894 0.353121
vt 0.052492 0.370217
vt 0.019346 0.354169
vt 0.017602 0.321023
vt 0.645303 0.526323
vt 0.673418 0.513007
vt 0.645303 0.500000
vt 0.673418 0.539330
vt 0.645303 0.552646
vt 0.617188 0.539638
vt 0.617188 0.513315
vt 0.418740 0.500859
vt 0.446856 0.500300
vt 0.609375 0.654022
vt 0.532697 0.655545
vt 0.617607 0.513007
vt 0.617188 0.539330
vt 0.831673 0.619935
vt 0.832818 0.548145
vt 0.446856 0.500000
vt 0.418740 0.500259
vt 0.532697 0.653909
vt 0.609375 0.653204
vt 0.390625 0.500817
vt 0.456019 0.655432
vt 0.618331 0.539638
vt 0.618751 0.513315
vt 0.835938 0.548986
vt 0.834792 0.620775
vt 0.390625 0.501117
vt 0.456019 0.656250
vt 0.759259 0.512671
vt 0.835938 0.548145
vt 0.759259 0.584460
vt 0.835938 0.619935
vt 0.759259 0.656250
vt 0.682581 0.620775
vt 0.682581 0.548986
vt 0.697689 0.532438
vt 0.737793 0.518041
vt 0.697689 0.503792
vt 0.737793 0.546687
vt 0.697689 0.561084
vt 0.657585 0.546835
vt 0.657585 0.518189
vt 0.471126 0.501478
vt 0.511231 0.500859
vt 0.609375 0.654560
vt 0.500000 0.656250
vt 0.618390 0.518041
vt 0.617355 0.546687
vt 0.830750 0.616985
vt 0.833572 0.538860
vt 0.511231 0.500120
vt 0.471126 0.500000
vt 0.500000 0.652218
vt 0.609375 0.652545
vt 0.431022 0.500620
vt 0.390625 0.653908
vt 0.618055 0.546835
vt 0.619090 0.518189
vt 0.835481 0.539265
vt 0.832659 0.617390
vt 0.431022 0.501359
vt 0.390625 0.655924
vt 0.726562 0.500000
vt 0.835938 0.538860
vt 0.726562 0.578125
vt 0.835938 0.616985
vt 0.726562 0.656250
vt 0.617188 0.617390
vt 0.617188 0.539265
vt 0.801976 0.635805
vt 0.835938 0.625290
vt 0.801976 0.615359
vt 0.835938 0.645735
vt 0.801976 0.656250
vt 0.768014 0.646319
vt 0.768014 0.625874
vt 0.575413 0.500016
vt 0.609375 0.501110
vt 0.575870 0.653310
vt 0.483248 0.650327
vt 0.618741 0.625290
vt 0.620250 0.645735
vt 0.835938 0.582844
vt 0.831822 0.527084
vt 0.609375 0.502188
vt 0.575413 0.502172
vt 0.483248 0.656207
vt 0.575870 0.656250
vt 0.541452 0.501078
vt 0.390625 0.653223
vt 0.618697 0.646319
vt 0.617188 0.625874
vt 0.827585 0.528676
vt 0.831700 0.584436
vt 0.541452 0.500000
vt 0.390625 0.650284
vt 0.709810 0.500000
vt 0.802433 0.527084
vt 0.709810 0.555760
vt 0.802433 0.582844
vt 0.709810 0.611520
vt 0.617188 0.584436
vt 0.617188 0.528676
vn 0.027691 -0.998047 0.055994
vn 0.077427 -0.995990 0.044811
vn 0.111600 -0.993444 0.024805
vn 0.123726 -0.992316 0.000000
vn 0.111600 -0.993444 -0.024805
vn 0.077427 -0.995990 -0.044811
vn 0.027691 -0.998047 -0.055994
vn -0.027691 -0.998047 -0.055994
vn -0.077427 -0.995990 -0.044811
vn -0.111600 -0.993444 -0.024805
vn -0.123726 -0.992316 -0.000000
vn -0.111600 -0.993444 0.024805
vn -0.077427 -0.995990 0.044811
vn -0.027691 -0.998047 0.055994
vn 0.091205 -0.978605 0.184429
vn 0.250006 -0.957372 0.144691
vn 0.351972 -0.932735 0.078231
vn 0.386317 -0.922366 0.000000
vn 0.351972 -0.932735 -0.078231
vn 0.250006 -0.957372 -0.144691
vn 0.091205 -0.978605 -0.184429
vn -0.091205 -0.978605 -0.184429
vn -0.250006 -0.957372 -0.144691
vn -0.351972 -0.932735 -0.078231
vn -0.386317 -0.922366 -0.000000
vn -0.351972 -0.932735 0.078231
vn -0.250006 -0.957372 0.144691
vn -0.091205 -0.978605 0.184429
vn 0.188857 -0.904705 0.381894
vn 0.484617 -0.828542 0.280473
vn 0.638979 -0.756000 0.142023
vn 0.684179 -0.729314 0.000000
vn 0.638979 -0.756000 -0.142023
vn 0.484617 -0.828542 -0.280473
vn 0.188857 -0.904705 -0.381894
vn -0.188857 -0.904705 -0.381894
vn -0.484617 -0.828542 -0.280473
vn -0.638979 -0.756000 -0.142023
vn -0.684179 -0.729314 -0.000000
vn -0.638979 -0.756000 0.142023
vn -0.484617 -0.828542 0.280473
vn -0.188857 -0.904705 0.381894
vn 0.374694 -0.534343 0.757682
vn 0.792057 -0.403127 0.458404
vn 0.923138 -0.325140 0.205182
vn 0.953159 -0.302468 0.000000
vn 0.923138 -0.325140 -0.205182
vn 0.792057 -0.403127 -0.458404
vn 0.374694 -0.534343 -0.757682
vn -0.374694 -0.534343 -0.757682
vn -0.792057 -0.403127 -0.458404
vn -0.923138 -0.325140 -0.205182
vn -0.953159 -0.302468 -0.000000
vn -0.923138 -0.325140 0.205182
vn -0.792057 -0.403127 0.458404
vn -0.374694 -0.534343 0.757682
vn 0.374694 0.534343 0.757682
vn 0.792057 0.403127 0.458404
vn 0.923138 0.325140 0.205182
vn 0.953159 0.302468 0.000000
vn 0.923138 0.325140 -0.205182
vn 0.792057 0.403127 -0.458404
vn 0.374694 0.534343 -0.757682
vn -0.374694 0.534343 -0.757682
vn -0.792057 0.403127 -0.458404
vn -0.923138 0.325140 -0.205182
vn -0.953159 0.302468 -0.000000
vn -0.923138 0.325140 0.205182
vn -0.792057 0.403127 0.458404
vn -0.374694 0.534343 0.757682
vn 0.188857 0.904705 0.381894
vn 0.484617 0.828542 0.280473
vn 0.638979 0.756000 0.142023
vn 0.684179 0.729314 0.000000
vn 0.638979 0.756000 -0.142023
vn 0.484617 0.828542 -0.280473
vn 0.188857 0.904705 -0.381894
vn -0.188857 0.904705 -0.381894
vn -0.484617 0.828542 -0.280473
vn -0.638979 0.756000 -0.142023
vn -0.684179 0.729314 -0.000000
vn -0.638979 0.756000 0.142023
vn -0.484617 0.828542 0.280473
vn -0.188857 0.904705 0.381894
vn 0.091205 0.978605 0.184429
vn 0.250006 0.957372 0.144691
vn 0.351972 0.932735 0.078231
vn 0.386317 0.922366 0.000000
vn 0.351972 0.932735 -0.078231
vn 0.250006 0.957372 -0.144691
vn 0.091205 0.978605 -0.184429
vn -0.091205 0.978605 -0.184429
vn -0.250006 0.957372 -0.144691
vn -0.351972 0.932735 -0.078231
vn -0.386317 0.922366 -0.000000
vn -0.351972 0.932735 0.078231
vn -0.250006 0.957372 0.144691
vn -0.091205 0.978605 0.184429
vn 0.027691 0.998047 0.055994
vn 0.077427 0.995990 0.044811
vn 0.111600 0.993444 0.024805
vn 0.123726 0.992316 0.000000
vn 0.111600 0.993444 -0.024805
vn 0.077427 0.995990 -0.044811
vn 0.027691 0.998047 -0.055994
vn -0.027691 0.998047 -0.055994
vn -0.077427 0.995990 -0.044811
vn -0.111600 0.993444 -0.024805
vn -0.123726 0.992316 -0.000000
vn -0.111600 0.993444 0.024805
vn -0.077427 0.995990 0.044811
vn -0.027691 0.998047 0.055994
vn 0.072336 -0.959194 0.273341
vn 0.253371 -0.947732 0.193927
vn 0.336034 -0.940850 0.043389
vn 0.294320 -0.947732 -0.123208
vn 0.139394 -0.959194 -0.246002
vn -0.072336 -0.959194 -0.273341
vn -0.253371 -0.947732 -0.193927
vn -0.336034 -0.940850 -0.043389
vn -0.294320 -0.947732 0.123208
vn -0.139394 -0.959194 0.246002
vn 0.199688 -0.625091 0.754577
vn 0.650184 -0.574119 0.497643
vn 0.829443 -0.548228 0.107099
vn 0.755265 -0.574119 -0.316169
vn 0.384807 -0.625091 -0.679106
vn -0.199688 -0.625091 -0.754577
vn -0.650184 -0.574119 -0.497643
vn -0.829443 -0.548228 -0.107099
vn -0.755265 -0.574119 0.316169
vn -0.384807 -0.625091 0.679106
vn 0.255829 0.000000 0.966722
vn 0.794097 -0.000000 0.607792
vn 0.991767 -0.000000 0.128058
vn 0.922436 0.000000 -0.386151
vn 0.492994 0.000000 -0.870033
vn -0.255829 0.000000 -0.966722
vn -0.794097 -0.000000 -0.607792
vn -0.991767 0.000000 -0.128058
vn -0.922436 0.000000 0.386151
vn -0.492994 0.000000 0.870033
vn 0.199688 0.625091 0.754577
vn 0.650184 0.574119 0.497643
vn 0.829443 0.548228 0.107099
vn 0.755265 0.574119 -0.316169
vn 0.384807 0.625091 -0.679106
vn -0.199688 0.625091 -0.754577
vn -0.650184 0.574119 -0.497643
vn -0.829443 0.548228 -0.107099
vn -0.755265 0.574119 0.316169
vn -0.384807 0.625091 0.679106
vn 0.072336 0.959194 0.273341
vn 0.253371 0.947732 0.193927
vn 0.336034 0.940850 0.043389
vn 0.294320 0.947732 -0.123208
vn 0.139394 0.959194 -0.246002
vn -0.072336 0.959194 -0.273341
vn -0.253371 0.947732 -0.193927
vn -0.336034 0.940850 -0.043389
vn -0.294320 0.947732 0.123208
vn -0.139394 0.959194 0.246002
vn -0.915173 -0.075978 0.395835
vn -0.201391 -0.491671 0.847173
vn 0.680949 -0.195985 0.705619
vn 0.849507 0.515394 0.112728
vn 0.135724 0.931087 -0.338609
vn -0.746615 0.635401 -0.197055
vn -0.492187 0.451463 0.744267
vn -0.164989 0.260910 0.951160
vn 0.239476 0.396452 0.886272
vn 0.316742 0.722548 0.614490
vn -0.010455 0.913102 0.407597
vn -0.414920 0.777560 0.472485
vn 0.868963 -0.240558 0.432475
vn 0.150018 0.003879 0.988676
vn -0.734296 -0.071222 0.675083
vn -0.899664 -0.390759 -0.194710
vn -0.180719 -0.635196 -0.750911
vn 0.703595 -0.560095 -0.437318
vn 0.364357 -0.808935 0.461375
vn 0.034793 -0.696886 0.716338
vn -0.370577 -0.731312 0.572587
vn -0.446382 -0.877788 0.173874
vn -0.116817 -0.989838 -0.081089
vn 0.288553 -0.955411 0.062662
vn -0.438232 -0.891876 0.111847
vn 0.492143 -0.835851 0.243203
vn 0.887965 -0.009777 0.459807
vn 0.353411 0.760272 0.545056
vn -0.576964 0.704248 0.413701
vn -0.972785 -0.121827 0.197096
vn -0.294754 -0.554479 0.778250
vn 0.131730 -0.528797 0.838463
vn 0.313175 -0.150124 0.937755
vn 0.068135 0.202866 0.976833
vn -0.358349 0.177185 0.916620
vn -0.539794 -0.201488 0.817328
vn 0.059038 -0.964243 0.258361
vn 0.249927 -0.946897 0.202291
vn 0.342660 -0.936634 0.072802
vn 0.310584 -0.946897 -0.083204
vn 0.158980 -0.964243 -0.212041
vn -0.059038 -0.964243 -0.258361
vn -0.249927 -0.946897 -0.202291
vn -0.342660 -0.936634 -0.072802
vn -0.310584 -0.946897 0.083204
vn -0.158980 -0.964243 0.212041
vn 0.168990 -0.651560 0.739535
vn 0.638218 -0.570815 0.516574
vn 0.827176 -0.533754 0.175744
vn 0.793112 -0.570815 -0.212470
vn 0.455066 -0.651560 -0.606947
vn -0.168990 -0.651560 -0.739535
vn -0.638218 -0.570815 -0.516574
vn -0.827176 -0.533754 -0.175744
vn -0.793112 -0.570815 0.212470
vn -0.455066 -0.651560 0.606947
vn 0.222766 0.000000 0.974872
vn 0.777292 -0.000000 0.629140
vn 0.978166 0.000000 0.207823
vn 0.965939 0.000000 -0.258770
vn 0.599879 0.000000 -0.800091
vn -0.222766 0.000000 -0.974872
vn -0.777292 -0.000000 -0.629140
vn -0.978166 0.000000 -0.207823
vn -0.965939 0.000000 0.258770
vn -0.599879 -0.000000 0.800091
vn 0.168990 0.651560 0.739535
vn 0.638218 0.570815 0.516574
vn 0.827176 0.533754 0.175744
vn 0.793112 0.570815 -0.212470
vn 0.455066 0.651560 -0.606947
vn -0.168990 0.651560 -0.739535
vn -0.638218 0.570815 -0.516574
vn -0.827176 0.533754 -0.175744
vn -0.793112 0.570815 0.212470
vn -0.455066 0.651560 0.606947
vn 0.059038 0.964243 0.258361
vn 0.249927 0.946897 0.202291
vn 0.342660 0.936634 0.072802
vn 0.310584 0.946897 -0.083204
vn 0.158980 0.964243 -0.212041
vn -0.059038 0.964243 -0.258361
vn -0.249927 0.946897 -0.202291
vn -0.342660 0.936634 -0.072802
vn -0.310584 0.946897 0.083204
vn -0.158980 0.964243 0.212041
vn 0.608735 -0.007039 0.793343
vn -0.301269 0.187481 0.934927
vn -0.945829 -0.095813 0.310204
vn -0.680386 -0.573626 -0.456102
vn 0.229618 -0.768145 -0.597686
vn 0.874179 -0.484852 0.027036
vn 0.199750 -0.645834 0.736884
vn -0.217396 -0.556666 0.801787
vn -0.512863 -0.686528 0.515414
vn -0.391183 -0.905557 0.164139
vn 0.025963 -0.994725 0.099237
vn 0.321429 -0.864863 0.385609
vn -0.453853 -0.531386 0.715295
vn 0.470756 -0.375790 0.798229
vn 0.867490 0.351725 0.351783
vn 0.339613 0.923646 -0.177598
vn -0.584996 0.768051 -0.260533
vn -0.981730 0.040535 0.185913
vn -0.334473 0.190518 0.922947
vn 0.089368 0.261843 0.960964
vn 0.271231 0.595336 0.756313
vn 0.029252 0.857504 0.513644
vn -0.394589 0.786180 0.475627
vn -0.576452 0.452686 0.680278
vn -0.961626 -0.245760 0.121971
vn -0.523098 -0.544890 -0.655335
vn 0.415270 -0.617696 -0.667834
vn 0.915109 -0.391371 0.096972
vn 0.476581 -0.092241 0.874278
vn -0.461787 -0.019435 0.886778
vn -0.492289 -0.817754 0.298211
vn -0.291268 -0.954875 -0.058106
vn 0.138880 -0.988250 -0.063836
vn 0.368007 -0.884502 0.286752
vn 0.166985 -0.747381 0.643069
vn -0.263163 -0.714007 0.648799
vn 0.061710 -0.973776 0.218981
vn 0.216975 -0.963145 0.158978
vn 0.288109 -0.956746 0.040371
vn 0.252313 -0.963145 -0.093220
vn 0.119521 -0.973776 -0.193587
vn -0.061710 -0.973776 -0.218981
vn -0.216975 -0.963145 -0.158978
vn -0.288109 -0.956746 -0.040371
vn -0.252313 -0.963145 0.093220
vn -0.119521 -0.973776 0.193587
vn 0.190801 -0.710756 0.677068
vn 0.616047 -0.645556 0.451380
vn 0.782258 -0.613235 0.109613
vn 0.716383 -0.645556 -0.264675
vn 0.369545 -0.710756 -0.598550
vn -0.190801 -0.710756 -0.677068
vn -0.616047 -0.645556 -0.451380
vn -0.782258 -0.613235 -0.109613
vn -0.716383 -0.645556 0.264675
vn -0.369545 -0.710756 0.598550
vn 0.271240 0.000000 0.962512
vn 0.806647 0.000000 0.591033
vn 0.990325 0.000000 0.138768
vn 0.938027 0.000000 -0.346563
vn 0.525341 0.000000 -0.850892
vn -0.271240 0.000000 -0.962512
vn -0.806647 0.000000 -0.591033
vn -0.990325 -0.000000 -0.138768
vn -0.938027 0.000000 0.346563
vn -0.525341 0.000000 0.850892
vn 0.190801 0.710756 0.677068
vn 0.616047 0.645556 0.451380
vn 0.782258 0.613235 0.109613
vn 0.716383 0.645556 -0.264675
vn 0.369545 0.710756 -0.598550
vn -0.190801 0.710756 -0.677068
vn -0.616047 0.645556 -0.451380
vn -0.782258 0.613235 -0.109613
vn -0.716383 0.645556 0.264675
vn -0.369545 0.710756 0.598550
vn 0.061710 0.973776 0.218981
vn 0.216975 0.963145 0.158978
vn 0.288109 0.956746 0.040371
vn 0.252313 0.963145 -0.093220
vn 0.119521 0.973776 -0.193587
vn -0.061710 0.973776 -0.218981
vn -0.216975 0.963145 -0.158978
vn -0.288109 0.956746 -0.040371
vn -0.252313 0.963145 0.093220
vn -0.119521 0.973776 0.193587
vn 0.860104 -0.076361 0.504371
vn 0.176471 0.455781 0.872423
vn -0.719101 0.311506 0.621174
vn -0.931041 -0.364911 0.001873
vn -0.247408 -0.897052 -0.366179
vn 0.648165 -0.752777 -0.114930
vn 0.315768 -0.523348 0.791452
vn 0.002390 -0.279415 0.960168
vn -0.408140 -0.345550 0.844995
vn -0.505293 -0.655620 0.561107
vn -0.191916 -0.899554 0.392392
vn 0.218615 -0.833418 0.507565
vn 0.687066 0.605780 0.401211
vn -0.177703 0.949317 0.259267
vn -0.911540 0.363717 0.191844
vn -0.780609 -0.565420 0.266364
vn 0.084160 -0.908956 0.408308
vn 0.817998 -0.323356 0.475732
vn 0.211430 0.322356 0.922705
vn -0.184981 0.479833 0.857638
vn -0.521372 0.211394 0.826731
vn -0.461353 -0.214522 0.860891
vn -0.064943 -0.372000 0.925958
vn 0.271449 -0.103561 0.956865
vn -0.150930 -0.939189 -0.308454
vn 0.709975 -0.704168 -0.009124
vn 0.823475 0.031915 0.566455
vn 0.076069 0.532976 0.842704
vn -0.784836 0.297955 0.543374
vn -0.898336 -0.438128 -0.032205
vn -0.152033 -0.880071 0.449846
vn 0.242606 -0.772337 0.587059
vn 0.294634 -0.434916 0.850904
vn -0.047977 -0.205230 0.977537
vn -0.442616 -0.312964 0.840324
vn -0.494644 -0.650384 0.576479
vn -0.010613 -0.972539 0.232498
vn 0.124818 -0.973451 0.191871
vn 0.212706 -0.974015 0.077782
vn 0.219148 -0.973451 -0.066090
vn 0.141874 -0.972539 -0.184499
vn 0.010613 -0.972539 -0.232498
vn -0.124818 -0.973451 -0.191871
vn -0.212706 -0.974015 -0.077782
vn -0.219148 -0.973451 0.066090
vn -0.141874 -0.972539 0.184499
vn -0.032464 -0.702265 0.711175
vn 0.384827 -0.708498 0.591556
vn 0.659056 -0.712434 0.241002
vn 0.675657 -0.708498 -0.203761
vn 0.433969 -0.702265 -0.564354
vn 0.032464 -0.702265 -0.711175
vn -0.384827 -0.708498 -0.591556
vn -0.659056 -0.712434 -0.241002
vn -0.675657 -0.708498 0.203761
vn -0.433969 -0.702265 0.564354
vn -0.045601 0.000000 0.998960
vn 0.545302 -0.000000 0.838239
vn 0.939176 -0.000000 0.343436
vn 0.957410 0.000000 -0.288731
vn 0.609579 0.000000 -0.792725
vn 0.045601 0.000000 -0.998960
vn -0.545302 -0.000000 -0.838239
vn -0.939176 0.000000 -0.343436
vn -0.957410 0.000000 0.288731
vn -0.609579 0.000000 0.792725
vn -0.032464 0.702265 0.711175
vn 0.384827 0.708498 0.591556
vn 0.659056 0.712434 0.241002
vn 0.675657 0.708498 -0.203761
vn 0.433969 0.702265 -0.564354
vn 0.032464 0.702265 -0.711175
vn -0.384827 0.708498 -0.591556
vn -0.659056 0.712434 -0.241002
vn -0.675657 0.708498 0.203761
vn -0.433969 0.702265 0.564354
vn -0.010613 0.972539 0.232498
vn 0.124818 0.973451 0.191871
vn 0.212706 0.974015 0.077782
vn 0.219148 0.973451 -0.066090
vn 0.141874 0.972539 -0.184499
vn 0.010613 0.972539 -0.232498
vn -0.124818 0.973451 -0.191871
vn -0.212706 0.974015 -0.077782
vn -0.219148 0.973451 0.066090
vn -0.141874 0.972539 0.184499
vn 0.286288 -0.957600 0.032270
vn 0.786651 -0.328879 0.522512
vn 0.394973 0.487868 0.778448
vn -0.497068 0.675895 0.544141
vn -0.997431 0.047174 0.053899
vn -0.605754 -0.769574 -0.202037
vn -0.102032 -0.750721 0.652693
vn 0.127335 -0.462515 0.877420
vn -0.052210 -0.088118 0.994741
vn -0.461122 -0.001926 0.887335
vn -0.690489 -0.290132 0.662607
vn -0.510944 -0.664529 0.545286
vn -0.978056 0.200424 -0.056891
vn -0.673001 -0.315127 0.669152
vn 0.227800 -0.263741 0.937309
vn 0.823546 0.303195 0.479421
vn 0.518491 0.818745 -0.246623
vn -0.382310 0.767360 -0.514779
vn -0.619333 0.649217 0.441524
vn -0.479496 0.412888 0.774343
vn -0.066568 0.436444 0.897266
vn 0.206522 0.696327 0.687370
vn 0.066684 0.932656 0.354551
vn -0.346243 0.909101 0.231628
vn -0.945559 0.048351 0.321839
vn -0.272612 -0.143641 0.951341
vn 0.618390 0.105958 0.778696
vn 0.836445 0.547548 -0.023452
vn 0.163499 0.739540 -0.652954
vn -0.727503 0.489941 -0.480309
vn -0.554198 0.681631 0.477749
vn -0.245719 0.593622 0.766313
vn 0.162717 0.708038 0.687172
vn 0.262673 0.910463 0.319468
vn -0.045805 0.998472 0.030904
vn -0.454241 0.884056 0.110044
vn 0.052015 -0.978761 0.198298
vn 0.204101 -0.966676 0.154531
vn 0.276778 -0.959428 0.053782
vn 0.247119 -0.966676 -0.066854
vn 0.122490 -0.978761 -0.164389
vn -0.052015 -0.978761 -0.198298
vn -0.204101 -0.966676 -0.154531
vn -0.276778 -0.959428 -0.053782
vn -0.247119 -0.966676 0.066854
vn -0.122490 -0.978761 0.164389
vn 0.168394 -0.748012 0.641967
vn 0.595138 -0.665411 0.450598
vn 0.765304 -0.626255 0.148708
vn 0.720574 -0.665411 -0.194938
vn 0.396548 -0.748012 -0.532191
vn -0.168394 -0.748012 -0.641967
vn -0.595138 -0.665411 -0.450598
vn -0.765304 -0.626255 -0.148708
vn -0.720574 -0.665411 0.194938
vn -0.396548 -0.748012 0.532191
vn 0.253726 0.000000 0.967276
vn 0.797263 0.000000 0.603633
vn 0.981640 -0.000000 0.190745
vn 0.965300 0.000000 -0.261145
vn 0.597494 0.000000 -0.801873
vn -0.253726 0.000000 -0.967276
vn -0.797263 0.000000 -0.603633
vn -0.981640 0.000000 -0.190745
vn -0.965300 0.000000 0.261145
vn -0.597494 -0.000000 0.801873
vn 0.168394 0.748012 0.641967
vn 0.595138 0.665411 0.450598
vn 0.765304 0.626255 0.148708
vn 0.720574 0.665411 -0.194938
vn 0.396548 0.748012 -0.532191
vn -0.168394 0.748012 -0.641967
vn -0.595138 0.665411 -0.450598
vn -0.765304 0.626255 -0.148708
vn -0.720574 0.665411 0.194938
vn -0.396548 0.748012 0.532191
vn 0.052015 0.978761 0.198298
vn 0.204101 0.966676 0.154531
vn 0.276778 0.959428 0.053782
vn 0.247119 0.966676 -0.066854
vn 0.122490 0.978761 -0.164389
vn -0.052015 0.978761 -0.198298
vn -0.204101 0.966676 -0.154531
vn -0.276778 0.959428 -0.053782
vn -0.247119 0.966676 0.066854
vn -0.122490 0.978761 0.164389
vn 0.720149 -0.055393 0.691604
vn -0.137101 0.220186 0.965775
vn -0.891850 -0.009209 0.452237
vn -0.789350 -0.514183 -0.335473
vn 0.067900 -0.789762 -0.609643
vn 0.822650 -0.560367 -0.096105
vn 0.253534 -0.655729 0.711154
vn -0.139430 -0.529404 0.836834
vn -0.485407 -0.634558 0.601428
vn -0.438421 -0.866038 0.240342
vn -0.045458 -0.992364 0.114662
vn 0.300520 -0.887209 0.350068
vn 0.830076 0.302799 0.468281
vn 0.781767 0.415506 -0.464968
vn -0.056252 0.447781 -0.892372
vn -0.845962 0.367350 -0.386526
vn -0.797653 0.254644 0.546723
vn 0.040366 0.222368 0.974127
vn 0.362926 0.880441 0.305136
vn 0.340781 0.932106 -0.122665
vn -0.043367 0.946901 -0.318587
vn -0.405370 0.910031 -0.086707
vn -0.383225 0.858367 0.341094
vn 0.000923 0.843571 0.537016
vn 0.891379 0.297812 0.341690
vn 0.512684 0.770475 -0.378845
vn -0.417148 0.743529 -0.522640
vn -0.968286 0.243919 0.054099
vn -0.589591 -0.228745 0.774634
vn 0.340241 -0.201798 0.918430
vn 0.323497 0.736037 0.594642
vn 0.149904 0.952706 0.264349
vn -0.276332 0.940354 0.198433
vn -0.528973 0.711333 0.462810
vn -0.355380 0.494664 0.793104
vn 0.070856 0.507016 0.859019
vn 0.018696 -0.984602 0.173809
vn 0.150631 -0.976460 0.154387
vn 0.224047 -0.971528 0.077041
vn 0.213725 -0.976460 -0.029100
vn 0.121636 -0.984602 -0.125555
vn -0.018696 -0.984602 -0.173809
vn -0.150631 -0.976460 -0.154387
vn -0.224047 -0.971528 -0.077041
vn -0.213725 -0.976460 0.029100
vn -0.121636 -0.984602 0.125555
vn 0.064286 -0.799195 0.597624
vn 0.477148 -0.730180 0.489046
vn 0.679454 -0.695526 0.233637
vn 0.677008 -0.730180 -0.092179
vn 0.418231 -0.799195 -0.431706
vn -0.064286 -0.799195 -0.597624
vn -0.477148 -0.730180 -0.489046
vn -0.679454 -0.695526 -0.233637
vn -0.677008 -0.730180 0.092179
vn -0.418231 -0.799195 0.431706
vn 0.106952 0.000000 0.994264
vn 0.698346 -0.000000 0.715760
vn 0.945655 0.000000 0.325172
vn 0.990858 0.000000 -0.134912
vn 0.695808 0.000000 -0.718228
vn -0.106952 0.000000 -0.994264
vn -0.698346 -0.000000 -0.715760
vn -0.945655 0.000000 -0.325172
vn -0.990858 0.000000 0.134912
vn -0.695808 -0.000000 0.718228
vn 0.064286 0.799195 0.597624
vn 0.477148 0.730180 0.489046
vn 0.679454 0.695526 0.233637
vn 0.677008 0.730180 -0.092179
vn 0.418231 0.799195 -0.431706
vn -0.064286 0.799195 -0.597624
vn -0.477148 0.730180 -0.489046
vn -0.679454 0.695526 -0.233637
vn -0.677008 0.730180 0.092179
vn -0.418231 0.799195 0.431706
vn 0.018696 0.984602 0.173809
vn 0.150631 0.976460 0.154387
vn 0.224047 0.971528 0.077041
vn 0.213725 0.976460 -0.029100
vn 0.121636 0.984602 -0.125555
vn -0.018696 0.984602 -0.173809
vn -0.150631 0.976460 -0.154387
vn -0.224047 0.971528 -0.077041
vn -0.213725 0.976460 0.029100
vn -0.121636 0.984602 0.125555
vn -0.342573 0.600541 -0.722492
vn -0.957992 0.272140 -0.090508
vn -0.657214 -0.016169 0.753530
vn 0.258983 0.023922 0.965586
vn 0.874402 0.352323 0.333602
vn 0.573624 0.640632 -0.510437
vn -0.249543 0.966366 -0.062164
vn -0.531651 0.815827 0.227537
vn -0.393774 0.683666 0.614445
vn 0.026210 0.702044 0.711651
vn 0.308319 0.852583 0.421949
vn 0.170442 0.984744 0.035042
vn -0.887920 0.445251 0.115545
vn -0.872864 -0.487916 -0.006787
vn -0.093835 -0.976436 0.194338
vn 0.670140 -0.531791 0.517795
vn 0.655085 0.401376 0.640126
vn -0.123945 0.889896 0.439002
vn -0.648034 0.108331 0.753867
vn -0.641133 -0.319432 0.697791
vn -0.284025 -0.543370 0.789986
vn 0.066181 -0.339545 0.938259
vn 0.059279 0.088219 0.994336
vn -0.297828 0.312157 0.902140
vn -0.979080 -0.127109 0.158891
vn -0.586263 -0.577065 -0.568588
vn 0.339784 -0.745608 -0.573249
vn 0.873014 -0.464195 0.149567
vn 0.480197 -0.014238 0.877045
vn -0.445850 0.154305 0.881707
vn -0.566191 -0.712648 0.414198
vn -0.386124 -0.918908 0.080722
vn 0.038376 -0.996168 0.078585
vn 0.282809 -0.867168 0.409924
vn 0.102741 -0.660908 0.743401
vn -0.321759 -0.583648 0.745538
vn 0.008264 -0.981844 0.189510
vn 0.156995 -0.970545 0.182744
vn 0.244135 -0.963754 0.107599
vn 0.240807 -0.970545 -0.007419
vn 0.145452 -0.981844 -0.121762
vn -0.008264 -0.981844 -0.189510
vn -0.156995 -0.970545 -0.182744
vn -0.244135 -0.963754 -0.107599
vn -0.240807 -0.970545 0.007419
vn -0.145452 -0.981844 0.121762
vn 0.027591 -0.773875 0.632737
vn 0.472208 -0.689128 0.549656
vn 0.696277 -0.648867 0.306873
vn 0.724296 -0.689128 -0.022315
vn 0.485636 -0.773875 -0.406541
vn -0.027591 -0.773875 -0.632737
vn -0.472208 -0.689128 -0.549656
vn -0.696277 -0.648867 -0.306873
vn -0.724296 -0.689128 0.022315
vn -0.485636 -0.773875 0.406541
vn 0.043564 0.000000 0.999051
vn 0.651646 0.000000 0.758523
vn 0.915067 -0.000000 0.403302
vn 0.999526 0.000000 -0.030795
vn 0.766788 -0.000000 -0.641901
vn -0.043564 0.000000 -0.999051
vn -0.651646 -0.000000 -0.758523
vn -0.915067 -0.000000 -0.403302
vn -0.999526 0.000000 0.030795
vn -0.766788 -0.000000 0.641901
vn 0.027591 0.773875 0.632737
vn 0.472208 0.689128 0.549656
vn 0.696277 0.648867 0.306873
vn 0.724296 0.689128 -0.022315
vn 0.485636 0.773875 -0.406541
vn -0.027591 0.773875 -0.632737
vn -0.472208 0.689128 -0.549656
vn -0.696277 0.648867 -0.306873
vn -0.724296 0.689128 0.022315
vn -0.485636 0.773875 0.406541
vn 0.008264 0.981844 0.189510
vn 0.156995 0.970545 0.182744
vn 0.244135 0.963754 0.107599
vn 0.240807 0.970545 -0.007419
vn 0.145452 0.981844 -0.121762
vn -0.008264 0.981844 -0.189510
vn -0.156995 0.970545 -0.182744
vn -0.244135 0.963754 -0.107599
vn -0.240807 0.970545 0.007419
vn -0.145452 0.981844 0.121762
vn -0.562736 0.558010 -0.609880
vn -0.987133 0.119198 0.106586
vn -0.488238 -0.140564 0.861316
vn 0.435054 0.038485 0.899581
vn 0.859451 0.477297 0.183116
vn 0.360556 0.737059 -0.571614
vn -0.399260 0.915919 0.041037
vn -0.593804 0.714767 0.369465
vn -0.365111 0.595692 0.715434
vn 0.058127 0.677768 0.732975
vn 0.252670 0.878920 0.404547
vn 0.023977 0.997995 0.058578
vn -0.727229 -0.518406 0.449881
vn 0.130756 -0.531726 0.836762
vn 0.741226 0.160448 0.651798
vn 0.493712 0.865942 0.079954
vn -0.364272 0.879262 -0.306927
vn -0.974743 0.187088 -0.121963
vn -0.591789 0.146972 0.792581
vn -0.198489 0.140866 0.969927
vn 0.081351 0.458159 0.885140
vn -0.032109 0.781557 0.623006
vn -0.425410 0.787663 0.445660
vn -0.705249 0.470370 0.530448
vn 0.787291 -0.454052 0.417144
vn 0.390014 0.260826 0.883096
vn -0.502549 0.500693 0.704806
vn -0.997834 0.025681 0.060565
vn -0.600557 -0.689197 -0.405387
vn 0.292006 -0.929064 -0.227097
vn 0.127892 -0.682206 0.719888
vn -0.054220 -0.354505 0.933481
vn -0.463371 -0.244551 0.851752
vn -0.690410 -0.462296 0.556432
vn -0.508298 -0.789996 0.342840
vn -0.099147 -0.899951 0.424568
vn 0.086958 -0.974437 0.207151
vn 0.244133 -0.960207 0.135649
vn 0.306593 -0.951719 0.015223
vn 0.256370 -0.960207 -0.110798
vn 0.107050 -0.974437 -0.197518
vn -0.086958 -0.974437 -0.207151
vn -0.244133 -0.960207 -0.135649
vn -0.306593 -0.951719 -0.015223
vn -0.256370 -0.960207 0.110798
vn -0.107050 -0.974437 0.197518
vn 0.270442 -0.715409 0.644244
vn 0.678717 -0.630179 0.377118
vn 0.805965 -0.590608 0.040017
vn 0.712735 -0.630179 -0.308031
vn 0.332929 -0.715409 -0.614286
vn -0.270442 -0.715409 -0.644244
vn -0.678717 -0.630179 -0.377118
vn -0.805965 -0.590608 -0.040017
vn -0.712735 -0.630179 0.308031
vn -0.332929 -0.715409 0.614286
vn 0.387061 0.000000 0.922054
vn 0.874128 0.000000 0.485695
vn 0.998770 -0.000000 0.049590
vn 0.917941 0.000000 -0.396718
vn 0.476493 0.000000 -0.879178
vn -0.387061 0.000000 -0.922054
vn -0.874128 -0.000000 -0.485695
vn -0.998770 0.000000 -0.049590
vn -0.917941 0.000000 0.396718
vn -0.476493 -0.000000 0.879178
vn 0.270442 0.715409 0.644244
vn 0.678717 0.630179 0.377118
vn 0.805965 0.590608 0.040017
vn 0.712735 0.630179 -0.308031
vn 0.332929 0.715409 -0.614286
vn -0.270442 0.715409 -0.644244
vn -0.678717 0.630179 -0.377118
vn -0.805965 0.590608 -0.040017
vn -0.712735 0.630179 0.308031
vn -0.332929 0.715409 0.614286
vn 0.086958 0.974437 0.207151
vn 0.244133 0.960207 0.135649
vn 0.306593 0.951719 0.015223
vn 0.256370 0.960207 -0.110798
vn 0.107050 0.974437 -0.197518
vn -0.086958 0.974437 -0.207151
vn -0.244133 0.960207 -0.135649
vn -0.306593 0.951719 -0.015223
vn -0.256370 0.960207 0.110798
vn -0.107050 0.974437 0.197518
vn -0.133728 0.991006 -0.004867
vn -0.882582 0.443726 0.155424
vn -0.764606 -0.432804 0.477554
vn 0.102224 -0.762054 0.639394
vn 0.851077 -0.214773 0.479103
vn 0.733101 0.661757 0.156973
vn -0.096167 0.707654 0.699984
vn -0.439441 0.456780 0.773462
vn -0.385361 0.054979 0.921127
vn 0.011994 -0.095949 0.995314
vn 0.355269 0.154924 0.921837
vn 0.301188 0.556726 0.774172
vn 0.388298 0.021728 0.921278
vn 0.931300 0.301106 0.204976
vn 0.537104 0.595392 -0.597518
vn -0.400094 0.610300 -0.683710
vn -0.943095 0.330921 0.032592
vn -0.548899 0.036635 0.835085
vn 0.164942 0.709410 0.685224
vn 0.413854 0.837477 0.356871
vn 0.233155 0.972377 -0.010992
vn -0.196457 0.979211 -0.050502
vn -0.445369 0.851144 0.277850
vn -0.264669 0.716243 0.645714
vn -0.818395 -0.381129 0.430081
vn 0.007216 -0.800121 0.599796
vn 0.809604 -0.319944 0.492115
vn 0.786380 0.579224 0.214721
vn -0.039231 0.998216 0.045006
vn -0.841619 0.518039 0.152686
vn -0.410583 0.044518 0.910736
vn -0.032122 -0.147548 0.988533
vn 0.335692 0.072565 0.939172
vn 0.325047 0.484744 0.812015
vn -0.053414 0.676810 0.734218
vn -0.421228 0.456697 0.783578
vn 0.008981 -0.987871 0.155015
vn 0.127635 -0.981256 0.144383
vn 0.196786 -0.977233 0.079313
vn 0.192083 -0.981256 -0.015523
vn 0.113964 -0.987871 -0.105463
vn -0.008981 -0.987871 -0.155015
vn -0.127635 -0.981256 -0.144383
vn -0.196786 -0.977233 -0.079313
vn -0.192083 -0.981256 0.015523
vn -0.113964 -0.987871 0.105463
vn 0.032055 -0.832372 0.553290
vn 0.423581 -0.768754 0.479163
vn 0.627859 -0.736041 0.253053
vn 0.637467 -0.768754 -0.051517
vn 0.406769 -0.832372 -0.376426
vn -0.032055 -0.832372 -0.553290
vn -0.423581 -0.768754 -0.479163
vn -0.627859 -0.736041 -0.253053
vn -0.637467 -0.768754 0.051517
vn -0.406769 -0.832372 0.376426
vn 0.057837 0.000000 0.998326
vn 0.662316 -0.000000 0.749225
vn 0.927501 0.000000 0.373821
vn 0.996750 0.000000 -0.080552
vn 0.733951 0.000000 -0.679203
vn -0.057837 0.000000 -0.998326
vn -0.662316 -0.000000 -0.749225
vn -0.927501 0.000000 -0.373821
vn -0.996750 0.000000 0.080552
vn -0.733951 0.000000 0.679203
vn 0.032055 0.832372 0.553290
vn 0.423581 0.768754 0.479163
vn 0.627859 0.736041 0.253053
vn 0.637467 0.768754 -0.051517
vn 0.406769 0.832372 -0.376426
vn -0.032055 0.832372 -0.553290
vn -0.423581 0.768754 -0.479163
vn -0.627859 0.736041 -0.253053
vn -0.637467 0.768754 0.051517
vn -0.406769 0.832372 0.376426
vn 0.008981 0.987871 0.155015
vn 0.127635 0.981256 0.144383
vn 0.196786 0.977233 0.079313
vn 0.192083 0.981256 -0.015523
vn 0.113964 0.987871 -0.105463
vn -0.008981 0.987871 -0.155015
vn -0.127635 0.981256 -0.144383
vn -0.196786 0.977233 -0.079313
vn -0.192083 0.981256 0.015523
vn -0.113964 0.987871 0.105463
vn -0.930437 -0.302689 -0.206560
vn -0.236083 -0.584990 -0.775919
vn 0.651767 -0.600155 -0.463696
vn 0.845263 -0.333018 0.417886
vn 0.150910 -0.050716 0.987246
vn -0.736940 -0.035552 0.675023
vn -0.520772 -0.842274 0.139183
vn -0.202480 -0.971681 -0.121812
vn 0.204511 -0.978632 0.021311
vn 0.293210 -0.856177 0.425429
vn -0.025082 -0.726769 0.686423
vn -0.432073 -0.719818 0.543300
vn 0.330639 -0.943606 0.016899
vn 0.775757 -0.308612 0.550418
vn 0.333006 0.479869 0.811685
vn -0.554863 0.633356 0.539432
vn -0.999981 -0.001638 0.005913
vn -0.557230 -0.790119 -0.255354
vn -0.096579 -0.775896 0.623425
vn 0.107463 -0.484814 0.867990
vn -0.095494 -0.123374 0.987755
vn -0.502493 -0.053016 0.862954
vn -0.706535 -0.344098 0.618389
vn -0.503578 -0.705537 0.498624
vn 0.394176 -0.586945 -0.707192
vn 0.899585 -0.430871 0.071392
vn 0.469951 -0.167981 0.866561
vn -0.465093 -0.061165 0.883146
vn -0.970502 -0.217239 0.104562
vn -0.540868 -0.480129 -0.690607
vn 0.102208 -0.986304 -0.129453
vn 0.333888 -0.914760 0.227451
vn 0.136944 -0.794251 0.591956
vn -0.291681 -0.745286 0.599559
vn -0.523360 -0.816831 0.242656
vn -0.326416 -0.937339 -0.121850
vn -0.103082 -0.065068 -0.992542
vn 0.492304 -0.869568 -0.038575
vn 0.989156 -0.009608 -0.146553
vn 0.492304 0.857090 -0.151770
vn -0.501400 0.863826 -0.049009
vn -0.998252 0.003866 0.058969
vn -0.501400 -0.862831 0.064186
vn 0.103082 0.065068 0.992542
vn -0.034220 -0.087251 -0.995598
vn 0.495228 -0.868455 -0.023147
vn 0.993258 -0.010121 -0.115486
vn 0.495228 0.851191 -0.173850
vn -0.500831 0.854168 -0.139875
vn -0.998861 -0.004166 -0.047535
vn -0.500831 -0.865477 0.010829
vn 0.034220 0.087251 0.995598
vn 0.098989 0.163459 -0.981571
vn 0.502805 -0.850340 -0.155274
vn 0.999355 -0.005899 0.035425
vn 0.502805 0.854769 0.128675
vn -0.490295 0.870997 0.031226
vn -0.986845 0.026557 -0.159473
vn -0.490295 -0.834111 -0.252723
vn -0.098989 -0.163459 0.981571
f 1/1/1 2/2/1 3/3/1
f 1/1/2 4/4/2 2/2/2
f 1/1/3 5/5/3 4/4/3
f 1/1/4 6/6/4 5/5/4
f 1/1/5 7/7/5 6/6/5
f 1/1/6 8/8/6 7/7/6
f 1/1/7 9/9/7 8/8/7
f 1/1/8 10/10/8 9/9/8
f 1/1/9 11/11/9 10/10/9
f 1/1/10 12/12/10 11/11/10
f 1/1/11 13/13/11 12/12/11
f 1/1/12 14/14/12 13/13/12
f 1/1/13 15/15/13 14/14/13
f 1/1/14 3/3/14 15/15/14
f 3/3/15 2/2/15 16/16/15
f 3/3/15 16/16/15 17/17/15
f 2/2/16 4/4/16 18/18/16
f 2/2/16 18/18/16 16/16/16
f 4/4/17 5/5/17 19/19/17
f 4/4/17 19/19/17 18/18/17
f 5/5/18 6/6/18 20/20/18
f 5/5/18 20/20/18 19/19/18
f 6/6/19 7/7/19 21/21/19
f 6/6/19 21/21/19 20/20/19
f 7/7/20 8/8/20 22/22/20
f 7/7/20 22/22/20 21/21/20
f 8/8/21 9/9/21 23/23/21
f 8/8/21 23/23/21 22/22/21
f 9/9/22 10/10/22 24/24/22
f 9/9/22 24/24/22 23/23/22
f 10/10/23 11/11/23 25/25/23
f 10/10/23 25/25/23 24/24/23
f 11/11/24 12/12/24 26/26/24
f 11/11/24 26/26/24 25/25/24
f 12/12/25 13/13/25 27/27/25
f 12/12/25 27/27/25 26/26/25
f 13/13/26 14/14/26 28/28/26
f 13/13/26 28/28/26 27/27/26
f 14/14/27 15/15/27 29/29/27
f 14/14/27 29/29/27 28/28/27
f 15/15/28 3/3/28 17/17/28
f 15/15/28 17/17/28 29/29/28
f 17/17/29 16/16/29 30/30/29
f 17/17/29 30/30/29 31/31/29
f 16/16/30 18/18/30 32/32/30
f 16/16/30 32/32/30 30/30/30
f 18/18/31 19/19/31 33/33/31
f 18/18/31 33/33/31 32/32/31
f 19/19/32 20/20/32 34/34/32
f 19/19/32 34/34/32 33/33/32
f 20/20/33 21/21/33 35/35/33
f 20/20/33 35/35/33 34/34/33
f 21/21/34 22/22/34 36/36/34
f 21/21/34 36/36/34 35/35/34
f 22/22/35 23/23/35 37/37/35
f 22/22/35 37/37/35 36/36/35
f 23/23/36 24/24/36 38/38/36
f 23/23/36 38/38/36 37/37/36
f 24/24/37 25/25/37 39/39/37
f 24/24/37 39/39/37 38/38/37
f 25/25/38 26/26/38 40/40/38
f 25/25/38 40/40/38 39/39/38
f 26/26/39 27/27/39 41/41/39
f 26/26/39 41/41/39 40/40/39
f 27/27/40 28/28/40 42/42/40
f 27/27/40 42/42/40 41/41/40
f 28/28/41 29/29/41 43/43/41
f 28/28/41 43/43/41 42/42/41
f 29/29/42 17/17/42 31/31/42
f 29/29/42 31/31/42 43/43/42
f 31/44/43 30/45/43 44/46/43
f 31/44/43 44/46/43 45/47/43
f 30/48/44 32/49/44 46/50/44
f 30/48/44 46/50/44 44/51/44
f 32/49/45 33/52/45 47/53/45
f 32/49/45 47/53/45 46/50/45
f 33/52/46 34/54/46 48/55/46
f 33/52/46 48/55/46 47/53/46
f 34/54/47 35/56/47 49/57/47
f 34/54/47 49/57/47 48/55/47
f 35/56/48 36/58/48 50/59/48
f 35/56/48 50/59/48 49/57/48
f 36/60/49 37/61/49 51/62/49
f 36/60/49 51/62/49 50/63/49
f 37/61/50 38/64/50 52/65/50
f 37/61/50 52/65/50 51/62/50
f 38/58/51 39/56/51 53/57/51
f 38/58/51 53/57/51 52/59/51
f 39/56/52 40/54/52 54/55/52
f 39/56/52 54/55/52 53/57/52
f 40/54/53 41/52/53 55/53/53
f 40/54/53 55/53/53 54/55/53
f 41/52/54 42/49/54 56/50/54
f 41/52/54 56/50/54 55/53/54
f 42/49/55 43/48/55 57/51/55
f 42/49/55 57/51/55 56/50/55
f 43/66/56 31/44/56 45/47/56
f 43/66/56 45/47/56 57/67/56
f 45/47/57 44/46/57 58/68/57
f 45/47/57 58/68/57 59/69/57
f 44/51/58 46/50/58 60/70/58
f 44/51/58 60/70/58 58/71/58
f 46/50/59 47/53/59 61/72/59
f 46/50/59 61/72/59 60/70/59
f 47/53/60 48/55/60 62/73/60
f 47/53/60 62/73/60 61/72/60
f 48/55/61 49/57/61 63/74/61
f 48/55/61 63/74/61 62/73/61
f 49/57/62 50/59/62 64/75/62
f 49/57/62 64/75/62 63/74/62
f 50/63/63 51/62/63 65/76/63
f 50/63/63 65/76/63 64/77/63
f 51/62/64 52/65/64 66/78/64
f 51/62/64 66/78/64 65/76/64
f 52/59/65 53/57/65 67/74/65
f 52/59/65 67/74/65 66/75/65
f 53/57/66 54/55/66 68/73/66
f 53/57/66 68/73/66 67/74/66
f 54/55/67 55/53/67 69/72/67
f 54/55/67 69/72/67 68/73/67
f 55/53/68 56/50/68 70/70/68
f 55/53/68 70/70/68 69/72/68
f 56/50/69 57/51/69 71/71/69
f 56/50/69 71/71/69 70/70/69
f 57/67/70 45/47/70 59/69/70
f 57/67/70 59/69/70 71/79/70
f 59/31/71 58/30/71 72/16/71
f 59/31/71 72/16/71 73/17/71
f 58/30/72 60/32/72 74/18/72
f 58/30/72 74/18/72 72/16/72
f 60/32/73 61/33/73 75/19/73
f 60/32/73 75/19/73 74/18/73
f 61/33/74 62/34/74 76/20/74
f 61/33/74 76/20/74 75/19/74
f 62/34/75 63/35/75 77/21/75
f 62/34/75 77/21/75 76/20/75
f 63/35/76 64/36/76 78/22/76
f 63/35/76 78/22/76 77/21/76
f 64/36/77 65/37/77 79/23/77
f 64/36/77 79/23/77 78/22/77
f 65/37/78 66/38/78 80/24/78
f 65/37/78 80/24/78 79/23/78
f 66/38/79 67/39/79 81/25/79
f 66/38/79 81/25/79 80/24/79
f 67/39/80 68/40/80 82/26/80
f 67/39/80 82/26/80 81/25/80
f 68/40/81 69/41/81 83/27/81
f 68/40/81 83/27/81 82/26/81
f 69/41/82 70/42/82 84/28/82
f 69/41/82 84/28/82 83/27/82
f 70/42/83 71/43/83 85/29/83
f 70/42/83 85/29/83 84/28/83
f 71/43/84 59/31/84 73/17/84
f 71/43/84 73/17/84 85/29/84
f 73/17/85 72/16/85 86/2/85
f 73/17/85 86/2/85 87/3/85
f 72/16/86 74/18/86 88/4/86
f 72/16/86 88/4/86 86/2/86
f 74/18/87 75/19/87 89/5/87
f 74/18/87 89/5/87 88/4/87
f 75/19/88 76/20/88 90/6/88
f 75/19/88 90/6/88 89/5/88
f 76/20/89 77/21/89 91/7/89
f 76/20/89 91/7/89 90/6/89
f 77/21/90 78/22/90 92/8/90
f 77/21/90 92/8/90 91/7/90
f 78/22/91 79/23/91 93/9/91
f 78/22/91 93/9/91 92/8/91
f 79/23/92 80/24/92 94/10/92
f 79/23/92 94/10/92 93/9/92
f 80/24/93 81/25/93 95/11/93
f 80/24/93 95/11/93 94/10/93
f 81/25/94 82/26/94 96/12/94
f 81/25/94 96/12/94 95/11/94
f 82/26/95 83/27/95 97/13/95
f 82/26/95 97/13/95 96/12/95
f 83/27/96 84/28/96 98/14/96
f 83/27/96 98/14/96 97/13/96
f 84/28/97 85/29/97 99/15/97
f 84/28/97 99/15/97 98/14/97
f 85/29/98 73/17/98 87/3/98
f 85/29/98 87/3/98 99/15/98
f 87/3/99 86/2/99 100/1/99
f 86/2/100 88/4/100 100/1/100
f 88/4/101 89/5/101 100/1/101
f 89/5/102 90/6/102 100/1/102
f 90/6/103 91/7/103 100/1/103
f 91/7/104 92/8/104 100/1/104
f 92/8/105 93/9/105 100/1/105
f 93/9/106 94/10/106 100/1/106
f 94/10/107 95/11/107 100/1/107
f 95/11/108 96/12/108 100/1/108
f 96/12/109 97/13/109 100/1/109
f 97/13/110 98/14/110 100/1/110
f 98/14/111 99/15/111 100/1/111
f 99/15/112 87/3/112 100/1/112
f 101/80/113 102/81/113 103/82/113
f 101/80/114 104/83/114 102/81/114
f 101/80/115 105/84/115 104/83/115
f 101/80/116 106/85/116 105/84/116
f 101/80/117 107/86/117 106/85/117
f 101/80/118 108/87/118 107/86/118
f 101/80/119 109/88/119 108/87/119
f 101/80/120 110/89/120 109/88/120
f 101/80/121 111/90/121 110/89/121
f 101/80/122 103/82/122 111/90/122
f 103/91/123 102/92/123 112/93/123
f 103/91/123 112/93/123 113/94/123
f 102/95/124 104/96/124 114/97/124
f 102/95/124 114/97/124 112/98/124
f 104/96/125 105/99/125 115/100/125
f 104/96/125 115/100/125 114/97/125
f 105/99/126 106/101/126 116/102/126
f 105/99/126 116/102/126 115/100/126
f 106/103/127 107/104/127 117/105/127
f 106/103/127 117/105/127 116/106/127
f 107/104/128 108/107/128 118/108/128
f 107/104/128 118/108/128 117/105/128
f 108/109/129 109/110/129 119/111/129
f 108/109/129 119/111/129 118/112/129
f 109/110/130 110/113/130 120/114/130
f 109/110/130 120/114/130 119/111/130
f 110/113/131 111/115/131 121/116/131
f 110/113/131 121/116/131 120/114/131
f 111/117/132 103/91/132 113/94/132
f 111/117/132 113/94/132 121/118/132
f 113/94/133 112/93/133 122/119/133
f 113/94/133 122/119/133 123/120/133
f 112/98/134 114/97/134 124/121/134
f 112/98/134 124/121/134 122/122/134
f 114/97/135 115/100/135 125/123/135
f 114/97/135 125/123/135 124/121/135
f 115/100/136 116/102/136 126/124/136
f 115/100/136 126/124/136 125/123/136
f 116/106/137 117/105/137 127/125/137
f 116/106/137 127/125/137 126/126/137
f 117/105/138 118/108/138 128/127/138
f 117/105/138 128/127/138 127/125/138
f 118/112/139 119/111/139 129/128/139
f 118/112/139 129/128/139 128/129/139
f 119/111/140 120/114/140 130/130/140
f 119/111/140 130/130/140 129/128/140
f 120/114/141 121/116/141 131/131/141
f 120/114/141 131/131/141 130/130/141
f 121/118/142 113/94/142 123/120/142
f 121/118/142 123/120/142 131/132/142
f 123/120/143 122/119/143 132/133/143
f 123/120/143 132/133/143 133/134/143
f 122/122/144 124/121/144 134/135/144
f 122/122/144 134/135/144 132/136/144
f 124/121/145 125/123/145 135/137/145
f 124/121/145 135/137/145 134/135/145
f 125/123/146 126/124/146 136/138/146
f 125/123/146 136/138/146 135/137/146
f 126/126/147 127/125/147 137/139/147
f 126/126/147 137/139/147 136/140/147
f 127/125/148 128/127/148 138/141/148
f 127/125/148 138/141/148 137/139/148
f 128/129/149 129/128/149 139/142/149
f 128/129/149 139/142/149 138/143/149
f 129/128/150 130/130/150 140/144/150
f 129/128/150 140/144/150 139/142/150
f 130/130/151 131/131/151 141/145/151
f 130/130/151 141/145/151 140/144/151
f 131/132/152 123/120/152 133/134/152
f 131/132/152 133/134/152 141/146/152
f 133/82/153 132/81/153 142/80/153
f 132/81/154 134/83/154 142/80/154
f 134/83/155 135/84/155 142/80/155
f 135/84/156 136/85/156 142/80/156
f 136/85/157 137/86/157 142/80/157
f 137/86/158 138/87/158 142/80/158
f 138/87/159 139/88/159 142/80/159
f 139/88/160 140/89/160 142/80/160
f 140/89/161 141/90/161 142/80/161
f 141/90/162 133/82/162 142/80/162
f 143/147/163 144/148/163 145/149/163
f 143/147/163 145/149/163 146/150/163
f 144/151/164 147/152/164 148/153/164
f 144/151/164 148/153/164 145/154/164
f 147/152/165 149/155/165 150/156/165
f 147/152/165 150/156/165 148/153/165
f 149/157/166 151/158/166 152/159/166
f 149/157/166 152/159/166 150/160/166
f 151/161/167 153/162/167 154/163/167
f 151/161/167 154/163/167 152/164/167
f 153/165/168 143/147/168 146/150/168
f 153/165/168 146/150/168 154/166/168
f 146/167/169 145/154/169 155/168/169
f 145/154/170 148/153/170 155/168/170
f 148/153/171 150/156/171 155/168/171
f 150/169/172 152/164/172 155/170/172
f 152/164/173 154/163/173 155/170/173
f 154/163/174 146/171/174 155/170/174
f 156/172/175 157/173/175 158/174/175
f 156/172/175 158/174/175 159/175/175
f 157/176/176 160/177/176 161/178/176
f 157/176/176 161/178/176 158/179/176
f 160/180/177 162/181/177 163/182/177
f 160/180/177 163/182/177 161/183/177
f 162/181/178 164/184/178 165/185/178
f 162/181/178 165/185/178 163/182/178
f 164/186/179 166/187/179 167/188/179
f 164/186/179 167/188/179 165/189/179
f 166/190/180 156/172/180 159/175/180
f 166/190/180 159/175/180 167/191/180
f 159/192/181 158/193/181 168/194/181
f 158/179/182 161/178/182 168/195/182
f 161/196/183 163/197/183 168/194/183
f 163/197/184 165/198/184 168/194/184
f 165/198/185 167/199/185 168/194/185
f 167/199/186 159/192/186 168/194/186
f 169/200/187 170/201/187 171/202/187
f 169/200/187 171/202/187 172/203/187
f 170/201/188 173/204/188 174/205/188
f 170/201/188 174/205/188 171/202/188
f 173/206/189 175/207/189 176/208/189
f 173/206/189 176/208/189 174/209/189
f 175/210/190 177/211/190 178/212/190
f 175/210/190 178/212/190 176/213/190
f 177/211/191 179/214/191 180/215/191
f 177/211/191 180/215/191 178/212/191
f 179/216/192 169/217/192 172/218/192
f 179/216/192 172/218/192 180/219/192
f 172/220/193 171/221/193 181/222/193
f 171/221/194 174/223/194 181/222/194
f 174/223/195 176/224/195 181/222/195
f 176/224/196 178/225/196 181/222/196
f 178/225/197 180/226/197 181/222/197
f 180/226/198 172/220/198 181/222/198
f 182/227/199 183/228/199 184/229/199
f 182/227/200 185/230/200 183/228/200
f 182/227/201 186/231/201 185/230/201
f 182/227/202 187/232/202 186/231/202
f 182/227/203 188/233/203 187/232/203
f 182/227/204 189/234/204 188/233/204
f 182/227/205 190/235/205 189/234/205
f 182/227/206 191/236/206 190/235/206
f 182/227/207 192/237/207 191/236/207
f 182/227/208 184/229/208 192/237/208
f 184/238/209 183/239/209 193/240/209
f 184/238/209 193/240/209 194/241/209
f 183/242/210 185/243/210 195/244/210
f 183/242/210 195/244/210 193/245/210
f 185/243/211 186/246/211 196/247/211
f 185/243/211 196/247/211 195/244/211
f 186/246/212 187/248/212 197/249/212
f 186/246/212 197/249/212 196/247/212
f 187/232/213 188/233/213 198/250/213
f 187/232/213 198/250/213 197/251/213
f 188/252/214 189/253/214 199/254/214
f 188/252/214 199/254/214 198/255/214
f 189/256/215 190/257/215 200/258/215
f 189/256/215 200/258/215 199/259/215
f 190/257/216 191/260/216 201/261/216
f 190/257/216 201/261/216 200/258/216
f 191/260/217 192/262/217 202/263/217
f 191/260/217 202/263/217 201/261/217
f 192/237/218 184/229/218 194/264/218
f 192/237/218 194/264/218 202/265/218
f 194/241/219 193/240/219 203/266/219
f 194/241/219 203/266/219 204/267/219
f 193/245/220 195/244/220 205/268/220
f 193/245/220 205/268/220 203/269/220
f 195/244/221 196/247/221 206/270/221
f 195/244/221 206/270/221 205/268/221
f 196/247/222 197/249/222 207/271/222
f 196/247/222 207/271/222 206/270/222
f 197/272/223 198/255/223 208/273/223
f 197/272/223 208/273/223 207/274/223
f 198/255/224 199/254/224 209/275/224
f 198/255/224 209/275/224 208/273/224
f 199/259/225 200/258/225 210/276/225
f 199/259/225 210/276/225 209/277/225
f 200/258/226 201/261/226 211/278/226
f 200/258/226 211/278/226 210/276/226
f 201/261/227 202/263/227 212/279/227
f 201/261/227 212/279/227 211/278/227
f 202/280/228 194/241/228 204/267/228
f 202/280/228 204/267/228 212/281/228
f 204/267/229 203/266/229 213/282/229
f 204/267/229 213/282/229 214/283/229
f 203/269/230 205/268/230 215/284/230
f 203/269/230 215/284/230 213/285/230
f 205/268/231 206/270/231 216/286/231
f 205/268/231 216/286/231 215/284/231
f 206/270/232 207/271/232 217/287/232
f 206/270/232 217/287/232 216/286/232
f 207/251/233 208/250/233 218/233/233
f 207/251/233 218/233/233 217/232/233
f 208/273/234 209/275/234 219/288/234
f 208/273/234 219/288/234 218/289/234
f 209/277/235 210/276/235 220/290/235
f 209/277/235 220/290/235 219/291/235
f 210/276/236 211/278/236 221/292/236
f 210/276/236 221/292/236 220/290/236
f 211/278/237 212/279/237 222/293/237
f 211/278/237 222/293/237 221/292/237
f 212/265/238 204/264/238 214/229/238
f 212/265/238 214/229/238 222/237/238
f 214/229/239 213/228/239 223/227/239
f 213/228/240 215/230/240 223/227/240
f 215/230/241 216/231/241 223/227/241
f 216/231/242 217/232/242 223/227/242
f 217/232/243 218/233/243 223/227/243
f 218/233/244 219/234/244 223/227/244
f 219/234/245 220/235/245 223/227/245
f 220/235/246 221/236/246 223/227/246
f 221/236/247 222/237/247 223/227/247
f 222/237/248 214/229/248 223/227/248
f 224/294/249 225/295/249 226/296/249
f 224/294/249 226/296/249 227/297/249
f 225/295/250 228/298/250 229/299/250
f 225/295/250 229/299/250 226/296/250
f 228/300/251 230/301/251 231/302/251
f 228/300/251 231/302/251 229/303/251
f 230/301/252 232/304/252 233/305/252
f 230/301/252 233/305/252 231/302/252
f 232/306/253 234/307/253 235/308/253
f 232/306/253 235/308/253 233/309/253
f 234/310/254 224/311/254 227/312/254
f 234/310/254 227/312/254 235/313/254
f 227/297/255 226/296/255 236/314/255
f 226/296/256 229/299/256 236/314/256
f 229/315/257 231/316/257 236/317/257
f 231/316/258 233/309/258 236/317/258
f 233/309/259 235/308/259 236/317/259
f 235/308/260 227/318/260 236/317/260
f 237/319/261 238/320/261 239/321/261
f 237/319/261 239/321/261 240/322/261
f 238/320/262 241/323/262 242/324/262
f 238/320/262 242/324/262 239/321/262
f 241/325/263 243/326/263 244/327/263
f 241/325/263 244/327/263 242/328/263
f 243/329/264 245/330/264 246/331/264
f 243/329/264 246/331/264 244/332/264
f 245/330/265 247/333/265 248/334/265
f 245/330/265 248/334/265 246/331/265
f 247/335/266 237/336/266 240/337/266
f 247/335/266 240/337/266 248/338/266
f 240/322/267 239/321/267 249/339/267
f 239/321/268 242/324/268 249/339/268
f 242/324/269 244/340/269 249/339/269
f 244/332/270 246/331/270 249/341/270
f 246/331/271 248/334/271 249/341/271
f 248/342/272 240/322/272 249/339/272
f 250/343/273 251/344/273 252/345/273
f 250/343/273 252/345/273 253/346/273
f 251/347/274 254/348/274 255/349/274
f 251/347/274 255/349/274 252/350/274
f 254/348/275 256/351/275 257/352/275
f 254/348/275 257/352/275 255/349/275
f 256/353/276 258/354/276 259/355/276
f 256/353/276 259/355/276 257/356/276
f 258/357/277 260/358/277 261/359/277
f 258/357/277 261/359/277 259/360/277
f 260/358/278 250/361/278 253/362/278
f 260/358/278 253/362/278 261/359/278
f 253/363/279 252/364/279 262/365/279
f 252/364/280 255/366/280 262/365/280
f 255/366/281 257/367/281 262/365/281
f 257/367/282 259/368/282 262/365/282
f 259/368/283 261/369/283 262/365/283
f 261/369/284 253/363/284 262/365/284
f 263/370/285 264/371/285 265/372/285
f 263/370/286 266/373/286 264/371/286
f 263/370/287 267/374/287 266/373/287
f 263/370/288 268/375/288 267/374/288
f 263/370/289 269/376/289 268/375/289
f 263/370/290 270/377/290 269/376/290
f 263/370/291 271/378/291 270/377/291
f 263/370/292 272/379/292 271/378/292
f 263/370/293 273/380/293 272/379/293
f 263/370/294 265/372/294 273/380/294
f 265/372/295 264/371/295 274/381/295
f 265/372/295 274/381/295 275/382/295
f 264/371/296 266/373/296 276/383/296
f 264/371/296 276/383/296 274/381/296
f 266/384/297 267/385/297 277/386/297
f 266/384/297 277/386/297 276/387/297
f 267/385/298 268/388/298 278/389/298
f 267/385/298 278/389/298 277/386/298
f 268/375/299 269/376/299 279/390/299
f 268/375/299 279/390/299 278/391/299
f 269/376/300 270/377/300 280/392/300
f 269/376/300 280/392/300 279/390/300
f 270/377/301 271/378/301 281/393/301
f 270/377/301 281/393/301 280/392/301
f 271/394/302 272/395/302 282/396/302
f 271/394/302 282/396/302 281/397/302
f 272/395/303 273/398/303 283/399/303
f 272/395/303 283/399/303 282/396/303
f 273/380/304 265/372/304 275/382/304
f 273/380/304 275/382/304 283/400/304
f 275/401/305 274/402/305 284/403/305
f 275/401/305 284/403/305 285/404/305
f 274/405/306 276/387/306 286/406/306
f 274/405/306 286/406/306 284/407/306
f 276/387/307 277/386/307 287/408/307
f 276/387/307 287/408/307 286/406/307
f 277/386/308 278/389/308 288/409/308
f 277/386/308 288/409/308 287/408/308
f 278/410/309 279/411/309 289/412/309
f 278/410/309 289/412/309 288/413/309
f 279/411/310 280/414/310 290/415/310
f 279/411/310 290/415/310 289/412/310
f 280/416/311 281/397/311 291/417/311
f 280/416/311 291/417/311 290/418/311
f 281/397/312 282/396/312 292/419/312
f 281/397/312 292/419/312 291/417/312
f 282/396/313 283/399/313 293/420/313
f 282/396/313 293/420/313 292/419/313
f 283/421/314 275/401/314 285/404/314
f 283/421/314 285/404/314 293/422/314
f 285/382/315 284/381/315 294/371/315
f 285/382/315 294/371/315 295/372/315
f 284/381/316 286/383/316 296/373/316
f 284/381/316 296/373/316 294/371/316
f 286/406/317 287/408/317 297/423/317
f 286/406/317 297/423/317 296/424/317
f 287/408/318 288/409/318 298/425/318
f 287/408/318 298/425/318 297/423/318
f 288/391/319 289/390/319 299/376/319
f 288/391/319 299/376/319 298/375/319
f 289/390/320 290/392/320 300/377/320
f 289/390/320 300/377/320 299/376/320
f 290/392/321 291/393/321 301/378/321
f 290/392/321 301/378/321 300/377/321
f 291/417/322 292/419/322 302/426/322
f 291/417/322 302/426/322 301/427/322
f 292/419/323 293/420/323 303/428/323
f 292/419/323 303/428/323 302/426/323
f 293/400/324 285/382/324 295/372/324
f 293/400/324 295/372/324 303/380/324
f 295/372/325 294/371/325 304/370/325
f 294/371/326 296/373/326 304/370/326
f 296/373/327 297/374/327 304/370/327
f 297/374/328 298/375/328 304/370/328
f 298/375/329 299/376/329 304/370/329
f 299/376/330 300/377/330 304/370/330
f 300/377/331 301/378/331 304/370/331
f 301/378/332 302/379/332 304/370/332
f 302/379/333 303/380/333 304/370/333
f 303/380/334 295/372/334 304/370/334
f 305/429/335 306/430/335 307/431/335
f 305/429/335 307/431/335 308/432/335
f 306/433/336 309/434/336 310/435/336
f 306/433/336 310/435/336 307/436/336
f 309/437/337 311/438/337 312/439/337
f 309/437/337 312/439/337 310/440/337
f 311/438/338 313/441/338 314/442/338
f 311/438/338 314/442/338 312/439/338
f 313/443/339 315/444/339 316/445/339
f 313/443/339 316/445/339 314/446/339
f 315/444/340 305/447/340 308/448/340
f 315/444/340 308/448/340 316/445/340
f 308/449/341 307/436/341 317/450/341
f 307/436/342 310/435/342 317/450/342
f 310/435/343 312/451/343 317/450/343
f 312/452/344 314/446/344 317/453/344
f 314/446/345 316/445/345 317/453/345
f 316/445/346 308/448/346 317/453/346
f 318/454/347 319/455/347 320/456/347
f 318/454/347 320/456/347 321/457/347
f 319/458/348 322/459/348 323/460/348
f 319/458/348 323/460/348 320/461/348
f 322/462/349 324/463/349 325/464/349
f 322/462/349 325/464/349 323/465/349
f 324/463/350 326/466/350 327/467/350
f 324/463/350 327/467/350 325/464/350
f 326/468/351 328/469/351 329/470/351
f 326/468/351 329/470/351 327/471/351
f 328/472/352 318/454/352 321/457/352
f 328/472/352 321/457/352 329/473/352
f 321/474/353 320/475/353 330/476/353
f 320/475/354 323/477/354 330/476/354
f 323/477/355 325/478/355 330/476/355
f 325/478/356 327/479/356 330/476/356
f 327/479/357 329/480/357 330/476/357
f 329/480/358 321/474/358 330/476/358
f 331/481/359 332/482/359 333/483/359
f 331/481/359 333/483/359 334/484/359
f 332/485/360 335/486/360 336/487/360
f 332/485/360 336/487/360 333/488/360
f 335/486/361 337/489/361 338/490/361
f 335/486/361 338/490/361 336/487/361
f 337/491/362 339/492/362 340/493/362
f 337/491/362 340/493/362 338/494/362
f 339/495/363 341/496/363 342/497/363
f 339/495/363 342/497/363 340/498/363
f 341/496/364 331/499/364 334/500/364
f 341/496/364 334/500/364 342/497/364
f 334/484/365 333/483/365 343/501/365
f 333/483/366 336/502/366 343/501/366
f 336/503/367 338/494/367 343/504/367
f 338/494/368 340/493/368 343/504/368
f 340/493/369 342/505/369 343/504/369
f 342/506/370 334/484/370 343/501/370
f 344/507/371 345/508/371 346/509/371
f 344/507/372 347/510/372 345/508/372
f 344/507/373 348/511/373 347/510/373
f 344/507/374 349/512/374 348/511/374
f 344/507/375 350/513/375 349/512/375
f 344/507/376 351/514/376 350/513/376
f 344/507/377 352/515/377 351/514/377
f 344/507/378 353/516/378 352/515/378
f 344/507/379 354/517/379 353/516/379
f 344/507/380 346/509/380 354/517/380
f 346/518/381 345/519/381 355/520/381
f 346/518/381 355/520/381 356/521/381
f 345/508/382 347/510/382 357/522/382
f 345/508/382 357/522/382 355/523/382
f 347/510/383 348/511/383 358/524/383
f 347/510/383 358/524/383 357/522/383
f 348/511/384 349/512/384 359/525/384
f 348/511/384 359/525/384 358/524/384
f 349/512/385 350/513/385 360/526/385
f 349/512/385 360/526/385 359/525/385
f 350/527/386 351/528/386 361/529/386
f 350/527/386 361/529/386 360/530/386
f 351/514/387 352/515/387 362/531/387
f 351/514/387 362/531/387 361/532/387
f 352/515/388 353/516/388 363/533/388
f 352/515/388 363/533/388 362/531/388
f 353/516/389 354/517/389 364/534/389
f 353/516/389 364/534/389 363/533/389
f 354/517/390 346/509/390 356/535/390
f 354/517/390 356/535/390 364/534/390
f 356/521/391 355/520/391 365/536/391
f 356/521/391 365/536/391 366/537/391
f 355/520/392 357/538/392 367/539/392
f 355/520/392 367/539/392 365/536/392
f 357/540/393 358/541/393 368/542/393
f 357/540/393 368/542/393 367/543/393
f 358/541/394 359/544/394 369/545/394
f 358/541/394 369/545/394 368/542/394
f 359/546/395 360/530/395 370/547/395
f 359/546/395 370/547/395 369/548/395
f 360/530/396 361/529/396 371/549/396
f 360/530/396 371/549/396 370/547/396
f 361/529/397 362/550/397 372/551/397
f 361/529/397 372/551/397 371/549/397
f 362/552/398 363/553/398 373/554/398
f 362/552/398 373/554/398 372/555/398
f 363/553/399 364/556/399 374/557/399
f 363/553/399 374/557/399 373/554/399
f 364/558/400 356/521/400 366/537/400
f 364/558/400 366/537/400 374/559/400
f 366/537/401 365/536/401 375/560/401
f 366/537/401 375/560/401 376/561/401
f 365/523/402 367/522/402 377/510/402
f 365/523/402 377/510/402 375/508/402
f 367/522/403 368/524/403 378/511/403
f 367/522/403 378/511/403 377/510/403
f 368/524/404 369/525/404 379/512/404
f 368/524/404 379/512/404 378/511/404
f 369/525/405 370/526/405 380/513/405
f 369/525/405 380/513/405 379/512/405
f 370/547/406 371/549/406 381/562/406
f 370/547/406 381/562/406 380/563/406
f 371/532/407 372/531/407 382/515/407
f 371/532/407 382/515/407 381/514/407
f 372/531/408 373/533/408 383/516/408
f 372/531/408 383/516/408 382/515/408
f 373/533/409 374/534/409 384/517/409
f 373/533/409 384/517/409 383/516/409
f 374/534/410 366/535/410 376/509/410
f 374/534/410 376/509/410 384/517/410
f 376/509/411 375/508/411 385/507/411
f 375/508/412 377/510/412 385/507/412
f 377/510/413 378/511/413 385/507/413
f 378/511/414 379/512/414 385/507/414
f 379/512/415 380/513/415 385/507/415
f 380/513/416 381/514/416 385/507/416
f 381/514/417 382/515/417 385/507/417
f 382/515/418 383/516/418 385/507/418
f 383/516/419 384/517/419 385/507/419
f 384/517/420 376/509/420 385/507/420
f 386/564/421 387/565/421 388/566/421
f 386/564/421 388/566/421 389/567/421
f 387/568/422 390/569/422 391/570/422
f 387/568/422 391/570/422 388/571/422
f 390/572/423 392/573/423 393/574/423
f 390/572/423 393/574/423 391/575/423
f 392/576/424 394/577/424 395/578/424
f 392/576/424 395/578/424 393/579/424
f 394/580/425 396/581/425 397/582/425
f 394/580/425 397/582/425 395/583/425
f 396/584/426 386/564/426 389/567/426
f 396/584/426 389/567/426 397/585/426
f 389/567/427 388/566/427 398/586/427
f 388/587/428 391/575/428 398/588/428
f 391/575/429 393/574/429 398/588/429
f 393/574/430 395/589/430 398/588/430
f 395/583/431 397/582/431 398/590/431
f 397/585/432 389/567/432 398/586/432
f 399/591/433 400/592/433 401/593/433
f 399/591/433 401/593/433 402/594/433
f 400/592/434 403/595/434 404/596/434
f 400/592/434 404/596/434 401/593/434
f 403/597/435 405/598/435 406/599/435
f 403/597/435 406/599/435 404/600/435
f 405/601/436 407/602/436 408/603/436
f 405/601/436 408/603/436 406/604/436
f 407/605/437 409/606/437 410/607/437
f 407/605/437 410/607/437 408/608/437
f 409/606/438 399/609/438 402/610/438
f 409/606/438 402/610/438 410/607/438
f 402/610/439 401/611/439 411/612/439
f 401/613/440 404/600/440 411/614/440
f 404/600/441 406/599/441 411/614/441
f 406/615/442 408/608/442 411/612/442
f 408/608/443 410/607/443 411/612/443
f 410/607/444 402/610/444 411/612/444
f 412/616/445 413/617/445 414/618/445
f 412/616/445 414/618/445 415/619/445
f 413/620/446 416/621/446 417/622/446
f 413/620/446 417/622/446 414/623/446
f 416/621/447 418/624/447 419/625/447
f 416/621/447 419/625/447 417/622/447
f 418/626/448 420/627/448 421/628/448
f 418/626/448 421/628/448 419/629/448
f 420/630/449 422/631/449 423/632/449
f 420/630/449 423/632/449 421/633/449
f 422/634/450 412/616/450 415/619/450
f 422/634/450 415/619/450 423/635/450
f 415/636/451 414/637/451 424/638/451
f 414/623/452 417/622/452 424/639/452
f 417/640/453 419/641/453 424/638/453
f 419/641/454 421/633/454 424/638/454
f 421/633/455 423/632/455 424/638/455
f 423/632/456 415/636/456 424/638/456
f 425/642/457 426/643/457 427/644/457
f 425/642/458 428/645/458 426/643/458
f 425/642/459 429/646/459 428/645/459
f 425/642/460 430/647/460 429/646/460
f 425/642/461 431/648/461 430/647/461
f 425/642/462 432/649/462 431/648/462
f 425/642/463 433/650/463 432/649/463
f 425/642/464 434/651/464 433/650/464
f 425/642/465 435/652/465 434/651/465
f 425/642/466 427/644/466 435/652/466
f 427/644/467 426/643/467 436/653/467
f 427/644/467 436/653/467 437/654/467
f 426/643/468 428/645/468 438/655/468
f 426/643/468 438/655/468 436/653/468
f 428/656/469 429/657/469 439/658/469
f 428/656/469 439/658/469 438/659/469
f 429/657/470 430/660/470 440/661/470
f 429/657/470 440/661/470 439/658/470
f 430/647/471 431/648/471 441/662/471
f 430/647/471 441/662/471 440/663/471
f 431/648/472 432/649/472 442/664/472
f 431/648/472 442/664/472 441/662/472
f 432/649/473 433/650/473 443/665/473
f 432/649/473 443/665/473 442/664/473
f 433/666/474 434/667/474 444/668/474
f 433/666/474 444/668/474 443/669/474
f 434/667/475 435/670/475 445/671/475
f 434/667/475 445/671/475 444/668/475
f 435/652/476 427/644/476 437/654/476
f 435/652/476 437/654/476 445/672/476
f 437/673/477 436/674/477 446/675/477
f 437/673/477 446/675/477 447/676/477
f 436/677/478 438/659/478 448/678/478
f 436/677/478 448/678/478 446/679/478
f 438/659/479 439/658/479 449/680/479
f 438/659/479 449/680/479 448/678/479
f 439/658/480 440/661/480 450/681/480
f 439/658/480 450/681/480 449/680/480
f 440/682/481 441/683/481 451/684/481
f 440/682/481 451/684/481 450/685/481
f 441/683/482 442/686/482 452/687/482
f 441/683/482 452/687/482 451/684/482
f 442/688/483 443/669/483 453/689/483
f 442/688/483 453/689/483 452/690/483
f 443/669/484 444/668/484 454/691/484
f 443/669/484 454/691/484 453/689/484
f 444/668/485 445/671/485 455/692/485
f 444/668/485 455/692/485 454/691/485
f 445/693/486 437/673/486 447/676/486
f 445/693/486 447/676/486 455/694/486
f 447/654/487 446/653/487 456/643/487
f 447/654/487 456/643/487 457/644/487
f 446/653/488 448/655/488 458/645/488
f 446/653/488 458/645/488 456/643/488
f 448/678/489 449/680/489 459/695/489
f 448/678/489 459/695/489 458/696/489
f 449/680/490 450/681/490 460/697/490
f 449/680/490 460/697/490 459/695/490
f 450/663/491 451/662/491 461/648/491
f 450/663/491 461/648/491 460/647/491
f 451/662/492 452/664/492 462/649/492
f 451/662/492 462/649/492 461/648/492
f 452/664/493 453/665/493 463/650/493
f 452/664/493 463/650/493 462/649/493
f 453/689/494 454/691/494 464/698/494
f 453/689/494 464/698/494 463/699/494
f 454/691/495 455/692/495 465/700/495
f 454/691/495 465/700/495 464/698/495
f 455/672/496 447/654/496 457/644/496
f 455/672/496 457/644/496 465/652/496
f 457/644/497 456/643/497 466/642/497
f 456/643/498 458/645/498 466/642/498
f 458/645/499 459/646/499 466/642/499
f 459/646/500 460/647/500 466/642/500
f 460/647/501 461/648/501 466/642/501
f 461/648/502 462/649/502 466/642/502
f 462/649/503 463/650/503 466/642/503
f 463/650/504 464/651/504 466/642/504
f 464/651/505 465/652/505 466/642/505
f 465/652/506 457/644/506 466/642/506
f 467/701/507 468/702/507 469/703/507
f 467/701/507 469/703/507 470/704/507
f 468/705/508 471/706/508 472/707/508
f 468/705/508 472/707/508 469/708/508
f 471/709/509 473/710/509 474/711/509
f 471/709/509 474/711/509 472/712/509
f 473/710/510 475/713/510 476/714/510
f 473/710/510 476/714/510 474/711/510
f 475/715/511 477/716/511 478/717/511
f 475/715/511 478/717/511 476/718/511
f 477/719/512 467/701/512 470/704/512
f 477/719/512 470/704/512 478/720/512
f 470/721/513 469/708/513 479/722/513
f 469/708/514 472/707/514 479/722/514
f 472/723/515 474/724/515 479/725/515
f 474/724/516 476/718/516 479/725/516
f 476/718/517 478/717/517 479/725/517
f 478/717/518 470/726/518 479/725/518
f 480/727/519 481/728/519 482/729/519
f 480/727/519 482/729/519 483/730/519
f 481/728/520 484/731/520 485/732/520
f 481/728/520 485/732/520 482/729/520
f 484/733/521 486/734/521 487/735/521
f 484/733/521 487/735/521 485/736/521
f 486/737/522 488/738/522 489/739/522
f 486/737/522 489/739/522 487/740/522
f 488/738/523 490/741/523 491/742/523
f 488/738/523 491/742/523 489/739/523
f 490/743/524 480/744/524 483/745/524
f 490/743/524 483/745/524 491/746/524
f 483/747/525 482/748/525 492/749/525
f 482/748/526 485/750/526 492/749/526
f 485/750/527 487/751/527 492/749/527
f 487/751/528 489/752/528 492/749/528
f 489/752/529 491/753/529 492/749/529
f 491/753/530 483/747/530 492/749/530
f 493/754/531 494/755/531 495/756/531
f 493/754/531 495/756/531 496/757/531
f 494/758/532 497/759/532 498/760/532
f 494/758/532 498/760/532 495/761/532
f 497/759/533 499/762/533 500/763/533
f 497/759/533 500/763/533 498/760/533
f 499/764/534 501/765/534 502/766/534
f 499/764/534 502/766/534 500/767/534
f 501/768/535 503/769/535 504/770/535
f 501/768/535 504/770/535 502/771/535
f 503/769/536 493/772/536 496/773/536
f 503/769/536 496/773/536 504/770/536
f 496/774/537 495/761/537 505/775/537
f 495/761/538 498/760/538 505/775/538
f 498/760/539 500/763/539 505/775/539
f 500/763/540 502/776/540 505/775/540
f 502/771/541 504/770/541 505/777/541
f 504/770/542 496/773/542 505/777/542
f 506/778/543 507/779/543 508/780/543
f 506/778/544 509/781/544 507/779/544
f 506/778/545 510/782/545 509/781/545
f 506/778/546 511/783/546 510/782/546
f 506/778/547 512/784/547 511/783/547
f 506/778/548 513/785/548 512/784/548
f 506/778/549 514/786/549 513/785/549
f 506/778/550 515/787/550 514/786/550
f 506/778/551 516/788/551 515/787/551
f 506/778/552 508/780/552 516/788/552
f 508/780/553 507/779/553 517/789/553
f 508/780/553 517/789/553 518/790/553
f 507/779/554 509/781/554 519/791/554
f 507/779/554 519/791/554 517/789/554
f 509/781/555 510/782/555 520/792/555
f 509/781/555 520/792/555 519/791/555
f 510/782/556 511/783/556 521/793/556
f 510/782/556 521/793/556 520/792/556
f 511/783/557 512/784/557 522/794/557
f 511/783/557 522/794/557 521/793/557
f 512/784/558 513/785/558 523/795/558
f 512/784/558 523/795/558 522/794/558
f 513/785/559 514/786/559 524/796/559
f 513/785/559 524/796/559 523/795/559
f 514/786/560 515/787/560 525/797/560
f 514/786/560 525/797/560 524/796/560
f 515/787/561 516/788/561 526/798/561
f 515/787/561 526/798/561 525/797/561
f 516/788/562 508/780/562 518/790/562
f 516/788/562 518/790/562 526/798/562
f 518/799/563 517/800/563 527/801/563
f 518/799/563 527/801/563 528/802/563
f 517/800/564 519/803/564 529/804/564
f 517/800/564 529/804/564 527/801/564
f 519/805/565 520/806/565 530/807/565
f 519/805/565 530/807/565 529/808/565
f 520/806/566 521/809/566 531/810/566
f 520/806/566 531/810/566 530/807/566
f 521/811/567 522/812/567 532/813/567
f 521/811/567 532/813/567 531/814/567
f 522/812/568 523/815/568 533/816/568
f 522/812/568 533/816/568 532/813/568
f 523/815/569 524/817/569 534/818/569
f 523/815/569 534/818/569 533/816/569
f 524/819/570 525/820/570 535/821/570
f 524/819/570 535/821/570 534/822/570
f 525/820/571 526/823/571 536/824/571
f 525/820/571 536/824/571 535/821/571
f 526/825/572 518/799/572 528/802/572
f 526/825/572 528/802/572 536/826/572
f 528/790/573 527/789/573 537/779/573
f 528/790/573 537/779/573 538/780/573
f 527/789/574 529/791/574 539/781/574
f 527/789/574 539/781/574 537/779/574
f 529/791/575 530/792/575 540/782/575
f 529/791/575 540/782/575 539/781/575
f 530/792/576 531/793/576 541/783/576
f 530/792/576 541/783/576 540/782/576
f 531/793/577 532/794/577 542/784/577
f 531/793/577 542/784/577 541/783/577
f 532/794/578 533/795/578 543/785/578
f 532/794/578 543/785/578 542/784/578
f 533/795/579 534/796/579 544/786/579
f 533/795/579 544/786/579 543/785/579
f 534/796/580 535/797/580 545/787/580
f 534/796/580 545/787/580 544/786/580
f 535/797/581 536/798/581 546/788/581
f 535/797/581 546/788/581 545/787/581
f 536/798/582 528/790/582 538/780/582
f 536/798/582 538/780/582 546/788/582
f 538/780/583 537/779/583 547/778/583
f 537/779/584 539/781/584 547/778/584
f 539/781/585 540/782/585 547/778/585
f 540/782/586 541/783/586 547/778/586
f 541/783/587 542/784/587 547/778/587
f 542/784/588 543/785/588 547/778/588
f 543/785/589 544/786/589 547/778/589
f 544/786/590 545/787/590 547/778/590
f 545/787/591 546/788/591 547/778/591
f 546/788/592 538/780/592 547/778/592
f 548/827/593 549/828/593 550/829/593
f 548/827/593 550/829/593 551/830/593
f 549/831/594 552/832/594 553/833/594
f 549/831/594 553/833/594 550/834/594
f 552/835/595 554/836/595 555/837/595
f 552/835/595 555/837/595 553/838/595
f 554/836/596 556/839/596 557/840/596
f 554/836/596 557/840/596 555/837/596
f 556/841/597 558/842/597 559/843/597
f 556/841/597 559/843/597 557/844/597
f 558/845/598 548/846/598 551/847/598
f 558/845/598 551/847/598 559/848/598
f 551/847/599 550/849/599 560/850/599
f 550/849/600 553/851/600 560/850/600
f 553/851/601 555/852/601 560/850/601
f 555/837/602 557/840/602 560/853/602
f 557/854/603 559/848/603 560/850/603
f 559/848/604 551/847/604 560/850/604
f 561/855/605 562/856/605 563/857/605
f 561/855/605 563/857/605 564/858/605
f 562/856/606 565/859/606 566/860/606
f 562/856/606 566/860/606 563/857/606
f 565/861/607 567/862/607 568/863/607
f 565/861/607 568/863/607 566/864/607
f 567/865/608 569/866/608 570/867/608
f 567/865/608 570/867/608 568/868/608
f 569/866/609 571/869/609 572/870/609
f 569/866/609 572/870/609 570/867/609
f 571/871/610 561/872/610 564/873/610
f 571/871/610 564/873/610 572/874/610
f 564/875/611 563/876/611 573/877/611
f 563/876/612 566/878/612 573/877/612
f 566/878/613 568/879/613 573/877/613
f 568/879/614 570/880/614 573/877/614
f 570/880/615 572/881/615 573/877/615
f 572/881/616 564/875/616 573/877/616
f 574/882/617 575/883/617 576/884/617
f 574/882/617 576/884/617 577/885/617
f 575/883/618 578/886/618 579/887/618
f 575/883/618 579/887/618 576/884/618
f 578/888/619 580/889/619 581/890/619
f 578/888/619 581/890/619 579/891/619
f 580/892/620 582/893/620 583/894/620
f 580/892/620 583/894/620 581/895/620
f 582/896/621 584/897/621 585/898/621
f 582/896/621 585/898/621 583/899/621
f 584/897/622 574/900/622 577/901/622
f 584/897/622 577/901/622 585/898/622
f 577/902/623 576/903/623 586/904/623
f 576/903/624 579/891/624 586/904/624
f 579/891/625 581/890/625 586/904/625
f 581/890/626 583/905/626 586/904/626
f 583/899/627 585/898/627 586/906/627
f 585/898/628 577/901/628 586/906/628
f 587/907/629 588/908/629 589/909/629
f 587/907/630 590/910/630 588/908/630
f 587/907/631 591/911/631 590/910/631
f 587/907/632 592/912/632 591/911/632
f 587/907/633 593/913/633 592/912/633
f 587/907/634 594/914/634 593/913/634
f 587/907/635 595/915/635 594/914/635
f 587/907/636 596/916/636 595/915/636
f 587/907/637 597/917/637 596/916/637
f 587/907/638 589/909/638 597/917/638
f 589/909/639 588/908/639 598/918/639
f 589/909/639 598/918/639 599/919/639
f 588/908/640 590/910/640 600/920/640
f 588/908/640 600/920/640 598/918/640
f 590/921/641 591/922/641 601/923/641
f 590/921/641 601/923/641 600/924/641
f 591/922/642 592/925/642 602/926/642
f 591/922/642 602/926/642 601/923/642
f 592/912/643 593/913/643 603/927/643
f 592/912/643 603/927/643 602/928/643
f 593/913/644 594/914/644 604/929/644
f 593/913/644 604/929/644 603/927/644
f 594/914/645 595/915/645 605/930/645
f 594/914/645 605/930/645 604/929/645
f 595/931/646 596/932/646 606/933/646
f 595/931/646 606/933/646 605/934/646
f 596/932/647 597/935/647 607/936/647
f 596/932/647 607/936/647 606/933/647
f 597/917/648 589/909/648 599/919/648
f 597/917/648 599/919/648 607/937/648
f 599/938/649 598/939/649 608/940/649
f 599/938/649 608/940/649 609/941/649
f 598/939/650 600/942/650 610/943/650
f 598/939/650 610/943/650 608/940/650
f 600/924/651 601/923/651 611/944/651
f 600/924/651 611/944/651 610/945/651
f 601/923/652 602/926/652 612/946/652
f 601/923/652 612/946/652 611/944/652
f 602/926/653 603/947/653 613/948/653
f 602/926/653 613/948/653 612/946/653
f 603/949/654 604/950/654 614/951/654
f 603/949/654 614/951/654 613/952/654
f 604/950/655 605/953/655 615/954/655
f 604/950/655 615/954/655 614/951/655
f 605/934/656 606/933/656 616/955/656
f 605/934/656 616/955/656 615/956/656
f 606/933/657 607/936/657 617/957/657
f 606/933/657 617/957/657 616/955/657
f 607/936/658 599/958/658 609/959/658
f 607/936/658 609/959/658 617/957/658
f 609/919/659 608/918/659 618/908/659
f 609/919/659 618/908/659 619/909/659
f 608/918/660 610/920/660 620/910/660
f 608/918/660 620/910/660 618/908/660
f 610/945/661 611/944/661 621/960/661
f 610/945/661 621/960/661 620/961/661
f 611/944/662 612/946/662 622/962/662
f 611/944/662 622/962/662 621/960/662
f 612/928/663 613/927/663 623/913/663
f 612/928/663 623/913/663 622/912/663
f 613/927/664 614/929/664 624/914/664
f 613/927/664 624/914/664 623/913/664
f 614/929/665 615/930/665 625/915/665
f 614/929/665 625/915/665 624/914/665
f 615/956/666 616/955/666 626/963/666
f 615/956/666 626/963/666 625/964/666
f 616/955/667 617/957/667 627/965/667
f 616/955/667 627/965/667 626/963/667
f 617/937/668 609/919/668 619/909/668
f 617/937/668 619/909/668 627/917/668
f 619/909/669 618/908/669 628/907/669
f 618/908/670 620/910/670 628/907/670
f 620/910/671 621/911/671 628/907/671
f 621/911/672 622/912/672 628/907/672
f 622/912/673 623/913/673 628/907/673
f 623/913/674 624/914/674 628/907/674
f 624/914/675 625/915/675 628/907/675
f 625/915/676 626/916/676 628/907/676
f 626/916/677 627/917/677 628/907/677
f 627/917/678 619/909/678 628/907/678
f 629/966/679 630/967/679 631/968/679
f 629/966/679 631/968/679 632/969/679
f 630/970/680 633/971/680 634/972/680
f 630/970/680 634/972/680 631/973/680
f 633/974/681 635/975/681 636/976/681
f 633/974/681 636/976/681 634/977/681
f 635/975/682 637/978/682 638/979/682
f 635/975/682 638/979/682 636/976/682
f 637/980/683 639/981/683 640/982/683
f 637/980/683 640/982/683 638/983/683
f 639/984/684 629/985/684 632/986/684
f 639/984/684 632/986/684 640/987/684
f 632/986/685 631/988/685 641/989/685
f 631/988/686 634/990/686 641/989/686
f 634/977/687 636/976/687 641/991/687
f 636/976/688 638/979/688 641/991/688
f 638/992/689 640/987/689 641/989/689
f 640/987/690 632/986/690 641/989/690
f 642/993/691 643/994/691 644/995/691
f 642/993/691 644/995/691 645/996/691
f 643/997/692 646/998/692 647/999/692
f 643/997/692 647/999/692 644/1000/692
f 646/1001/693 648/1002/693 649/1003/693
f 646/1001/693 649/1003/693 647/1004/693
f 648/1005/694 650/1006/694 651/1007/694
f 648/1005/694 651/1007/694 649/1008/694
f 650/1006/695 652/1009/695 653/1010/695
f 650/1006/695 653/1010/695 651/1007/695
f 652/1011/696 642/993/696 645/996/696
f 652/1011/696 645/996/696 653/1012/696
f 645/1013/697 644/1000/697 654/1014/697
f 644/1000/698 647/999/698 654/1014/698
f 647/999/699 649/1015/699 654/1014/699
f 649/1008/700 651/1007/700 654/1016/700
f 651/1007/701 653/1010/701 654/1016/701
f 653/1012/702 645/996/702 654/1017/702
f 655/1018/703 656/1019/703 657/1020/703
f 655/1018/703 657/1020/703 658/1021/703
f 656/1022/704 659/1023/704 660/1024/704
f 656/1022/704 660/1024/704 657/1025/704
f 659/1023/705 661/1026/705 662/1027/705
f 659/1023/705 662/1027/705 660/1024/705
f 661/1028/706 663/1029/706 664/1030/706
f 661/1028/706 664/1030/706 662/1031/706
f 663/1032/707 665/1033/707 666/1034/707
f 663/1032/707 666/1034/707 664/1035/707
f 665/1033/708 655/1036/708 658/1037/708
f 665/1033/708 658/1037/708 666/1034/708
f 658/1038/709 657/1025/709 667/1039/709
f 657/1025/710 660/1024/710 667/1039/710
f 660/1024/711 662/1027/711 667/1039/711
f 662/1031/712 664/1030/712 667/1040/712
f 664/1035/713 666/1034/713 667/1041/713
f 666/1034/714 658/1037/714 667/1041/714
f 668/1042/715 669/1043/715 670/1044/715
f 668/1042/716 671/1045/716 669/1043/716
f 668/1042/717 672/1046/717 671/1045/717
f 668/1042/718 673/1047/718 672/1046/718
f 668/1042/719 674/1048/719 673/1047/719
f 668/1042/720 675/1049/720 674/1048/720
f 668/1042/721 676/1050/721 675/1049/721
f 668/1042/722 677/1051/722 676/1050/722
f 668/1042/723 678/1052/723 677/1051/723
f 668/1042/724 670/1044/724 678/1052/724
f 670/1044/725 669/1043/725 679/1053/725
f 670/1044/725 679/1053/725 680/1054/725
f 669/1055/726 671/1056/726 681/1057/726
f 669/1055/726 681/1057/726 679/1058/726
f 671/1056/727 672/1059/727 682/1060/727
f 671/1056/727 682/1060/727 681/1057/727
f 672/1059/728 673/1061/728 683/1062/728
f 672/1059/728 683/1062/728 682/1060/728
f 673/1047/729 674/1048/729 684/1063/729
f 673/1047/729 684/1063/729 683/1064/729
f 674/1048/730 675/1049/730 685/1065/730
f 674/1048/730 685/1065/730 684/1063/730
f 675/1066/731 676/1067/731 686/1068/731
f 675/1066/731 686/1068/731 685/1069/731
f 676/1067/732 677/1070/732 687/1071/732
f 676/1067/732 687/1071/732 686/1068/732
f 677/1070/733 678/1072/733 688/1073/733
f 677/1070/733 688/1073/733 687/1071/733
f 678/1052/734 670/1044/734 680/1054/734
f 678/1052/734 680/1054/734 688/1074/734
f 680/1075/735 679/1076/735 689/1077/735
f 680/1075/735 689/1077/735 690/1078/735
f 679/1058/736 681/1057/736 691/1079/736
f 679/1058/736 691/1079/736 689/1080/736
f 681/1057/737 682/1060/737 692/1081/737
f 681/1057/737 692/1081/737 691/1079/737
f 682/1060/738 683/1062/738 693/1082/738
f 682/1060/738 693/1082/738 692/1081/738
f 683/1083/739 684/1084/739 694/1085/739
f 683/1083/739 694/1085/739 693/1086/739
f 684/1084/740 685/1087/740 695/1088/740
f 684/1084/740 695/1088/740 694/1085/740
f 685/1069/741 686/1068/741 696/1089/741
f 685/1069/741 696/1089/741 695/1090/741
f 686/1068/742 687/1071/742 697/1091/742
f 686/1068/742 697/1091/742 696/1089/742
f 687/1071/743 688/1073/743 698/1092/743
f 687/1071/743 698/1092/743 697/1091/743
f 688/1093/744 680/1075/744 690/1078/744
f 688/1093/744 690/1078/744 698/1094/744
f 690/1054/745 689/1053/745 699/1043/745
f 690/1054/745 699/1043/745 700/1044/745
f 689/1080/746 691/1079/746 701/1095/746
f 689/1080/746 701/1095/746 699/1096/746
f 691/1079/747 692/1081/747 702/1097/747
f 691/1079/747 702/1097/747 701/1095/747
f 692/1081/748 693/1082/748 703/1098/748
f 692/1081/748 703/1098/748 702/1097/748
f 693/1064/749 694/1063/749 704/1048/749
f 693/1064/749 704/1048/749 703/1047/749
f 694/1063/750 695/1065/750 705/1049/750
f 694/1063/750 705/1049/750 704/1048/750
f 695/1090/751 696/1089/751 706/1099/751
f 695/1090/751 706/1099/751 705/1100/751
f 696/1089/752 697/1091/752 707/1101/752
f 696/1089/752 707/1101/752 706/1099/752
f 697/1091/753 698/1092/753 708/1102/753
f 697/1091/753 708/1102/753 707/1101/753
f 698/1074/754 690/1054/754 700/1044/754
f 698/1074/754 700/1044/754 708/1052/754
f 700/1044/755 699/1043/755 709/1042/755
f 699/1043/756 701/1045/756 709/1042/756
f 701/1045/757 702/1046/757 709/1042/757
f 702/1046/758 703/1047/758 709/1042/758
f 703/1047/759 704/1048/759 709/1042/759
f 704/1048/760 705/1049/760 709/1042/760
f 705/1049/761 706/1050/761 709/1042/761
f 706/1050/762 707/1051/762 709/1042/762
f 707/1051/763 708/1052/763 709/1042/763
f 708/1052/764 700/1044/764 709/1042/764
f 710/1103/765 711/1104/765 712/1105/765
f 710/1103/765 712/1105/765 713/1106/765
f 711/1107/766 714/1108/766 715/1109/766
f 711/1107/766 715/1109/766 712/1110/766
f 714/1108/767 716/1111/767 717/1112/767
f 714/1108/767 717/1112/767 715/1109/767
f 716/1113/768 718/1114/768 719/1115/768
f 716/1113/768 719/1115/768 717/1116/768
f 718/1117/769 720/1118/769 721/1119/769
f 718/1117/769 721/1119/769 719/1120/769
f 720/1118/770 710/1121/770 713/1122/770
f 720/1118/770 713/1122/770 721/1119/770
f 713/1106/771 712/1105/771 722/1123/771
f 712/1124/772 715/1125/772 722/1126/772
f 715/1125/773 717/1127/773 722/1126/773
f 717/1127/774 719/1128/774 722/1126/774
f 719/1128/775 721/1129/775 722/1126/775
f 721/1129/776 713/1130/776 722/1126/776
f 723/1131/777 724/1132/777 725/1133/777
f 723/1131/777 725/1133/777 726/1134/777
f 724/1135/778 727/1136/778 728/1137/778
f 724/1135/778 728/1137/778 725/1138/778
f 727/1139/779 729/1140/779 730/1141/779
f 727/1139/779 730/1141/779 728/1142/779
f 729/1140/780 731/1143/780 732/1144/780
f 729/1140/780 732/1144/780 730/1141/780
f 731/1145/781 733/1146/781 734/1147/781
f 731/1145/781 734/1147/781 732/1148/781
f 733/1149/782 723/1131/782 726/1134/782
f 733/1149/782 726/1134/782 734/1150/782
f 726/1151/783 725/1152/783 735/1153/783
f 725/1152/784 728/1154/784 735/1153/784
f 728/1154/785 730/1155/785 735/1153/785
f 730/1155/786 732/1156/786 735/1153/786
f 732/1156/787 734/1157/787 735/1153/787
f 734/1157/788 726/1151/788 735/1153/788
f 736/1158/789 737/1159/789 738/1160/789
f 736/1158/789 738/1160/789 739/1161/789
f 737/1162/790 740/1163/790 741/1164/790
f 737/1162/790 741/1164/790 738/1165/790
f 740/1166/791 742/1167/791 743/1168/791
f 740/1166/791 743/1168/791 741/1169/791
f 742/1167/792 744/1170/792 745/1171/792
f 742/1167/792 745/1171/792 743/1168/792
f 744/1172/793 746/1173/793 747/1174/793
f 744/1172/793 747/1174/793 745/1175/793
f 746/1176/794 736/1158/794 739/1161/794
f 746/1176/794 739/1161/794 747/1177/794
f 739/1178/795 738/1179/795 748/1180/795
f 738/1179/796 741/1181/796 748/1180/796
f 741/1181/797 743/1182/797 748/1180/797
f 743/1182/798 745/1183/798 748/1180/798
f 745/1183/799 747/1184/799 748/1180/799
f 747/1184/800 739/1178/800 748/1180/800
f 749/1185/801 750/1186/801 751/1187/801
f 749/1185/802 752/1188/802 750/1186/802
f 749/1185/803 753/1189/803 752/1188/803
f 749/1185/804 754/1190/804 753/1189/804
f 749/1185/805 755/1191/805 754/1190/805
f 749/1185/806 756/1192/806 755/1191/806
f 749/1185/807 757/1193/807 756/1192/807
f 749/1185/808 758/1194/808 757/1193/808
f 749/1185/809 759/1195/809 758/1194/809
f 749/1185/810 751/1187/810 759/1195/810
f 751/1187/811 750/1186/811 760/1196/811
f 751/1187/811 760/1196/811 761/1197/811
f 750/1186/812 752/1188/812 762/1198/812
f 750/1186/812 762/1198/812 760/1196/812
f 752/1188/813 753/1189/813 763/1199/813
f 752/1188/813 763/1199/813 762/1198/813
f 753/1189/814 754/1190/814 764/1200/814
f 753/1189/814 764/1200/814 763/1199/814
f 754/1190/815 755/1191/815 765/1201/815
f 754/1190/815 765/1201/815 764/1200/815
f 755/1191/816 756/1192/816 766/1202/816
f 755/1191/816 766/1202/816 765/1201/816
f 756/1192/817 757/1193/817 767/1203/817
f 756/1192/817 767/1203/817 766/1202/817
f 757/1193/818 758/1194/818 768/1204/818
f 757/1193/818 768/1204/818 767/1203/818
f 758/1194/819 759/1195/819 769/1205/819
f 758/1194/819 769/1205/819 768/1204/819
f 759/1195/820 751/1187/820 761/1197/820
f 759/1195/820 761/1197/820 769/1205/820
f 761/1206/821 760/1207/821 770/1208/821
f 761/1206/821 770/1208/821 771/1209/821
f 760/1207/822 762/1210/822 772/1211/822
f 760/1207/822 772/1211/822 770/1208/822
f 762/1212/823 763/1213/823 773/1214/823
f 762/1212/823 773/1214/823 772/1215/823
f 763/1213/824 764/1216/824 774/1217/824
f 763/1213/824 774/1217/824 773/1214/824
f 764/1216/825 765/1218/825 775/1219/825
f 764/1216/825 775/1219/825 774/1217/825
f 765/1220/826 766/1221/826 776/1222/826
f 765/1220/826 776/1222/826 775/1223/826
f 766/1221/827 767/1224/827 777/1225/827
f 766/1221/827 777/1225/827 776/1222/827
f 767/1226/828 768/1227/828 778/1228/828
f 767/1226/828 778/1228/828 777/1229/828
f 768/1227/829 769/1230/829 779/1231/829
f 768/1227/829 779/1231/829 778/1228/829
f 769/1230/830 761/1232/830 771/1233/830
f 769/1230/830 771/1233/830 779/1231/830
f 771/1197/831 770/1196/831 780/1186/831
f 771/1197/831 780/1186/831 781/1187/831
f 770/1196/832 772/1198/832 782/1188/832
f 770/1196/832 782/1188/832 780/1186/832
f 772/1198/833 773/1199/833 783/1189/833
f 772/1198/833 783/1189/833 782/1188/833
f 773/1199/834 774/1200/834 784/1190/834
f 773/1199/834 784/1190/834 783/1189/834
f 774/1200/835 775/1201/835 785/1191/835
f 774/1200/835 785/1191/835 784/1190/835
f 775/1201/836 776/1202/836 786/1192/836
f 775/1201/836 786/1192/836 785/1191/836
f 776/1202/837 777/1203/837 787/1193/837
f 776/1202/837 787/1193/837 786/1192/837
f 777/1203/838 778/1204/838 788/1194/838
f 777/1203/838 788/1194/838 787/1193/838
f 778/1204/839 779/1205/839 789/1195/839
f 778/1204/839 789/1195/839 788/1194/839
f 779/1205/840 771/1197/840 781/1187/840
f 779/1205/840 781/1187/840 789/1195/840
f 781/1187/841 780/1186/841 790/1185/841
f 780/1186/842 782/1188/842 790/1185/842
f 782/1188/843 783/1189/843 790/1185/843
f 783/1189/844 784/1190/844 790/1185/844
f 784/1190/845 785/1191/845 790/1185/845
f 785/1191/846 786/1192/846 790/1185/846
f 786/1192/847 787/1193/847 790/1185/847
f 787/1193/848 788/1194/848 790/1185/848
f 788/1194/849 789/1195/849 790/1185/849
f 789/1195/850 781/1187/850 790/1185/850
f 791/1234/851 792/1235/851 793/1236/851
f 791/1234/851 793/1236/851 794/1237/851
f 792/1238/852 795/1239/852 796/1240/852
f 792/1238/852 796/1240/852 793/1241/852
f 795/1242/853 797/1243/853 798/1244/853
f 795/1242/853 798/1244/853 796/1245/853
f 797/1243/854 799/1246/854 800/1247/854
f 797/1243/854 800/1247/854 798/1244/854
f 799/1248/855 801/1249/855 802/1250/855
f 799/1248/855 802/1250/855 800/1251/855
f 801/1252/856 791/1234/856 794/1237/856
f 801/1252/856 794/1237/856 802/1253/856
f 794/1254/857 793/1255/857 803/1256/857
f 793/1255/858 796/1257/858 803/1256/858
f 796/1257/859 798/1258/859 803/1256/859
f 798/1258/860 800/1259/860 803/1256/860
f 800/1259/861 802/1260/861 803/1256/861
f 802/1260/862 794/1254/862 803/1256/862
f 804/1261/863 805/1262/863 806/1263/863
f 804/1261/863 806/1263/863 807/1264/863
f 805/1265/864 808/1266/864 809/1267/864
f 805/1265/864 809/1267/864 806/1268/864
f 808/1269/865 810/1270/865 811/1271/865
f 808/1269/865 811/1271/865 809/1272/865
f 810/1273/866 812/1274/866 813/1275/866
f 810/1273/866 813/1275/866 811/1276/866
f 812/1277/867 814/1278/867 815/1279/867
f 812/1277/867 815/1279/867 813/1280/867
f 814/1281/868 804/1261/868 807/1264/868
f 814/1281/868 807/1264/868 815/1282/868
f 807/1264/869 806/1263/869 816/1283/869
f 806/1284/870 809/1272/870 816/1285/870
f 809/1272/871 811/1271/871 816/1285/871
f 811/1271/872 813/1286/872 816/1285/872
f 813/1280/873 815/1279/873 816/1287/873
f 815/1282/874 807/1264/874 816/1283/874
f 817/1288/875 818/1289/875 819/1290/875
f 817/1288/875 819/1290/875 820/1291/875
f 818/1292/876 821/1293/876 822/1294/876
f 818/1292/876 822/1294/876 819/1295/876
f 821/1296/877 823/1297/877 824/1298/877
f 821/1296/877 824/1298/877 822/1299/877
f 823/1297/878 825/1300/878 826/1301/878
f 823/1297/878 826/1301/878 824/1298/878
f 825/1302/879 827/1303/879 828/1304/879
f 825/1302/879 828/1304/879 826/1305/879
f 827/1306/880 817/1288/880 820/1291/880
f 827/1306/880 820/1291/880 828/1307/880
f 820/1308/881 819/1309/881 829/1310/881
f 819/1309/882 822/1311/882 829/1310/882
f 822/1311/883 824/1312/883 829/1310/883
f 824/1312/884 826/1313/884 829/1310/884
f 826/1313/885 828/1314/885 829/1310/885
f 828/1314/886 820/1308/886 829/1310/886
f 830/1315/887 831/1316/887 832/1317/887
f 830/1315/887 833/1318/887 831/1316/887
f 830/1315/887 834/1319/887 833/1318/887
f 830/1315/887 835/1320/887 834/1319/887
f 830/1315/887 836/1321/887 835/1320/887
f 830/1315/887 832/1317/887 836/1321/887
f 832/1322/888 831/1323/888 837/1324/888
f 832/1322/888 837/1324/888 838/1325/888
f 831/1326/889 833/1327/889 839/1328/889
f 831/1326/889 839/1328/889 837/1329/889
f 833/1330/890 834/1331/890 840/1332/890
f 833/1330/890 840/1332/890 839/1333/890
f 834/1331/891 835/1334/891 841/1335/891
f 834/1331/891 841/1335/891 840/1332/891
f 835/1336/892 836/1337/892 842/1338/892
f 835/1336/892 842/1338/892 841/1339/892
f 836/1340/893 832/1322/893 838/1325/893
f 836/1340/893 838/1325/893 842/1341/893
f 838/1342/894 837/1343/894 843/1344/894
f 837/1343/894 839/1345/894 843/1344/894
f 839/1345/894 840/1346/894 843/1344/894
f 840/1346/894 841/1347/894 843/1344/894
f 841/1347/894 842/1348/894 843/1344/894
f 842/1348/894 838/1342/894 843/1344/894
f 844/1349/895 845/1350/895 846/1351/895
f 844/1349/895 847/1352/895 845/1350/895
f 844/1349/895 848/1353/895 847/1352/895
f 844/1349/895 849/1354/895 848/1353/895
f 844/1349/895 850/1355/895 849/1354/895
f 844/1349/895 846/1351/895 850/1355/895
f 846/1356/896 845/1357/896 851/1358/896
f 846/1356/896 851/1358/896 852/1359/896
f 845/1360/897 847/1361/897 853/1362/897
f 845/1360/897 853/1362/897 851/1363/897
f 847/1364/898 848/1365/898 854/1366/898
f 847/1364/898 854/1366/898 853/1367/898
f 848/1365/899 849/1368/899 855/1369/899
f 848/1365/899 855/1369/899 854/1366/899
f 849/1370/900 850/1371/900 856/1372/900
f 849/1370/900 856/1372/900 855/1373/900
f 850/1374/901 846/1356/901 852/1359/901
f 850/1374/901 852/1359/901 856/1375/901
f 852/1376/902 851/1377/902 857/1378/902
f 851/1377/902 853/1379/902 857/1378/902
f 853/1379/902 854/1380/902 857/1378/902
f 854/1380/902 855/1381/902 857/1378/902
f 855/1381/902 856/1382/902 857/1378/902
f 856/1382/902 852/1376/902 857/1378/902
f 858/1383/903 859/1384/903 860/1385/903
f 858/1383/903 861/1386/903 859/1384/903
f 858/1383/903 862/1387/903 861/1386/903
f 858/1383/903 863/1388/903 862/1387/903
f 858/1383/903 864/1389/903 863/1388/903
f 858/1383/903 860/1385/903 864/1389/903
f 860/1390/904 859/1391/904 865/1392/904
f 860/1390/904 865/1392/904 866/1393/904
f 859/1394/905 861/1395/905 867/1396/905
f 859/1394/905 867/1396/905 865/1397/905
f 861/1398/906 862/1399/906 868/1400/906
f 861/1398/906 868/1400/906 867/1401/906
f 862/1399/907 863/1402/907 869/1403/907
f 862/1399/907 869/1403/907 868/1400/907
f 863/1404/908 864/1405/908 870/1406/908
f 863/1404/908 870/1406/908 869/1407/908
f 864/1408/909 860/1390/909 866/1393/909
f 864/1408/909 866/1393/909 870/1409/909
f 866/1410/910 865/1411/910 871/1412/910
f 865/1411/910 867/1413/910 871/1412/910
f 867/1413/910 868/1414/910 871/1412/910
f 868/1414/910 869/1415/910 871/1412/910
f 869/1415/910 870/1416/910 871/1412/910
f 870/1416/910 866/1410/910 871/1412/910
