# Helion battleship, from tools/gen_fleet.py
# Generated by tools. Edit the generator script.
v -0.148193 0.518675 1.837590
v 0.148193 0.518675 1.837590
v 0.148193 0.815060 1.837590
v -0.148193 0.815060 1.837590
v 0.148193 0.518675 -2.232771
v -0.148193 0.518675 -2.232771
v -0.148193 0.815060 -2.232771
v 0.148193 0.815060 -2.232771
v -0.345783 0.321084 2.460000
v 0.345783 0.321084 2.460000
v 0.345783 1.407831 2.460000
v -0.345783 1.407831 2.460000
v 0.345783 0.321084 1.768434
v -0.345783 0.321084 1.768434
v -0.345783 1.407831 1.768434
v 0.345783 1.407831 1.768434
v -0.419880 0.716265 2.163614
v -0.321084 0.716265 2.163614
v -0.321084 0.815060 2.163614
v -0.419880 0.815060 2.163614
v -0.321084 0.716265 2.064819
v -0.419880 0.716265 2.064819
v -0.419880 0.815060 2.064819
v -0.321084 0.815060 2.064819
v 0.321084 0.716265 2.163614
v 0.419880 0.716265 2.163614
v 0.419880 0.815060 2.163614
v 0.321084 0.815060 2.163614
v 0.419880 0.716265 2.064819
v 0.321084 0.716265 2.064819
v 0.321084 0.815060 2.064819
v 0.419880 0.815060 2.064819
v -0.172892 1.397952 2.410602
v -0.103033 1.397952 2.381666
v -0.112392 1.447349 2.372307
v -0.172892 1.447349 2.397366
v -0.074096 1.397952 2.311807
v -0.087332 1.447349 2.311807
v -0.103033 1.397952 2.241948
v -0.112392 1.447349 2.251308
v -0.172892 1.397952 2.213012
v -0.172892 1.447349 2.226248
v -0.242750 1.397952 2.241948
v -0.233391 1.447349 2.251308
v -0.271687 1.397952 2.311807
v -0.258451 1.447349 2.311807
v -0.242750 1.397952 2.381666
v -0.233391 1.447349 2.372307
v -0.137962 1.483511 2.346737
v -0.172892 1.483511 2.361205
v -0.123494 1.483511 2.311807
v -0.137962 1.483511 2.276878
v -0.172892 1.483511 2.262410
v -0.207821 1.483511 2.276878
v -0.222289 1.483511 2.311807
v -0.207821 1.483511 2.346737
v -0.172892 1.496747 2.311807
v -0.444578 0.790361 1.694930
v 0.444578 0.790361 1.694930
v 0.444578 1.333735 1.694930
v -0.444578 1.333735 1.694930
v 0.444578 0.790361 1.003364
v -0.444578 0.790361 1.003364
v -0.444578 1.333735 1.003364
v 0.444578 1.333735 1.003364
v -0.444578 0.000000 1.694930
v 0.444578 0.000000 1.694930
v 0.444578 0.543373 1.694930
v -0.444578 0.543373 1.694930
v 0.444578 0.000000 1.003364
v -0.444578 0.000000 1.003364
v -0.444578 0.543373 1.003364
v 0.444578 0.543373 1.003364
v 0.123494 0.222289 1.694930
v 0.666867 0.222289 1.694930
v 0.666867 1.111446 1.694930
v 0.123494 1.111446 1.694930
v 0.666867 0.222289 1.003364
v 0.123494 0.222289 1.003364
v 0.123494 1.111446 1.003364
v 0.666867 1.111446 1.003364
v -0.666867 0.222289 1.694930
v -0.123494 0.222289 1.694930
v -0.123494 1.111446 1.694930
v -0.666867 1.111446 1.694930
v -0.123494 0.222289 1.003364
v -0.666867 0.222289 1.003364
v -0.666867 1.111446 1.003364
v -0.123494 1.111446 1.003364
v -0.444578 0.790361 0.745179
v 0.444578 0.790361 0.745179
v 0.444578 1.333735 0.745179
v -0.444578 1.333735 0.745179
v 0.444578 0.790361 0.053613
v -0.444578 0.790361 0.053613
v -0.444578 1.333735 0.053613
v 0.444578 1.333735 0.053613
v -0.444578 0.000000 0.745179
v 0.444578 0.000000 0.745179
v 0.444578 0.543373 0.745179
v -0.444578 0.543373 0.745179
v 0.444578 0.000000 0.053613
v -0.444578 0.000000 0.053613
v -0.444578 0.543373 0.053613
v 0.444578 0.543373 0.053613
v 0.123494 0.222289 0.745179
v 0.666867 0.222289 0.745179
v 0.666867 1.111446 0.745179
v 0.123494 1.111446 0.745179
v 0.666867 0.222289 0.053613
v 0.123494 0.222289 0.053613
v 0.123494 1.111446 0.053613
v 0.666867 1.111446 0.053613
v -0.666867 0.222289 0.745179
v -0.123494 0.222289 0.745179
v -0.123494 1.111446 0.745179
v -0.666867 1.111446 0.745179
v -0.123494 0.222289 0.053613
v -0.666867 0.222289 0.053613
v -0.666867 1.111446 0.053613
v -0.123494 1.111446 0.053613
v -0.444578 0.790361 -0.204572
v 0.444578 0.790361 -0.204572
v 0.444578 1.333735 -0.204572
v -0.444578 1.333735 -0.204572
v 0.444578 0.790361 -0.896138
v -0.444578 0.790361 -0.896138
v -0.444578 1.333735 -0.896138
v 0.444578 1.333735 -0.896138
v -0.444578 0.000000 -0.204572
v 0.444578 0.000000 -0.204572
v 0.444578 0.543373 -0.204572
v -0.444578 0.543373 -0.204572
v 0.444578 0.000000 -0.896138
v -0.444578 0.000000 -0.896138
v -0.444578 0.543373 -0.896138
v 0.444578 0.543373 -0.896138
v 0.123494 0.222289 -0.204572
v 0.666867 0.222289 -0.204572
v 0.666867 1.111446 -0.204572
v 0.123494 1.111446 -0.204572
v 0.666867 0.222289 -0.896138
v 0.123494 0.222289 -0.896138
v 0.123494 1.111446 -0.896138
v 0.666867 1.111446 -0.896138
v -0.666867 0.222289 -0.204572
v -0.123494 0.222289 -0.204572
v -0.123494 1.111446 -0.204572
v -0.666867 1.111446 -0.204572
v -0.123494 0.222289 -0.896138
v -0.666867 0.222289 -0.896138
v -0.666867 1.111446 -0.896138
v -0.123494 1.111446 -0.896138
v -0.444578 0.790361 -1.154323
v 0.444578 0.790361 -1.154323
v 0.444578 1.333735 -1.154323
v -0.444578 1.333735 -1.154323
v 0.444578 0.790361 -1.845889
v -0.444578 0.790361 -1.845889
v -0.444578 1.333735 -1.845889
v 0.444578 1.333735 -1.845889
v -0.444578 0.000000 -1.154323
v 0.444578 0.000000 -1.154323
v 0.444578 0.543373 -1.154323
v -0.444578 0.543373 -1.154323
v 0.444578 0.000000 -1.845889
v -0.444578 0.000000 -1.845889
v -0.444578 0.543373 -1.845889
v 0.444578 0.543373 -1.845889
v 0.123494 0.222289 -1.154323
v 0.666867 0.222289 -1.154323
v 0.666867 1.111446 -1.154323
v 0.123494 1.111446 -1.154323
v 0.666867 0.222289 -1.845889
v 0.123494 0.222289 -1.845889
v 0.123494 1.111446 -1.845889
v 0.666867 1.111446 -1.845889
v -0.666867 0.222289 -1.154323
v -0.123494 0.222289 -1.154323
v -0.123494 1.111446 -1.154323
v -0.666867 1.111446 -1.154323
v -0.123494 0.222289 -1.845889
v -0.666867 0.222289 -1.845889
v -0.666867 1.111446 -1.845889
v -0.123494 1.111446 -1.845889
v -0.543373 1.062048 -2.430361
v -0.403656 0.922331 -2.430361
v -0.543373 0.864458 -2.430361
v -0.345783 1.062048 -2.430361
v -0.403656 1.201766 -2.430361
v -0.543373 1.259639 -2.430361
v -0.683091 1.201766 -2.430361
v -0.740964 1.062048 -2.430361
v -0.683091 0.922331 -2.430361
v -0.403656 0.922331 -1.640000
v -0.543373 0.864458 -1.640000
v -0.345783 1.062048 -1.640000
v -0.403656 1.201766 -1.640000
v -0.543373 1.259639 -1.640000
v -0.683091 1.201766 -1.640000
v -0.740964 1.062048 -1.640000
v -0.683091 0.922331 -1.640000
v -0.543373 1.062048 -1.640000
v 0.543373 1.062048 -2.430361
v 0.683091 0.922331 -2.430361
v 0.543373 0.864458 -2.430361
v 0.740964 1.062048 -2.430361
v 0.683091 1.201766 -2.430361
v 0.543373 1.259639 -2.430361
v 0.403656 1.201766 -2.430361
v 0.345783 1.062048 -2.430361
v 0.403656 0.922331 -2.430361
v 0.683091 0.922331 -1.640000
v 0.543373 0.864458 -1.640000
v 0.740964 1.062048 -1.640000
v 0.683091 1.201766 -1.640000
v 0.543373 1.259639 -1.640000
v 0.403656 1.201766 -1.640000
v 0.345783 1.062048 -1.640000
v 0.403656 0.922331 -1.640000
v 0.543373 1.062048 -1.640000
v -0.048695 0.751146 -1.995663
v -0.448191 1.041689 -1.995663
v -0.494678 0.977769 -1.995663
v -0.095182 0.687227 -1.995663
v -0.448191 1.041689 -2.074699
v -0.048695 0.751146 -2.074699
v -0.095182 0.687227 -2.074699
v -0.494678 0.977769 -2.074699
v -0.543373 0.829880 -2.035181
v -0.454526 0.847552 -2.035181
v -0.463670 0.869627 -2.002295
v -0.543373 0.853773 -2.002295
v -0.478464 0.905344 -2.014856
v -0.543373 0.892432 -2.014856
v -0.478464 0.905344 -2.055505
v -0.543373 0.892432 -2.055505
v -0.463670 0.869627 -2.068067
v -0.543373 0.853773 -2.068067
v -0.379205 0.897880 -2.035181
v -0.396100 0.914775 -2.002295
v -0.423437 0.942112 -2.014856
v -0.423437 0.942112 -2.055505
v -0.396100 0.914775 -2.068067
v -0.328878 0.973201 -2.035181
v -0.350952 0.982345 -2.002295
v -0.386669 0.997139 -2.014856
v -0.386669 0.997139 -2.055505
v -0.350952 0.982345 -2.068067
v -0.311205 1.062048 -2.035181
v -0.335098 1.062048 -2.002295
v -0.373758 1.062048 -2.014856
v -0.373758 1.062048 -2.055505
v -0.335098 1.062048 -2.068067
v -0.328878 1.150895 -2.035181
v -0.350952 1.141752 -2.002295
v -0.386669 1.126957 -2.014856
v -0.386669 1.126957 -2.055505
v -0.350952 1.141752 -2.068067
v -0.379205 1.226216 -2.035181
v -0.396100 1.209321 -2.002295
v -0.423437 1.181985 -2.014856
v -0.423437 1.181985 -2.055505
v -0.396100 1.209321 -2.068067
v -0.454526 1.276544 -2.035181
v -0.463670 1.254470 -2.002295
v -0.478464 1.218753 -2.014856
v -0.478464 1.218753 -2.055505
v -0.463670 1.254470 -2.068067
v -0.543373 1.294217 -2.035181
v -0.543373 1.270324 -2.002295
v -0.543373 1.231664 -2.014856
v -0.543373 1.231664 -2.055505
v -0.543373 1.270324 -2.068067
v -0.632221 1.276544 -2.035181
v -0.623077 1.254470 -2.002295
v -0.608283 1.218753 -2.014856
v -0.608283 1.218753 -2.055505
v -0.623077 1.254470 -2.068067
v -0.707542 1.226216 -2.035181
v -0.690647 1.209321 -2.002295
v -0.663310 1.181985 -2.014856
v -0.663310 1.181985 -2.055505
v -0.690647 1.209321 -2.068067
v -0.757869 1.150895 -2.035181
v -0.735795 1.141752 -2.002295
v -0.700078 1.126957 -2.014856
v -0.700078 1.126957 -2.055505
v -0.735795 1.141752 -2.068067
v -0.775542 1.062048 -2.035181
v -0.751649 1.062048 -2.002295
v -0.712989 1.062048 -2.014856
v -0.712989 1.062048 -2.055505
v -0.751649 1.062048 -2.068067
v -0.757869 0.973201 -2.035181
v -0.735795 0.982345 -2.002295
v -0.700078 0.997139 -2.014856
v -0.700078 0.997139 -2.055505
v -0.735795 0.982345 -2.068067
v -0.707542 0.897880 -2.035181
v -0.690647 0.914775 -2.002295
v -0.663310 0.942112 -2.014856
v -0.663310 0.942112 -2.055505
v -0.690647 0.914775 -2.068067
v -0.632221 0.847552 -2.035181
v -0.623077 0.869627 -2.002295
v -0.608283 0.905344 -2.014856
v -0.608283 0.905344 -2.055505
v -0.623077 0.869627 -2.068067
v -0.543373 1.062048 -2.460000
v -0.414833 0.933508 -2.460000
v -0.543373 0.880265 -2.460000
v -0.361590 1.062048 -2.460000
v -0.414833 1.190588 -2.460000
v -0.543373 1.243831 -2.460000
v -0.671914 1.190588 -2.460000
v -0.725157 1.062048 -2.460000
v -0.671914 0.933508 -2.460000
v -0.414833 0.933508 -2.361205
v -0.543373 0.880265 -2.361205
v -0.361590 1.062048 -2.361205
v -0.414833 1.190588 -2.361205
v -0.543373 1.243831 -2.361205
v -0.671914 1.190588 -2.361205
v -0.725157 1.062048 -2.361205
v -0.671914 0.933508 -2.361205
v -0.543373 1.062048 -2.361205
v 0.095182 0.687227 -1.995663
v 0.494678 0.977769 -1.995663
v 0.448191 1.041689 -1.995663
v 0.048695 0.751146 -1.995663
v 0.494678 0.977769 -2.074699
v 0.095182 0.687227 -2.074699
v 0.048695 0.751146 -2.074699
v 0.448191 1.041689 -2.074699
v 0.543373 0.829880 -2.035181
v 0.632221 0.847552 -2.035181
v 0.623077 0.869627 -2.002295
v 0.543373 0.853773 -2.002295
v 0.608283 0.905344 -2.014856
v 0.543373 0.892432 -2.014856
v 0.608283 0.905344 -2.055505
v 0.543373 0.892432 -2.055505
v 0.623077 0.869627 -2.068067
v 0.543373 0.853773 -2.068067
v 0.707542 0.897880 -2.035181
v 0.690647 0.914775 -2.002295
v 0.663310 0.942112 -2.014856
v 0.663310 0.942112 -2.055505
v 0.690647 0.914775 -2.068067
v 0.757869 0.973201 -2.035181
v 0.735795 0.982345 -2.002295
v 0.700078 0.997139 -2.014856
v 0.700078 0.997139 -2.055505
v 0.735795 0.982345 -2.068067
v 0.775542 1.062048 -2.035181
v 0.751649 1.062048 -2.002295
v 0.712989 1.062048 -2.014856
v 0.712989 1.062048 -2.055505
v 0.751649 1.062048 -2.068067
v 0.757869 1.150895 -2.035181
v 0.735795 1.141752 -2.002295
v 0.700078 1.126957 -2.014856
v 0.700078 1.126957 -2.055505
v 0.735795 1.141752 -2.068067
v 0.707542 1.226216 -2.035181
v 0.690647 1.209321 -2.002295
v 0.663310 1.181985 -2.014856
v 0.663310 1.181985 -2.055505
v 0.690647 1.209321 -2.068067
v 0.632221 1.276544 -2.035181
v 0.623077 1.254470 -2.002295
v 0.608283 1.218753 -2.014856
v 0.608283 1.218753 -2.055505
v 0.623077 1.254470 -2.068067
v 0.543373 1.294217 -2.035181
v 0.543373 1.270324 -2.002295
v 0.543373 1.231664 -2.014856
v 0.543373 1.231664 -2.055505
v 0.543373 1.270324 -2.068067
v 0.454526 1.276544 -2.035181
v 0.463670 1.254470 -2.002295
v 0.478464 1.218753 -2.014856
v 0.478464 1.218753 -2.055505
v 0.463670 1.254470 -2.068067
v 0.379205 1.226216 -2.035181
v 0.396100 1.209321 -2.002295
v 0.423437 1.181985 -2.014856
v 0.423437 1.181985 -2.055505
v 0.396100 1.209321 -2.068067
v 0.328878 1.150895 -2.035181
v 0.350952 1.141752 -2.002295
v 0.386669 1.126957 -2.014856
v 0.386669 1.126957 -2.055505
v 0.350952 1.141752 -2.068067
v 0.311205 1.062048 -2.035181
v 0.335098 1.062048 -2.002295
v 0.373758 1.062048 -2.014856
v 0.373758 1.062048 -2.055505
v 0.335098 1.062048 -2.068067
v 0.328878 0.973201 -2.035181
v 0.350952 0.982345 -2.002295
v 0.386669 0.997139 -2.014856
v 0.386669 0.997139 -2.055505
v 0.350952 0.982345 -2.068067
v 0.379205 0.897880 -2.035181
v 0.396100 0.914775 -2.002295
v 0.423437 0.942112 -2.014856
v 0.423437 0.942112 -2.055505
v 0.396100 0.914775 -2.068067
v 0.454526 0.847552 -2.035181
v 0.463670 0.869627 -2.002295
v 0.478464 0.905344 -2.014856
v 0.478464 0.905344 -2.055505
v 0.463670 0.869627 -2.068067
v 0.543373 1.062048 -2.460000
v 0.671914 0.933508 -2.460000
v 0.543373 0.880265 -2.460000
v 0.725157 1.062048 -2.460000
v 0.671914 1.190588 -2.460000
v 0.543373 1.243831 -2.460000
v 0.414833 1.190588 -2.460000
v 0.361590 1.062048 -2.460000
v 0.414833 0.933508 -2.460000
v 0.671914 0.933508 -2.361205
v 0.543373 0.880265 -2.361205
v 0.725157 1.062048 -2.361205
v 0.671914 1.190588 -2.361205
v 0.543373 1.243831 -2.361205
v 0.414833 1.190588 -2.361205
v 0.361590 1.062048 -2.361205
v 0.414833 0.933508 -2.361205
v 0.543373 1.062048 -2.361205
v -0.543373 0.271687 -2.430361
v -0.403656 0.131969 -2.430361
v -0.543373 0.074096 -2.430361
v -0.345783 0.271687 -2.430361
v -0.403656 0.411404 -2.430361
v -0.543373 0.469277 -2.430361
v -0.683091 0.411404 -2.430361
v -0.740964 0.271687 -2.430361
v -0.683091 0.131969 -2.430361
v -0.403656 0.131969 -1.640000
v -0.543373 0.074096 -1.640000
v -0.345783 0.271687 -1.640000
v -0.403656 0.411404 -1.640000
v -0.543373 0.469277 -1.640000
v -0.683091 0.411404 -1.640000
v -0.740964 0.271687 -1.640000
v -0.683091 0.131969 -1.640000
v -0.543373 0.271687 -1.640000
v 0.543373 0.271687 -2.430361
v 0.683091 0.131969 -2.430361
v 0.543373 0.074096 -2.430361
v 0.740964 0.271687 -2.430361
v 0.683091 0.411404 -2.430361
v 0.543373 0.469277 -2.430361
v 0.403656 0.411404 -2.430361
v 0.345783 0.271687 -2.430361
v 0.403656 0.131969 -2.430361
v 0.683091 0.131969 -1.640000
v 0.543373 0.074096 -1.640000
v 0.740964 0.271687 -1.640000
v 0.683091 0.411404 -1.640000
v 0.543373 0.469277 -1.640000
v 0.403656 0.411404 -1.640000
v 0.345783 0.271687 -1.640000
v 0.403656 0.131969 -1.640000
v 0.543373 0.271687 -1.640000
v -0.095182 0.646508 -1.995663
v -0.494678 0.355965 -1.995663
v -0.448191 0.292046 -1.995663
v -0.048695 0.582589 -1.995663
v -0.494678 0.355965 -2.074699
v -0.095182 0.646508 -2.074699
v -0.048695 0.582589 -2.074699
v -0.448191 0.292046 -2.074699
v -0.543373 0.039518 -2.035181
v -0.454526 0.057191 -2.035181
v -0.463670 0.079265 -2.002295
v -0.543373 0.063411 -2.002295
v -0.478464 0.114982 -2.014856
v -0.543373 0.102071 -2.014856
v -0.478464 0.114982 -2.055505
v -0.543373 0.102071 -2.055505
v -0.463670 0.079265 -2.068067
v -0.543373 0.063411 -2.068067
v -0.379205 0.107519 -2.035181
v -0.396100 0.124414 -2.002295
v -0.423437 0.151750 -2.014856
v -0.423437 0.151750 -2.055505
v -0.396100 0.124414 -2.068067
v -0.328878 0.182840 -2.035181
v -0.350952 0.191983 -2.002295
v -0.386669 0.206778 -2.014856
v -0.386669 0.206778 -2.055505
v -0.350952 0.191983 -2.068067
v -0.311205 0.271687 -2.035181
v -0.335098 0.271687 -2.002295
v -0.373758 0.271687 -2.014856
v -0.373758 0.271687 -2.055505
v -0.335098 0.271687 -2.068067
v -0.328878 0.360534 -2.035181
v -0.350952 0.351390 -2.002295
v -0.386669 0.336596 -2.014856
v -0.386669 0.336596 -2.055505
v -0.350952 0.351390 -2.068067
v -0.379205 0.435855 -2.035181
v -0.396100 0.418960 -2.002295
v -0.423437 0.391623 -2.014856
v -0.423437 0.391623 -2.055505
v -0.396100 0.418960 -2.068067
v -0.454526 0.486183 -2.035181
v -0.463670 0.464108 -2.002295
v -0.478464 0.428391 -2.014856
v -0.478464 0.428391 -2.055505
v -0.463670 0.464108 -2.068067
v -0.543373 0.503855 -2.035181
v -0.543373 0.479962 -2.002295
v -0.543373 0.441303 -2.014856
v -0.543373 0.441303 -2.055505
v -0.543373 0.479962 -2.068067
v -0.632221 0.486183 -2.035181
v -0.623077 0.464108 -2.002295
v -0.608283 0.428391 -2.014856
v -0.608283 0.428391 -2.055505
v -0.623077 0.464108 -2.068067
v -0.707542 0.435855 -2.035181
v -0.690647 0.418960 -2.002295
v -0.663310 0.391623 -2.014856
v -0.663310 0.391623 -2.055505
v -0.690647 0.418960 -2.068067
v -0.757869 0.360534 -2.035181
v -0.735795 0.351390 -2.002295
v -0.700078 0.336596 -2.014856
v -0.700078 0.336596 -2.055505
v -0.735795 0.351390 -2.068067
v -0.775542 0.271687 -2.035181
v -0.751649 0.271687 -2.002295
v -0.712989 0.271687 -2.014856
v -0.712989 0.271687 -2.055505
v -0.751649 0.271687 -2.068067
v -0.757869 0.182840 -2.035181
v -0.735795 0.191983 -2.002295
v -0.700078 0.206778 -2.014856
v -0.700078 0.206778 -2.055505
v -0.735795 0.191983 -2.068067
v -0.707542 0.107519 -2.035181
v -0.690647 0.124414 -2.002295
v -0.663310 0.151750 -2.014856
v -0.663310 0.151750 -2.055505
v -0.690647 0.124414 -2.068067
v -0.632221 0.057191 -2.035181
v -0.623077 0.079265 -2.002295
v -0.608283 0.114982 -2.014856
v -0.608283 0.114982 -2.055505
v -0.623077 0.079265 -2.068067
v -0.543373 0.271687 -2.460000
v -0.414833 0.143147 -2.460000
v -0.543373 0.089904 -2.460000
v -0.361590 0.271687 -2.460000
v -0.414833 0.400227 -2.460000
v -0.543373 0.453470 -2.460000
v -0.671914 0.400227 -2.460000
v -0.725157 0.271687 -2.460000
v -0.671914 0.143147 -2.460000
v -0.414833 0.143147 -2.361205
v -0.543373 0.089904 -2.361205
v -0.361590 0.271687 -2.361205
v -0.414833 0.400227 -2.361205
v -0.543373 0.453470 -2.361205
v -0.671914 0.400227 -2.361205
v -0.725157 0.271687 -2.361205
v -0.671914 0.143147 -2.361205
v -0.543373 0.271687 -2.361205
v 0.048695 0.582589 -1.995663
v 0.448191 0.292046 -1.995663
v 0.494678 0.355965 -1.995663
v 0.095182 0.646508 -1.995663
v 0.448191 0.292046 -2.074699
v 0.048695 0.582589 -2.074699
v 0.095182 0.646508 -2.074699
v 0.494678 0.355965 -2.074699
v 0.543373 0.039518 -2.035181
v 0.632221 0.057191 -2.035181
v 0.623077 0.079265 -2.002295
v 0.543373 0.063411 -2.002295
v 0.608283 0.114982 -2.014856
v 0.543373 0.102071 -2.014856
v 0.608283 0.114982 -2.055505
v 0.543373 0.102071 -2.055505
v 0.623077 0.079265 -2.068067
v 0.543373 0.063411 -2.068067
v 0.707542 0.107519 -2.035181
v 0.690647 0.124414 -2.002295
v 0.663310 0.151750 -2.014856
v 0.663310 0.151750 -2.055505
v 0.690647 0.124414 -2.068067
v 0.757869 0.182840 -2.035181
v 0.735795 0.191983 -2.002295
v 0.700078 0.206778 -2.014856
v 0.700078 0.206778 -2.055505
v 0.735795 0.191983 -2.068067
v 0.775542 0.271687 -2.035181
v 0.751649 0.271687 -2.002295
v 0.712989 0.271687 -2.014856
v 0.712989 0.271687 -2.055505
v 0.751649 0.271687 -2.068067
v 0.757869 0.360534 -2.035181
v 0.735795 0.351390 -2.002295
v 0.700078 0.336596 -2.014856
v 0.700078 0.336596 -2.055505
v 0.735795 0.351390 -2.068067
v 0.707542 0.435855 -2.035181
v 0.690647 0.418960 -2.002295
v 0.663310 0.391623 -2.014856
v 0.663310 0.391623 -2.055505
v 0.690647 0.418960 -2.068067
v 0.632221 0.486183 -2.035181
v 0.623077 0.464108 -2.002295
v 0.608283 0.428391 -2.014856
v 0.608283 0.428391 -2.055505
v 0.623077 0.464108 -2.068067
v 0.543373 0.503855 -2.035181
v 0.543373 0.479962 -2.002295
v 0.543373 0.441303 -2.014856
v 0.543373 0.441303 -2.055505
v 0.543373 0.479962 -2.068067
v 0.454526 0.486183 -2.035181
v 0.463670 0.464108 -2.002295
v 0.478464 0.428391 -2.014856
v 0.478464 0.428391 -2.055505
v 0.463670 0.464108 -2.068067
v 0.379205 0.435855 -2.035181
v 0.396100 0.418960 -2.002295
v 0.423437 0.391623 -2.014856
v 0.423437 0.391623 -2.055505
v 0.396100 0.418960 -2.068067
v 0.328878 0.360534 -2.035181
v 0.350952 0.351390 -2.002295
v 0.386669 0.336596 -2.014856
v 0.386669 0.336596 -2.055505
v 0.350952 0.351390 -2.068067
v 0.311205 0.271687 -2.035181
v 0.335098 0.271687 -2.002295
v 0.373758 0.271687 -2.014856
v 0.373758 0.271687 -2.055505
v 0.335098 0.271687 -2.068067
v 0.328878 0.182840 -2.035181
v 0.350952 0.191983 -2.002295
v 0.386669 0.206778 -2.014856
v 0.386669 0.206778 -2.055505
v 0.350952 0.191983 -2.068067
v 0.379205 0.107519 -2.035181
v 0.396100 0.124414 -2.002295
v 0.423437 0.151750 -2.014856
v 0.423437 0.151750 -2.055505
v 0.396100 0.124414 -2.068067
v 0.454526 0.057191 -2.035181
v 0.463670 0.079265 -2.002295
v 0.478464 0.114982 -2.014856
v 0.478464 0.114982 -2.055505
v 0.463670 0.079265 -2.068067
v 0.543373 0.271687 -2.460000
v 0.671914 0.143147 -2.460000
v 0.543373 0.089904 -2.460000
v 0.725157 0.271687 -2.460000
v 0.671914 0.400227 -2.460000
v 0.543373 0.453470 -2.460000
v 0.414833 0.400227 -2.460000
v 0.361590 0.271687 -2.460000
v 0.414833 0.143147 -2.460000
v 0.671914 0.143147 -2.361205
v 0.543373 0.089904 -2.361205
v 0.725157 0.271687 -2.361205
v 0.671914 0.400227 -2.361205
v 0.543373 0.453470 -2.361205
v 0.414833 0.400227 -2.361205
v 0.361590 0.271687 -2.361205
v 0.414833 0.143147 -2.361205
v 0.543373 0.271687 -2.361205
vt 0.843750 0.531250
vt 0.968750 0.531250
vt 0.968750 0.656250
vt 0.843750 0.656250
vt 0.968750 0.531250
vt 0.843750 0.531250
vt 0.843750 0.656250
vt 0.968750 0.656250
vt 0.843750 0.656250
vt 0.968750 0.656250
vt 0.968750 0.531250
vt 0.843750 0.531250
vt 0.843750 0.531250
vt 0.968750 0.531250
vt 0.968750 0.656250
vt 0.843750 0.656250
vt 0.468750 0.382812
vt 0.562500 0.382812
vt 0.562500 0.476562
vt 0.468750 0.476562
vt 0.195312 0.382812
vt 0.007812 0.382812
vt 0.007812 0.476562
vt 0.195312 0.476562
vt 0.007812 0.656250
vt 0.179688 0.656250
vt 0.179688 0.484375
vt 0.007812 0.484375
vt 0.007812 0.382812
vt 0.195312 0.382812
vt 0.195312 0.476562
vt 0.007812 0.476562
vt 0.671875 0.382812
vt 0.765625 0.382812
vt 0.765625 0.476562
vt 0.671875 0.476562
vt 0.765625 0.382812
vt 0.671875 0.382812
vt 0.671875 0.476562
vt 0.765625 0.476562
vt 0.570312 0.476562
vt 0.664062 0.476562
vt 0.664062 0.382812
vt 0.570312 0.382812
vt 0.671875 0.382812
vt 0.765625 0.382812
vt 0.765625 0.476562
vt 0.671875 0.476562
vt 0.671875 0.382812
vt 0.765625 0.382812
vt 0.765625 0.476562
vt 0.671875 0.476562
vt 0.765625 0.382812
vt 0.671875 0.382812
vt 0.671875 0.476562
vt 0.765625 0.476562
vt 0.570312 0.476562
vt 0.664062 0.476562
vt 0.664062 0.382812
vt 0.570312 0.382812
vt 0.671875 0.382812
vt 0.765625 0.382812
vt 0.765625 0.476562
vt 0.671875 0.476562
vt 0.718750 0.382812
vt 0.751896 0.382812
vt 0.747455 0.429688
vt 0.718750 0.429688
vt 0.751896 0.382812
vt 0.718750 0.382812
vt 0.718750 0.429688
vt 0.747455 0.429688
vt 0.685604 0.382812
vt 0.690045 0.429688
vt 0.751896 0.382812
vt 0.718750 0.382812
vt 0.718750 0.429688
vt 0.747455 0.429688
vt 0.685604 0.382812
vt 0.690045 0.429688
vt 0.685604 0.382812
vt 0.690045 0.429688
vt 0.735323 0.464002
vt 0.617188 0.470282
vt 0.633760 0.446260
vt 0.617188 0.453125
vt 0.718750 0.464002
vt 0.735323 0.464002
vt 0.702177 0.464002
vt 0.718750 0.464002
vt 0.735323 0.464002
vt 0.702177 0.464002
vt 0.588483 0.458392
vt 0.718750 0.464002
vt 0.702177 0.464002
vt 0.617188 0.429688
vt 0.640625 0.429688
vt 0.633760 0.413115
vt 0.617188 0.406250
vt 0.600615 0.413115
vt 0.593750 0.429688
vt 0.600615 0.446260
vt 0.203125 0.382812
vt 0.328125 0.382812
vt 0.328125 0.476562
vt 0.203125 0.476562
vt 0.460938 0.382812
vt 0.335938 0.382812
vt 0.335938 0.476562
vt 0.460938 0.476562
vt 0.343750 0.992188
vt 0.546875 0.992188
vt 0.546875 0.664062
vt 0.343750 0.664062
vt 0.109375 0.296875
vt 0.484375 0.296875
vt 0.484375 0.375000
vt 0.109375 0.375000
vt 0.203125 0.382812
vt 0.328125 0.382812
vt 0.328125 0.476562
vt 0.203125 0.476562
vt 0.460938 0.382812
vt 0.335938 0.382812
vt 0.335938 0.476562
vt 0.460938 0.476562
vt 0.343750 0.992188
vt 0.546875 0.992188
vt 0.546875 0.664062
vt 0.343750 0.664062
vt 0.109375 0.296875
vt 0.484375 0.296875
vt 0.484375 0.375000
vt 0.109375 0.375000
vt 0.203125 0.382812
vt 0.328125 0.382812
vt 0.328125 0.476562
vt 0.203125 0.476562
vt 0.460938 0.382812
vt 0.335938 0.382812
vt 0.335938 0.476562
vt 0.460938 0.476562
vt 0.343750 0.992188
vt 0.546875 0.992188
vt 0.546875 0.664062
vt 0.343750 0.664062
vt 0.109375 0.296875
vt 0.484375 0.296875
vt 0.484375 0.375000
vt 0.109375 0.375000
vt 0.203125 0.382812
vt 0.328125 0.382812
vt 0.328125 0.476562
vt 0.203125 0.476562
vt 0.460938 0.382812
vt 0.335938 0.382812
vt 0.335938 0.476562
vt 0.460938 0.476562
vt 0.343750 0.992188
vt 0.546875 0.992188
vt 0.546875 0.664062
vt 0.343750 0.664062
vt 0.109375 0.296875
vt 0.484375 0.296875
vt 0.484375 0.375000
vt 0.109375 0.375000
vt 0.203125 0.382812
vt 0.328125 0.382812
vt 0.328125 0.476562
vt 0.203125 0.476562
vt 0.460938 0.382812
vt 0.335938 0.382812
vt 0.335938 0.476562
vt 0.460938 0.476562
vt 0.343750 0.992188
vt 0.546875 0.992188
vt 0.546875 0.664062
vt 0.343750 0.664062
vt 0.109375 0.296875
vt 0.484375 0.296875
vt 0.484375 0.375000
vt 0.109375 0.375000
vt 0.203125 0.382812
vt 0.328125 0.382812
vt 0.328125 0.476562
vt 0.203125 0.476562
vt 0.460938 0.382812
vt 0.335938 0.382812
vt 0.335938 0.476562
vt 0.460938 0.476562
vt 0.343750 0.992188
vt 0.546875 0.992188
vt 0.546875 0.664062
vt 0.343750 0.664062
vt 0.109375 0.296875
vt 0.484375 0.296875
vt 0.484375 0.375000
vt 0.109375 0.375000
vt 0.203125 0.382812
vt 0.328125 0.382812
vt 0.328125 0.476562
vt 0.203125 0.476562
vt 0.460938 0.382812
vt 0.335938 0.382812
vt 0.335938 0.476562
vt 0.460938 0.476562
vt 0.343750 0.992188
vt 0.546875 0.992188
vt 0.546875 0.664062
vt 0.343750 0.664062
vt 0.109375 0.296875
vt 0.484375 0.296875
vt 0.484375 0.375000
vt 0.109375 0.375000
vt 0.203125 0.382812
vt 0.328125 0.382812
vt 0.328125 0.476562
vt 0.203125 0.476562
vt 0.460938 0.382812
vt 0.335938 0.382812
vt 0.335938 0.476562
vt 0.460938 0.476562
vt 0.343750 0.992188
vt 0.546875 0.992188
vt 0.546875 0.664062
vt 0.343750 0.664062
vt 0.109375 0.296875
vt 0.484375 0.296875
vt 0.484375 0.375000
vt 0.109375 0.375000
vt 0.203125 0.382812
vt 0.328125 0.382812
vt 0.328125 0.476562
vt 0.203125 0.476562
vt 0.460938 0.382812
vt 0.335938 0.382812
vt 0.335938 0.476562
vt 0.460938 0.476562
vt 0.343750 0.992188
vt 0.546875 0.992188
vt 0.546875 0.664062
vt 0.343750 0.664062
vt 0.109375 0.296875
vt 0.484375 0.296875
vt 0.484375 0.375000
vt 0.109375 0.375000
vt 0.203125 0.382812
vt 0.328125 0.382812
vt 0.328125 0.476562
vt 0.203125 0.476562
vt 0.460938 0.382812
vt 0.335938 0.382812
vt 0.335938 0.476562
vt 0.460938 0.476562
vt 0.343750 0.992188
vt 0.546875 0.992188
vt 0.546875 0.664062
vt 0.343750 0.664062
vt 0.109375 0.296875
vt 0.484375 0.296875
vt 0.484375 0.375000
vt 0.109375 0.375000
vt 0.203125 0.382812
vt 0.328125 0.382812
vt 0.328125 0.476562
vt 0.203125 0.476562
vt 0.460938 0.382812
vt 0.335938 0.382812
vt 0.335938 0.476562
vt 0.460938 0.476562
vt 0.343750 0.992188
vt 0.546875 0.992188
vt 0.546875 0.664062
vt 0.343750 0.664062
vt 0.109375 0.296875
vt 0.484375 0.296875
vt 0.484375 0.375000
vt 0.109375 0.375000
vt 0.203125 0.382812
vt 0.328125 0.382812
vt 0.328125 0.476562
vt 0.203125 0.476562
vt 0.460938 0.382812
vt 0.335938 0.382812
vt 0.335938 0.476562
vt 0.460938 0.476562
vt 0.343750 0.992188
vt 0.546875 0.992188
vt 0.546875 0.664062
vt 0.343750 0.664062
vt 0.109375 0.296875
vt 0.484375 0.296875
vt 0.484375 0.375000
vt 0.109375 0.375000
vt 0.203125 0.382812
vt 0.328125 0.382812
vt 0.328125 0.476562
vt 0.203125 0.476562
vt 0.460938 0.382812
vt 0.335938 0.382812
vt 0.335938 0.476562
vt 0.460938 0.476562
vt 0.343750 0.992188
vt 0.546875 0.992188
vt 0.546875 0.664062
vt 0.343750 0.664062
vt 0.109375 0.296875
vt 0.484375 0.296875
vt 0.484375 0.375000
vt 0.109375 0.375000
vt 0.203125 0.382812
vt 0.328125 0.382812
vt 0.328125 0.476562
vt 0.203125 0.476562
vt 0.460938 0.382812
vt 0.335938 0.382812
vt 0.335938 0.476562
vt 0.460938 0.476562
vt 0.343750 0.992188
vt 0.546875 0.992188
vt 0.546875 0.664062
vt 0.343750 0.664062
vt 0.109375 0.296875
vt 0.484375 0.296875
vt 0.484375 0.375000
vt 0.109375 0.375000
vt 0.203125 0.382812
vt 0.328125 0.382812
vt 0.328125 0.476562
vt 0.203125 0.476562
vt 0.460938 0.382812
vt 0.335938 0.382812
vt 0.335938 0.476562
vt 0.460938 0.476562
vt 0.343750 0.992188
vt 0.546875 0.992188
vt 0.546875 0.664062
vt 0.343750 0.664062
vt 0.109375 0.296875
vt 0.484375 0.296875
vt 0.484375 0.375000
vt 0.109375 0.375000
vt 0.203125 0.382812
vt 0.328125 0.382812
vt 0.328125 0.476562
vt 0.203125 0.476562
vt 0.460938 0.382812
vt 0.335938 0.382812
vt 0.335938 0.476562
vt 0.460938 0.476562
vt 0.343750 0.992188
vt 0.546875 0.992188
vt 0.546875 0.664062
vt 0.343750 0.664062
vt 0.109375 0.296875
vt 0.484375 0.296875
vt 0.484375 0.375000
vt 0.109375 0.375000
vt 0.539062 0.234375
vt 0.572208 0.206754
vt 0.539062 0.195312
vt 0.585938 0.234375
vt 0.572208 0.261996
vt 0.539062 0.273438
vt 0.505917 0.261996
vt 0.492188 0.234375
vt 0.505917 0.206754
vt 0.589844 0.664062
vt 0.614703 0.664062
vt 0.614703 0.992188
vt 0.589844 0.992188
vt 0.327895 0.206754
vt 0.382812 0.234375
vt 0.327895 0.261996
vt 0.564985 0.664062
vt 0.564985 0.992188
vt 0.492188 0.363559
vt 0.492188 0.335938
vt 0.867188 0.335938
vt 0.867188 0.363559
vt 0.492188 0.308316
vt 0.867188 0.308316
vt 0.437500 0.195312
vt 0.470646 0.206754
vt 0.437500 0.234375
vt 0.484375 0.234375
vt 0.470646 0.261996
vt 0.437500 0.273438
vt 0.404354 0.261996
vt 0.390625 0.234375
vt 0.404354 0.206754
vt 0.539062 0.234375
vt 0.572208 0.206754
vt 0.539062 0.195312
vt 0.585938 0.234375
vt 0.572208 0.261996
vt 0.539062 0.273438
vt 0.505917 0.261996
vt 0.492188 0.234375
vt 0.505917 0.206754
vt 0.589844 0.664062
vt 0.614703 0.664062
vt 0.614703 0.992188
vt 0.589844 0.992188
vt 0.492188 0.308316
vt 0.492188 0.335938
vt 0.867188 0.335938
vt 0.867188 0.308316
vt 0.492188 0.363559
vt 0.867188 0.363559
vt 0.564985 0.664062
vt 0.564985 0.992188
vt 0.062730 0.261996
vt 0.007812 0.234375
vt 0.062730 0.206754
vt 0.437500 0.195312
vt 0.470646 0.206754
vt 0.437500 0.234375
vt 0.484375 0.234375
vt 0.470646 0.261996
vt 0.437500 0.273438
vt 0.404354 0.261996
vt 0.390625 0.234375
vt 0.404354 0.206754
vt 0.968750 0.553791
vt 0.856779 0.656250
vt 0.843750 0.633709
vt 0.955721 0.531250
vt 0.856779 0.656250
vt 0.968750 0.553791
vt 0.955721 0.531250
vt 0.843750 0.633709
vt 0.955721 0.656250
vt 0.843750 0.656250
vt 0.843750 0.531250
vt 0.955721 0.531250
vt 0.968750 0.531250
vt 0.856779 0.531250
vt 0.856779 0.656250
vt 0.968750 0.656250
vt 0.843750 0.553791
vt 0.968750 0.553791
vt 0.968750 0.531250
vt 0.843750 0.531250
vt 0.968750 0.656250
vt 0.843750 0.656250
vt 0.843750 0.633709
vt 0.968750 0.633709
vt 0.718750 0.242187
vt 0.766585 0.242187
vt 0.761663 0.273438
vt 0.718750 0.273438
vt 0.515625 0.103171
vt 0.558538 0.104237
vt 0.550572 0.106641
vt 0.515625 0.105772
vt 0.718750 0.261501
vt 0.753697 0.261501
vt 0.753697 0.222874
vt 0.718750 0.222874
vt 0.515625 0.105772
vt 0.550572 0.106641
vt 0.558538 0.104237
vt 0.515625 0.103171
vt 0.718750 0.210938
vt 0.761663 0.210938
vt 0.807138 0.242187
vt 0.798042 0.273438
vt 0.594917 0.107276
vt 0.580199 0.109116
vt 0.783324 0.261501
vt 0.783324 0.222874
vt 0.580199 0.109116
vt 0.594917 0.107276
vt 0.798042 0.210938
vt 0.515625 0.106139
vt 0.515625 0.111208
vt 0.640625 0.111823
vt 0.640625 0.107276
vt 0.619225 0.111823
vt 0.599995 0.112819
vt 0.592879 0.109116
vt 0.592879 0.112819
vt 0.438371 0.112819
vt 0.438371 0.109116
vt 0.599995 0.112819
vt 0.619225 0.111823
vt 0.390625 0.107276
vt 0.390625 0.111823
vt 0.515625 0.117188
vt 0.640625 0.117188
vt 0.627761 0.117188
vt 0.606946 0.117188
vt 0.592879 0.117188
vt 0.438371 0.117188
vt 0.606946 0.117188
vt 0.627761 0.117188
vt 0.390625 0.117188
vt 0.515625 0.123167
vt 0.640625 0.122552
vt 0.619225 0.122552
vt 0.599995 0.121556
vt 0.592879 0.121556
vt 0.438371 0.121556
vt 0.599995 0.121556
vt 0.619225 0.122552
vt 0.390625 0.122552
vt 0.515625 0.128236
vt 0.640625 0.127099
vt 0.594917 0.127099
vt 0.580199 0.125259
vt 0.592879 0.125259
vt 0.438371 0.125259
vt 0.580199 0.125259
vt 0.594917 0.127099
vt 0.390625 0.127099
vt 0.558538 0.130138
vt 0.550572 0.127734
vt 0.550572 0.127734
vt 0.558538 0.130138
vt 0.515625 0.131204
vt 0.515625 0.128603
vt 0.515625 0.128603
vt 0.515625 0.131204
vt 0.670915 0.242187
vt 0.675837 0.273438
vt 0.472712 0.130138
vt 0.480678 0.127734
vt 0.683803 0.261501
vt 0.683803 0.222874
vt 0.480678 0.127734
vt 0.472712 0.130138
vt 0.675837 0.210938
vt 0.630362 0.242187
vt 0.639458 0.273438
vt 0.436333 0.127099
vt 0.451051 0.125259
vt 0.654176 0.261501
vt 0.654176 0.222874
vt 0.451051 0.125259
vt 0.436333 0.127099
vt 0.639458 0.210938
vt 0.412025 0.122552
vt 0.431255 0.121556
vt 0.431255 0.121556
vt 0.412025 0.122552
vt 0.403489 0.117188
vt 0.424304 0.117188
vt 0.424304 0.117188
vt 0.403489 0.117188
vt 0.412025 0.111823
vt 0.431255 0.112819
vt 0.431255 0.112819
vt 0.412025 0.111823
vt 0.436333 0.107276
vt 0.451051 0.109116
vt 0.451051 0.109116
vt 0.436333 0.107276
vt 0.472712 0.104237
vt 0.480678 0.106641
vt 0.480678 0.106641
vt 0.472712 0.104237
vt 0.054688 0.328125
vt 0.087833 0.294979
vt 0.054688 0.281250
vt 0.101562 0.328125
vt 0.087833 0.361271
vt 0.054688 0.375000
vt 0.021542 0.361271
vt 0.007812 0.328125
vt 0.021542 0.294979
vt 0.054688 0.281250
vt 0.087833 0.281250
vt 0.087833 0.375000
vt 0.054688 0.375000
vt 0.007812 0.294979
vt 0.007812 0.328125
vt 0.101562 0.328125
vt 0.101562 0.294979
vt 0.007812 0.361271
vt 0.101562 0.361271
vt 0.021542 0.281250
vt 0.021542 0.375000
vt 0.054688 0.281250
vt 0.087833 0.294979
vt 0.054688 0.328125
vt 0.101562 0.328125
vt 0.087833 0.361271
vt 0.054688 0.375000
vt 0.021542 0.361271
vt 0.007812 0.328125
vt 0.021542 0.294979
vt 0.856779 0.531250
vt 0.968750 0.633709
vt 0.955721 0.656250
vt 0.843750 0.553791
vt 0.968750 0.633709
vt 0.856779 0.531250
vt 0.843750 0.553791
vt 0.955721 0.656250
vt 0.843750 0.656250
vt 0.955721 0.656250
vt 0.955721 0.531250
vt 0.843750 0.531250
vt 0.856779 0.531250
vt 0.968750 0.531250
vt 0.968750 0.656250
vt 0.856779 0.656250
vt 0.843750 0.531250
vt 0.968750 0.531250
vt 0.968750 0.553791
vt 0.843750 0.553791
vt 0.968750 0.633709
vt 0.843750 0.633709
vt 0.843750 0.656250
vt 0.968750 0.656250
vt 0.718750 0.242187
vt 0.766585 0.242187
vt 0.761663 0.273438
vt 0.718750 0.273438
vt 0.515625 0.103171
vt 0.558538 0.104237
vt 0.550572 0.106641
vt 0.515625 0.105772
vt 0.718750 0.261501
vt 0.753697 0.261501
vt 0.753697 0.222874
vt 0.718750 0.222874
vt 0.515625 0.105772
vt 0.550572 0.106641
vt 0.558538 0.104237
vt 0.515625 0.103171
vt 0.718750 0.210938
vt 0.761663 0.210938
vt 0.807138 0.242187
vt 0.798042 0.273438
vt 0.594917 0.107276
vt 0.580199 0.109116
vt 0.783324 0.261501
vt 0.783324 0.222874
vt 0.580199 0.109116
vt 0.594917 0.107276
vt 0.798042 0.210938
vt 0.515625 0.106139
vt 0.515625 0.111208
vt 0.640625 0.111823
vt 0.640625 0.107276
vt 0.619225 0.111823
vt 0.599995 0.112819
vt 0.592879 0.109116
vt 0.592879 0.112819
vt 0.438371 0.112819
vt 0.438371 0.109116
vt 0.599995 0.112819
vt 0.619225 0.111823
vt 0.390625 0.107276
vt 0.390625 0.111823
vt 0.515625 0.117188
vt 0.640625 0.117188
vt 0.627761 0.117188
vt 0.606946 0.117188
vt 0.592879 0.117188
vt 0.438371 0.117188
vt 0.606946 0.117188
vt 0.627761 0.117188
vt 0.390625 0.117188
vt 0.515625 0.123167
vt 0.640625 0.122552
vt 0.619225 0.122552
vt 0.599995 0.121556
vt 0.592879 0.121556
vt 0.438371 0.121556
vt 0.599995 0.121556
vt 0.619225 0.122552
vt 0.390625 0.122552
vt 0.515625 0.128236
vt 0.640625 0.127099
vt 0.594917 0.127099
vt 0.580199 0.125259
vt 0.592879 0.125259
vt 0.438371 0.125259
vt 0.580199 0.125259
vt 0.594917 0.127099
vt 0.390625 0.127099
vt 0.558538 0.130138
vt 0.550572 0.127734
vt 0.550572 0.127734
vt 0.558538 0.130138
vt 0.515625 0.131204
vt 0.515625 0.128603
vt 0.515625 0.128603
vt 0.515625 0.131204
vt 0.670915 0.242187
vt 0.675837 0.273438
vt 0.472712 0.130138
vt 0.480678 0.127734
vt 0.683803 0.261501
vt 0.683803 0.222874
vt 0.480678 0.127734
vt 0.472712 0.130138
vt 0.675837 0.210938
vt 0.630362 0.242187
vt 0.639458 0.273438
vt 0.436333 0.127099
vt 0.451051 0.125259
vt 0.654176 0.261501
vt 0.654176 0.222874
vt 0.451051 0.125259
vt 0.436333 0.127099
vt 0.639458 0.210938
vt 0.412025 0.122552
vt 0.431255 0.121556
vt 0.431255 0.121556
vt 0.412025 0.122552
vt 0.403489 0.117188
vt 0.424304 0.117188
vt 0.424304 0.117188
vt 0.403489 0.117188
vt 0.412025 0.111823
vt 0.431255 0.112819
vt 0.431255 0.112819
vt 0.412025 0.111823
vt 0.436333 0.107276
vt 0.451051 0.109116
vt 0.451051 0.109116
vt 0.436333 0.107276
vt 0.472712 0.104237
vt 0.480678 0.106641
vt 0.480678 0.106641
vt 0.472712 0.104237
vt 0.054687 0.328125
vt 0.087833 0.294979
vt 0.054687 0.281250
vt 0.101562 0.328125
vt 0.087833 0.361271
vt 0.054687 0.375000
vt 0.021542 0.361271
vt 0.007812 0.328125
vt 0.021542 0.294979
vt 0.054687 0.281250
vt 0.087833 0.281250
vt 0.087833 0.375000
vt 0.054687 0.375000
vt 0.007812 0.294979
vt 0.007812 0.328125
vt 0.101562 0.328125
vt 0.101562 0.294979
vt 0.007812 0.361271
vt 0.101562 0.361271
vt 0.021542 0.281250
vt 0.021542 0.375000
vt 0.054687 0.281250
vt 0.087833 0.294979
vt 0.054687 0.328125
vt 0.101562 0.328125
vt 0.087833 0.361271
vt 0.054687 0.375000
vt 0.021542 0.361271
vt 0.007812 0.328125
vt 0.021542 0.294979
vt 0.539062 0.234375
vt 0.572208 0.206754
vt 0.539062 0.195312
vt 0.585938 0.234375
vt 0.572208 0.261996
vt 0.539062 0.273438
vt 0.505917 0.261996
vt 0.492188 0.234375
vt 0.505917 0.206754
vt 0.589844 0.664062
vt 0.614703 0.664062
vt 0.614703 0.992188
vt 0.589844 0.992188
vt 0.327895 0.206754
vt 0.382812 0.234375
vt 0.327895 0.261996
vt 0.564985 0.664062
vt 0.564985 0.992188
vt 0.492188 0.363559
vt 0.492188 0.335938
vt 0.867188 0.335938
vt 0.867188 0.363559
vt 0.492188 0.308316
vt 0.867188 0.308316
vt 0.437500 0.195312
vt 0.470646 0.206754
vt 0.437500 0.234375
vt 0.484375 0.234375
vt 0.470646 0.261996
vt 0.437500 0.273438
vt 0.404354 0.261996
vt 0.390625 0.234375
vt 0.404354 0.206754
vt 0.539062 0.234375
vt 0.572208 0.206754
vt 0.539062 0.195312
vt 0.585938 0.234375
vt 0.572208 0.261996
vt 0.539062 0.273438
vt 0.505917 0.261996
vt 0.492188 0.234375
vt 0.505917 0.206754
vt 0.589844 0.664062
vt 0.614703 0.664062
vt 0.614703 0.992188
vt 0.589844 0.992188
vt 0.492188 0.308316
vt 0.492188 0.335938
vt 0.867188 0.335938
vt 0.867188 0.308316
vt 0.492188 0.363559
vt 0.867188 0.363559
vt 0.564985 0.664062
vt 0.564985 0.992188
vt 0.062730 0.261996
vt 0.007812 0.234375
vt 0.062730 0.206754
vt 0.437500 0.195312
vt 0.470646 0.206754
vt 0.437500 0.234375
vt 0.484375 0.234375
vt 0.470646 0.261996
vt 0.437500 0.273438
vt 0.404354 0.261996
vt 0.390625 0.234375
vt 0.404354 0.206754
vt 0.955721 0.656250
vt 0.843750 0.553791
vt 0.856779 0.531250
vt 0.968750 0.633709
vt 0.843750 0.553791
vt 0.955721 0.656250
vt 0.968750 0.633709
vt 0.856779 0.531250
vt 0.968750 0.656250
vt 0.856779 0.656250
vt 0.856779 0.531250
vt 0.968750 0.531250
vt 0.955721 0.531250
vt 0.843750 0.531250
vt 0.843750 0.656250
vt 0.955721 0.656250
vt 0.843750 0.656250
vt 0.968750 0.656250
vt 0.968750 0.633709
vt 0.843750 0.633709
vt 0.968750 0.553791
vt 0.843750 0.553791
vt 0.843750 0.531250
vt 0.968750 0.531250
vt 0.718750 0.242187
vt 0.766585 0.242187
vt 0.761663 0.273438
vt 0.718750 0.273438
vt 0.515625 0.103171
vt 0.558538 0.104237
vt 0.550572 0.106641
vt 0.515625 0.105772
vt 0.718750 0.261501
vt 0.753697 0.261501
vt 0.753697 0.222874
vt 0.718750 0.222874
vt 0.515625 0.105772
vt 0.550572 0.106641
vt 0.558538 0.104237
vt 0.515625 0.103171
vt 0.718750 0.210938
vt 0.761663 0.210938
vt 0.807138 0.242187
vt 0.798042 0.273438
vt 0.594917 0.107276
vt 0.580199 0.109116
vt 0.783324 0.261501
vt 0.783324 0.222874
vt 0.580199 0.109116
vt 0.594917 0.107276
vt 0.798042 0.210938
vt 0.515625 0.106139
vt 0.515625 0.111208
vt 0.640625 0.111823
vt 0.640625 0.107276
vt 0.619225 0.111823
vt 0.599995 0.112819
vt 0.592879 0.109116
vt 0.592879 0.112819
vt 0.438371 0.112819
vt 0.438371 0.109116
vt 0.599995 0.112819
vt 0.619225 0.111823
vt 0.390625 0.107276
vt 0.390625 0.111823
vt 0.515625 0.117188
vt 0.640625 0.117188
vt 0.627761 0.117188
vt 0.606946 0.117188
vt 0.592879 0.117188
vt 0.438371 0.117188
vt 0.606946 0.117188
vt 0.627761 0.117188
vt 0.390625 0.117188
vt 0.515625 0.123167
vt 0.640625 0.122552
vt 0.619225 0.122552
vt 0.599995 0.121556
vt 0.592879 0.121556
vt 0.438371 0.121556
vt 0.599995 0.121556
vt 0.619225 0.122552
vt 0.390625 0.122552
vt 0.515625 0.128236
vt 0.640625 0.127099
vt 0.594917 0.127099
vt 0.580199 0.125259
vt 0.592879 0.125259
vt 0.438371 0.125259
vt 0.580199 0.125259
vt 0.594917 0.127099
vt 0.390625 0.127099
vt 0.558538 0.130138
vt 0.550572 0.127734
vt 0.550572 0.127734
vt 0.558538 0.130138
vt 0.515625 0.131204
vt 0.515625 0.128603
vt 0.515625 0.128603
vt 0.515625 0.131204
vt 0.670915 0.242187
vt 0.675837 0.273438
vt 0.472712 0.130138
vt 0.480678 0.127734
vt 0.683803 0.261501
vt 0.683803 0.222874
vt 0.480678 0.127734
vt 0.472712 0.130138
vt 0.675837 0.210938
vt 0.630362 0.242187
vt 0.639458 0.273438
vt 0.436333 0.127099
vt 0.451051 0.125259
vt 0.654176 0.261501
vt 0.654176 0.222874
vt 0.451051 0.125259
vt 0.436333 0.127099
vt 0.639458 0.210938
vt 0.412025 0.122552
vt 0.431255 0.121556
vt 0.431255 0.121556
vt 0.412025 0.122552
vt 0.403489 0.117188
vt 0.424304 0.117188
vt 0.424304 0.117188
vt 0.403489 0.117188
vt 0.412025 0.111823
vt 0.431255 0.112819
vt 0.431255 0.112819
vt 0.412025 0.111823
vt 0.436333 0.107276
vt 0.451051 0.109116
vt 0.451051 0.109116
vt 0.436333 0.107276
vt 0.472712 0.104237
vt 0.480678 0.106641
vt 0.480678 0.106641
vt 0.472712 0.104237
vt 0.054688 0.328125
vt 0.087833 0.294979
vt 0.054688 0.281250
vt 0.101562 0.328125
vt 0.087833 0.361271
vt 0.054688 0.375000
vt 0.021542 0.361271
vt 0.007812 0.328125
vt 0.021542 0.294979
vt 0.054688 0.281250
vt 0.087833 0.281250
vt 0.087833 0.375000
vt 0.054688 0.375000
vt 0.007812 0.294979
vt 0.007812 0.328125
vt 0.101562 0.328125
vt 0.101562 0.294979
vt 0.007812 0.361271
vt 0.101562 0.361271
vt 0.021542 0.281250
vt 0.021542 0.375000
vt 0.054688 0.281250
vt 0.087833 0.294979
vt 0.054688 0.328125
vt 0.101562 0.328125
vt 0.087833 0.361271
vt 0.054688 0.375000
vt 0.021542 0.361271
vt 0.007812 0.328125
vt 0.021542 0.294979
vt 0.843750 0.633709
vt 0.955721 0.531250
vt 0.968750 0.553791
vt 0.856779 0.656250
vt 0.955721 0.531250
vt 0.843750 0.633709
vt 0.856779 0.656250
vt 0.968750 0.553791
vt 0.856779 0.656250
vt 0.968750 0.656250
vt 0.968750 0.531250
vt 0.856779 0.531250
vt 0.843750 0.531250
vt 0.955721 0.531250
vt 0.955721 0.656250
vt 0.843750 0.656250
vt 0.843750 0.633709
vt 0.968750 0.633709
vt 0.968750 0.656250
vt 0.843750 0.656250
vt 0.968750 0.531250
vt 0.843750 0.531250
vt 0.843750 0.553791
vt 0.968750 0.553791
vt 0.718750 0.242187
vt 0.766585 0.242187
vt 0.761663 0.273438
vt 0.718750 0.273438
vt 0.515625 0.103171
vt 0.558538 0.104237
vt 0.550572 0.106641
vt 0.515625 0.105772
vt 0.718750 0.261501
vt 0.753697 0.261501
vt 0.753697 0.222874
vt 0.718750 0.222874
vt 0.515625 0.105772
vt 0.550572 0.106641
vt 0.558538 0.104237
vt 0.515625 0.103171
vt 0.718750 0.210938
vt 0.761663 0.210938
vt 0.807138 0.242187
vt 0.798042 0.273438
vt 0.594917 0.107276
vt 0.580199 0.109116
vt 0.783324 0.261501
vt 0.783324 0.222874
vt 0.580199 0.109116
vt 0.594917 0.107276
vt 0.798042 0.210938
vt 0.515625 0.106139
vt 0.515625 0.111208
vt 0.640625 0.111823
vt 0.640625 0.107276
vt 0.619225 0.111823
vt 0.599995 0.112819
vt 0.592879 0.109116
vt 0.592879 0.112819
vt 0.438371 0.112819
vt 0.438371 0.109116
vt 0.599995 0.112819
vt 0.619225 0.111823
vt 0.390625 0.107276
vt 0.390625 0.111823
vt 0.515625 0.117188
vt 0.640625 0.117188
vt 0.627761 0.117188
vt 0.606946 0.117188
vt 0.592879 0.117188
vt 0.438371 0.117188
vt 0.606946 0.117188
vt 0.627761 0.117188
vt 0.390625 0.117188
vt 0.515625 0.123167
vt 0.640625 0.122552
vt 0.619225 0.122552
vt 0.599995 0.121556
vt 0.592879 0.121556
vt 0.438371 0.121556
vt 0.599995 0.121556
vt 0.619225 0.122552
vt 0.390625 0.122552
vt 0.515625 0.128236
vt 0.640625 0.127099
vt 0.594917 0.127099
vt 0.580199 0.125259
vt 0.592879 0.125259
vt 0.438371 0.125259
vt 0.580199 0.125259
vt 0.594917 0.127099
vt 0.390625 0.127099
vt 0.558538 0.130138
vt 0.550572 0.127734
vt 0.550572 0.127734
vt 0.558538 0.130138
vt 0.515625 0.131204
vt 0.515625 0.128603
vt 0.515625 0.128603
vt 0.515625 0.131204
vt 0.670915 0.242187
vt 0.675837 0.273438
vt 0.472712 0.130138
vt 0.480678 0.127734
vt 0.683803 0.261501
vt 0.683803 0.222874
vt 0.480678 0.127734
vt 0.472712 0.130138
vt 0.675837 0.210938
vt 0.630362 0.242187
vt 0.639458 0.273438
vt 0.436333 0.127099
vt 0.451051 0.125259
vt 0.654176 0.261501
vt 0.654176 0.222874
vt 0.451051 0.125259
vt 0.436333 0.127099
vt 0.639458 0.210938
vt 0.412025 0.122552
vt 0.431255 0.121556
vt 0.431255 0.121556
vt 0.412025 0.122552
vt 0.403489 0.117188
vt 0.424304 0.117188
vt 0.424304 0.117188
vt 0.403489 0.117188
vt 0.412025 0.111823
vt 0.431255 0.112819
vt 0.431255 0.112819
vt 0.412025 0.111823
vt 0.436333 0.107276
vt 0.451051 0.109116
vt 0.451051 0.109116
vt 0.436333 0.107276
vt 0.472712 0.104237
vt 0.480678 0.106641
vt 0.480678 0.106641
vt 0.472712 0.104237
vt 0.054687 0.328125
vt 0.087833 0.294979
vt 0.054687 0.281250
vt 0.101562 0.328125
vt 0.087833 0.361271
vt 0.054687 0.375000
vt 0.021542 0.361271
vt 0.007812 0.328125
vt 0.021542 0.294979
vt 0.054687 0.281250
vt 0.087833 0.281250
vt 0.087833 0.375000
vt 0.054687 0.375000
vt 0.007812 0.294979
vt 0.007812 0.328125
vt 0.101562 0.328125
vt 0.101562 0.294979
vt 0.007812 0.361271
vt 0.101562 0.361271
vt 0.021542 0.281250
vt 0.021542 0.375000
vt 0.054687 0.281250
vt 0.087833 0.294979
vt 0.054687 0.328125
vt 0.101562 0.328125
vt 0.087833 0.361271
vt 0.054687 0.375000
vt 0.021542 0.361271
vt 0.007812 0.328125
vt 0.021542 0.294979
vn 0.000000 0.000000 1.000000
vn 0.000000 0.000000 -1.000000
vn -0.000000 1.000000 0.000000
vn 0.000000 -1.000000 0.000000
vn -1.000000 0.000000 0.000000
vn 1.000000 0.000000 0.000000
vn 0.000000 0.000000 1.000000
vn 0.000000 0.000000 -1.000000
vn -0.000000 1.000000 0.000000
vn 0.000000 -1.000000 0.000000
vn -1.000000 0.000000 0.000000
vn 1.000000 0.000000 0.000000
vn 0.000000 0.000000 1.000000
vn 0.000000 0.000000 -1.000000
vn -0.000000 1.000000 0.000000
vn 0.000000 -1.000000 0.000000
vn -1.000000 0.000000 0.000000
vn 1.000000 0.000000 0.000000
vn 0.000000 0.000000 1.000000
vn 0.000000 0.000000 -1.000000
vn -0.000000 1.000000 0.000000
vn 0.000000 -1.000000 0.000000
vn -1.000000 0.000000 0.000000
vn 1.000000 0.000000 0.000000
vn 0.371470 0.240299 0.896809
vn 0.896809 0.240299 0.371470
vn 0.896809 0.240299 -0.371470
vn 0.371470 0.240299 -0.896809
vn -0.371470 0.240299 -0.896809
vn -0.896809 0.240299 -0.371470
vn -0.896809 0.240299 0.371470
vn -0.371470 0.240299 0.896809
vn 0.281085 0.678598 0.678598
vn 0.678598 0.678598 0.281085
vn 0.678598 0.678598 -0.281085
vn 0.281085 0.678598 -0.678598
vn -0.281085 0.678598 -0.678598
vn -0.678598 0.678598 -0.281085
vn -0.678598 0.678598 0.281085
vn -0.281085 0.678598 0.678598
vn 0.106596 0.960422 0.257344
vn 0.257344 0.960422 0.106596
vn 0.257344 0.960422 -0.106596
vn 0.106596 0.960422 -0.257344
vn -0.106596 0.960422 -0.257344
vn -0.257344 0.960422 -0.106596
vn -0.257344 0.960422 0.106596
vn -0.106596 0.960422 0.257344
vn 0.000000 0.000000 1.000000
vn 0.000000 0.000000 -1.000000
vn -0.000000 1.000000 0.000000
vn 0.000000 -1.000000 0.000000
vn -1.000000 0.000000 0.000000
vn 1.000000 0.000000 0.000000
vn 0.000000 0.000000 1.000000
vn 0.000000 0.000000 -1.000000
vn -0.000000 1.000000 0.000000
vn 0.000000 -1.000000 0.000000
vn -1.000000 0.000000 0.000000
vn 1.000000 0.000000 0.000000
vn 0.000000 0.000000 1.000000
vn 0.000000 0.000000 -1.000000
vn -0.000000 1.000000 0.000000
vn 0.000000 -1.000000 0.000000
vn -1.000000 0.000000 0.000000
vn 1.000000 0.000000 0.000000
vn 0.000000 0.000000 1.000000
vn 0.000000 0.000000 -1.000000
vn -0.000000 1.000000 0.000000
vn 0.000000 -1.000000 0.000000
vn -1.000000 0.000000 0.000000
vn 1.000000 0.000000 0.000000
vn 0.000000 0.000000 1.000000
vn 0.000000 0.000000 -1.000000
vn -0.000000 1.000000 0.000000
vn 0.000000 -1.000000 0.000000
vn -1.000000 0.000000 0.000000
vn 1.000000 0.000000 0.000000
vn 0.000000 0.000000 1.000000
vn 0.000000 0.000000 -1.000000
vn -0.000000 1.000000 0.000000
vn 0.000000 -1.000000 0.000000
vn -1.000000 0.000000 0.000000
vn 1.000000 0.000000 0.000000
vn 0.000000 0.000000 1.000000
vn 0.000000 0.000000 -1.000000
vn -0.000000 1.000000 0.000000
vn 0.000000 -1.000000 0.000000
vn -1.000000 0.000000 0.000000
vn 1.000000 0.000000 0.000000
vn 0.000000 0.000000 1.000000
vn 0.000000 0.000000 -1.000000
vn -0.000000 1.000000 0.000000
vn 0.000000 -1.000000 0.000000
vn -1.000000 0.000000 0.000000
vn 1.000000 0.000000 0.000000
vn 0.000000 0.000000 1.000000
vn 0.000000 0.000000 -1.000000
vn -0.000000 1.000000 0.000000
vn 0.000000 -1.000000 0.000000
vn -1.000000 0.000000 0.000000
vn 1.000000 0.000000 0.000000
vn 0.000000 0.000000 1.000000
vn 0.000000 0.000000 -1.000000
vn -0.000000 1.000000 0.000000
vn 0.000000 -1.000000 0.000000
vn -1.000000 0.000000 0.000000
vn 1.000000 0.000000 0.000000
vn 0.000000 0.000000 1.000000
vn 0.000000 0.000000 -1.000000
vn -0.000000 1.000000 0.000000
vn 0.000000 -1.000000 0.000000
vn -1.000000 0.000000 0.000000
vn 1.000000 0.000000 0.000000
vn 0.000000 0.000000 1.000000
vn 0.000000 0.000000 -1.000000
vn -0.000000 1.000000 0.000000
vn 0.000000 -1.000000 0.000000
vn -1.000000 0.000000 0.000000
vn 1.000000 0.000000 0.000000
vn 0.000000 0.000000 1.000000
vn 0.000000 0.000000 -1.000000
vn -0.000000 1.000000 0.000000
vn 0.000000 -1.000000 0.000000
vn -1.000000 0.000000 0.000000
vn 1.000000 0.000000 0.000000
vn 0.000000 0.000000 1.000000
vn 0.000000 0.000000 -1.000000
vn -0.000000 1.000000 0.000000
vn 0.000000 -1.000000 0.000000
vn -1.000000 0.000000 0.000000
vn 1.000000 0.000000 0.000000
vn 0.000000 0.000000 1.000000
vn 0.000000 0.000000 -1.000000
vn -0.000000 1.000000 0.000000
vn 0.000000 -1.000000 0.000000
vn -1.000000 0.000000 0.000000
vn 1.000000 0.000000 0.000000
vn 0.000000 0.000000 1.000000
vn 0.000000 0.000000 -1.000000
vn -0.000000 1.000000 0.000000
vn 0.000000 -1.000000 0.000000
vn -1.000000 0.000000 0.000000
vn 1.000000 0.000000 0.000000
vn 0.000000 0.000000 -1.000000
vn 0.382683 -0.923880 0.000000
vn 0.923880 -0.382683 0.000000
vn 0.923880 0.382683 -0.000000
vn 0.382683 0.923880 0.000000
vn -0.382683 0.923880 0.000000
vn -0.923880 0.382683 -0.000000
vn -0.923880 -0.382683 0.000000
vn -0.382683 -0.923880 0.000000
vn 0.000000 0.000000 1.000000
vn 0.000000 0.000000 -1.000000
vn 0.382683 -0.923880 0.000000
vn 0.923880 -0.382683 0.000000
vn 0.923880 0.382683 -0.000000
vn 0.382683 0.923880 0.000000
vn -0.382683 0.923880 0.000000
vn -0.923880 0.382683 -0.000000
vn -0.923880 -0.382683 0.000000
vn -0.382683 -0.923880 0.000000
vn 0.000000 0.000000 1.000000
vn 0.000000 0.000000 1.000000
vn 0.000000 0.000000 -1.000000
vn -0.588172 -0.808736 0.000000
vn 0.588172 0.808736 0.000000
vn 0.808736 -0.588172 0.000000
vn -0.808736 0.588172 0.000000
vn 0.158879 -0.798741 0.580319
vn -0.061352 0.308435 0.949265
vn -0.195090 0.980785 0.000000
vn -0.061352 0.308435 -0.949265
vn 0.158879 -0.798741 -0.580319
vn 0.452450 -0.677140 0.580319
vn -0.174714 0.261478 0.949265
vn -0.555570 0.831470 0.000000
vn -0.174714 0.261478 -0.949265
vn 0.452450 -0.677140 -0.580319
vn 0.677140 -0.452450 0.580319
vn -0.261478 0.174714 0.949265
vn -0.831470 0.555570 0.000000
vn -0.261478 0.174714 -0.949265
vn 0.677140 -0.452450 -0.580319
vn 0.798741 -0.158879 0.580319
vn -0.308435 0.061352 0.949265
vn -0.980785 0.195090 0.000000
vn -0.308435 0.061352 -0.949265
vn 0.798741 -0.158879 -0.580319
vn 0.798741 0.158879 0.580319
vn -0.308435 -0.061352 0.949265
vn -0.980785 -0.195090 0.000000
vn -0.308435 -0.061352 -0.949265
vn 0.798741 0.158879 -0.580319
vn 0.677140 0.452450 0.580319
vn -0.261478 -0.174714 0.949265
vn -0.831470 -0.555570 0.000000
vn -0.261478 -0.174714 -0.949265
vn 0.677140 0.452450 -0.580319
vn 0.452450 0.677140 0.580319
vn -0.174714 -0.261478 0.949265
vn -0.555570 -0.831470 0.000000
vn -0.174714 -0.261478 -0.949265
vn 0.452450 0.677140 -0.580319
vn 0.158879 0.798741 0.580319
vn -0.061352 -0.308435 0.949265
vn -0.195090 -0.980785 0.000000
vn -0.061352 -0.308435 -0.949265
vn 0.158879 0.798741 -0.580319
vn -0.158879 0.798741 0.580319
vn 0.061352 -0.308435 0.949265
vn 0.195090 -0.980785 0.000000
vn 0.061352 -0.308435 -0.949265
vn -0.158879 0.798741 -0.580319
vn -0.452450 0.677140 0.580319
vn 0.174714 -0.261478 0.949265
vn 0.555570 -0.831470 0.000000
vn 0.174714 -0.261478 -0.949265
vn -0.452450 0.677140 -0.580319
vn -0.677140 0.452450 0.580319
vn 0.261478 -0.174714 0.949265
vn 0.831470 -0.555570 0.000000
vn 0.261478 -0.174714 -0.949265
vn -0.677140 0.452450 -0.580319
vn -0.798741 0.158879 0.580319
vn 0.308435 -0.061352 0.949265
vn 0.980785 -0.195090 0.000000
vn 0.308435 -0.061352 -0.949265
vn -0.798741 0.158879 -0.580319
vn -0.798741 -0.158879 0.580319
vn 0.308435 0.061352 0.949265
vn 0.980785 0.195090 0.000000
vn 0.308435 0.061352 -0.949265
vn -0.798741 -0.158879 -0.580319
vn -0.677140 -0.452450 0.580319
vn 0.261478 0.174714 0.949265
vn 0.831470 0.555570 0.000000
vn 0.261478 0.174714 -0.949265
vn -0.677140 -0.452450 -0.580319
vn -0.452450 -0.677140 0.580319
vn 0.174714 0.261478 0.949265
vn 0.555570 0.831470 0.000000
vn 0.174714 0.261478 -0.949265
vn -0.452450 -0.677140 -0.580319
vn -0.158879 -0.798741 0.580319
vn 0.061352 0.308435 0.949265
vn 0.195090 0.980785 0.000000
vn 0.061352 0.308435 -0.949265
vn -0.158879 -0.798741 -0.580319
vn 0.000000 0.000000 -1.000000
vn 0.382683 -0.923880 0.000000
vn 0.923880 -0.382683 0.000000
vn 0.923880 0.382683 0.000000
vn 0.382683 0.923880 0.000000
vn -0.382683 0.923880 0.000000
vn -0.923880 0.382683 0.000000
vn -0.923880 -0.382683 0.000000
vn -0.382683 -0.923880 0.000000
vn 0.000000 0.000000 1.000000
vn 0.000000 0.000000 1.000000
vn 0.000000 0.000000 -1.000000
vn -0.588172 0.808736 0.000000
vn 0.588172 -0.808736 0.000000
vn -0.808736 -0.588172 0.000000
vn 0.808736 0.588172 0.000000
vn 0.158879 -0.798741 0.580319
vn -0.061352 0.308435 0.949265
vn -0.195090 0.980785 0.000000
vn -0.061352 0.308435 -0.949265
vn 0.158879 -0.798741 -0.580319
vn 0.452450 -0.677140 0.580319
vn -0.174714 0.261478 0.949265
vn -0.555570 0.831470 0.000000
vn -0.174714 0.261478 -0.949265
vn 0.452450 -0.677140 -0.580319
vn 0.677140 -0.452450 0.580319
vn -0.261478 0.174714 0.949265
vn -0.831470 0.555570 0.000000
vn -0.261478 0.174714 -0.949265
vn 0.677140 -0.452450 -0.580319
vn 0.798741 -0.158879 0.580319
vn -0.308435 0.061352 0.949265
vn -0.980785 0.195090 0.000000
vn -0.308435 0.061352 -0.949265
vn 0.798741 -0.158879 -0.580319
vn 0.798741 0.158879 0.580319
vn -0.308435 -0.061352 0.949265
vn -0.980785 -0.195090 0.000000
vn -0.308435 -0.061352 -0.949265
vn 0.798741 0.158879 -0.580319
vn 0.677140 0.452450 0.580319
vn -0.261478 -0.174714 0.949265
vn -0.831470 -0.555570 0.000000
vn -0.261478 -0.174714 -0.949265
vn 0.677140 0.452450 -0.580319
vn 0.452450 0.677140 0.580319
vn -0.174714 -0.261478 0.949265
vn -0.555570 -0.831470 0.000000
vn -0.174714 -0.261478 -0.949265
vn 0.452450 0.677140 -0.580319
vn 0.158879 0.798741 0.580319
vn -0.061352 -0.308435 0.949265
vn -0.195090 -0.980785 0.000000
vn -0.061352 -0.308435 -0.949265
vn 0.158879 0.798741 -0.580319
vn -0.158879 0.798741 0.580319
vn 0.061352 -0.308435 0.949265
vn 0.195090 -0.980785 0.000000
vn 0.061352 -0.308435 -0.949265
vn -0.158879 0.798741 -0.580319
vn -0.452450 0.677140 0.580319
vn 0.174714 -0.261478 0.949265
vn 0.555570 -0.831470 0.000000
vn 0.174714 -0.261478 -0.949265
vn -0.452450 0.677140 -0.580319
vn -0.677140 0.452450 0.580319
vn 0.261478 -0.174714 0.949265
vn 0.831470 -0.555570 0.000000
vn 0.261478 -0.174714 -0.949265
vn -0.677140 0.452450 -0.580319
vn -0.798741 0.158879 0.580319
vn 0.308435 -0.061352 0.949265
vn 0.980785 -0.195090 0.000000
vn 0.308435 -0.061352 -0.949265
vn -0.798741 0.158879 -0.580319
vn -0.798741 -0.158879 0.580319
vn 0.308435 0.061352 0.949265
vn 0.980785 0.195090 0.000000
vn 0.308435 0.061352 -0.949265
vn -0.798741 -0.158879 -0.580319
vn -0.677140 -0.452450 0.580319
vn 0.261478 0.174714 0.949265
vn 0.831470 0.555570 0.000000
vn 0.261478 0.174714 -0.949265
vn -0.677140 -0.452450 -0.580319
vn -0.452450 -0.677140 0.580319
vn 0.174714 0.261478 0.949265
vn 0.555570 0.831470 0.000000
vn 0.174714 0.261478 -0.949265
vn -0.452450 -0.677140 -0.580319
vn -0.158879 -0.798741 0.580319
vn 0.061352 0.308435 0.949265
vn 0.195090 0.980785 0.000000
vn 0.061352 0.308435 -0.949265
vn -0.158879 -0.798741 -0.580319
vn 0.000000 0.000000 -1.000000
vn 0.382683 -0.923880 0.000000
vn 0.923880 -0.382683 0.000000
vn 0.923880 0.382683 0.000000
vn 0.382683 0.923880 0.000000
vn -0.382683 0.923880 0.000000
vn -0.923880 0.382683 0.000000
vn -0.923880 -0.382683 0.000000
vn -0.382683 -0.923880 0.000000
vn 0.000000 0.000000 1.000000
vn 0.000000 0.000000 -1.000000
vn 0.382683 -0.923880 0.000000
vn 0.923880 -0.382683 0.000000
vn 0.923880 0.382683 -0.000000
vn 0.382683 0.923880 0.000000
vn -0.382683 0.923880 -0.000000
vn -0.923880 0.382683 -0.000000
vn -0.923880 -0.382683 0.000000
vn -0.382683 -0.923880 0.000000
vn 0.000000 0.000000 1.000000
vn 0.000000 0.000000 -1.000000
vn 0.382683 -0.923880 0.000000
vn 0.923880 -0.382683 0.000000
vn 0.923880 0.382683 -0.000000
vn 0.382683 0.923880 0.000000
vn -0.382683 0.923880 -0.000000
vn -0.923880 0.382683 -0.000000
vn -0.923880 -0.382683 0.000000
vn -0.382683 -0.923880 0.000000
vn 0.000000 0.000000 1.000000
vn 0.000000 0.000000 1.000000
vn 0.000000 0.000000 -1.000000
vn 0.588172 -0.808736 0.000000
vn -0.588172 0.808736 0.000000
vn 0.808736 0.588172 -0.000000
vn -0.808736 -0.588172 -0.000000
vn 0.158879 -0.798741 0.580319
vn -0.061352 0.308435 0.949265
vn -0.195090 0.980785 0.000000
vn -0.061352 0.308435 -0.949265
vn 0.158879 -0.798741 -0.580319
vn 0.452450 -0.677140 0.580319
vn -0.174714 0.261478 0.949265
vn -0.555570 0.831470 0.000000
vn -0.174714 0.261478 -0.949265
vn 0.452450 -0.677140 -0.580319
vn 0.677140 -0.452450 0.580319
vn -0.261478 0.174714 0.949265
vn -0.831470 0.555570 0.000000
vn -0.261478 0.174714 -0.949265
vn 0.677140 -0.452450 -0.580319
vn 0.798741 -0.158879 0.580319
vn -0.308435 0.061352 0.949265
vn -0.980785 0.195090 0.000000
vn -0.308435 0.061352 -0.949265
vn 0.798741 -0.158879 -0.580319
vn 0.798741 0.158879 0.580319
vn -0.308435 -0.061352 0.949265
vn -0.980785 -0.195090 0.000000
vn -0.308435 -0.061352 -0.949265
vn 0.798741 0.158879 -0.580319
vn 0.677140 0.452450 0.580319
vn -0.261478 -0.174714 0.949265
vn -0.831470 -0.555570 0.000000
vn -0.261478 -0.174714 -0.949265
vn 0.677140 0.452450 -0.580319
vn 0.452450 0.677140 0.580319
vn -0.174714 -0.261478 0.949265
vn -0.555570 -0.831470 0.000000
vn -0.174714 -0.261478 -0.949265
vn 0.452450 0.677140 -0.580319
vn 0.158879 0.798741 0.580319
vn -0.061352 -0.308435 0.949265
vn -0.195090 -0.980785 0.000000
vn -0.061352 -0.308435 -0.949265
vn 0.158879 0.798741 -0.580319
vn -0.158879 0.798741 0.580319
vn 0.061352 -0.308435 0.949265
vn 0.195090 -0.980785 0.000000
vn 0.061352 -0.308435 -0.949265
vn -0.158879 0.798741 -0.580319
vn -0.452450 0.677140 0.580319
vn 0.174714 -0.261478 0.949265
vn 0.555570 -0.831470 0.000000
vn 0.174714 -0.261478 -0.949265
vn -0.452450 0.677140 -0.580319
vn -0.677140 0.452450 0.580319
vn 0.261478 -0.174714 0.949265
vn 0.831470 -0.555570 0.000000
vn 0.261478 -0.174714 -0.949265
vn -0.677140 0.452450 -0.580319
vn -0.798741 0.158879 0.580319
vn 0.308435 -0.061352 0.949265
vn 0.980785 -0.195090 0.000000
vn 0.308435 -0.061352 -0.949265
vn -0.798741 0.158879 -0.580319
vn -0.798741 -0.158879 0.580319
vn 0.308435 0.061352 0.949265
vn 0.980785 0.195090 0.000000
vn 0.308435 0.061352 -0.949265
vn -0.798741 -0.158879 -0.580319
vn -0.677140 -0.452450 0.580319
vn 0.261478 0.174714 0.949265
vn 0.831470 0.555570 0.000000
vn 0.261478 0.174714 -0.949265
vn -0.677140 -0.452450 -0.580319
vn -0.452450 -0.677140 0.580319
vn 0.174714 0.261478 0.949265
vn 0.555570 0.831470 0.000000
vn 0.174714 0.261478 -0.949265
vn -0.452450 -0.677140 -0.580319
vn -0.158879 -0.798741 0.580319
vn 0.061352 0.308435 0.949265
vn 0.195090 0.980785 0.000000
vn 0.061352 0.308435 -0.949265
vn -0.158879 -0.798741 -0.580319
vn 0.000000 0.000000 -1.000000
vn 0.382683 -0.923880 0.000000
vn 0.923880 -0.382683 0.000000
vn 0.923880 0.382683 0.000000
vn 0.382683 0.923880 0.000000
vn -0.382683 0.923880 0.000000
vn -0.923880 0.382683 0.000000
vn -0.923880 -0.382683 0.000000
vn -0.382683 -0.923880 0.000000
vn 0.000000 0.000000 1.000000
vn 0.000000 0.000000 1.000000
vn 0.000000 0.000000 -1.000000
vn 0.588172 0.808736 0.000000
vn -0.588172 -0.808736 0.000000
vn -0.808736 0.588172 0.000000
vn 0.808736 -0.588172 0.000000
vn 0.158879 -0.798741 0.580319
vn -0.061352 0.308435 0.949265
vn -0.195090 0.980785 0.000000
vn -0.061352 0.308435 -0.949265
vn 0.158879 -0.798741 -0.580319
vn 0.452450 -0.677140 0.580319
vn -0.174714 0.261478 0.949265
vn -0.555570 0.831470 0.000000
vn -0.174714 0.261478 -0.949265
vn 0.452450 -0.677140 -0.580319
vn 0.677140 -0.452450 0.580319
vn -0.261478 0.174714 0.949265
vn -0.831470 0.555570 0.000000
vn -0.261478 0.174714 -0.949265
vn 0.677140 -0.452450 -0.580319
vn 0.798741 -0.158879 0.580319
vn -0.308435 0.061352 0.949265
vn -0.980785 0.195090 0.000000
vn -0.308435 0.061352 -0.949265
vn 0.798741 -0.158879 -0.580319
vn 0.798741 0.158879 0.580319
vn -0.308435 -0.061352 0.949265
vn -0.980785 -0.195090 0.000000
vn -0.308435 -0.061352 -0.949265
vn 0.798741 0.158879 -0.580319
vn 0.677140 0.452450 0.580319
vn -0.261478 -0.174714 0.949265
vn -0.831470 -0.555570 0.000000
vn -0.261478 -0.174714 -0.949265
vn 0.677140 0.452450 -0.580319
vn 0.452450 0.677140 0.580319
vn -0.174714 -0.261478 0.949265
vn -0.555570 -0.831470 0.000000
vn -0.174714 -0.261478 -0.949265
vn 0.452450 0.677140 -0.580319
vn 0.158879 0.798741 0.580319
vn -0.061352 -0.308435 0.949265
vn -0.195090 -0.980785 0.000000
vn -0.061352 -0.308435 -0.949265
vn 0.158879 0.798741 -0.580319
vn -0.158879 0.798741 0.580319
vn 0.061352 -0.308435 0.949265
vn 0.195090 -0.980785 0.000000
vn 0.061352 -0.308435 -0.949265
vn -0.158879 0.798741 -0.580319
vn -0.452450 0.677140 0.580319
vn 0.174714 -0.261478 0.949265
vn 0.555570 -0.831470 0.000000
vn 0.174714 -0.261478 -0.949265
vn -0.452450 0.677140 -0.580319
vn -0.677140 0.452450 0.580319
vn 0.261478 -0.174714 0.949265
vn 0.831470 -0.555570 0.000000
vn 0.261478 -0.174714 -0.949265
vn -0.677140 0.452450 -0.580319
vn -0.798741 0.158879 0.580319
vn 0.308435 -0.061352 0.949265
vn 0.980785 -0.195090 0.000000
vn 0.308435 -0.061352 -0.949265
vn -0.798741 0.158879 -0.580319
vn -0.798741 -0.158879 0.580319
vn 0.308435 0.061352 0.949265
vn 0.980785 0.195090 0.000000
vn 0.308435 0.061352 -0.949265
vn -0.798741 -0.158879 -0.580319
vn -0.677140 -0.452450 0.580319
vn 0.261478 0.174714 0.949265
vn 0.831470 0.555570 0.000000
vn 0.261478 0.174714 -0.949265
vn -0.677140 -0.452450 -0.580319
vn -0.452450 -0.677140 0.580319
vn 0.174714 0.261478 0.949265
vn 0.555570 0.831470 0.000000
vn 0.174714 0.261478 -0.949265
vn -0.452450 -0.677140 -0.580319
vn -0.158879 -0.798741 0.580319
vn 0.061352 0.308435 0.949265
vn 0.195090 0.980785 0.000000
vn 0.061352 0.308435 -0.949265
vn -0.158879 -0.798741 -0.580319
vn 0.000000 0.000000 -1.000000
vn 0.382683 -0.923880 0.000000
vn 0.923880 -0.382683 0.000000
vn 0.923880 0.382683 0.000000
vn 0.382683 0.923880 0.000000
vn -0.382683 0.923880 0.000000
vn -0.923880 0.382683 0.000000
vn -0.923880 -0.382683 0.000000
vn -0.382683 -0.923880 0.000000
vn 0.000000 0.000000 1.000000
f 1/1/1 2/2/1 3/3/1
f 1/1/1 3/3/1 4/4/1
f 5/5/2 6/6/2 7/7/2
f 5/5/2 7/7/2 8/8/2
f 4/9/3 3/10/3 8/11/3
f 4/9/3 8/11/3 7/12/3
f 6/12/4 5/11/4 2/10/4
f 6/12/4 2/10/4 1/9/4
f 6/13/5 1/14/5 4/15/5
f 6/13/5 4/15/5 7/16/5
f 2/14/6 5/13/6 8/16/6
f 2/14/6 8/16/6 3/15/6
f 9/17/7 10/18/7 11/19/7
f 9/17/7 11/19/7 12/20/7
f 13/21/8 14/22/8 15/23/8
f 13/21/8 15/23/8 16/24/8
f 12/25/9 11/26/9 16/27/9
f 12/25/9 16/27/9 15/28/9
f 14/28/10 13/27/10 10/26/10
f 14/28/10 10/26/10 9/25/10
f 14/29/11 9/30/11 12/31/11
f 14/29/11 12/31/11 15/32/11
f 10/30/12 13/29/12 16/32/12
f 10/30/12 16/32/12 11/31/12
f 17/33/13 18/34/13 19/35/13
f 17/33/13 19/35/13 20/36/13
f 21/37/14 22/38/14 23/39/14
f 21/37/14 23/39/14 24/40/14
f 20/41/15 19/42/15 24/43/15
f 20/41/15 24/43/15 23/44/15
f 22/44/16 21/43/16 18/42/16
f 22/44/16 18/42/16 17/41/16
f 22/45/17 17/46/17 20/47/17
f 22/45/17 20/47/17 23/48/17
f 18/46/18 21/45/18 24/48/18
f 18/46/18 24/48/18 19/47/18
f 25/49/19 26/50/19 27/51/19
f 25/49/19 27/51/19 28/52/19
f 29/53/20 30/54/20 31/55/20
f 29/53/20 31/55/20 32/56/20
f 28/57/21 27/58/21 32/59/21
f 28/57/21 32/59/21 31/60/21
f 30/60/22 29/59/22 26/58/22
f 30/60/22 26/58/22 25/57/22
f 30/61/23 25/62/23 28/63/23
f 30/61/23 28/63/23 31/64/23
f 26/62/24 29/61/24 32/64/24
f 26/62/24 32/64/24 27/63/24
f 33/65/25 34/66/25 35/67/25
f 33/65/25 35/67/25 36/68/25
f 34/69/26 37/70/26 38/71/26
f 34/69/26 38/71/26 35/72/26
f 37/70/27 39/73/27 40/74/27
f 37/70/27 40/74/27 38/71/27
f 39/75/28 41/76/28 42/77/28
f 39/75/28 42/77/28 40/78/28
f 41/76/29 43/79/29 44/80/29
f 41/76/29 44/80/29 42/77/29
f 43/73/30 45/70/30 46/71/30
f 43/73/30 46/71/30 44/74/30
f 45/70/31 47/69/31 48/72/31
f 45/70/31 48/72/31 46/71/31
f 47/81/32 33/65/32 36/68/32
f 47/81/32 36/68/32 48/82/32
f 36/68/33 35/67/33 49/83/33
f 36/84/33 49/85/33 50/86/33
f 35/72/34 38/71/34 51/87/34
f 35/72/34 51/87/34 49/88/34
f 38/71/35 40/74/35 52/89/35
f 38/71/35 52/89/35 51/87/35
f 40/78/36 42/77/36 53/90/36
f 40/78/36 53/90/36 52/91/36
f 42/77/37 44/80/37 54/92/37
f 42/77/37 54/92/37 53/90/37
f 44/74/38 46/71/38 55/87/38
f 44/74/38 55/87/38 54/89/38
f 46/71/39 48/72/39 56/88/39
f 46/71/39 56/88/39 55/87/39
f 48/93/40 36/84/40 50/86/40
f 48/82/40 50/94/40 56/95/40
f 50/86/41 49/85/41 57/96/41
f 49/85/42 51/97/42 57/96/42
f 51/97/43 52/98/43 57/96/43
f 52/98/44 53/99/44 57/96/44
f 53/99/45 54/100/45 57/96/45
f 54/100/46 55/101/46 57/96/46
f 55/101/47 56/102/47 57/96/47
f 56/102/48 50/86/48 57/96/48
f 58/103/49 59/104/49 60/105/49
f 58/103/49 60/105/49 61/106/49
f 62/107/50 63/108/50 64/109/50
f 62/107/50 64/109/50 65/110/50
f 61/111/51 60/112/51 65/113/51
f 61/111/51 65/113/51 64/114/51
f 63/114/52 62/113/52 59/112/52
f 63/114/52 59/112/52 58/111/52
f 63/115/53 58/116/53 61/117/53
f 63/115/53 61/117/53 64/118/53
f 59/116/54 62/115/54 65/118/54
f 59/116/54 65/118/54 60/117/54
f 66/119/55 67/120/55 68/121/55
f 66/119/55 68/121/55 69/122/55
f 70/123/56 71/124/56 72/125/56
f 70/123/56 72/125/56 73/126/56
f 69/127/57 68/128/57 73/129/57
f 69/127/57 73/129/57 72/130/57
f 71/130/58 70/129/58 67/128/58
f 71/130/58 67/128/58 66/127/58
f 71/131/59 66/132/59 69/133/59
f 71/131/59 69/133/59 72/134/59
f 67/132/60 70/131/60 73/134/60
f 67/132/60 73/134/60 68/133/60
f 74/135/61 75/136/61 76/137/61
f 74/135/61 76/137/61 77/138/61
f 78/139/62 79/140/62 80/141/62
f 78/139/62 80/141/62 81/142/62
f 77/143/63 76/144/63 81/145/63
f 77/143/63 81/145/63 80/146/63
f 79/146/64 78/145/64 75/144/64
f 79/146/64 75/144/64 74/143/64
f 79/147/65 74/148/65 77/149/65
f 79/147/65 77/149/65 80/150/65
f 75/148/66 78/147/66 81/150/66
f 75/148/66 81/150/66 76/149/66
f 82/151/67 83/152/67 84/153/67
f 82/151/67 84/153/67 85/154/67
f 86/155/68 87/156/68 88/157/68
f 86/155/68 88/157/68 89/158/68
f 85/159/69 84/160/69 89/161/69
f 85/159/69 89/161/69 88/162/69
f 87/162/70 86/161/70 83/160/70
f 87/162/70 83/160/70 82/159/70
f 87/163/71 82/164/71 85/165/71
f 87/163/71 85/165/71 88/166/71
f 83/164/72 86/163/72 89/166/72
f 83/164/72 89/166/72 84/165/72
f 90/167/73 91/168/73 92/169/73
f 90/167/73 92/169/73 93/170/73
f 94/171/74 95/172/74 96/173/74
f 94/171/74 96/173/74 97/174/74
f 93/175/75 92/176/75 97/177/75
f 93/175/75 97/177/75 96/178/75
f 95/178/76 94/177/76 91/176/76
f 95/178/76 91/176/76 90/175/76
f 95/179/77 90/180/77 93/181/77
f 95/179/77 93/181/77 96/182/77
f 91/180/78 94/179/78 97/182/78
f 91/180/78 97/182/78 92/181/78
f 98/183/79 99/184/79 100/185/79
f 98/183/79 100/185/79 101/186/79
f 102/187/80 103/188/80 104/189/80
f 102/187/80 104/189/80 105/190/80
f 101/191/81 100/192/81 105/193/81
f 101/191/81 105/193/81 104/194/81
f 103/194/82 102/193/82 99/192/82
f 103/194/82 99/192/82 98/191/82
f 103/195/83 98/196/83 101/197/83
f 103/195/83 101/197/83 104/198/83
f 99/196/84 102/195/84 105/198/84
f 99/196/84 105/198/84 100/197/84
f 106/199/85 107/200/85 108/201/85
f 106/199/85 108/201/85 109/202/85
f 110/203/86 111/204/86 112/205/86
f 110/203/86 112/205/86 113/206/86
f 109/207/87 108/208/87 113/209/87
f 109/207/87 113/209/87 112/210/87
f 111/210/88 110/209/88 107/208/88
f 111/210/88 107/208/88 106/207/88
f 111/211/89 106/212/89 109/213/89
f 111/211/89 109/213/89 112/214/89
f 107/212/90 110/211/90 113/214/90
f 107/212/90 113/214/90 108/213/90
f 114/215/91 115/216/91 116/217/91
f 114/215/91 116/217/91 117/218/91
f 118/219/92 119/220/92 120/221/92
f 118/219/92 120/221/92 121/222/92
f 117/223/93 116/224/93 121/225/93
f 117/223/93 121/225/93 120/226/93
f 119/226/94 118/225/94 115/224/94
f 119/226/94 115/224/94 114/223/94
f 119/227/95 114/228/95 117/229/95
f 119/227/95 117/229/95 120/230/95
f 115/228/96 118/227/96 121/230/96
f 115/228/96 121/230/96 116/229/96
f 122/231/97 123/232/97 124/233/97
f 122/231/97 124/233/97 125/234/97
f 126/235/98 127/236/98 128/237/98
f 126/235/98 128/237/98 129/238/98
f 125/239/99 124/240/99 129/241/99
f 125/239/99 129/241/99 128/242/99
f 127/242/100 126/241/100 123/240/100
f 127/242/100 123/240/100 122/239/100
f 127/243/101 122/244/101 125/245/101
f 127/243/101 125/245/101 128/246/101
f 123/244/102 126/243/102 129/246/102
f 123/244/102 129/246/102 124/245/102
f 130/247/103 131/248/103 132/249/103
f 130/247/103 132/249/103 133/250/103
f 134/251/104 135/252/104 136/253/104
f 134/251/104 136/253/104 137/254/104
f 133/255/105 132/256/105 137/257/105
f 133/255/105 137/257/105 136/258/105
f 135/258/106 134/257/106 131/256/106
f 135/258/106 131/256/106 130/255/106
f 135/259/107 130/260/107 133/261/107
f 135/259/107 133/261/107 136/262/107
f 131/260/108 134/259/108 137/262/108
f 131/260/108 137/262/108 132/261/108
f 138/263/109 139/264/109 140/265/109
f 138/263/109 140/265/109 141/266/109
f 142/267/110 143/268/110 144/269/110
f 142/267/110 144/269/110 145/270/110
f 141/271/111 140/272/111 145/273/111
f 141/271/111 145/273/111 144/274/111
f 143/274/112 142/273/112 139/272/112
f 143/274/112 139/272/112 138/271/112
f 143/275/113 138/276/113 141/277/113
f 143/275/113 141/277/113 144/278/113
f 139/276/114 142/275/114 145/278/114
f 139/276/114 145/278/114 140/277/114
f 146/279/115 147/280/115 148/281/115
f 146/279/115 148/281/115 149/282/115
f 150/283/116 151/284/116 152/285/116
f 150/283/116 152/285/116 153/286/116
f 149/287/117 148/288/117 153/289/117
f 149/287/117 153/289/117 152/290/117
f 151/290/118 150/289/118 147/288/118
f 151/290/118 147/288/118 146/287/118
f 151/291/119 146/292/119 149/293/119
f 151/291/119 149/293/119 152/294/119
f 147/292/120 150/291/120 153/294/120
f 147/292/120 153/294/120 148/293/120
f 154/295/121 155/296/121 156/297/121
f 154/295/121 156/297/121 157/298/121
f 158/299/122 159/300/122 160/301/122
f 158/299/122 160/301/122 161/302/122
f 157/303/123 156/304/123 161/305/123
f 157/303/123 161/305/123 160/306/123
f 159/306/124 158/305/124 155/304/124
f 159/306/124 155/304/124 154/303/124
f 159/307/125 154/308/125 157/309/125
f 159/307/125 157/309/125 160/310/125
f 155/308/126 158/307/126 161/310/126
f 155/308/126 161/310/126 156/309/126
f 162/311/127 163/312/127 164/313/127
f 162/311/127 164/313/127 165/314/127
f 166/315/128 167/316/128 168/317/128
f 166/315/128 168/317/128 169/318/128
f 165/319/129 164/320/129 169/321/129
f 165/319/129 169/321/129 168/322/129
f 167/322/130 166/321/130 163/320/130
f 167/322/130 163/320/130 162/319/130
f 167/323/131 162/324/131 165/325/131
f 167/323/131 165/325/131 168/326/131
f 163/324/132 166/323/132 169/326/132
f 163/324/132 169/326/132 164/325/132
f 170/327/133 171/328/133 172/329/133
f 170/327/133 172/329/133 173/330/133
f 174/331/134 175/332/134 176/333/134
f 174/331/134 176/333/134 177/334/134
f 173/335/135 172/336/135 177/337/135
f 173/335/135 177/337/135 176/338/135
f 175/338/136 174/337/136 171/336/136
f 175/338/136 171/336/136 170/335/136
f 175/339/137 170/340/137 173/341/137
f 175/339/137 173/341/137 176/342/137
f 171/340/138 174/339/138 177/342/138
f 171/340/138 177/342/138 172/341/138
f 178/343/139 179/344/139 180/345/139
f 178/343/139 180/345/139 181/346/139
f 182/347/140 183/348/140 184/349/140
f 182/347/140 184/349/140 185/350/140
f 181/351/141 180/352/141 185/353/141
f 181/351/141 185/353/141 184/354/141
f 183/354/142 182/353/142 179/352/142
f 183/354/142 179/352/142 178/351/142
f 183/355/143 178/356/143 181/357/143
f 183/355/143 181/357/143 184/358/143
f 179/356/144 182/355/144 185/358/144
f 179/356/144 185/358/144 180/357/144
f 186/359/145 187/360/145 188/361/145
f 186/359/145 189/362/145 187/360/145
f 186/359/145 190/363/145 189/362/145
f 186/359/145 191/364/145 190/363/145
f 186/359/145 192/365/145 191/364/145
f 186/359/145 193/366/145 192/365/145
f 186/359/145 194/367/145 193/366/145
f 186/359/145 188/361/145 194/367/145
f 188/368/146 187/369/146 195/370/146
f 188/368/146 195/370/146 196/371/146
f 187/372/147 189/373/147 197/373/147
f 187/372/147 197/373/147 195/372/147
f 189/373/148 190/374/148 198/374/148
f 189/373/148 198/374/148 197/373/148
f 190/369/149 191/368/149 199/371/149
f 190/369/149 199/371/149 198/370/149
f 191/368/150 192/375/150 200/376/150
f 191/368/150 200/376/150 199/371/150
f 192/377/151 193/378/151 201/379/151
f 192/377/151 201/379/151 200/380/151
f 193/378/152 194/381/152 202/382/152
f 193/378/152 202/382/152 201/379/152
f 194/375/153 188/368/153 196/371/153
f 194/375/153 196/371/153 202/376/153
f 196/383/154 195/384/154 203/385/154
f 195/384/154 197/386/154 203/385/154
f 197/386/154 198/387/154 203/385/154
f 198/387/154 199/388/154 203/385/154
f 199/388/154 200/389/154 203/385/154
f 200/389/154 201/390/154 203/385/154
f 201/390/154 202/391/154 203/385/154
f 202/391/154 196/383/154 203/385/154
f 204/392/155 205/393/155 206/394/155
f 204/392/155 207/395/155 205/393/155
f 204/392/155 208/396/155 207/395/155
f 204/392/155 209/397/155 208/396/155
f 204/392/155 210/398/155 209/397/155
f 204/392/155 211/399/155 210/398/155
f 204/392/155 212/400/155 211/399/155
f 204/392/155 206/394/155 212/400/155
f 206/401/156 205/402/156 213/403/156
f 206/401/156 213/403/156 214/404/156
f 205/405/157 207/406/157 215/407/157
f 205/405/157 215/407/157 213/408/157
f 207/406/158 208/409/158 216/410/158
f 207/406/158 216/410/158 215/407/158
f 208/402/159 209/401/159 217/404/159
f 208/402/159 217/404/159 216/403/159
f 209/401/160 210/411/160 218/412/160
f 209/401/160 218/412/160 217/404/160
f 210/413/161 211/414/161 219/414/161
f 210/413/161 219/414/161 218/413/161
f 211/414/162 212/415/162 220/415/162
f 211/414/162 220/415/162 219/414/162
f 212/411/163 206/401/163 214/404/163
f 212/411/163 214/404/163 220/412/163
f 214/416/164 213/417/164 221/418/164
f 213/417/164 215/419/164 221/418/164
f 215/419/164 216/420/164 221/418/164
f 216/420/164 217/421/164 221/418/164
f 217/421/164 218/422/164 221/418/164
f 218/422/164 219/423/164 221/418/164
f 219/423/164 220/424/164 221/418/164
f 220/424/164 214/416/164 221/418/164
f 222/425/165 223/426/165 224/427/165
f 222/425/165 224/427/165 225/428/165
f 226/429/166 227/430/166 228/431/166
f 226/429/166 228/431/166 229/432/166
f 225/433/167 224/434/167 229/435/167
f 225/433/167 229/435/167 228/436/167
f 227/437/168 226/438/168 223/439/168
f 227/437/168 223/439/168 222/440/168
f 227/441/169 222/442/169 225/443/169
f 227/441/169 225/443/169 228/444/169
f 223/445/170 226/446/170 229/447/170
f 223/445/170 229/447/170 224/448/170
f 230/449/171 231/450/171 232/451/171
f 230/449/171 232/451/171 233/452/171
f 233/453/172 232/454/172 234/455/172
f 233/453/172 234/455/172 235/456/172
f 235/457/173 234/458/173 236/459/173
f 235/457/173 236/459/173 237/460/173
f 237/461/174 236/462/174 238/463/174
f 237/461/174 238/463/174 239/464/174
f 239/465/175 238/466/175 231/450/175
f 239/465/175 231/450/175 230/449/175
f 231/450/176 240/467/176 241/468/176
f 231/450/176 241/468/176 232/451/176
f 232/454/177 241/469/177 242/470/177
f 232/454/177 242/470/177 234/455/177
f 234/458/178 242/471/178 243/472/178
f 234/458/178 243/472/178 236/459/178
f 236/462/179 243/473/179 244/474/179
f 236/462/179 244/474/179 238/463/179
f 238/466/180 244/475/180 240/467/180
f 238/466/180 240/467/180 231/450/180
f 240/476/181 245/477/181 246/478/181
f 240/476/181 246/478/181 241/479/181
f 241/469/182 246/480/182 247/481/182
f 241/469/182 247/481/182 242/470/182
f 242/482/183 247/483/183 248/484/183
f 242/482/183 248/484/183 243/485/183
f 243/473/184 248/486/184 249/487/184
f 243/473/184 249/487/184 244/474/184
f 244/488/185 249/489/185 245/477/185
f 244/488/185 245/477/185 240/476/185
f 245/477/186 250/490/186 251/491/186
f 245/477/186 251/491/186 246/478/186
f 246/480/187 251/492/187 252/493/187
f 246/480/187 252/493/187 247/481/187
f 247/483/188 252/494/188 253/495/188
f 247/483/188 253/495/188 248/484/188
f 248/486/189 253/496/189 254/497/189
f 248/486/189 254/497/189 249/487/189
f 249/489/190 254/498/190 250/490/190
f 249/489/190 250/490/190 245/477/190
f 250/490/191 255/499/191 256/500/191
f 250/490/191 256/500/191 251/491/191
f 251/492/192 256/501/192 257/502/192
f 251/492/192 257/502/192 252/493/192
f 252/494/193 257/503/193 258/504/193
f 252/494/193 258/504/193 253/495/193
f 253/496/194 258/505/194 259/506/194
f 253/496/194 259/506/194 254/497/194
f 254/498/195 259/507/195 255/499/195
f 254/498/195 255/499/195 250/490/195
f 255/499/196 260/508/196 261/509/196
f 255/499/196 261/509/196 256/500/196
f 256/501/197 261/510/197 262/511/197
f 256/501/197 262/511/197 257/502/197
f 257/503/198 262/512/198 263/513/198
f 257/503/198 263/513/198 258/504/198
f 258/505/199 263/514/199 264/515/199
f 258/505/199 264/515/199 259/506/199
f 259/507/200 264/516/200 260/508/200
f 259/507/200 260/508/200 255/499/200
f 260/467/201 265/450/201 266/451/201
f 260/467/201 266/451/201 261/468/201
f 261/510/202 266/517/202 267/518/202
f 261/510/202 267/518/202 262/511/202
f 262/471/203 267/458/203 268/459/203
f 262/471/203 268/459/203 263/472/203
f 263/514/204 268/519/204 269/520/204
f 263/514/204 269/520/204 264/515/204
f 264/475/205 269/466/205 265/450/205
f 264/475/205 265/450/205 260/467/205
f 265/450/206 270/449/206 271/452/206
f 265/450/206 271/452/206 266/451/206
f 266/517/207 271/521/207 272/522/207
f 266/517/207 272/522/207 267/518/207
f 267/458/208 272/457/208 273/460/208
f 267/458/208 273/460/208 268/459/208
f 268/519/209 273/523/209 274/524/209
f 268/519/209 274/524/209 269/520/209
f 269/466/210 274/465/210 270/449/210
f 269/466/210 270/449/210 265/450/210
f 270/449/211 275/525/211 276/526/211
f 270/449/211 276/526/211 271/452/211
f 271/521/212 276/527/212 277/528/212
f 271/521/212 277/528/212 272/522/212
f 272/457/213 277/529/213 278/530/213
f 272/457/213 278/530/213 273/460/213
f 273/523/214 278/531/214 279/532/214
f 273/523/214 279/532/214 274/524/214
f 274/465/215 279/533/215 275/525/215
f 274/465/215 275/525/215 270/449/215
f 275/525/216 280/534/216 281/535/216
f 275/525/216 281/535/216 276/526/216
f 276/527/217 281/536/217 282/537/217
f 276/527/217 282/537/217 277/528/217
f 277/529/218 282/538/218 283/539/218
f 277/529/218 283/539/218 278/530/218
f 278/531/219 283/540/219 284/541/219
f 278/531/219 284/541/219 279/532/219
f 279/533/220 284/542/220 280/534/220
f 279/533/220 280/534/220 275/525/220
f 280/508/221 285/499/221 286/500/221
f 280/508/221 286/500/221 281/509/221
f 281/536/222 286/543/222 287/544/222
f 281/536/222 287/544/222 282/537/222
f 282/512/223 287/503/223 288/504/223
f 282/512/223 288/504/223 283/513/223
f 283/540/224 288/545/224 289/546/224
f 283/540/224 289/546/224 284/541/224
f 284/516/225 289/507/225 285/499/225
f 284/516/225 285/499/225 280/508/225
f 285/499/226 290/490/226 291/491/226
f 285/499/226 291/491/226 286/500/226
f 286/543/227 291/547/227 292/548/227
f 286/543/227 292/548/227 287/544/227
f 287/503/228 292/494/228 293/495/228
f 287/503/228 293/495/228 288/504/228
f 288/545/229 293/549/229 294/550/229
f 288/545/229 294/550/229 289/546/229
f 289/507/230 294/498/230 290/490/230
f 289/507/230 290/490/230 285/499/230
f 290/490/231 295/477/231 296/478/231
f 290/490/231 296/478/231 291/491/231
f 291/547/232 296/551/232 297/552/232
f 291/547/232 297/552/232 292/548/232
f 292/494/233 297/483/233 298/484/233
f 292/494/233 298/484/233 293/495/233
f 293/549/234 298/553/234 299/554/234
f 293/549/234 299/554/234 294/550/234
f 294/498/235 299/489/235 295/477/235
f 294/498/235 295/477/235 290/490/235
f 295/477/236 300/476/236 301/479/236
f 295/477/236 301/479/236 296/478/236
f 296/551/237 301/555/237 302/556/237
f 296/551/237 302/556/237 297/552/237
f 297/483/238 302/482/238 303/485/238
f 297/483/238 303/485/238 298/484/238
f 298/553/239 303/557/239 304/558/239
f 298/553/239 304/558/239 299/554/239
f 299/489/240 304/488/240 300/476/240
f 299/489/240 300/476/240 295/477/240
f 300/534/241 305/525/241 306/526/241
f 300/534/241 306/526/241 301/535/241
f 301/555/242 306/559/242 307/560/242
f 301/555/242 307/560/242 302/556/242
f 302/538/243 307/529/243 308/530/243
f 302/538/243 308/530/243 303/539/243
f 303/557/244 308/561/244 309/562/244
f 303/557/244 309/562/244 304/558/244
f 304/542/245 309/533/245 305/525/245
f 304/542/245 305/525/245 300/534/245
f 305/525/246 230/449/246 233/452/246
f 305/525/246 233/452/246 306/526/246
f 306/559/247 233/453/247 235/456/247
f 306/559/247 235/456/247 307/560/247
f 307/529/248 235/457/248 237/460/248
f 307/529/248 237/460/248 308/530/248
f 308/561/249 237/461/249 239/464/249
f 308/561/249 239/464/249 309/562/249
f 309/533/250 239/465/250 230/449/250
f 309/533/250 230/449/250 305/525/250
f 310/563/251 311/564/251 312/565/251
f 310/563/251 313/566/251 311/564/251
f 310/563/251 314/567/251 313/566/251
f 310/563/251 315/568/251 314/567/251
f 310/563/251 316/569/251 315/568/251
f 310/563/251 317/570/251 316/569/251
f 310/563/251 318/571/251 317/570/251
f 310/563/251 312/565/251 318/571/251
f 312/572/252 311/573/252 319/574/252
f 312/572/252 319/574/252 320/575/252
f 311/576/253 313/577/253 321/578/253
f 311/576/253 321/578/253 319/579/253
f 313/577/254 314/580/254 322/581/254
f 313/577/254 322/581/254 321/578/254
f 314/573/255 315/572/255 323/575/255
f 314/573/255 323/575/255 322/574/255
f 315/572/256 316/582/256 324/583/256
f 315/572/256 324/583/256 323/575/256
f 316/580/257 317/577/257 325/578/257
f 316/580/257 325/578/257 324/581/257
f 317/577/258 318/576/258 326/579/258
f 317/577/258 326/579/258 325/578/258
f 318/582/259 312/572/259 320/575/259
f 318/582/259 320/575/259 326/583/259
f 320/584/260 319/585/260 327/586/260
f 319/585/260 321/587/260 327/586/260
f 321/587/260 322/588/260 327/586/260
f 322/588/260 323/589/260 327/586/260
f 323/589/260 324/590/260 327/586/260
f 324/590/260 325/591/260 327/586/260
f 325/591/260 326/592/260 327/586/260
f 326/592/260 320/584/260 327/586/260
f 328/593/261 329/594/261 330/595/261
f 328/593/261 330/595/261 331/596/261
f 332/597/262 333/598/262 334/599/262
f 332/597/262 334/599/262 335/600/262
f 331/601/263 330/602/263 335/603/263
f 331/601/263 335/603/263 334/604/263
f 333/605/264 332/606/264 329/607/264
f 333/605/264 329/607/264 328/608/264
f 333/609/265 328/610/265 331/611/265
f 333/609/265 331/611/265 334/612/265
f 329/613/266 332/614/266 335/615/266
f 329/613/266 335/615/266 330/616/266
f 336/617/267 337/618/267 338/619/267
f 336/617/267 338/619/267 339/620/267
f 339/621/268 338/622/268 340/623/268
f 339/621/268 340/623/268 341/624/268
f 341/625/269 340/626/269 342/627/269
f 341/625/269 342/627/269 343/628/269
f 343/629/270 342/630/270 344/631/270
f 343/629/270 344/631/270 345/632/270
f 345/633/271 344/634/271 337/618/271
f 345/633/271 337/618/271 336/617/271
f 337/618/272 346/635/272 347/636/272
f 337/618/272 347/636/272 338/619/272
f 338/622/273 347/637/273 348/638/273
f 338/622/273 348/638/273 340/623/273
f 340/626/274 348/639/274 349/640/274
f 340/626/274 349/640/274 342/627/274
f 342/630/275 349/641/275 350/642/275
f 342/630/275 350/642/275 344/631/275
f 344/634/276 350/643/276 346/635/276
f 344/634/276 346/635/276 337/618/276
f 346/644/277 351/645/277 352/646/277
f 346/644/277 352/646/277 347/647/277
f 347/637/278 352/648/278 353/649/278
f 347/637/278 353/649/278 348/638/278
f 348/650/279 353/651/279 354/652/279
f 348/650/279 354/652/279 349/653/279
f 349/641/280 354/654/280 355/655/280
f 349/641/280 355/655/280 350/642/280
f 350/656/281 355/657/281 351/645/281
f 350/656/281 351/645/281 346/644/281
f 351/645/282 356/658/282 357/659/282
f 351/645/282 357/659/282 352/646/282
f 352/648/283 357/660/283 358/661/283
f 352/648/283 358/661/283 353/649/283
f 353/651/284 358/662/284 359/663/284
f 353/651/284 359/663/284 354/652/284
f 354/654/285 359/664/285 360/665/285
f 354/654/285 360/665/285 355/655/285
f 355/657/286 360/666/286 356/658/286
f 355/657/286 356/658/286 351/645/286
f 356/658/287 361/667/287 362/668/287
f 356/658/287 362/668/287 357/659/287
f 357/660/288 362/669/288 363/670/288
f 357/660/288 363/670/288 358/661/288
f 358/662/289 363/671/289 364/672/289
f 358/662/289 364/672/289 359/663/289
f 359/664/290 364/673/290 365/674/290
f 359/664/290 365/674/290 360/665/290
f 360/666/291 365/675/291 361/667/291
f 360/666/291 361/667/291 356/658/291
f 361/667/292 366/676/292 367/677/292
f 361/667/292 367/677/292 362/668/292
f 362/669/293 367/678/293 368/679/293
f 362/669/293 368/679/293 363/670/293
f 363/671/294 368/680/294 369/681/294
f 363/671/294 369/681/294 364/672/294
f 364/673/295 369/682/295 370/683/295
f 364/673/295 370/683/295 365/674/295
f 365/675/296 370/684/296 366/676/296
f 365/675/296 366/676/296 361/667/296
f 366/635/297 371/618/297 372/619/297
f 366/635/297 372/619/297 367/636/297
f 367/678/298 372/685/298 373/686/298
f 367/678/298 373/686/298 368/679/298
f 368/639/299 373/626/299 374/627/299
f 368/639/299 374/627/299 369/640/299
f 369/682/300 374/687/300 375/688/300
f 369/682/300 375/688/300 370/683/300
f 370/643/301 375/634/301 371/618/301
f 370/643/301 371/618/301 366/635/301
f 371/618/302 376/617/302 377/620/302
f 371/618/302 377/620/302 372/619/302
f 372/685/303 377/689/303 378/690/303
f 372/685/303 378/690/303 373/686/303
f 373/626/304 378/625/304 379/628/304
f 373/626/304 379/628/304 374/627/304
f 374/687/305 379/691/305 380/692/305
f 374/687/305 380/692/305 375/688/305
f 375/634/306 380/633/306 376/617/306
f 375/634/306 376/617/306 371/618/306
f 376/617/307 381/693/307 382/694/307
f 376/617/307 382/694/307 377/620/307
f 377/689/308 382/695/308 383/696/308
f 377/689/308 383/696/308 378/690/308
f 378/625/309 383/697/309 384/698/309
f 378/625/309 384/698/309 379/628/309
f 379/691/310 384/699/310 385/700/310
f 379/691/310 385/700/310 380/692/310
f 380/633/311 385/701/311 381/693/311
f 380/633/311 381/693/311 376/617/311
f 381/693/312 386/702/312 387/703/312
f 381/693/312 387/703/312 382/694/312
f 382/695/313 387/704/313 388/705/313
f 382/695/313 388/705/313 383/696/313
f 383/697/314 388/706/314 389/707/314
f 383/697/314 389/707/314 384/698/314
f 384/699/315 389/708/315 390/709/315
f 384/699/315 390/709/315 385/700/315
f 385/701/316 390/710/316 386/702/316
f 385/701/316 386/702/316 381/693/316
f 386/676/317 391/667/317 392/668/317
f 386/676/317 392/668/317 387/677/317
f 387/704/318 392/711/318 393/712/318
f 387/704/318 393/712/318 388/705/318
f 388/680/319 393/671/319 394/672/319
f 388/680/319 394/672/319 389/681/319
f 389/708/320 394/713/320 395/714/320
f 389/708/320 395/714/320 390/709/320
f 390/684/321 395/675/321 391/667/321
f 390/684/321 391/667/321 386/676/321
f 391/667/322 396/658/322 397/659/322
f 391/667/322 397/659/322 392/668/322
f 392/711/323 397/715/323 398/716/323
f 392/711/323 398/716/323 393/712/323
f 393/671/324 398/662/324 399/663/324
f 393/671/324 399/663/324 394/672/324
f 394/713/325 399/717/325 400/718/325
f 394/713/325 400/718/325 395/714/325
f 395/675/326 400/666/326 396/658/326
f 395/675/326 396/658/326 391/667/326
f 396/658/327 401/645/327 402/646/327
f 396/658/327 402/646/327 397/659/327
f 397/715/328 402/719/328 403/720/328
f 397/715/328 403/720/328 398/716/328
f 398/662/329 403/651/329 404/652/329
f 398/662/329 404/652/329 399/663/329
f 399/717/330 404/721/330 405/722/330
f 399/717/330 405/722/330 400/718/330
f 400/666/331 405/657/331 401/645/331
f 400/666/331 401/645/331 396/658/331
f 401/645/332 406/644/332 407/647/332
f 401/645/332 407/647/332 402/646/332
f 402/719/333 407/723/333 408/724/333
f 402/719/333 408/724/333 403/720/333
f 403/651/334 408/650/334 409/653/334
f 403/651/334 409/653/334 404/652/334
f 404/721/335 409/725/335 410/726/335
f 404/721/335 410/726/335 405/722/335
f 405/657/336 410/656/336 406/644/336
f 405/657/336 406/644/336 401/645/336
f 406/702/337 411/693/337 412/694/337
f 406/702/337 412/694/337 407/703/337
f 407/723/338 412/727/338 413/728/338
f 407/723/338 413/728/338 408/724/338
f 408/706/339 413/697/339 414/698/339
f 408/706/339 414/698/339 409/707/339
f 409/725/340 414/729/340 415/730/340
f 409/725/340 415/730/340 410/726/340
f 410/710/341 415/701/341 411/693/341
f 410/710/341 411/693/341 406/702/341
f 411/693/342 336/617/342 339/620/342
f 411/693/342 339/620/342 412/694/342
f 412/727/343 339/621/343 341/624/343
f 412/727/343 341/624/343 413/728/343
f 413/697/344 341/625/344 343/628/344
f 413/697/344 343/628/344 414/698/344
f 414/729/345 343/629/345 345/632/345
f 414/729/345 345/632/345 415/730/345
f 415/701/346 345/633/346 336/617/346
f 415/701/346 336/617/346 411/693/346
f 416/731/347 417/732/347 418/733/347
f 416/731/347 419/734/347 417/732/347
f 416/731/347 420/735/347 419/734/347
f 416/731/347 421/736/347 420/735/347
f 416/731/347 422/737/347 421/736/347
f 416/731/347 423/738/347 422/737/347
f 416/731/347 424/739/347 423/738/347
f 416/731/347 418/733/347 424/739/347
f 418/740/348 417/741/348 425/742/348
f 418/740/348 425/742/348 426/743/348
f 417/744/349 419/745/349 427/746/349
f 417/744/349 427/746/349 425/747/349
f 419/745/350 420/748/350 428/749/350
f 419/745/350 428/749/350 427/746/350
f 420/741/351 421/740/351 429/743/351
f 420/741/351 429/743/351 428/742/351
f 421/740/352 422/750/352 430/751/352
f 421/740/352 430/751/352 429/743/352
f 422/748/353 423/745/353 431/746/353
f 422/748/353 431/746/353 430/749/353
f 423/745/354 424/744/354 432/747/354
f 423/745/354 432/747/354 431/746/354
f 424/750/355 418/740/355 426/743/355
f 424/750/355 426/743/355 432/751/355
f 426/752/356 425/753/356 433/754/356
f 425/753/356 427/755/356 433/754/356
f 427/755/356 428/756/356 433/754/356
f 428/756/356 429/757/356 433/754/356
f 429/757/356 430/758/356 433/754/356
f 430/758/356 431/759/356 433/754/356
f 431/759/356 432/760/356 433/754/356
f 432/760/356 426/752/356 433/754/356
f 434/761/357 435/762/357 436/763/357
f 434/761/357 437/764/357 435/762/357
f 434/761/357 438/765/357 437/764/357
f 434/761/357 439/766/357 438/765/357
f 434/761/357 440/767/357 439/766/357
f 434/761/357 441/768/357 440/767/357
f 434/761/357 442/769/357 441/768/357
f 434/761/357 436/763/357 442/769/357
f 436/770/358 435/771/358 443/772/358
f 436/770/358 443/772/358 444/773/358
f 435/774/359 437/775/359 445/775/359
f 435/774/359 445/775/359 443/774/359
f 437/775/360 438/776/360 446/776/360
f 437/775/360 446/776/360 445/775/360
f 438/771/361 439/770/361 447/773/361
f 438/771/361 447/773/361 446/772/361
f 439/770/362 440/777/362 448/778/362
f 439/770/362 448/778/362 447/773/362
f 440/779/363 441/780/363 449/781/363
f 440/779/363 449/781/363 448/782/363
f 441/780/364 442/783/364 450/784/364
f 441/780/364 450/784/364 449/781/364
f 442/777/365 436/770/365 444/773/365
f 442/777/365 444/773/365 450/778/365
f 444/785/366 443/786/366 451/787/366
f 443/786/366 445/788/366 451/787/366
f 445/788/366 446/789/366 451/787/366
f 446/789/366 447/790/366 451/787/366
f 447/790/366 448/791/366 451/787/366
f 448/791/366 449/792/366 451/787/366
f 449/792/366 450/793/366 451/787/366
f 450/793/366 444/785/366 451/787/366
f 452/794/367 453/795/367 454/796/367
f 452/794/367 455/797/367 453/795/367
f 452/794/367 456/798/367 455/797/367
f 452/794/367 457/799/367 456/798/367
f 452/794/367 458/800/367 457/799/367
f 452/794/367 459/801/367 458/800/367
f 452/794/367 460/802/367 459/801/367
f 452/794/367 454/796/367 460/802/367
f 454/803/368 453/804/368 461/805/368
f 454/803/368 461/805/368 462/806/368
f 453/807/369 455/808/369 463/809/369
f 453/807/369 463/809/369 461/810/369
f 455/808/370 456/811/370 464/812/370
f 455/808/370 464/812/370 463/809/370
f 456/804/371 457/803/371 465/806/371
f 456/804/371 465/806/371 464/805/371
f 457/803/372 458/813/372 466/814/372
f 457/803/372 466/814/372 465/806/372
f 458/815/373 459/816/373 467/816/373
f 458/815/373 467/816/373 466/815/373
f 459/816/374 460/817/374 468/817/374
f 459/816/374 468/817/374 467/816/374
f 460/813/375 454/803/375 462/806/375
f 460/813/375 462/806/375 468/814/375
f 462/818/376 461/819/376 469/820/376
f 461/819/376 463/821/376 469/820/376
f 463/821/376 464/822/376 469/820/376
f 464/822/376 465/823/376 469/820/376
f 465/823/376 466/824/376 469/820/376
f 466/824/376 467/825/376 469/820/376
f 467/825/376 468/826/376 469/820/376
f 468/826/376 462/818/376 469/820/376
f 470/827/377 471/828/377 472/829/377
f 470/827/377 472/829/377 473/830/377
f 474/831/378 475/832/378 476/833/378
f 474/831/378 476/833/378 477/834/378
f 473/835/379 472/836/379 477/837/379
f 473/835/379 477/837/379 476/838/379
f 475/839/380 474/840/380 471/841/380
f 475/839/380 471/841/380 470/842/380
f 475/843/381 470/844/381 473/845/381
f 475/843/381 473/845/381 476/846/381
f 471/847/382 474/848/382 477/849/382
f 471/847/382 477/849/382 472/850/382
f 478/851/383 479/852/383 480/853/383
f 478/851/383 480/853/383 481/854/383
f 481/855/384 480/856/384 482/857/384
f 481/855/384 482/857/384 483/858/384
f 483/859/385 482/860/385 484/861/385
f 483/859/385 484/861/385 485/862/385
f 485/863/386 484/864/386 486/865/386
f 485/863/386 486/865/386 487/866/386
f 487/867/387 486/868/387 479/852/387
f 487/867/387 479/852/387 478/851/387
f 479/852/388 488/869/388 489/870/388
f 479/852/388 489/870/388 480/853/388
f 480/856/389 489/871/389 490/872/389
f 480/856/389 490/872/389 482/857/389
f 482/860/390 490/873/390 491/874/390
f 482/860/390 491/874/390 484/861/390
f 484/864/391 491/875/391 492/876/391
f 484/864/391 492/876/391 486/865/391
f 486/868/392 492/877/392 488/869/392
f 486/868/392 488/869/392 479/852/392
f 488/878/393 493/879/393 494/880/393
f 488/878/393 494/880/393 489/881/393
f 489/871/394 494/882/394 495/883/394
f 489/871/394 495/883/394 490/872/394
f 490/884/395 495/885/395 496/886/395
f 490/884/395 496/886/395 491/887/395
f 491/875/396 496/888/396 497/889/396
f 491/875/396 497/889/396 492/876/396
f 492/890/397 497/891/397 493/879/397
f 492/890/397 493/879/397 488/878/397
f 493/879/398 498/892/398 499/893/398
f 493/879/398 499/893/398 494/880/398
f 494/882/399 499/894/399 500/895/399
f 494/882/399 500/895/399 495/883/399
f 495/885/400 500/896/400 501/897/400
f 495/885/400 501/897/400 496/886/400
f 496/888/401 501/898/401 502/899/401
f 496/888/401 502/899/401 497/889/401
f 497/891/402 502/900/402 498/892/402
f 497/891/402 498/892/402 493/879/402
f 498/892/403 503/901/403 504/902/403
f 498/892/403 504/902/403 499/893/403
f 499/894/404 504/903/404 505/904/404
f 499/894/404 505/904/404 500/895/404
f 500/896/405 505/905/405 506/906/405
f 500/896/405 506/906/405 501/897/405
f 501/898/406 506/907/406 507/908/406
f 501/898/406 507/908/406 502/899/406
f 502/900/407 507/909/407 503/901/407
f 502/900/407 503/901/407 498/892/407
f 503/901/408 508/910/408 509/911/408
f 503/901/408 509/911/408 504/902/408
f 504/903/409 509/912/409 510/913/409
f 504/903/409 510/913/409 505/904/409
f 505/905/410 510/914/410 511/915/410
f 505/905/410 511/915/410 506/906/410
f 506/907/411 511/916/411 512/917/411
f 506/907/411 512/917/411 507/908/411
f 507/909/412 512/918/412 508/910/412
f 507/909/412 508/910/412 503/901/412
f 508/869/413 513/852/413 514/853/413
f 508/869/413 514/853/413 509/870/413
f 509/912/414 514/919/414 515/920/414
f 509/912/414 515/920/414 510/913/414
f 510/873/415 515/860/415 516/861/415
f 510/873/415 516/861/415 511/874/415
f 511/916/416 516/921/416 517/922/416
f 511/916/416 517/922/416 512/917/416
f 512/877/417 517/868/417 513/852/417
f 512/877/417 513/852/417 508/869/417
f 513/852/418 518/851/418 519/854/418
f 513/852/418 519/854/418 514/853/418
f 514/919/419 519/923/419 520/924/419
f 514/919/419 520/924/419 515/920/419
f 515/860/420 520/859/420 521/862/420
f 515/860/420 521/862/420 516/861/420
f 516/921/421 521/925/421 522/926/421
f 516/921/421 522/926/421 517/922/421
f 517/868/422 522/867/422 518/851/422
f 517/868/422 518/851/422 513/852/422
f 518/851/423 523/927/423 524/928/423
f 518/851/423 524/928/423 519/854/423
f 519/923/424 524/929/424 525/930/424
f 519/923/424 525/930/424 520/924/424
f 520/859/425 525/931/425 526/932/425
f 520/859/425 526/932/425 521/862/425
f 521/925/426 526/933/426 527/934/426
f 521/925/426 527/934/426 522/926/426
f 522/867/427 527/935/427 523/927/427
f 522/867/427 523/927/427 518/851/427
f 523/927/428 528/936/428 529/937/428
f 523/927/428 529/937/428 524/928/428
f 524/929/429 529/938/429 530/939/429
f 524/929/429 530/939/429 525/930/429
f 525/931/430 530/940/430 531/941/430
f 525/931/430 531/941/430 526/932/430
f 526/933/431 531/942/431 532/943/431
f 526/933/431 532/943/431 527/934/431
f 527/935/432 532/944/432 528/936/432
f 527/935/432 528/936/432 523/927/432
f 528/910/433 533/901/433 534/902/433
f 528/910/433 534/902/433 529/911/433
f 529/938/434 534/945/434 535/946/434
f 529/938/434 535/946/434 530/939/434
f 530/914/435 535/905/435 536/906/435
f 530/914/435 536/906/435 531/915/435
f 531/942/436 536/947/436 537/948/436
f 531/942/436 537/948/436 532/943/436
f 532/918/437 537/909/437 533/901/437
f 532/918/437 533/901/437 528/910/437
f 533/901/438 538/892/438 539/893/438
f 533/901/438 539/893/438 534/902/438
f 534/945/439 539/949/439 540/950/439
f 534/945/439 540/950/439 535/946/439
f 535/905/440 540/896/440 541/897/440
f 535/905/440 541/897/440 536/906/440
f 536/947/441 541/951/441 542/952/441
f 536/947/441 542/952/441 537/948/441
f 537/909/442 542/900/442 538/892/442
f 537/909/442 538/892/442 533/901/442
f 538/892/443 543/879/443 544/880/443
f 538/892/443 544/880/443 539/893/443
f 539/949/444 544/953/444 545/954/444
f 539/949/444 545/954/444 540/950/444
f 540/896/445 545/885/445 546/886/445
f 540/896/445 546/886/445 541/897/445
f 541/951/446 546/955/446 547/956/446
f 541/951/446 547/956/446 542/952/446
f 542/900/447 547/891/447 543/879/447
f 542/900/447 543/879/447 538/892/447
f 543/879/448 548/878/448 549/881/448
f 543/879/448 549/881/448 544/880/448
f 544/953/449 549/957/449 550/958/449
f 544/953/449 550/958/449 545/954/449
f 545/885/450 550/884/450 551/887/450
f 545/885/450 551/887/450 546/886/450
f 546/955/451 551/959/451 552/960/451
f 546/955/451 552/960/451 547/956/451
f 547/891/452 552/890/452 548/878/452
f 547/891/452 548/878/452 543/879/452
f 548/936/453 553/927/453 554/928/453
f 548/936/453 554/928/453 549/937/453
f 549/957/454 554/961/454 555/962/454
f 549/957/454 555/962/454 550/958/454
f 550/940/455 555/931/455 556/932/455
f 550/940/455 556/932/455 551/941/455
f 551/959/456 556/963/456 557/964/456
f 551/959/456 557/964/456 552/960/456
f 552/944/457 557/935/457 553/927/457
f 552/944/457 553/927/457 548/936/457
f 553/927/458 478/851/458 481/854/458
f 553/927/458 481/854/458 554/928/458
f 554/961/459 481/855/459 483/858/459
f 554/961/459 483/858/459 555/962/459
f 555/931/460 483/859/460 485/862/460
f 555/931/460 485/862/460 556/932/460
f 556/963/461 485/863/461 487/866/461
f 556/963/461 487/866/461 557/964/461
f 557/935/462 487/867/462 478/851/462
f 557/935/462 478/851/462 553/927/462
f 558/965/463 559/966/463 560/967/463
f 558/965/463 561/968/463 559/966/463
f 558/965/463 562/969/463 561/968/463
f 558/965/463 563/970/463 562/969/463
f 558/965/463 564/971/463 563/970/463
f 558/965/463 565/972/463 564/971/463
f 558/965/463 566/973/463 565/972/463
f 558/965/463 560/967/463 566/973/463
f 560/974/464 559/975/464 567/976/464
f 560/974/464 567/976/464 568/977/464
f 559/978/465 561/979/465 569/980/465
f 559/978/465 569/980/465 567/981/465
f 561/979/466 562/982/466 570/983/466
f 561/979/466 570/983/466 569/980/466
f 562/975/467 563/974/467 571/977/467
f 562/975/467 571/977/467 570/976/467
f 563/974/468 564/984/468 572/985/468
f 563/974/468 572/985/468 571/977/468
f 564/982/469 565/979/469 573/980/469
f 564/982/469 573/980/469 572/983/469
f 565/979/470 566/978/470 574/981/470
f 565/979/470 574/981/470 573/980/470
f 566/984/471 560/974/471 568/977/471
f 566/984/471 568/977/471 574/985/471
f 568/986/472 567/987/472 575/988/472
f 567/987/472 569/989/472 575/988/472
f 569/989/472 570/990/472 575/988/472
f 570/990/472 571/991/472 575/988/472
f 571/991/472 572/992/472 575/988/472
f 572/992/472 573/993/472 575/988/472
f 573/993/472 574/994/472 575/988/472
f 574/994/472 568/986/472 575/988/472
f 576/995/473 577/996/473 578/997/473
f 576/995/473 578/997/473 579/998/473
f 580/999/474 581/1000/474 582/1001/474
f 580/999/474 582/1001/474 583/1002/474
f 579/1003/475 578/1004/475 583/1005/475
f 579/1003/475 583/1005/475 582/1006/475
f 581/1007/476 580/1008/476 577/1009/476
f 581/1007/476 577/1009/476 576/1010/476
f 581/1011/477 576/1012/477 579/1013/477
f 581/1011/477 579/1013/477 582/1014/477
f 577/1015/478 580/1016/478 583/1017/478
f 577/1015/478 583/1017/478 578/1018/478
f 584/1019/479 585/1020/479 586/1021/479
f 584/1019/479 586/1021/479 587/1022/479
f 587/1023/480 586/1024/480 588/1025/480
f 587/1023/480 588/1025/480 589/1026/480
f 589/1027/481 588/1028/481 590/1029/481
f 589/1027/481 590/1029/481 591/1030/481
f 591/1031/482 590/1032/482 592/1033/482
f 591/1031/482 592/1033/482 593/1034/482
f 593/1035/483 592/1036/483 585/1020/483
f 593/1035/483 585/1020/483 584/1019/483
f 585/1020/484 594/1037/484 595/1038/484
f 585/1020/484 595/1038/484 586/1021/484
f 586/1024/485 595/1039/485 596/1040/485
f 586/1024/485 596/1040/485 588/1025/485
f 588/1028/486 596/1041/486 597/1042/486
f 588/1028/486 597/1042/486 590/1029/486
f 590/1032/487 597/1043/487 598/1044/487
f 590/1032/487 598/1044/487 592/1033/487
f 592/1036/488 598/1045/488 594/1037/488
f 592/1036/488 594/1037/488 585/1020/488
f 594/1046/489 599/1047/489 600/1048/489
f 594/1046/489 600/1048/489 595/1049/489
f 595/1039/490 600/1050/490 601/1051/490
f 595/1039/490 601/1051/490 596/1040/490
f 596/1052/491 601/1053/491 602/1054/491
f 596/1052/491 602/1054/491 597/1055/491
f 597/1043/492 602/1056/492 603/1057/492
f 597/1043/492 603/1057/492 598/1044/492
f 598/1058/493 603/1059/493 599/1047/493
f 598/1058/493 599/1047/493 594/1046/493
f 599/1047/494 604/1060/494 605/1061/494
f 599/1047/494 605/1061/494 600/1048/494
f 600/1050/495 605/1062/495 606/1063/495
f 600/1050/495 606/1063/495 601/1051/495
f 601/1053/496 606/1064/496 607/1065/496
f 601/1053/496 607/1065/496 602/1054/496
f 602/1056/497 607/1066/497 608/1067/497
f 602/1056/497 608/1067/497 603/1057/497
f 603/1059/498 608/1068/498 604/1060/498
f 603/1059/498 604/1060/498 599/1047/498
f 604/1060/499 609/1069/499 610/1070/499
f 604/1060/499 610/1070/499 605/1061/499
f 605/1062/500 610/1071/500 611/1072/500
f 605/1062/500 611/1072/500 606/1063/500
f 606/1064/501 611/1073/501 612/1074/501
f 606/1064/501 612/1074/501 607/1065/501
f 607/1066/502 612/1075/502 613/1076/502
f 607/1066/502 613/1076/502 608/1067/502
f 608/1068/503 613/1077/503 609/1069/503
f 608/1068/503 609/1069/503 604/1060/503
f 609/1069/504 614/1078/504 615/1079/504
f 609/1069/504 615/1079/504 610/1070/504
f 610/1071/505 615/1080/505 616/1081/505
f 610/1071/505 616/1081/505 611/1072/505
f 611/1073/506 616/1082/506 617/1083/506
f 611/1073/506 617/1083/506 612/1074/506
f 612/1075/507 617/1084/507 618/1085/507
f 612/1075/507 618/1085/507 613/1076/507
f 613/1077/508 618/1086/508 614/1078/508
f 613/1077/508 614/1078/508 609/1069/508
f 614/1037/509 619/1020/509 620/1021/509
f 614/1037/509 620/1021/509 615/1038/509
f 615/1080/510 620/1087/510 621/1088/510
f 615/1080/510 621/1088/510 616/1081/510
f 616/1041/511 621/1028/511 622/1029/511
f 616/1041/511 622/1029/511 617/1042/511
f 617/1084/512 622/1089/512 623/1090/512
f 617/1084/512 623/1090/512 618/1085/512
f 618/1045/513 623/1036/513 619/1020/513
f 618/1045/513 619/1020/513 614/1037/513
f 619/1020/514 624/1019/514 625/1022/514
f 619/1020/514 625/1022/514 620/1021/514
f 620/1087/515 625/1091/515 626/1092/515
f 620/1087/515 626/1092/515 621/1088/515
f 621/1028/516 626/1027/516 627/1030/516
f 621/1028/516 627/1030/516 622/1029/516
f 622/1089/517 627/1093/517 628/1094/517
f 622/1089/517 628/1094/517 623/1090/517
f 623/1036/518 628/1035/518 624/1019/518
f 623/1036/518 624/1019/518 619/1020/518
f 624/1019/519 629/1095/519 630/1096/519
f 624/1019/519 630/1096/519 625/1022/519
f 625/1091/520 630/1097/520 631/1098/520
f 625/1091/520 631/1098/520 626/1092/520
f 626/1027/521 631/1099/521 632/1100/521
f 626/1027/521 632/1100/521 627/1030/521
f 627/1093/522 632/1101/522 633/1102/522
f 627/1093/522 633/1102/522 628/1094/522
f 628/1035/523 633/1103/523 629/1095/523
f 628/1035/523 629/1095/523 624/1019/523
f 629/1095/524 634/1104/524 635/1105/524
f 629/1095/524 635/1105/524 630/1096/524
f 630/1097/525 635/1106/525 636/1107/525
f 630/1097/525 636/1107/525 631/1098/525
f 631/1099/526 636/1108/526 637/1109/526
f 631/1099/526 637/1109/526 632/1100/526
f 632/1101/527 637/1110/527 638/1111/527
f 632/1101/527 638/1111/527 633/1102/527
f 633/1103/528 638/1112/528 634/1104/528
f 633/1103/528 634/1104/528 629/1095/528
f 634/1078/529 639/1069/529 640/1070/529
f 634/1078/529 640/1070/529 635/1079/529
f 635/1106/530 640/1113/530 641/1114/530
f 635/1106/530 641/1114/530 636/1107/530
f 636/1082/531 641/1073/531 642/1074/531
f 636/1082/531 642/1074/531 637/1083/531
f 637/1110/532 642/1115/532 643/1116/532
f 637/1110/532 643/1116/532 638/1111/532
f 638/1086/533 643/1077/533 639/1069/533
f 638/1086/533 639/1069/533 634/1078/533
f 639/1069/534 644/1060/534 645/1061/534
f 639/1069/534 645/1061/534 640/1070/534
f 640/1113/535 645/1117/535 646/1118/535
f 640/1113/535 646/1118/535 641/1114/535
f 641/1073/536 646/1064/536 647/1065/536
f 641/1073/536 647/1065/536 642/1074/536
f 642/1115/537 647/1119/537 648/1120/537
f 642/1115/537 648/1120/537 643/1116/537
f 643/1077/538 648/1068/538 644/1060/538
f 643/1077/538 644/1060/538 639/1069/538
f 644/1060/539 649/1047/539 650/1048/539
f 644/1060/539 650/1048/539 645/1061/539
f 645/1117/540 650/1121/540 651/1122/540
f 645/1117/540 651/1122/540 646/1118/540
f 646/1064/541 651/1053/541 652/1054/541
f 646/1064/541 652/1054/541 647/1065/541
f 647/1119/542 652/1123/542 653/1124/542
f 647/1119/542 653/1124/542 648/1120/542
f 648/1068/543 653/1059/543 649/1047/543
f 648/1068/543 649/1047/543 644/1060/543
f 649/1047/544 654/1046/544 655/1049/544
f 649/1047/544 655/1049/544 650/1048/544
f 650/1121/545 655/1125/545 656/1126/545
f 650/1121/545 656/1126/545 651/1122/545
f 651/1053/546 656/1052/546 657/1055/546
f 651/1053/546 657/1055/546 652/1054/546
f 652/1123/547 657/1127/547 658/1128/547
f 652/1123/547 658/1128/547 653/1124/547
f 653/1059/548 658/1058/548 654/1046/548
f 653/1059/548 654/1046/548 649/1047/548
f 654/1104/549 659/1095/549 660/1096/549
f 654/1104/549 660/1096/549 655/1105/549
f 655/1125/550 660/1129/550 661/1130/550
f 655/1125/550 661/1130/550 656/1126/550
f 656/1108/551 661/1099/551 662/1100/551
f 656/1108/551 662/1100/551 657/1109/551
f 657/1127/552 662/1131/552 663/1132/552
f 657/1127/552 663/1132/552 658/1128/552
f 658/1112/553 663/1103/553 659/1095/553
f 658/1112/553 659/1095/553 654/1104/553
f 659/1095/554 584/1019/554 587/1022/554
f 659/1095/554 587/1022/554 660/1096/554
f 660/1129/555 587/1023/555 589/1026/555
f 660/1129/555 589/1026/555 661/1130/555
f 661/1099/556 589/1027/556 591/1030/556
f 661/1099/556 591/1030/556 662/1100/556
f 662/1131/557 591/1031/557 593/1034/557
f 662/1131/557 593/1034/557 663/1132/557
f 663/1103/558 593/1035/558 584/1019/558
f 663/1103/558 584/1019/558 659/1095/558
f 664/1133/559 665/1134/559 666/1135/559
f 664/1133/559 667/1136/559 665/1134/559
f 664/1133/559 668/1137/559 667/1136/559
f 664/1133/559 669/1138/559 668/1137/559
f 664/1133/559 670/1139/559 669/1138/559
f 664/1133/559 671/1140/559 670/1139/559
f 664/1133/559 672/1141/559 671/1140/559
f 664/1133/559 666/1135/559 672/1141/559
f 666/1142/560 665/1143/560 673/1144/560
f 666/1142/560 673/1144/560 674/1145/560
f 665/1146/561 667/1147/561 675/1148/561
f 665/1146/561 675/1148/561 673/1149/561
f 667/1147/562 668/1150/562 676/1151/562
f 667/1147/562 676/1151/562 675/1148/562
f 668/1143/563 669/1142/563 677/1145/563
f 668/1143/563 677/1145/563 676/1144/563
f 669/1142/564 670/1152/564 678/1153/564
f 669/1142/564 678/1153/564 677/1145/564
f 670/1150/565 671/1147/565 679/1148/565
f 670/1150/565 679/1148/565 678/1151/565
f 671/1147/566 672/1146/566 680/1149/566
f 671/1147/566 680/1149/566 679/1148/566
f 672/1152/567 666/1142/567 674/1145/567
f 672/1152/567 674/1145/567 680/1153/567
f 674/1154/568 673/1155/568 681/1156/568
f 673/1155/568 675/1157/568 681/1156/568
f 675/1157/568 676/1158/568 681/1156/568
f 676/1158/568 677/1159/568 681/1156/568
f 677/1159/568 678/1160/568 681/1156/568
f 678/1160/568 679/1161/568 681/1156/568
f 679/1161/568 680/1162/568 681/1156/568
f 680/1162/568 674/1154/568 681/1156/568
