# Bloom carrier, from tools/gen_fleet.py
# Generated by tools. Edit the generator script.
v -0.023669 0.178036 0.325975
v 0.112631 0.216222 1.080720
v -0.023669 0.216222 1.163678
v 0.221935 0.216222 0.848274
v 0.282594 0.216222 0.512381
v 0.282594 0.216222 0.139568
v 0.221935 0.216222 -0.196325
v 0.112631 0.216222 -0.428771
v -0.023669 0.216222 -0.511729
v -0.159968 0.216222 -0.428771
v -0.269272 0.216222 -0.196325
v -0.329931 0.216222 0.139568
v -0.329931 0.216222 0.512381
v -0.269272 0.216222 0.848274
v -0.159968 0.216222 1.080720
v 0.228181 0.324967 1.720561
v -0.023669 0.324967 1.873849
v 0.430148 0.324967 1.291059
v 0.542231 0.324967 0.670409
v 0.542231 0.324967 -0.018460
v 0.430148 0.324967 -0.639110
v 0.228181 0.324967 -1.068612
v -0.023669 0.324967 -1.221900
v -0.275518 0.324967 -1.068612
v -0.477485 0.324967 -0.639110
v -0.589568 0.324967 -0.018460
v -0.589568 0.324967 0.670409
v -0.477485 0.324967 1.291059
v -0.275518 0.324967 1.720561
v 0.305388 0.487714 2.148090
v -0.023669 0.487714 2.348370
v 0.569271 0.487714 1.586918
v 0.715715 0.487714 0.776000
v 0.715715 0.487714 -0.124051
v 0.569271 0.487714 -0.934969
v 0.305388 0.487714 -1.496141
v -0.023669 0.487714 -1.696421
v -0.352725 0.487714 -1.496141
v -0.616608 0.487714 -0.934969
v -0.763052 0.487714 -0.124051
v -0.763052 0.487714 0.776000
v -0.616608 0.487714 1.586918
v -0.352725 0.487714 2.148090
v 0.332500 0.679688 2.298218
v -0.023669 0.679688 2.515000
v 0.618125 0.679688 1.690810
v 0.776635 0.679688 0.813079
v 0.776635 0.679688 -0.161129
v 0.618125 0.679688 -1.038861
v 0.332500 0.679688 -1.646269
v -0.023669 0.679688 -1.863051
v -0.379837 0.679688 -1.646269
v -0.665462 0.679688 -1.038861
v -0.823972 0.679688 -0.161129
v -0.823972 0.679688 0.813079
v -0.665462 0.679688 1.690810
v -0.379837 0.679688 2.298218
v 0.305388 0.871662 2.148090
v -0.023669 0.871662 2.348370
v 0.569271 0.871662 1.586918
v 0.715715 0.871662 0.776000
v 0.715715 0.871662 -0.124051
v 0.569271 0.871662 -0.934969
v 0.305388 0.871662 -1.496141
v -0.023669 0.871662 -1.696421
v -0.352725 0.871662 -1.496141
v -0.616608 0.871662 -0.934969
v -0.763052 0.871662 -0.124051
v -0.763052 0.871662 0.776000
v -0.616608 0.871662 1.586918
v -0.352725 0.871662 2.148090
v 0.228181 1.034409 1.720561
v -0.023669 1.034409 1.873849
v 0.430148 1.034409 1.291059
v 0.542231 1.034409 0.670409
v 0.542231 1.034409 -0.018460
v 0.430148 1.034409 -0.639110
v 0.228181 1.034409 -1.068612
v -0.023669 1.034409 -1.221900
v -0.275518 1.034409 -1.068612
v -0.477485 1.034409 -0.639110
v -0.589568 1.034409 -0.018460
v -0.589568 1.034409 0.670409
v -0.477485 1.034409 1.291059
v -0.275518 1.034409 1.720561
v 0.112631 1.143154 1.080720
v -0.023669 1.143154 1.163678
v 0.221935 1.143154 0.848274
v 0.282594 1.143154 0.512381
v 0.282594 1.143154 0.139568
v 0.221935 1.143154 -0.196325
v 0.112631 1.143154 -0.428771
v -0.023669 1.143154 -0.511729
v -0.159968 1.143154 -0.428771
v -0.269272 1.143154 -0.196325
v -0.329931 1.143154 0.139568
v -0.329931 1.143154 0.512381
v -0.269272 1.143154 0.848274
v -0.159968 1.143154 1.080720
v -0.023669 1.181340 0.325975
v -0.063306 0.656297 -0.035443
v 0.090944 0.737286 0.227349
v -0.064572 0.737286 0.288636
v 0.187542 0.737286 0.065685
v 0.188325 0.737286 -0.134607
v 0.092993 0.737286 -0.297021
v -0.062039 0.737286 -0.359522
v -0.217555 0.737286 -0.298235
v -0.314153 0.737286 -0.136571
v -0.314936 0.737286 0.063721
v -0.219604 0.737286 0.226135
v 0.186276 0.949318 0.389763
v -0.065355 0.949318 0.488927
v 0.342574 0.949318 0.128185
v 0.343841 0.949318 -0.195894
v 0.189591 0.949318 -0.458686
v -0.061256 0.949318 -0.559813
v -0.312887 0.949318 -0.460649
v -0.469185 0.949318 -0.199071
v -0.470452 0.949318 0.125008
v -0.316202 0.949318 0.387800
v 0.186276 1.211404 0.389763
v -0.065355 1.211404 0.488927
v 0.342574 1.211404 0.128185
v 0.343841 1.211404 -0.195894
v 0.189591 1.211404 -0.458686
v -0.061256 1.211404 -0.559813
v -0.312887 1.211404 -0.460649
v -0.469185 1.211404 -0.199071
v -0.470452 1.211404 0.125008
v -0.316202 1.211404 0.387800
v 0.090944 1.423436 0.227349
v -0.064572 1.423436 0.288636
v 0.187542 1.423436 0.065685
v 0.188325 1.423436 -0.134607
v 0.092993 1.423436 -0.297021
v -0.062039 1.423436 -0.359522
v -0.217555 1.423436 -0.298235
v -0.314153 1.423436 -0.136571
v -0.314936 1.423436 0.063721
v -0.219604 1.423436 0.226135
v -0.063306 1.504425 -0.035443
v -0.022350 0.699529 -0.051520
v -0.051195 0.701211 -0.017169
v -0.055700 0.668907 -0.027960
v -0.035304 0.667718 -0.052250
v -0.095402 0.700840 -0.024945
v -0.086959 0.668645 -0.033459
v -0.110763 0.698786 -0.067072
v -0.097821 0.667193 -0.063247
v -0.081918 0.697104 -0.101422
v -0.077425 0.666004 -0.087537
v -0.037711 0.697475 -0.093646
v -0.046166 0.666266 -0.082038
v -0.066565 0.654324 -0.057108
v -0.194174 1.427374 -0.261874
v -0.268486 1.434069 -0.271825
v -0.260764 1.466092 -0.224560
v -0.208217 1.461358 -0.217523
v -0.316027 1.400739 -0.223920
v -0.294381 1.442524 -0.190686
v -0.289258 1.360712 -0.166064
v -0.275452 1.414221 -0.149775
v -0.214947 1.354017 -0.156113
v -0.222906 1.409486 -0.142739
v -0.167405 1.387347 -0.204018
v -0.189288 1.433055 -0.176613
v -0.241884 1.455910 -0.171091
v -0.367221 1.368414 0.135528
v -0.400538 1.317512 0.176648
v -0.379219 1.351123 0.216325
v -0.355660 1.387116 0.187248
v -0.360528 1.269754 0.215508
v -0.350928 1.317353 0.243803
v -0.287201 1.272896 0.213248
v -0.299078 1.319575 0.242205
v -0.253885 1.323797 0.172128
v -0.275519 1.355567 0.213128
v -0.293895 1.371556 0.133268
v -0.303811 1.389338 0.185650
v -0.327434 1.366886 0.231435
v 0.549279 0.369736 0.590189
v 0.672678 0.472676 1.013594
v 0.448721 0.472676 1.059295
v 0.849500 0.472676 0.806167
v 0.911648 0.472676 0.516243
v 0.835384 0.472676 0.254564
v 0.649837 0.472676 0.121082
v 0.425881 0.472676 0.166783
v 0.249059 0.472676 0.374210
v 0.186911 0.472676 0.664134
v 0.263175 0.472676 0.925813
v 0.748942 0.742176 1.275274
v 0.386573 0.742176 1.349219
v 1.035046 0.742176 0.939649
v 1.135604 0.742176 0.470542
v 1.012206 0.742176 0.047136
v 0.711985 0.742176 -0.168842
v 0.349616 0.742176 -0.094897
v 0.063512 0.742176 0.240728
v -0.037046 0.742176 0.709835
v 0.086353 0.742176 1.133241
v 0.748942 1.075297 1.275274
v 0.386573 1.075297 1.349219
v 1.035046 1.075297 0.939649
v 1.135604 1.075297 0.470542
v 1.012206 1.075297 0.047136
v 0.711985 1.075297 -0.168842
v 0.349616 1.075297 -0.094897
v 0.063512 1.075297 0.240728
v -0.037046 1.075297 0.709835
v 0.086353 1.075297 1.133241
v 0.672678 1.344797 1.013594
v 0.448721 1.344797 1.059295
v 0.849500 1.344797 0.806167
v 0.911648 1.344797 0.516243
v 0.835384 1.344797 0.254564
v 0.649837 1.344797 0.121082
v 0.425881 1.344797 0.166783
v 0.249059 1.344797 0.374210
v 0.186911 1.344797 0.664134
v 0.263175 1.344797 0.925813
v 0.549279 1.447737 0.590189
v 0.693126 0.424393 0.468514
v 0.686544 0.437017 0.536004
v 0.668222 0.387589 0.533139
v 0.672876 0.378663 0.485416
v 0.623835 0.444559 0.563725
v 0.623880 0.392922 0.552740
v 0.567709 0.439476 0.523954
v 0.584193 0.389329 0.524619
v 0.574291 0.426852 0.456464
v 0.588848 0.380402 0.476896
v 0.637000 0.419310 0.428744
v 0.633189 0.375069 0.457295
v 0.627755 0.364139 0.508656
v 0.881930 1.153895 0.080621
v 0.876904 1.213025 0.040103
v 0.850822 1.229274 0.085714
v 0.854376 1.187463 0.114364
v 0.813284 1.232866 0.013232
v 0.805835 1.243303 0.066713
v 0.754688 1.193576 0.026878
v 0.764402 1.215521 0.076362
v 0.759714 1.134445 0.067395
v 0.767956 1.173710 0.105012
v 0.823335 1.114605 0.094267
v 0.812942 1.159680 0.124013
v 0.805694 1.212989 0.112600
v 0.508767 1.367382 0.307953
v 0.455039 1.375989 0.277010
v 0.451048 1.408866 0.311629
v 0.489039 1.402780 0.333509
v 0.400759 1.359197 0.303275
v 0.412666 1.396992 0.330201
v 0.400206 1.333797 0.360483
v 0.412275 1.379031 0.370653
v 0.453933 1.325190 0.391426
v 0.450266 1.372945 0.392533
v 0.508214 1.341983 0.365161
v 0.488648 1.384819 0.373961
v 0.449071 1.407605 0.359480
v 0.664007 0.374025 0.961771
v 0.684142 0.419423 1.165647
v 0.559981 0.419423 1.137434
v 0.800613 0.419423 1.115987
v 0.864905 0.419423 1.007421
v 0.852460 0.419423 0.881419
v 0.768033 0.419423 0.786108
v 0.643872 0.419423 0.757894
v 0.527401 0.419423 0.807555
v 0.463110 0.419423 0.916120
v 0.475554 0.419423 1.042123
v 0.696587 0.538276 1.291650
v 0.495689 0.538276 1.246000
v 0.885040 0.538276 1.211298
v 0.989066 0.538276 1.035635
v 0.968931 0.538276 0.831758
v 0.832325 0.538276 0.677542
v 0.631428 0.538276 0.631892
v 0.442975 0.538276 0.712244
v 0.338948 0.538276 0.887907
v 0.359084 0.538276 1.091783
v 0.696587 0.685187 1.291650
v 0.495689 0.685187 1.246000
v 0.885040 0.685187 1.211298
v 0.989066 0.685187 1.035635
v 0.968931 0.685187 0.831758
v 0.832325 0.685187 0.677542
v 0.631428 0.685187 0.631892
v 0.442975 0.685187 0.712244
v 0.338948 0.685187 0.887907
v 0.359084 0.685187 1.091783
v 0.684142 0.804041 1.165647
v 0.559981 0.804041 1.137434
v 0.800613 0.804041 1.115987
v 0.864905 0.804041 1.007421
v 0.852460 0.804041 0.881419
v 0.768033 0.804041 0.786108
v 0.643872 0.804041 0.757894
v 0.527401 0.804041 0.807555
v 0.463110 0.804041 0.916120
v 0.475554 0.804041 1.042123
v 0.664007 0.849439 0.961771
v 0.618495 0.429332 1.116350
v 0.680455 0.406559 1.122434
v 0.657842 0.383794 1.161737
v 0.614030 0.399896 1.157435
v 0.718548 0.427127 1.172638
v 0.684778 0.398338 1.197237
v 0.694682 0.470467 1.216760
v 0.667902 0.428983 1.228436
v 0.632721 0.493239 1.210677
v 0.624090 0.445086 1.224134
v 0.594628 0.472671 1.160472
v 0.597153 0.430542 1.188634
v 0.634495 0.399752 1.203863
v 0.822137 0.399928 0.914873
v 0.800903 0.419888 0.963090
v 0.783797 0.380314 0.962297
v 0.798811 0.366201 0.928203
v 0.745972 0.431812 0.966877
v 0.744954 0.388746 0.964975
v 0.712273 0.423777 0.922449
v 0.721125 0.383064 0.933560
v 0.733507 0.403818 0.874232
v 0.736140 0.368951 0.899465
v 0.788439 0.391893 0.870444
v 0.774983 0.360519 0.896787
v 0.756971 0.359216 0.935943
v 0.389818 0.634461 0.818780
v 0.341532 0.599856 0.781362
v 0.333306 0.579267 0.830309
v 0.367449 0.603737 0.856768
v 0.349521 0.531280 0.768607
v 0.338955 0.530777 0.821290
v 0.405796 0.497309 0.793271
v 0.378747 0.506756 0.838730
v 0.454082 0.531914 0.830689
v 0.412891 0.531225 0.865189
v 0.446093 0.600490 0.843443
v 0.407242 0.579716 0.874208
v 0.362864 0.550839 0.865032
v -0.671729 0.025852 -0.486154
v -0.491518 0.122317 -0.040325
v -0.705458 0.122317 0.048748
v -0.346413 0.122317 -0.299690
v -0.325567 0.122317 -0.630278
v -0.436944 0.122317 -0.905815
v -0.638000 0.122317 -1.021056
v -0.851940 0.122317 -0.931983
v -0.997046 0.122317 -0.672619
v -1.017891 0.122317 -0.342031
v -0.906515 0.122317 -0.066494
v -0.380142 0.374866 0.235212
v -0.726304 0.374866 0.379335
v -0.145357 0.374866 -0.184449
v -0.111628 0.374866 -0.719351
v -0.291839 0.374866 -1.165180
v -0.617155 0.374866 -1.351644
v -0.963317 0.374866 -1.207521
v -1.198102 0.374866 -0.787860
v -1.231831 0.374866 -0.252958
v -1.051620 0.374866 0.192871
v -0.380142 0.687034 0.235212
v -0.726304 0.687034 0.379335
v -0.145357 0.687034 -0.184449
v -0.111628 0.687034 -0.719351
v -0.291839 0.687034 -1.165180
v -0.617155 0.687034 -1.351644
v -0.963317 0.687034 -1.207521
v -1.198102 0.687034 -0.787860
v -1.231831 0.687034 -0.252958
v -1.051620 0.687034 0.192871
v -0.491518 0.939583 -0.040325
v -0.705458 0.939583 0.048748
v -0.346413 0.939583 -0.299690
v -0.325567 0.939583 -0.630278
v -0.436944 0.939583 -0.905815
v -0.638000 0.939583 -1.021056
v -0.851940 0.939583 -0.931983
v -0.997046 0.939583 -0.672619
v -1.017891 0.939583 -0.342031
v -0.906515 0.939583 -0.066494
v -0.671729 1.036048 -0.486154
v -0.166616 0.652044 -0.663223
v -0.117518 0.701201 -0.681868
v -0.140931 0.725641 -0.638442
v -0.175649 0.690882 -0.625258
v -0.138358 0.763673 -0.710811
v -0.155667 0.769815 -0.658908
v -0.208296 0.776987 -0.721110
v -0.205121 0.779230 -0.666190
v -0.257395 0.727830 -0.702465
v -0.239839 0.744470 -0.653006
v -0.236555 0.665358 -0.673522
v -0.225103 0.700296 -0.632540
v -0.191598 0.743564 -0.626487
v -0.389212 0.106343 -0.673262
v -0.353475 0.130942 -0.627333
v -0.373297 0.093239 -0.604445
v -0.398566 0.075845 -0.636922
v -0.380696 0.159652 -0.578075
v -0.392545 0.113540 -0.569614
v -0.443654 0.163763 -0.574745
v -0.437063 0.116447 -0.567259
v -0.479391 0.139164 -0.620674
v -0.462333 0.099053 -0.599736
v -0.452170 0.110454 -0.669932
v -0.443084 0.078752 -0.634567
v -0.418387 0.080030 -0.593014
v -0.992626 0.917292 -0.576861
v -1.031806 0.906005 -0.564612
v -1.023018 0.925606 -0.540110
v -0.995313 0.933587 -0.548772
v -1.037040 0.880136 -0.531207
v -1.026719 0.907314 -0.516489
v -1.003095 0.865555 -0.510050
v -1.002716 0.897003 -0.501529
v -0.963915 0.876842 -0.522299
v -0.975011 0.904985 -0.510191
v -0.958680 0.902711 -0.555705
v -0.971310 0.923276 -0.533812
v -0.999493 0.925183 -0.517568
v 0.578972 0.321665 0.809820
v 0.559844 0.428673 1.263624
v 0.330356 0.428673 1.241051
v 0.796638 0.428673 1.112860
v 0.950291 0.428673 0.846345
v 0.962112 0.428673 0.565878
v 0.827587 0.428673 0.378589
v 0.598099 0.428673 0.356015
v 0.361305 0.428673 0.506779
v 0.207652 0.428673 0.773295
v 0.195831 0.428673 1.053761
v 0.548022 0.708822 1.544091
v 0.176703 0.708822 1.507566
v 0.931163 0.708822 1.300149
v 1.179779 0.708822 0.868918
v 1.198907 0.708822 0.415114
v 0.981240 0.708822 0.112073
v 0.609921 0.708822 0.075549
v 0.226780 0.708822 0.319490
v -0.021836 0.708822 0.750721
v -0.040963 0.708822 1.204526
v 0.548022 1.055107 1.544091
v 0.176703 1.055107 1.507566
v 0.931163 1.055107 1.300149
v 1.179779 1.055107 0.868918
v 1.198907 1.055107 0.415114
v 0.981240 1.055107 0.112073
v 0.609921 1.055107 0.075549
v 0.226780 1.055107 0.319490
v -0.021836 1.055107 0.750721
v -0.040963 1.055107 1.204526
v 0.559844 1.335257 1.263624
v 0.330356 1.335257 1.241051
v 0.796638 1.335257 1.112860
v 0.950291 1.335257 0.846345
v 0.962112 1.335257 0.565878
v 0.827587 1.335257 0.378589
v 0.598099 1.335257 0.356015
v 0.361305 1.335257 0.506779
v 0.207652 1.335257 0.773295
v 0.195831 1.335257 1.053761
v 0.578972 1.442264 0.809820
v 0.214188 0.480656 0.881351
v 0.211899 0.461945 0.847601
v 0.214071 0.439285 0.866501
v 0.215689 0.452516 0.890366
v 0.242863 0.443545 0.833563
v 0.235965 0.426275 0.856575
v 0.276116 0.443857 0.853275
v 0.259479 0.426495 0.870513
v 0.278404 0.462568 0.887024
v 0.261097 0.439726 0.894377
v 0.247440 0.480968 0.901062
v 0.239202 0.452736 0.904304
v 0.234449 0.430082 0.885877
v 1.216193 0.849519 0.605444
v 1.231831 0.899509 0.613568
v 1.199871 0.897232 0.638451
v 1.188814 0.861884 0.632706
v 1.202258 0.939748 0.595800
v 1.178960 0.925686 0.625887
v 1.157046 0.929998 0.569909
v 1.146991 0.918791 0.607579
v 1.141409 0.880008 0.561785
v 1.135933 0.883443 0.601835
v 1.170982 0.839769 0.579553
v 1.156845 0.854990 0.614398
v 1.160149 0.890578 0.633591
v 0.419309 0.398729 0.843217
v 0.408370 0.389415 0.782846
v 0.421115 0.345781 0.796610
v 0.428851 0.352366 0.839298
v 0.455541 0.378065 0.744155
v 0.454471 0.337755 0.769251
v 0.513652 0.376028 0.765834
v 0.495561 0.336314 0.784580
v 0.524592 0.385341 0.826204
v 0.503297 0.342900 0.827269
v 0.477420 0.396692 0.864896
v 0.469942 0.350926 0.854628
v 0.460436 0.326513 0.815010
v 0.571080 0.000000 0.662950
v 0.659487 0.089729 1.149806
v 0.429247 0.089729 1.198196
v 0.855958 0.089729 0.915453
v 0.943615 0.089729 0.584652
v 0.888977 0.089729 0.283759
v 0.712912 0.089729 0.127704
v 0.482673 0.089729 0.176094
v 0.286201 0.089729 0.410447
v 0.198544 0.089729 0.741247
v 0.253183 0.089729 1.042141
v 0.714125 0.324642 1.450699
v 0.341589 0.324642 1.528996
v 1.032022 0.324642 1.071508
v 1.173855 0.324642 0.536262
v 1.085448 0.324642 0.049406
v 0.800570 0.324642 -0.203097
v 0.428034 0.324642 -0.124799
v 0.110137 0.324642 0.254392
v -0.031696 0.324642 0.789638
v 0.056711 0.324642 1.276493
v 0.714125 0.615011 1.450699
v 0.341589 0.615011 1.528996
v 1.032022 0.615011 1.071508
v 1.173855 0.615011 0.536262
v 1.085448 0.615011 0.049406
v 0.800570 0.615011 -0.203097
v 0.428034 0.615011 -0.124799
v 0.110137 0.615011 0.254392
v -0.031696 0.615011 0.789638
v 0.056711 0.615011 1.276493
v 0.659487 0.849924 1.149806
v 0.429247 0.849924 1.198196
v 0.855958 0.849924 0.915453
v 0.943615 0.849924 0.584652
v 0.888977 0.849924 0.283759
v 0.712912 0.849924 0.127704
v 0.482673 0.849924 0.176094
v 0.286201 0.849924 0.410447
v 0.198544 0.849924 0.741247
v 0.253183 0.849924 1.042141
v 0.571080 0.939653 0.662950
v 0.510105 0.092636 1.037477
v 0.561418 0.074049 1.017309
v 0.555389 0.046597 1.051851
v 0.519105 0.059740 1.066112
v 0.609953 0.083799 1.047882
v 0.589708 0.053491 1.073469
v 0.607173 0.112135 1.098622
v 0.587743 0.073529 1.109348
v 0.555860 0.130722 1.118790
v 0.551459 0.086672 1.123609
v 0.507326 0.120973 1.088218
v 0.517140 0.079777 1.101991
v 0.551264 0.051826 1.095882
v 0.895464 0.195704 0.090675
v 0.881683 0.224803 0.111234
v 0.869482 0.202020 0.124906
v 0.879226 0.181444 0.110368
v 0.844653 0.233916 0.109004
v 0.843297 0.208464 0.123329
v 0.821402 0.213931 0.086215
v 0.826857 0.194333 0.107215
v 0.835183 0.184833 0.065656
v 0.836601 0.173757 0.092677
v 0.872214 0.175720 0.067885
v 0.862786 0.167313 0.094254
v 0.850808 0.180876 0.117219
v 0.736493 0.047334 0.580846
v 0.757564 0.057058 0.628089
v 0.740032 0.021388 0.634662
v 0.725132 0.014512 0.601256
v 0.726418 0.068520 0.668943
v 0.718008 0.029493 0.663550
v 0.674201 0.070258 0.662553
v 0.681085 0.030722 0.659032
v 0.653129 0.060534 0.615310
v 0.666186 0.023846 0.625626
v 0.684276 0.049072 0.574456
v 0.688209 0.015741 0.596738
v 0.702182 0.007631 0.633642
v -0.682925 0.145234 1.261236
v -0.665511 0.222200 1.484941
v -0.797621 0.222200 1.458579
v -0.540052 0.222200 1.425856
v -0.469166 0.222200 1.303892
v -0.479928 0.222200 1.165635
v -0.568228 0.222200 1.063894
v -0.700338 0.222200 1.037532
v -0.825797 0.222200 1.096617
v -0.896683 0.222200 1.218581
v -0.885921 0.222200 1.356838
v -0.654749 0.423697 1.623199
v -0.868507 0.423697 1.580543
v -0.451752 0.423697 1.527597
v -0.337056 0.423697 1.330255
v -0.354470 0.423697 1.106550
v -0.497342 0.423697 0.941930
v -0.711101 0.423697 0.899274
v -0.914097 0.423697 0.994876
v -1.028793 0.423697 1.192218
v -1.011380 0.423697 1.415923
v -0.654749 0.672762 1.623199
v -0.868507 0.672762 1.580543
v -0.451752 0.672762 1.527597
v -0.337056 0.672762 1.330255
v -0.354470 0.672762 1.106550
v -0.497342 0.672762 0.941930
v -0.711101 0.672762 0.899274
v -0.914097 0.672762 0.994876
v -1.028793 0.672762 1.192218
v -1.011380 0.672762 1.415923
v -0.665511 0.874259 1.484941
v -0.797621 0.874259 1.458579
v -0.540052 0.874259 1.425856
v -0.469166 0.874259 1.303892
v -0.479928 0.874259 1.165635
v -0.568228 0.874259 1.063894
v -0.700338 0.874259 1.037532
v -0.825797 0.874259 1.096617
v -0.896683 0.874259 1.218581
v -0.885921 0.874259 1.356838
v -0.682925 0.951225 1.261236
v -0.725005 0.567089 0.941458
v -0.757787 0.578699 0.922703
v -0.769462 0.566803 0.947936
v -0.746282 0.558593 0.961198
v -0.782509 0.551805 0.907645
v -0.786943 0.547786 0.937288
v -0.774449 0.513301 0.911343
v -0.781244 0.520559 0.939903
v -0.741668 0.501691 0.930098
v -0.758064 0.512350 0.953165
v -0.716946 0.528585 0.945156
v -0.740583 0.531366 0.963812
v -0.769577 0.539320 0.960553
v -1.021671 0.697638 1.313052
v -1.042976 0.649222 1.318935
v -1.047278 0.664254 1.356549
v -1.032213 0.698489 1.352390
v -1.017585 0.612283 1.347628
v -1.029323 0.638133 1.376839
v -0.970888 0.623759 1.370439
v -0.996304 0.646248 1.392969
v -0.949583 0.672175 1.364557
v -0.981239 0.680483 1.388809
v -0.974975 0.709114 1.335863
v -0.999194 0.706604 1.368519
v -1.021705 0.677202 1.385492
v -0.938884 0.820959 1.199286
v -0.980076 0.788423 1.207534
v -0.981609 0.811544 1.240955
v -0.952482 0.834551 1.235123
v -0.977515 0.751444 1.245605
v -0.979798 0.785396 1.267875
v -0.933763 0.747002 1.275428
v -0.948861 0.782255 1.288964
v -0.892572 0.779539 1.267181
v -0.919734 0.805262 1.283132
v -0.895132 0.816517 1.229109
v -0.921545 0.831410 1.256211
v -0.956614 0.818519 1.272269
v -0.645621 0.494910 0.004241
v -0.667862 0.564942 0.338249
v -0.827734 0.564942 0.330894
v -0.499495 0.564942 0.218023
v -0.386943 0.564942 0.016140
v -0.373197 0.564942 -0.190288
v -0.463508 0.564942 -0.322413
v -0.623380 0.564942 -0.329767
v -0.791747 0.564942 -0.209542
v -0.904299 0.564942 -0.007659
v -0.918045 0.564942 0.198769
v -0.681607 0.748287 0.544677
v -0.940285 0.748287 0.532777
v -0.409184 0.748287 0.350148
v -0.227071 0.748287 0.023495
v -0.204830 0.748287 -0.310513
v -0.350956 0.748287 -0.524296
v -0.609634 0.748287 -0.536196
v -0.882058 0.748287 -0.341667
v -1.064171 0.748287 -0.015014
v -1.086412 0.748287 0.318994
v -0.681607 0.974915 0.544677
v -0.940285 0.974915 0.532777
v -0.409184 0.974915 0.350148
v -0.227071 0.974915 0.023495
v -0.204830 0.974915 -0.310513
v -0.350956 0.974915 -0.524296
v -0.609634 0.974915 -0.536196
v -0.882058 0.974915 -0.341667
v -1.064171 0.974915 -0.015014
v -1.086412 0.974915 0.318994
v -0.667862 1.158260 0.338249
v -0.827734 1.158260 0.330894
v -0.499495 1.158260 0.218023
v -0.386943 1.158260 0.016140
v -0.373197 1.158260 -0.190288
v -0.463508 1.158260 -0.322413
v -0.623380 1.158260 -0.329767
v -0.791747 1.158260 -0.209542
v -0.904299 1.158260 -0.007659
v -0.918045 1.158260 0.198769
v -0.645621 1.228292 0.004241
v -0.767574 0.985333 -0.374635
v -0.834416 0.981966 -0.411224
v -0.851365 0.972745 -0.356125
v -0.804100 0.975126 -0.330253
v -0.870807 0.915285 -0.418112
v -0.877097 0.925595 -0.360996
v -0.840355 0.851972 -0.388412
v -0.855564 0.880826 -0.339995
v -0.773512 0.855339 -0.351824
v -0.808299 0.883207 -0.314123
v -0.737122 0.922019 -0.344935
v -0.782567 0.930357 -0.309252
v -0.840547 0.931838 -0.315905
v -1.096908 0.889884 0.196820
v -1.106902 0.853279 0.191258
v -1.110534 0.855745 0.220280
v -1.103467 0.881628 0.224213
v -1.084211 0.825071 0.203916
v -1.094489 0.835799 0.229230
v -1.051527 0.833469 0.222135
v -1.071377 0.841737 0.242114
v -1.041533 0.870074 0.227697
v -1.064311 0.867621 0.246047
v -1.064223 0.898282 0.215040
v -1.080356 0.887566 0.237096
v -1.092892 0.861685 0.242974
v -0.486551 0.539331 -0.097721
v -0.530209 0.556351 -0.053026
v -0.541807 0.508663 -0.059935
v -0.510936 0.496628 -0.091539
v -0.592786 0.561010 -0.069016
v -0.586056 0.511958 -0.071242
v -0.611706 0.548649 -0.129700
v -0.599434 0.503217 -0.114152
v -0.568048 0.531629 -0.174395
v -0.568564 0.491182 -0.145756
v -0.505470 0.526970 -0.158405
v -0.524315 0.487887 -0.134449
v -0.557694 0.481669 -0.098345
v 0.084387 0.483934 -2.504383
v 0.120168 0.461958 -2.500856
v 0.084387 0.442396 -2.511473
v 0.120168 0.503496 -2.493765
v 0.084387 0.525472 -2.497293
v 0.048606 0.505910 -2.507910
v 0.048606 0.464372 -2.515000
v -0.068415 0.213890 -1.263824
v -0.166000 0.160539 -1.292781
v -0.068415 0.327175 -1.244488
v -0.166000 0.387110 -1.254107
v -0.263585 0.333760 -1.283063
v -0.263585 0.220474 -1.302400
v -0.166000 0.273825 -1.273444
v -0.228183 0.894478 -2.416486
v -0.192166 0.872805 -2.419445
v -0.228183 0.852729 -2.410762
v -0.192166 0.914554 -2.425169
v -0.228183 0.936226 -2.422210
v -0.264200 0.916150 -2.413526
v -0.264200 0.874402 -2.407802
v 0.058808 0.992532 -1.278261
v -0.039420 0.937779 -1.254578
v 0.058808 1.106391 -1.293871
v -0.039420 1.165497 -1.285799
v -0.137649 1.110744 -1.262117
v -0.137649 0.996885 -1.246507
v -0.039420 1.051638 -1.270189
v 0.386544 0.687722 -2.060987
v 0.422490 0.665919 -2.063846
v 0.386544 0.646120 -2.054278
v 0.422490 0.707520 -2.070555
v 0.386544 0.729323 -2.067696
v 0.350597 0.709524 -2.058128
v 0.350597 0.667923 -2.051419
v 0.621856 0.753086 -1.294759
v 0.523820 0.699090 -1.268664
v 0.621856 0.866544 -1.313056
v 0.523820 0.926006 -1.305258
v 0.425785 0.872010 -1.279163
v 0.425785 0.758552 -1.260866
v 0.523820 0.812548 -1.286961
v 0.216685 0.343267 -1.445761
v 0.253753 0.360996 -1.424360
v 0.216685 0.360996 -1.402959
v 0.253753 0.360996 -1.467162
v 0.216685 0.360996 -1.488563
v 0.179618 0.360996 -1.467162
v 0.179618 0.360996 -1.424360
v 0.269106 0.403798 -1.415495
v 0.216685 0.403798 -1.385230
v 0.269106 0.403798 -1.476026
v 0.216685 0.403798 -1.506292
v 0.164264 0.403798 -1.476026
v 0.164264 0.403798 -1.415495
v 0.253753 0.446600 -1.424360
v 0.216685 0.446600 -1.402959
v 0.253753 0.446600 -1.467162
v 0.216685 0.446600 -1.488563
v 0.179618 0.446600 -1.467162
v 0.179618 0.446600 -1.424360
v 0.216685 0.464329 -1.445761
v -0.531663 0.340736 -1.049369
v -0.488624 0.361321 -1.024521
v -0.531663 0.361321 -0.999672
v -0.488624 0.361321 -1.074217
v -0.531663 0.361321 -1.099066
v -0.574702 0.361321 -1.074217
v -0.574702 0.361321 -1.024521
v -0.470797 0.411018 -1.014228
v -0.531663 0.411018 -0.979087
v -0.470797 0.411018 -1.084510
v -0.531663 0.411018 -1.119651
v -0.592529 0.411018 -1.084510
v -0.592529 0.411018 -1.014228
v -0.488624 0.460715 -1.024521
v -0.531663 0.460715 -0.999672
v -0.488624 0.460715 -1.074217
v -0.531663 0.460715 -1.099066
v -0.574702 0.460715 -1.074217
v -0.574702 0.460715 -1.024521
v -0.531663 0.481300 -1.049369
v -0.738654 0.282395 -0.419475
v -0.668968 0.315725 -0.379242
v -0.738654 0.315725 -0.339009
v -0.668968 0.315725 -0.459708
v -0.738654 0.315725 -0.499940
v -0.808339 0.315725 -0.459708
v -0.808339 0.315725 -0.379242
v -0.640104 0.396191 -0.362577
v -0.738654 0.396191 -0.305679
v -0.640104 0.396191 -0.476373
v -0.738654 0.396191 -0.533271
v -0.837204 0.396191 -0.476373
v -0.837204 0.396191 -0.362577
v -0.668968 0.476657 -0.379242
v -0.738654 0.476657 -0.339009
v -0.668968 0.476657 -0.459708
v -0.738654 0.476657 -0.499940
v -0.808339 0.476657 -0.459708
v -0.808339 0.476657 -0.379242
v -0.738654 0.509987 -0.419475
v -0.354654 0.767521 -1.525613
v -0.282310 0.802122 -1.483845
v -0.354654 0.802122 -1.442078
v -0.282310 0.802122 -1.567380
v -0.354654 0.802122 -1.609148
v -0.426997 0.802122 -1.567380
v -0.426997 0.802122 -1.483845
v -0.252345 0.885657 -1.466545
v -0.354654 0.885657 -1.407476
v -0.252345 0.885657 -1.584681
v -0.354654 0.885657 -1.643749
v -0.456963 0.885657 -1.584681
v -0.456963 0.885657 -1.466545
v -0.282310 0.969192 -1.483845
v -0.354654 0.969192 -1.442078
v -0.282310 0.969192 -1.567380
v -0.354654 0.969192 -1.609148
v -0.426997 0.969192 -1.567380
v -0.426997 0.969192 -1.483845
v -0.354654 1.003793 -1.525613
v -0.525975 0.584992 -1.454254
v -0.479681 0.607134 -1.427527
v -0.525975 0.607134 -1.400799
v -0.479681 0.607134 -1.480982
v -0.525975 0.607134 -1.507710
v -0.572269 0.607134 -1.480982
v -0.572269 0.607134 -1.427527
v -0.460506 0.660590 -1.416456
v -0.525975 0.660590 -1.378657
v -0.460506 0.660590 -1.492053
v -0.525975 0.660590 -1.529852
v -0.591445 0.660590 -1.492053
v -0.591445 0.660590 -1.416456
v -0.479681 0.714045 -1.427527
v -0.525975 0.714045 -1.400799
v -0.479681 0.714045 -1.480982
v -0.525975 0.714045 -1.507710
v -0.572269 0.714045 -1.480982
v -0.572269 0.714045 -1.427527
v -0.525975 0.736187 -1.454254
v -0.352308 1.004996 -0.730911
v -0.281984 1.038632 -0.690309
v -0.352308 1.038632 -0.649708
v -0.281984 1.038632 -0.771513
v -0.352308 1.038632 -0.812114
v -0.422633 1.038632 -0.771513
v -0.422633 1.038632 -0.690309
v -0.252855 1.119835 -0.673492
v -0.352308 1.119835 -0.616072
v -0.252855 1.119835 -0.788330
v -0.352308 1.119835 -0.845750
v -0.451762 1.119835 -0.788330
v -0.451762 1.119835 -0.673492
v -0.281984 1.201038 -0.690309
v -0.352308 1.201038 -0.649708
v -0.281984 1.201038 -0.771513
v -0.352308 1.201038 -0.812114
v -0.422633 1.201038 -0.771513
v -0.422633 1.201038 -0.690309
v -0.352308 1.234674 -0.730911
v -0.107699 0.895882 -1.533194
v -0.066429 0.915622 -1.509367
v -0.107699 0.915622 -1.485539
v -0.066429 0.915622 -1.557021
v -0.107699 0.915622 -1.580848
v -0.148969 0.915622 -1.557021
v -0.148969 0.915622 -1.509367
v -0.049335 0.963276 -1.499497
v -0.107699 0.963276 -1.465800
v -0.049335 0.963276 -1.566891
v -0.107699 0.963276 -1.600588
v -0.166064 0.963276 -1.566891
v -0.166064 0.963276 -1.499497
v -0.066429 1.010930 -1.509367
v -0.107699 1.010930 -1.485539
v -0.066429 1.010930 -1.557021
v -0.107699 1.010930 -1.580848
v -0.148969 1.010930 -1.557021
v -0.148969 1.010930 -1.509367
v -0.107699 1.030670 -1.533194
v -0.080090 0.135267 -0.863269
v -0.032389 0.158082 -0.835728
v -0.080090 0.158082 -0.808187
v -0.032389 0.158082 -0.890809
v -0.080090 0.158082 -0.918350
v -0.127792 0.158082 -0.890809
v -0.127792 0.158082 -0.835728
v -0.012630 0.213163 -0.824320
v -0.080090 0.213163 -0.785372
v -0.012630 0.213163 -0.902217
v -0.080090 0.213163 -0.941165
v -0.147551 0.213163 -0.902217
v -0.147551 0.213163 -0.824320
v -0.032389 0.268244 -0.835728
v -0.080090 0.268244 -0.808187
v -0.032389 0.268244 -0.890809
v -0.080090 0.268244 -0.918350
v -0.127792 0.268244 -0.890809
v -0.127792 0.268244 -0.835728
v -0.080090 0.291060 -0.863269
v 0.427733 0.824497 -1.277995
v 0.494328 0.856349 -1.239546
v 0.427733 0.856349 -1.201098
v 0.494328 0.856349 -1.316443
v 0.427733 0.856349 -1.354891
v 0.361139 0.856349 -1.316443
v 0.361139 0.856349 -1.239546
v 0.521912 0.933245 -1.223620
v 0.427733 0.933245 -1.169246
v 0.521912 0.933245 -1.332369
v 0.427733 0.933245 -1.386743
v 0.333554 0.933245 -1.332369
v 0.333554 0.933245 -1.223620
v 0.494328 1.010142 -1.239546
v 0.427733 1.010142 -1.201098
v 0.494328 1.010142 -1.316443
v 0.427733 1.010142 -1.354891
v 0.361139 1.010142 -1.316443
v 0.361139 1.010142 -1.239546
v 0.427733 1.041994 -1.277995
v -0.692756 0.763825 -0.906365
v -0.626375 0.795575 -0.868039
v -0.692756 0.795575 -0.829714
v -0.626375 0.795575 -0.944690
v -0.692756 0.795575 -0.983015
v -0.759137 0.795575 -0.944690
v -0.759137 0.795575 -0.868039
v -0.598879 0.872225 -0.852165
v -0.692756 0.872225 -0.797965
v -0.598879 0.872225 -0.960565
v -0.692756 0.872225 -1.014765
v -0.786633 0.872225 -0.960565
v -0.786633 0.872225 -0.852165
v -0.626375 0.948876 -0.868039
v -0.692756 0.948876 -0.829714
v -0.626375 0.948876 -0.944690
v -0.692756 0.948876 -0.983015
v -0.759137 0.948876 -0.944690
v -0.759137 0.948876 -0.868039
v -0.692756 0.980625 -0.906365
vt 0.500000 0.578125
vt 0.518628 0.605061
vt 0.500000 0.608022
vt 0.533566 0.596766
vt 0.541856 0.584778
vt 0.541856 0.571472
vt 0.533566 0.559484
vt 0.518628 0.551189
vt 0.500000 0.548228
vt 0.481372 0.551189
vt 0.466434 0.559484
vt 0.458144 0.571472
vt 0.458144 0.584778
vt 0.466434 0.596766
vt 0.481372 0.605061
vt 0.534419 0.627897
vt 0.500000 0.633368
vt 0.562022 0.612568
vt 0.577340 0.590418
vt 0.577340 0.565832
vt 0.562022 0.543682
vt 0.534419 0.528353
vt 0.500000 0.522882
vt 0.465581 0.528353
vt 0.437978 0.543682
vt 0.422660 0.565832
vt 0.422660 0.590418
vt 0.437978 0.612568
vt 0.465581 0.627897
vt 0.544971 0.643155
vt 0.500000 0.650303
vt 0.581035 0.623127
vt 0.601049 0.594186
vt 0.601049 0.562064
vt 0.581035 0.533123
vt 0.544971 0.513095
vt 0.500000 0.505947
vt 0.455029 0.513095
vt 0.418965 0.533123
vt 0.398951 0.562064
vt 0.398951 0.594186
vt 0.418965 0.623127
vt 0.455029 0.643155
vt 0.726562 0.548228
vt 0.771534 0.548228
vt 0.775239 0.578125
vt 0.726562 0.578125
vt 0.817605 0.548228
vt 0.789566 0.548228
vt 0.794757 0.578125
vt 0.825106 0.578125
vt 0.749048 0.548228
vt 0.750901 0.578125
vt 0.704077 0.548228
vt 0.702224 0.578125
vt 0.663559 0.548228
vt 0.658368 0.578125
vt 0.635520 0.548228
vt 0.628019 0.578125
vt 0.771534 0.548228
vt 0.726562 0.548228
vt 0.726562 0.578125
vt 0.775239 0.578125
vt 0.681591 0.548228
vt 0.677886 0.578125
vt 0.681591 0.548228
vt 0.677886 0.578125
vt 0.771534 0.608022
vt 0.726562 0.608022
vt 0.789566 0.608022
vt 0.817605 0.608022
vt 0.749048 0.608022
vt 0.704077 0.608022
vt 0.663559 0.608022
vt 0.635520 0.608022
vt 0.726562 0.608022
vt 0.771534 0.608022
vt 0.681591 0.608022
vt 0.681591 0.608022
vt 0.500000 0.578125
vt 0.541437 0.617278
vt 0.499660 0.626409
vt 0.567387 0.593192
vt 0.567597 0.563351
vt 0.541988 0.539153
vt 0.500340 0.529841
vt 0.458563 0.538972
vt 0.432613 0.563058
vt 0.432403 0.592899
vt 0.458012 0.617097
vt 0.726222 0.514921
vt 0.768000 0.514921
vt 0.793609 0.553983
vt 0.726012 0.553983
vt 0.781377 0.514921
vt 0.747656 0.514921
vt 0.760693 0.553983
vt 0.815254 0.553983
vt 0.705879 0.514921
vt 0.693095 0.553983
vt 0.672002 0.514921
vt 0.638281 0.553983
vt 0.768550 0.514921
vt 0.726903 0.514921
vt 0.727113 0.553983
vt 0.794500 0.553983
vt 0.685125 0.514921
vt 0.659516 0.553983
vt 0.671748 0.514921
vt 0.705469 0.514921
vt 0.692432 0.553983
vt 0.637871 0.553983
vt 0.747246 0.514921
vt 0.760030 0.553983
vt 0.781123 0.514921
vt 0.814844 0.553983
vt 0.684575 0.514921
vt 0.658625 0.553983
vt 0.793609 0.602267
vt 0.726012 0.602267
vt 0.760693 0.602267
vt 0.815254 0.602267
vt 0.693095 0.602267
vt 0.638281 0.602267
vt 0.727113 0.602267
vt 0.794500 0.602267
vt 0.659516 0.602267
vt 0.692432 0.602267
vt 0.637871 0.602267
vt 0.760030 0.602267
vt 0.814844 0.602267
vt 0.658625 0.602267
vt 0.768000 0.641329
vt 0.726222 0.641329
vt 0.747656 0.641329
vt 0.781377 0.641329
vt 0.705879 0.641329
vt 0.672002 0.641329
vt 0.726903 0.641329
vt 0.768550 0.641329
vt 0.685125 0.641329
vt 0.705469 0.641329
vt 0.671748 0.641329
vt 0.747246 0.641329
vt 0.781123 0.641329
vt 0.684575 0.641329
vt 0.063340 0.371637
vt 0.101562 0.375000
vt 0.089555 0.310409
vt 0.062528 0.308031
vt 0.070976 0.375000
vt 0.024101 0.374258
vt 0.033053 0.309884
vt 0.066199 0.310409
vt 0.092910 0.374258
vt 0.046035 0.370153
vt 0.050291 0.306982
vt 0.083436 0.309884
vt 0.007812 0.366790
vt 0.023264 0.304604
vt 0.038399 0.366790
vt 0.085274 0.367532
vt 0.076309 0.305128
vt 0.043163 0.304604
vt 0.016465 0.367532
vt 0.029382 0.305128
vt 0.087827 0.335965
vt 0.066199 0.362992
vt 0.054678 0.330560
vt 0.033053 0.356874
vt 0.021535 0.323728
vt 0.043163 0.296701
vt 0.076309 0.302819
vt 0.084676 0.288477
vt 0.037801 0.281250
vt 0.042673 0.315577
vt 0.075818 0.320687
vt 0.007812 0.348213
vt 0.042604 0.320332
vt 0.066741 0.355285
vt 0.042139 0.375000
vt 0.084622 0.286851
vt 0.096452 0.331610
vt 0.024699 0.286851
vt 0.071574 0.281250
vt 0.066553 0.327650
vt 0.033407 0.331610
vt 0.091850 0.281250
vt 0.057058 0.309131
vt 0.076961 0.347364
vt 0.101562 0.327650
vt 0.015040 0.342612
vt 0.047250 0.371040
vt 0.054582 0.354409
vt 0.021467 0.340178
vt 0.033407 0.369890
vt 0.054582 0.366482
vt 0.087758 0.347364
vt 0.087758 0.350399
vt 0.673792 0.460159
vt 0.708668 0.420254
vt 0.742319 0.446604
vt 0.717659 0.474820
vt 0.741627 0.382812
vt 0.765625 0.420129
vt 0.697452 0.382812
vt 0.744327 0.385276
vt 0.736735 0.421871
vt 0.703589 0.420129
vt 0.739710 0.385276
vt 0.704834 0.425181
vt 0.739609 0.450088
vt 0.764270 0.421871
vt 0.671875 0.462622
vt 0.716303 0.476562
vt 0.638486 0.382812
vt 0.591611 0.384729
vt 0.599001 0.428596
vt 0.632147 0.427241
vt 0.583941 0.453257
vt 0.617045 0.466073
vt 0.685504 0.446604
vt 0.718607 0.458961
vt 0.751795 0.450088
vt 0.650232 0.450546
vt 0.500000 0.578125
vt 0.523019 0.621705
vt 0.481242 0.626409
vt 0.556004 0.600355
vt 0.567597 0.570514
vt 0.553371 0.543580
vt 0.518758 0.529841
vt 0.476981 0.534545
vt 0.443996 0.555895
vt 0.432403 0.585736
vt 0.446629 0.612670
vt 0.537246 0.648639
vt 0.469648 0.656250
vt 0.590617 0.614094
vt 0.757685 0.514921
vt 0.715907 0.514921
vt 0.709322 0.553983
vt 0.776919 0.553983
vt 0.678200 0.514921
vt 0.648310 0.553983
vt 0.530352 0.500000
vt 0.586356 0.522230
vt 0.462754 0.507611
vt 0.409383 0.542156
vt 0.695440 0.514921
vt 0.737218 0.514921
vt 0.743803 0.553983
vt 0.676206 0.553983
vt 0.774925 0.514921
vt 0.804815 0.553983
vt 0.413644 0.634020
vt 0.696211 0.553983
vt 0.763808 0.553983
vt 0.763808 0.602267
vt 0.696211 0.602267
vt 0.825282 0.553983
vt 0.776919 0.602267
vt 0.825282 0.602267
vt 0.709322 0.602267
vt 0.648310 0.602267
vt 0.812918 0.553983
vt 0.756914 0.553983
vt 0.756914 0.602267
vt 0.812918 0.602267
vt 0.689317 0.553983
vt 0.689317 0.602267
vt 0.627843 0.553983
vt 0.676206 0.602267
vt 0.627843 0.602267
vt 0.743803 0.602267
vt 0.804815 0.602267
vt 0.640207 0.553983
vt 0.640207 0.602267
vt 0.715907 0.641329
vt 0.757685 0.641329
vt 0.678200 0.641329
vt 0.737218 0.641329
vt 0.695440 0.641329
vt 0.774925 0.641329
vt 0.699497 0.453054
vt 0.746372 0.467771
vt 0.744382 0.410150
vt 0.711237 0.399744
vt 0.760705 0.467771
vt 0.713830 0.476562
vt 0.713863 0.416367
vt 0.747009 0.410150
vt 0.671875 0.470638
vt 0.684197 0.412178
vt 0.738003 0.470638
vt 0.691128 0.455921
vt 0.705319 0.401771
vt 0.738464 0.412178
vt 0.676795 0.455921
vt 0.723670 0.447129
vt 0.720822 0.395555
vt 0.687676 0.401771
vt 0.765625 0.453054
vt 0.750488 0.399744
vt 0.648926 0.422174
vt 0.645446 0.455320
vt 0.615197 0.438315
vt 0.612301 0.468934
vt 0.582634 0.449402
vt 0.586114 0.416256
vt 0.619259 0.402642
vt 0.728904 0.411433
vt 0.694615 0.454507
vt 0.733214 0.466343
vt 0.757459 0.435885
vt 0.660360 0.405553
vt 0.613485 0.382812
vt 0.607997 0.428071
vt 0.641143 0.444151
vt 0.570312 0.394361
vt 0.577470 0.436237
vt 0.683423 0.440339
vt 0.717712 0.397265
vt 0.749545 0.425867
vt 0.725300 0.456325
vt 0.675578 0.397265
vt 0.722453 0.382812
vt 0.714796 0.415647
vt 0.681650 0.425867
vt 0.765625 0.411433
vt 0.745323 0.435885
vt 0.742705 0.466343
vt 0.709455 0.454480
vt 0.607893 0.466904
vt 0.679032 0.456325
vt 0.101562 0.306361
vt 0.055165 0.281250
vt 0.051719 0.309344
vt 0.084526 0.327100
vt 0.055165 0.338165
vt 0.008290 0.319351
vt 0.018573 0.361696
vt 0.051719 0.375000
vt 0.029127 0.319351
vt 0.075553 0.290893
vt 0.083806 0.341574
vt 0.050978 0.361696
vt 0.007812 0.290893
vt 0.054210 0.281250
vt 0.051043 0.334755
vt 0.018235 0.341574
vt 0.101085 0.300064
vt 0.084189 0.348058
vt 0.079350 0.300064
vt 0.032924 0.328522
vt 0.053663 0.368181
vt 0.086491 0.348058
vt 0.050011 0.348176
vt 0.018573 0.324416
vt 0.018235 0.357244
vt 0.050011 0.373587
vt 0.084189 0.359928
vt 0.500000 0.578125
vt 0.506775 0.626409
vt 0.464998 0.619727
vt 0.545965 0.614648
vt 0.567597 0.588936
vt 0.563410 0.559095
vt 0.535002 0.536523
vt 0.493225 0.529841
vt 0.454035 0.541602
vt 0.432403 0.567314
vt 0.436590 0.597155
vt 0.510962 0.656250
vt 0.443365 0.645439
vt 0.574373 0.637220
vt 0.609375 0.595618
vt 0.602600 0.547334
vt 0.556635 0.510811
vt 0.489038 0.500000
vt 0.425627 0.519030
vt 0.390625 0.560632
vt 0.397400 0.608916
vt 0.669927 0.553983
vt 0.737525 0.553983
vt 0.737525 0.602267
vt 0.669927 0.602267
vt 0.800935 0.553983
vt 0.800935 0.602267
vt 0.809296 0.553983
vt 0.751053 0.553983
vt 0.751053 0.602267
vt 0.809296 0.602267
vt 0.683455 0.553983
vt 0.683455 0.602267
vt 0.632323 0.553983
vt 0.632323 0.602267
vt 0.783198 0.553983
vt 0.715600 0.553983
vt 0.715600 0.602267
vt 0.783198 0.602267
vt 0.652190 0.553983
vt 0.652190 0.602267
vt 0.643829 0.553983
vt 0.702072 0.553983
vt 0.702072 0.602267
vt 0.643829 0.602267
vt 0.769670 0.553983
vt 0.769670 0.602267
vt 0.820802 0.553983
vt 0.820802 0.602267
vt 0.025869 0.281250
vt 0.072744 0.286338
vt 0.055636 0.319212
vt 0.022491 0.315614
vt 0.101562 0.328330
vt 0.076014 0.348905
vt 0.054893 0.318369
vt 0.091797 0.355494
vt 0.101562 0.319959
vt 0.075467 0.293708
vt 0.083506 0.355494
vt 0.036631 0.375000
vt 0.030101 0.333752
vt 0.063247 0.319959
vt 0.086709 0.375000
vt 0.044716 0.357382
vt 0.068272 0.321294
vt 0.097965 0.333752
vt 0.007812 0.320257
vt 0.042177 0.295043
vt 0.037973 0.354447
vt 0.076014 0.293708
vt 0.037973 0.294920
vt 0.009723 0.321294
vt 0.081009 0.294920
vt 0.715068 0.435388
vt 0.761943 0.461164
vt 0.761172 0.410059
vt 0.728027 0.391833
vt 0.747506 0.461164
vt 0.700631 0.476562
vt 0.699762 0.420948
vt 0.732908 0.410059
vt 0.765625 0.476562
vt 0.722432 0.466186
vt 0.733234 0.413610
vt 0.763776 0.420948
vt 0.675557 0.440411
vt 0.700089 0.395385
vt 0.689994 0.440411
vt 0.736869 0.425012
vt 0.725387 0.384496
vt 0.692241 0.395385
vt 0.671875 0.425012
vt 0.697485 0.384496
vt 0.644158 0.438964
vt 0.631346 0.472110
vt 0.608454 0.446489
vt 0.598200 0.474714
vt 0.577867 0.444172
vt 0.590679 0.411026
vt 0.623824 0.408422
vt 0.051679 0.325792
vt 0.014198 0.292573
vt 0.007812 0.336028
vt 0.034316 0.359517
vt 0.019136 0.351346
vt 0.007812 0.304471
vt 0.054584 0.304127
vt 0.062590 0.337272
vt 0.020399 0.281250
vt 0.064082 0.303146
vt 0.043086 0.343504
vt 0.012198 0.328021
vt 0.101562 0.336365
vt 0.069589 0.366993
vt 0.101562 0.304904
vt 0.095361 0.351779
vt 0.065204 0.337579
vt 0.069589 0.304433
vt 0.095361 0.347688
vt 0.065204 0.375000
vt 0.034316 0.353998
vt 0.007812 0.337272
vt 0.030756 0.317841
vt 0.093416 0.317841
vt 0.070066 0.287707
vt 0.043086 0.287707
vt 0.500000 0.578125
vt 0.535191 0.618369
vt 0.493414 0.626409
vt 0.563527 0.594957
vt 0.567597 0.565115
vt 0.545848 0.540244
vt 0.506586 0.529841
vt 0.464809 0.537881
vt 0.436473 0.561293
vt 0.432403 0.591135
vt 0.454152 0.616006
vt 0.556940 0.643240
vt 0.489343 0.656250
vt 0.602789 0.605359
vt 0.750127 0.514921
vt 0.708349 0.514921
vt 0.697093 0.553983
vt 0.764690 0.553983
vt 0.673528 0.514921
vt 0.640752 0.553983
vt 0.510657 0.500000
vt 0.574184 0.516832
vt 0.443060 0.513010
vt 0.397211 0.550891
vt 0.702998 0.514921
vt 0.744776 0.514921
vt 0.756032 0.553983
vt 0.688435 0.553983
vt 0.779597 0.514921
vt 0.812373 0.553983
vt 0.425816 0.639418
vt 0.715905 0.553983
vt 0.783503 0.553983
vt 0.783503 0.602267
vt 0.715905 0.602267
vt 0.817724 0.553983
vt 0.764690 0.602267
vt 0.817724 0.602267
vt 0.697093 0.602267
vt 0.640752 0.602267
vt 0.800746 0.553983
vt 0.737220 0.553983
vt 0.737220 0.602267
vt 0.800746 0.602267
vt 0.669622 0.553983
vt 0.669622 0.602267
vt 0.635401 0.553983
vt 0.688435 0.602267
vt 0.635401 0.602267
vt 0.756032 0.602267
vt 0.812373 0.602267
vt 0.652379 0.553983
vt 0.652379 0.602267
vt 0.708349 0.641329
vt 0.750127 0.641329
vt 0.673528 0.641329
vt 0.744776 0.641329
vt 0.702998 0.641329
vt 0.779597 0.641329
vt 0.728493 0.382812
vt 0.710257 0.419047
vt 0.752730 0.437062
vt 0.765625 0.411440
vt 0.681948 0.465095
vt 0.732713 0.469623
vt 0.650095 0.392885
vt 0.603220 0.382812
vt 0.605348 0.436528
vt 0.638494 0.443650
vt 0.570312 0.401048
vt 0.582079 0.449423
vt 0.690111 0.438675
vt 0.718420 0.392627
vt 0.758502 0.418380
vt 0.738485 0.450941
vt 0.584280 0.429357
vt 0.631155 0.439430
vt 0.625101 0.476562
vt 0.591956 0.469440
vt 0.726664 0.411440
vt 0.749933 0.437062
vt 0.715974 0.450273
vt 0.740056 0.469623
vt 0.614412 0.475360
vt 0.706911 0.476562
vt 0.683642 0.450941
vt 0.693518 0.418380
vt 0.671875 0.415333
vt 0.712495 0.441564
vt 0.732738 0.401360
vt 0.704015 0.382812
vt 0.756060 0.472178
vt 0.763543 0.423008
vt 0.745358 0.472178
vt 0.698483 0.476562
vt 0.703390 0.426108
vt 0.736536 0.423008
vt 0.759005 0.476562
vt 0.718385 0.450332
vt 0.736902 0.407560
vt 0.765625 0.426108
vt 0.674820 0.419717
vt 0.706097 0.385912
vt 0.590580 0.385757
vt 0.637455 0.382812
vt 0.630490 0.414952
vt 0.597344 0.417035
vt 0.649304 0.443675
vt 0.615733 0.453785
vt 0.634973 0.474480
vt 0.717295 0.387276
vt 0.601828 0.476562
vt 0.583013 0.447840
vt 0.060950 0.281250
vt 0.014075 0.296494
vt 0.024589 0.326986
vt 0.057735 0.316207
vt 0.023056 0.336991
vt 0.064629 0.301344
vt 0.082945 0.338795
vt 0.053549 0.364002
vt 0.007812 0.301344
vt 0.048425 0.281250
vt 0.048878 0.324587
vt 0.020161 0.338795
vt 0.095300 0.296804
vt 0.082024 0.335585
vt 0.075715 0.296804
vt 0.034142 0.332452
vt 0.061387 0.360792
vt 0.090783 0.335585
vt 0.101562 0.307579
vt 0.086452 0.334824
vt 0.052735 0.355039
vt 0.020161 0.356383
vt 0.052735 0.363419
vt 0.082024 0.364221
vt 0.500000 0.578125
vt 0.496625 0.626409
vt 0.456137 0.624007
vt 0.538403 0.610368
vt 0.565512 0.582011
vt 0.567597 0.552170
vt 0.543863 0.532243
vt 0.503375 0.529841
vt 0.461597 0.545882
vt 0.434488 0.574239
vt 0.432403 0.604080
vt 0.494540 0.656250
vt 0.429028 0.652364
vt 0.723188 0.514921
vt 0.764965 0.514921
vt 0.788700 0.553983
vt 0.721102 0.553983
vt 0.771703 0.514921
vt 0.732003 0.514921
vt 0.735366 0.553983
vt 0.799601 0.553983
vt 0.690226 0.514921
vt 0.667768 0.553983
vt 0.570972 0.503886
vt 0.609375 0.536129
vt 0.505460 0.500000
vt 0.729937 0.514921
vt 0.688160 0.514921
vt 0.664425 0.553983
vt 0.732023 0.553983
vt 0.681422 0.514921
vt 0.721122 0.514921
vt 0.717759 0.553983
vt 0.653524 0.553983
vt 0.762899 0.514921
vt 0.785357 0.553983
vt 0.390625 0.620121
vt 0.655590 0.553983
vt 0.721102 0.602267
vt 0.655590 0.602267
vt 0.788700 0.602267
vt 0.735366 0.602267
vt 0.799601 0.602267
vt 0.667768 0.602267
vt 0.622628 0.553983
vt 0.622628 0.602267
vt 0.797535 0.553983
vt 0.732023 0.602267
vt 0.797535 0.602267
vt 0.664425 0.602267
vt 0.717759 0.602267
vt 0.653524 0.602267
vt 0.785357 0.602267
vt 0.830497 0.553983
vt 0.830497 0.602267
vt 0.764965 0.641329
vt 0.723188 0.641329
vt 0.732003 0.641329
vt 0.771703 0.641329
vt 0.690226 0.641329
vt 0.688160 0.641329
vt 0.729937 0.641329
vt 0.721122 0.641329
vt 0.681422 0.641329
vt 0.762899 0.641329
vt 0.735206 0.476028
vt 0.690479 0.443955
vt 0.715527 0.405114
vt 0.747153 0.427793
vt 0.671875 0.412416
vt 0.702372 0.382812
vt 0.613961 0.382812
vt 0.660836 0.408935
vt 0.637384 0.431781
vt 0.604238 0.413309
vt 0.697998 0.412951
vt 0.742725 0.445024
vt 0.752470 0.405870
vt 0.720843 0.383190
vt 0.765625 0.445024
vt 0.721976 0.476562
vt 0.710363 0.428171
vt 0.741228 0.405870
vt 0.675101 0.476028
vt 0.677218 0.427793
vt 0.741204 0.389338
vt 0.573374 0.426464
vt 0.602100 0.452142
vt 0.639665 0.463407
vt 0.703663 0.389338
vt 0.086275 0.290393
vt 0.101562 0.337268
vt 0.070319 0.335133
vt 0.059509 0.301987
vt 0.072651 0.375000
vt 0.049875 0.361814
vt 0.072651 0.322845
vt 0.028453 0.291184
vt 0.018622 0.337249
vt 0.049875 0.359637
vt 0.017746 0.365857
vt 0.007812 0.318982
vt 0.056787 0.322203
vt 0.063811 0.355349
vt 0.029540 0.281250
vt 0.072150 0.295523
vt 0.042076 0.302977
vt 0.086275 0.334638
vt 0.059509 0.367976
vt 0.028256 0.345588
vt 0.031486 0.328893
vt 0.018622 0.355349
vt 0.095619 0.328893
vt 0.028256 0.295523
vt 0.748792 0.476562
vt 0.701917 0.464472
vt 0.712604 0.407825
vt 0.745750 0.416375
vt 0.671875 0.464472
vt 0.709926 0.449736
vt 0.709062 0.397406
vt 0.682156 0.407825
vt 0.756801 0.447092
vt 0.742208 0.395536
vt 0.688708 0.447092
vt 0.735583 0.459183
vt 0.736409 0.404086
vt 0.703264 0.395536
vt 0.765625 0.459183
vt 0.727574 0.473918
vt 0.721542 0.414505
vt 0.748448 0.404086
vt 0.680699 0.476562
vt 0.688396 0.416375
vt 0.586834 0.456687
vt 0.580594 0.423542
vt 0.612311 0.437829
vt 0.607500 0.402299
vt 0.640645 0.414201
vt 0.646885 0.447347
vt 0.619979 0.468590
vt 0.500000 0.578125
vt 0.516042 0.622044
vt 0.474264 0.626409
vt 0.551692 0.600903
vt 0.567597 0.571062
vt 0.557683 0.543919
vt 0.525736 0.529841
vt 0.483958 0.534206
vt 0.448308 0.555347
vt 0.432403 0.585188
vt 0.442317 0.612331
vt 0.525956 0.649187
vt 0.458358 0.656250
vt 0.583639 0.614981
vt 0.758452 0.514921
vt 0.716674 0.514921
vt 0.710563 0.553983
vt 0.778160 0.553983
vt 0.593333 0.522778
vt 0.609375 0.566697
vt 0.541642 0.500000
vt 0.474044 0.507063
vt 0.416361 0.541269
vt 0.694673 0.514921
vt 0.736451 0.514921
vt 0.742562 0.553983
vt 0.674965 0.553983
vt 0.406667 0.633472
vt 0.390625 0.589553
vt 0.684921 0.553983
vt 0.752518 0.553983
vt 0.752518 0.602267
vt 0.684921 0.602267
vt 0.826049 0.553983
vt 0.778160 0.602267
vt 0.826049 0.602267
vt 0.710563 0.602267
vt 0.649077 0.553983
vt 0.649077 0.602267
vt 0.819896 0.553983
vt 0.768204 0.553983
vt 0.768204 0.602267
vt 0.819896 0.602267
vt 0.700607 0.553983
vt 0.700607 0.602267
vt 0.627076 0.553983
vt 0.674965 0.602267
vt 0.627076 0.602267
vt 0.742562 0.602267
vt 0.804048 0.553983
vt 0.804048 0.602267
vt 0.633229 0.553983
vt 0.633229 0.602267
vt 0.716674 0.641329
vt 0.758452 0.641329
vt 0.736451 0.641329
vt 0.694673 0.641329
vt 0.572851 0.400600
vt 0.619726 0.382812
vt 0.614219 0.413276
vt 0.581073 0.425854
vt 0.664062 0.409776
vt 0.645569 0.432342
vt 0.698838 0.424270
vt 0.743588 0.455849
vt 0.753048 0.412825
vt 0.721404 0.390495
vt 0.763086 0.455849
vt 0.716211 0.476562
vt 0.712191 0.427472
vt 0.745337 0.412825
vt 0.671875 0.465697
vt 0.680841 0.419789
vt 0.734412 0.465697
vt 0.689662 0.434119
vt 0.714916 0.397459
vt 0.746559 0.419789
vt 0.610450 0.452109
vt 0.643774 0.463985
vt 0.712013 0.388639
vt 0.579278 0.457497
vt 0.711462 0.422776
vt 0.743992 0.463734
vt 0.765625 0.431666
vt 0.742622 0.402704
vt 0.748181 0.463734
vt 0.701306 0.476562
vt 0.699590 0.440737
vt 0.732736 0.431666
vt 0.740464 0.476562
vt 0.704406 0.448432
vt 0.737633 0.420845
vt 0.763130 0.440737
vt 0.671875 0.407474
vt 0.714630 0.391883
vt 0.587757 0.382812
vt 0.634632 0.386341
vt 0.622697 0.428062
vt 0.589552 0.425568
vt 0.664062 0.422399
vt 0.643508 0.453560
vt 0.745071 0.402704
vt 0.709098 0.401904
vt 0.678780 0.420845
vt 0.577217 0.448570
vt 0.607536 0.464400
vt 0.678215 0.442246
vt 0.725090 0.456802
vt 0.731612 0.403406
vt 0.698466 0.393113
vt 0.765625 0.473960
vt 0.760274 0.415539
vt 0.737665 0.473960
vt 0.690790 0.476562
vt 0.696971 0.417379
vt 0.730116 0.415539
vt 0.759285 0.476562
vt 0.712410 0.462006
vt 0.722646 0.407086
vt 0.755791 0.417379
vt 0.671875 0.444848
vt 0.693983 0.394953
vt 0.699835 0.444848
vt 0.746710 0.442246
vt 0.736512 0.393113
vt 0.703366 0.394953
vt 0.634949 0.409404
vt 0.648324 0.442549
vt 0.614347 0.441537
vt 0.628554 0.471212
vt 0.595408 0.466729
vt 0.582033 0.433583
vt 0.601804 0.404921
vt 0.500000 0.578125
vt 0.505507 0.626409
vt 0.463729 0.620719
vt 0.545181 0.613656
vt 0.567597 0.587332
vt 0.564194 0.557491
vt 0.536271 0.535531
vt 0.494493 0.529841
vt 0.454819 0.542594
vt 0.432403 0.568918
vt 0.435806 0.598759
vt 0.690292 0.514921
vt 0.732069 0.514921
vt 0.735473 0.553983
vt 0.667875 0.553983
vt 0.771743 0.514921
vt 0.799667 0.553983
vt 0.776306 0.514921
vt 0.739452 0.514921
vt 0.747418 0.553983
vt 0.807049 0.553983
vt 0.697674 0.514921
vt 0.679821 0.553983
vt 0.666931 0.514921
vt 0.630077 0.553983
vt 0.762833 0.514921
vt 0.721056 0.514921
vt 0.717652 0.553983
vt 0.785250 0.553983
vt 0.681382 0.514921
vt 0.653458 0.553983
vt 0.676819 0.514921
vt 0.713673 0.514921
vt 0.705707 0.553983
vt 0.646076 0.553983
vt 0.755451 0.514921
vt 0.773304 0.553983
vt 0.786194 0.514921
vt 0.823048 0.553983
vt 0.735473 0.602267
vt 0.667875 0.602267
vt 0.799667 0.602267
vt 0.747418 0.602267
vt 0.807049 0.602267
vt 0.679821 0.602267
vt 0.630077 0.602267
vt 0.717652 0.602267
vt 0.785250 0.602267
vt 0.653458 0.602267
vt 0.705707 0.602267
vt 0.646076 0.602267
vt 0.773304 0.602267
vt 0.823048 0.602267
vt 0.732069 0.641329
vt 0.690292 0.641329
vt 0.771743 0.641329
vt 0.739452 0.641329
vt 0.776306 0.641329
vt 0.697674 0.641329
vt 0.666931 0.641329
vt 0.721056 0.641329
vt 0.762833 0.641329
vt 0.681382 0.641329
vt 0.713673 0.641329
vt 0.676819 0.641329
vt 0.755451 0.641329
vt 0.786194 0.641329
vt 0.653268 0.439251
vt 0.609362 0.407946
vt 0.593725 0.450062
vt 0.624771 0.472198
vt 0.697008 0.476562
vt 0.671875 0.443822
vt 0.721353 0.438928
vt 0.739125 0.462080
vt 0.678047 0.396947
vt 0.725717 0.405783
vt 0.587046 0.388984
vt 0.630952 0.420289
vt 0.608991 0.458791
vt 0.577945 0.436655
vt 0.664062 0.445423
vt 0.632404 0.476562
vt 0.765625 0.415553
vt 0.754830 0.462428
vt 0.726334 0.452085
vt 0.733967 0.418940
vt 0.695288 0.462080
vt 0.695134 0.428622
vt 0.760185 0.428622
vt 0.679508 0.405783
vt 0.710554 0.395788
vt 0.671875 0.465452
vt 0.678776 0.418577
vt 0.722902 0.433130
vt 0.718022 0.466275
vt 0.712436 0.382812
vt 0.746703 0.407840
vt 0.598807 0.423374
vt 0.643618 0.450133
vt 0.619228 0.476562
vt 0.587542 0.457641
vt 0.745180 0.393923
vt 0.765625 0.440798
vt 0.735247 0.448843
vt 0.720791 0.415697
vt 0.664062 0.443232
vt 0.639696 0.409572
vt 0.616455 0.447881
vt 0.633685 0.471683
vt 0.594885 0.382812
vt 0.584769 0.428959
vt 0.756854 0.445666
vt 0.689105 0.407840
vt 0.696415 0.445666
vt 0.718018 0.474132
vt 0.594852 0.467792
vt 0.615299 0.382812
vt 0.571927 0.391435
vt 0.570312 0.426374
vt 0.600981 0.420277
vt 0.680497 0.427167
vt 0.720297 0.387569
vt 0.743579 0.423926
vt 0.715436 0.451926
vt 0.676185 0.387569
vt 0.722253 0.382812
vt 0.706356 0.420562
vt 0.673781 0.423926
vt 0.765625 0.417654
vt 0.737025 0.445199
vt 0.742853 0.417654
vt 0.703053 0.457252
vt 0.731385 0.473199
vt 0.759528 0.445199
vt 0.661367 0.413990
vt 0.633556 0.442323
vt 0.596630 0.459109
vt 0.748172 0.459395
vt 0.698192 0.459395
vt 0.635462 0.470466
vt 0.500000 0.578125
vt 0.494481 0.626409
vt 0.454812 0.625346
vt 0.536259 0.609029
vt 0.564187 0.579845
vt 0.567597 0.550004
vt 0.545188 0.530904
vt 0.505519 0.529841
vt 0.463741 0.547221
vt 0.435813 0.576405
vt 0.432403 0.606246
vt 0.491071 0.656250
vt 0.426884 0.654530
vt 0.558668 0.628129
vt 0.769828 0.514921
vt 0.728971 0.514921
vt 0.730459 0.553983
vt 0.796568 0.553983
vt 0.687193 0.514921
vt 0.662862 0.553983
vt 0.573116 0.501720
vt 0.609375 0.532624
vt 0.508929 0.500000
vt 0.441332 0.528121
vt 0.683297 0.514921
vt 0.724154 0.514921
vt 0.722666 0.553983
vt 0.656557 0.553983
vt 0.765932 0.514921
vt 0.790263 0.553983
vt 0.390625 0.623626
vt 0.653446 0.553983
vt 0.717633 0.553983
vt 0.717633 0.602267
vt 0.653446 0.602267
vt 0.785231 0.553983
vt 0.785231 0.602267
vt 0.730459 0.602267
vt 0.796568 0.602267
vt 0.662862 0.602267
vt 0.619596 0.553983
vt 0.619596 0.602267
vt 0.799679 0.553983
vt 0.735492 0.553983
vt 0.735492 0.602267
vt 0.799679 0.602267
vt 0.667894 0.553983
vt 0.667894 0.602267
vt 0.722666 0.602267
vt 0.656557 0.602267
vt 0.790263 0.602267
vt 0.833529 0.553983
vt 0.833529 0.602267
vt 0.728971 0.641329
vt 0.769828 0.641329
vt 0.687193 0.641329
vt 0.724154 0.641329
vt 0.683297 0.641329
vt 0.765932 0.641329
vt 0.081167 0.318693
vt 0.036398 0.287183
vt 0.025047 0.334633
vt 0.056703 0.356914
vt 0.013745 0.372633
vt 0.007812 0.325758
vt 0.057001 0.333006
vt 0.061195 0.366151
vt 0.033390 0.281250
vt 0.075087 0.301534
vt 0.032421 0.306828
vt 0.077190 0.338338
vt 0.053890 0.370805
vt 0.022234 0.348524
vt 0.077190 0.283617
vt 0.101562 0.330492
vt 0.071125 0.336353
vt 0.053890 0.303208
vt 0.081167 0.375000
vt 0.056703 0.367825
vt 0.025047 0.366151
vt 0.032292 0.337394
vt 0.095833 0.337394
vt 0.022234 0.301534
vt 0.017330 0.364246
vt 0.007812 0.317371
vt 0.057473 0.320529
vt 0.064202 0.353675
vt 0.029471 0.281250
vt 0.072788 0.294987
vt 0.043576 0.302909
vt 0.087984 0.334085
vt 0.061013 0.368270
vt 0.029612 0.346225
vt 0.087984 0.292004
vt 0.101562 0.338879
vt 0.070614 0.335737
vt 0.061013 0.302591
vt 0.101562 0.343602
vt 0.070733 0.321944
vt 0.048815 0.359685
vt 0.070614 0.375000
vt 0.026325 0.290767
vt 0.017414 0.337640
vt 0.096305 0.328136
vt 0.029612 0.294987
vt 0.031782 0.328136
vt 0.048815 0.361279
vt 0.017414 0.353675
vt 0.101562 0.349383
vt 0.068860 0.369495
vt 0.060171 0.313146
vt 0.083296 0.298925
vt 0.021985 0.375000
vt 0.027026 0.317039
vt 0.089211 0.375000
vt 0.042336 0.360394
vt 0.054346 0.306711
vt 0.087492 0.317039
vt 0.007812 0.340283
vt 0.029934 0.292490
vt 0.040515 0.340283
vt 0.087390 0.334777
vt 0.073275 0.288597
vt 0.040129 0.292490
vt 0.020164 0.334777
vt 0.067039 0.349383
vt 0.071813 0.298925
vt 0.038668 0.288597
vt 0.083296 0.345251
vt 0.060171 0.369663
vt 0.048271 0.339994
vt 0.027026 0.360930
vt 0.017005 0.327784
vt 0.040129 0.303372
vt 0.073275 0.312105
vt 0.815541 0.638465
vt 0.835938 0.629056
vt 0.815541 0.620680
vt 0.835938 0.646841
vt 0.815541 0.656250
vt 0.795145 0.647874
vt 0.795145 0.630089
vt 0.588979 0.500434
vt 0.609375 0.501740
vt 0.501877 0.653872
vt 0.446251 0.650311
vt 0.619623 0.629056
vt 0.620844 0.646841
vt 0.835938 0.571347
vt 0.832608 0.522843
vt 0.609375 0.502611
vt 0.588979 0.502178
vt 0.446251 0.655067
vt 0.501877 0.656250
vt 0.568583 0.500872
vt 0.390625 0.651506
vt 0.618408 0.647874
vt 0.617188 0.630089
vt 0.825966 0.525662
vt 0.829296 0.574166
vt 0.568583 0.500000
vt 0.390625 0.649128
vt 0.672814 0.500000
vt 0.728440 0.522843
vt 0.672814 0.548504
vt 0.728440 0.571347
vt 0.672814 0.597009
vt 0.617188 0.574166
vt 0.617188 0.525662
vt 0.641579 0.520856
vt 0.665971 0.510029
vt 0.641579 0.500000
vt 0.665971 0.530886
vt 0.641579 0.541713
vt 0.617188 0.531683
vt 0.617188 0.510827
vt 0.415017 0.501910
vt 0.439408 0.500759
vt 0.609375 0.652041
vt 0.542852 0.655180
vt 0.618250 0.510029
vt 0.617188 0.530886
vt 0.827147 0.626722
vt 0.830044 0.569841
vt 0.439408 0.500000
vt 0.415017 0.500392
vt 0.542852 0.651041
vt 0.609375 0.649971
vt 0.390625 0.501543
vt 0.476329 0.654181
vt 0.619348 0.531683
vt 0.620411 0.510827
vt 0.835938 0.572016
vt 0.833040 0.628897
vt 0.390625 0.502302
vt 0.476329 0.656250
vt 0.769415 0.542489
vt 0.835938 0.569841
vt 0.769415 0.599369
vt 0.835938 0.626722
vt 0.769415 0.656250
vt 0.702892 0.628897
vt 0.702892 0.572016
vt 0.646176 0.523224
vt 0.675164 0.511053
vt 0.646176 0.500000
vt 0.675164 0.534277
vt 0.646176 0.546449
vt 0.617188 0.535396
vt 0.617188 0.512172
vt 0.419613 0.503141
vt 0.448601 0.501295
vt 0.609375 0.649710
vt 0.530317 0.654745
vt 0.619000 0.511053
vt 0.617188 0.534277
vt 0.821838 0.623055
vt 0.826781 0.559715
vt 0.448601 0.500000
vt 0.419613 0.500552
vt 0.530317 0.647683
vt 0.609375 0.646179
vt 0.390625 0.502398
vt 0.451258 0.652719
vt 0.620545 0.535396
vt 0.622357 0.512172
vt 0.835938 0.562767
vt 0.830994 0.626106
vt 0.390625 0.503693
vt 0.451258 0.656250
vt 0.756879 0.529571
vt 0.835938 0.559715
vt 0.756879 0.592911
vt 0.835938 0.623055
vt 0.756879 0.656250
vt 0.677821 0.626106
vt 0.677821 0.562767
vt 0.054688 0.328125
vt 0.087833 0.344698
vt 0.054688 0.361271
vt 0.087833 0.311552
vt 0.054688 0.294979
vt 0.021542 0.311552
vt 0.021542 0.344698
vt 0.054688 0.294979
vt 0.087833 0.294979
vt 0.101562 0.328125
vt 0.054688 0.328125
vt 0.071260 0.294979
vt 0.038115 0.294979
vt 0.031250 0.328125
vt 0.078125 0.328125
vt 0.087833 0.294979
vt 0.054688 0.294979
vt 0.054688 0.328125
vt 0.101562 0.328125
vt 0.021542 0.294979
vt 0.007812 0.328125
vt 0.021542 0.294979
vt 0.007812 0.328125
vt 0.087833 0.361271
vt 0.054688 0.361271
vt 0.038115 0.361271
vt 0.071260 0.361271
vt 0.054688 0.361271
vt 0.087833 0.361271
vt 0.021542 0.361271
vt 0.021542 0.361271
vt 0.054688 0.328125
vt 0.087833 0.344698
vt 0.054688 0.361271
vt 0.087833 0.311552
vt 0.054688 0.294979
vt 0.021542 0.311552
vt 0.021542 0.344698
vt 0.054688 0.294979
vt 0.087833 0.294979
vt 0.101562 0.328125
vt 0.054688 0.328125
vt 0.071260 0.294979
vt 0.038115 0.294979
vt 0.031250 0.328125
vt 0.078125 0.328125
vt 0.087833 0.294979
vt 0.054688 0.294979
vt 0.054688 0.328125
vt 0.101562 0.328125
vt 0.021542 0.294979
vt 0.007812 0.328125
vt 0.021542 0.294979
vt 0.007812 0.328125
vt 0.087833 0.361271
vt 0.054688 0.361271
vt 0.038115 0.361271
vt 0.071260 0.361271
vt 0.054688 0.361271
vt 0.087833 0.361271
vt 0.021542 0.361271
vt 0.021542 0.361271
vt 0.054688 0.328125
vt 0.087833 0.344698
vt 0.054688 0.361271
vt 0.087833 0.311552
vt 0.054688 0.294979
vt 0.021542 0.311552
vt 0.021542 0.344698
vt 0.054688 0.294979
vt 0.087833 0.294979
vt 0.101562 0.328125
vt 0.054688 0.328125
vt 0.071260 0.294979
vt 0.038115 0.294979
vt 0.031250 0.328125
vt 0.078125 0.328125
vt 0.087833 0.294979
vt 0.054688 0.294979
vt 0.054688 0.328125
vt 0.101562 0.328125
vt 0.021542 0.294979
vt 0.007812 0.328125
vt 0.021542 0.294979
vt 0.007812 0.328125
vt 0.087833 0.361271
vt 0.054688 0.361271
vt 0.038115 0.361271
vt 0.071260 0.361271
vt 0.054688 0.361271
vt 0.087833 0.361271
vt 0.021542 0.361271
vt 0.021542 0.361271
vt 0.054687 0.328125
vt 0.087833 0.344698
vt 0.054687 0.361271
vt 0.087833 0.311552
vt 0.054687 0.294979
vt 0.021542 0.311552
vt 0.021542 0.344698
vt 0.054687 0.294979
vt 0.087833 0.294979
vt 0.101562 0.328125
vt 0.054687 0.328125
vt 0.071260 0.294979
vt 0.038115 0.294979
vt 0.031250 0.328125
vt 0.078125 0.328125
vt 0.087833 0.294979
vt 0.054687 0.294979
vt 0.054687 0.328125
vt 0.101562 0.328125
vt 0.021542 0.294979
vt 0.007812 0.328125
vt 0.021542 0.294979
vt 0.007812 0.328125
vt 0.087833 0.361271
vt 0.054687 0.361271
vt 0.038115 0.361271
vt 0.071260 0.361271
vt 0.054687 0.361271
vt 0.087833 0.361271
vt 0.021542 0.361271
vt 0.021542 0.361271
vt 0.054687 0.328125
vt 0.087833 0.344698
vt 0.054687 0.361271
vt 0.087833 0.311552
vt 0.054687 0.294979
vt 0.021542 0.311552
vt 0.021542 0.344698
vt 0.054687 0.294979
vt 0.087833 0.294979
vt 0.101562 0.328125
vt 0.054687 0.328125
vt 0.071260 0.294979
vt 0.038115 0.294979
vt 0.031250 0.328125
vt 0.078125 0.328125
vt 0.087833 0.294979
vt 0.054687 0.294979
vt 0.054687 0.328125
vt 0.101562 0.328125
vt 0.021542 0.294979
vt 0.007812 0.328125
vt 0.021542 0.294979
vt 0.007812 0.328125
vt 0.087833 0.361271
vt 0.054687 0.361271
vt 0.038115 0.361271
vt 0.071260 0.361271
vt 0.054687 0.361271
vt 0.087833 0.361271
vt 0.021542 0.361271
vt 0.021542 0.361271
vt 0.054688 0.328125
vt 0.087833 0.344698
vt 0.054688 0.361271
vt 0.087833 0.311552
vt 0.054688 0.294979
vt 0.021542 0.311552
vt 0.021542 0.344698
vt 0.054688 0.294979
vt 0.087833 0.294979
vt 0.101562 0.328125
vt 0.054688 0.328125
vt 0.071260 0.294979
vt 0.038115 0.294979
vt 0.031250 0.328125
vt 0.078125 0.328125
vt 0.087833 0.294979
vt 0.054688 0.294979
vt 0.054688 0.328125
vt 0.101562 0.328125
vt 0.021542 0.294979
vt 0.007813 0.328125
vt 0.021542 0.294979
vt 0.007812 0.328125
vt 0.087833 0.361271
vt 0.054688 0.361271
vt 0.038115 0.361271
vt 0.071260 0.361271
vt 0.054688 0.361271
vt 0.087833 0.361271
vt 0.021542 0.361271
vt 0.021542 0.361271
vt 0.054687 0.328125
vt 0.087833 0.344698
vt 0.054687 0.361271
vt 0.087833 0.311552
vt 0.054688 0.294979
vt 0.021542 0.311552
vt 0.021542 0.344698
vt 0.054687 0.294979
vt 0.087833 0.294979
vt 0.101562 0.328125
vt 0.054687 0.328125
vt 0.071260 0.294979
vt 0.038115 0.294979
vt 0.031250 0.328125
vt 0.078125 0.328125
vt 0.087833 0.294979
vt 0.054688 0.294979
vt 0.054688 0.328125
vt 0.101562 0.328125
vt 0.021542 0.294979
vt 0.007812 0.328125
vt 0.021542 0.294979
vt 0.007812 0.328125
vt 0.087833 0.361271
vt 0.054687 0.361271
vt 0.038115 0.361271
vt 0.071260 0.361271
vt 0.054688 0.361271
vt 0.087833 0.361271
vt 0.021542 0.361271
vt 0.021542 0.361271
vt 0.054688 0.328125
vt 0.087833 0.344698
vt 0.054688 0.361271
vt 0.087833 0.311552
vt 0.054688 0.294979
vt 0.021542 0.311552
vt 0.021542 0.344698
vt 0.054688 0.294979
vt 0.087833 0.294979
vt 0.101562 0.328125
vt 0.054688 0.328125
vt 0.071260 0.294979
vt 0.038115 0.294979
vt 0.031250 0.328125
vt 0.078125 0.328125
vt 0.087833 0.294979
vt 0.054688 0.294979
vt 0.054688 0.328125
vt 0.101562 0.328125
vt 0.021542 0.294979
vt 0.007813 0.328125
vt 0.021542 0.294979
vt 0.007812 0.328125
vt 0.087833 0.361271
vt 0.054688 0.361271
vt 0.038115 0.361271
vt 0.071260 0.361271
vt 0.054688 0.361271
vt 0.087833 0.361271
vt 0.021542 0.361271
vt 0.021542 0.361271
vt 0.054687 0.328125
vt 0.087833 0.344698
vt 0.054687 0.361271
vt 0.087833 0.311552
vt 0.054687 0.294979
vt 0.021542 0.311552
vt 0.021542 0.344698
vt 0.054687 0.294979
vt 0.087833 0.294979
vt 0.101562 0.328125
vt 0.054687 0.328125
vt 0.071260 0.294979
vt 0.038115 0.294979
vt 0.031250 0.328125
vt 0.078125 0.328125
vt 0.087833 0.294979
vt 0.054687 0.294979
vt 0.054687 0.328125
vt 0.101562 0.328125
vt 0.021542 0.294979
vt 0.007813 0.328125
vt 0.021542 0.294979
vt 0.007812 0.328125
vt 0.087833 0.361271
vt 0.054687 0.361271
vt 0.038115 0.361271
vt 0.071260 0.361271
vt 0.054687 0.361271
vt 0.087833 0.361271
vt 0.021542 0.361271
vt 0.021542 0.361271
vt 0.054688 0.328125
vt 0.087833 0.344698
vt 0.054688 0.361271
vt 0.087833 0.311552
vt 0.054688 0.294979
vt 0.021542 0.311552
vt 0.021542 0.344698
vt 0.054688 0.294979
vt 0.087833 0.294979
vt 0.101562 0.328125
vt 0.054688 0.328125
vt 0.071260 0.294979
vt 0.038115 0.294979
vt 0.031250 0.328125
vt 0.078125 0.328125
vt 0.087833 0.294979
vt 0.054688 0.294979
vt 0.054688 0.328125
vt 0.101562 0.328125
vt 0.021542 0.294979
vt 0.007812 0.328125
vt 0.021542 0.294979
vt 0.007812 0.328125
vt 0.087833 0.361271
vt 0.054688 0.361271
vt 0.038115 0.361271
vt 0.071260 0.361271
vt 0.054688 0.361271
vt 0.087833 0.361271
vt 0.021542 0.361271
vt 0.021542 0.361271
vn 0.027705 -0.998579 0.045519
vn 0.077454 -0.996330 0.036421
vn 0.111611 -0.993548 0.020156
vn 0.123726 -0.992316 0.000000
vn 0.111611 -0.993548 -0.020156
vn 0.077454 -0.996330 -0.036421
vn 0.027705 -0.998579 -0.045519
vn -0.027705 -0.998579 -0.045519
vn -0.077454 -0.996330 -0.036421
vn -0.111611 -0.993548 -0.020156
vn -0.123726 -0.992316 -0.000000
vn -0.111611 -0.993548 0.020156
vn -0.077454 -0.996330 0.036421
vn -0.027705 -0.998579 0.045519
vn 0.091737 -0.984311 0.150722
vn 0.250900 -0.960796 0.117982
vn 0.352339 -0.933707 0.063629
vn 0.386317 -0.922366 0.000000
vn 0.352339 -0.933707 -0.063629
vn 0.250900 -0.960796 -0.117982
vn 0.091737 -0.984311 -0.150722
vn -0.091737 -0.984311 -0.150722
vn -0.250900 -0.960796 -0.117982
vn -0.352339 -0.933707 -0.063629
vn -0.386317 -0.922366 -0.000000
vn -0.352339 -0.933707 0.063629
vn -0.250900 -0.960796 0.117982
vn -0.091737 -0.984311 0.150722
vn 0.193719 -0.927994 0.318276
vn 0.491228 -0.839844 0.230993
vn 0.641180 -0.758604 0.115791
vn 0.684179 -0.729314 0.000000
vn 0.641180 -0.758604 -0.115791
vn 0.491228 -0.839844 -0.230993
vn 0.193719 -0.927994 -0.318276
vn -0.193719 -0.927994 -0.318276
vn -0.491228 -0.839844 -0.230993
vn -0.641180 -0.758604 -0.115791
vn -0.684179 -0.729314 -0.000000
vn -0.641180 -0.758604 0.115791
vn -0.491228 -0.839844 0.230993
vn -0.193719 -0.927994 0.318276
vn 0.417643 -0.595592 0.686181
vn 0.821950 -0.418341 0.386510
vn 0.929814 -0.327492 0.167916
vn 0.953159 -0.302468 0.000000
vn 0.929814 -0.327492 -0.167916
vn 0.821950 -0.418341 -0.386510
vn 0.417643 -0.595592 -0.686181
vn -0.417643 -0.595592 -0.686181
vn -0.821950 -0.418341 -0.386510
vn -0.929814 -0.327492 -0.167916
vn -0.953159 -0.302468 -0.000000
vn -0.929814 -0.327492 0.167916
vn -0.821950 -0.418341 0.386510
vn -0.417643 -0.595592 0.686181
vn 0.417643 0.595592 0.686181
vn 0.821950 0.418341 0.386510
vn 0.929814 0.327492 0.167916
vn 0.953159 0.302468 0.000000
vn 0.929814 0.327492 -0.167916
vn 0.821950 0.418341 -0.386510
vn 0.417643 0.595592 -0.686181
vn -0.417643 0.595592 -0.686181
vn -0.821950 0.418341 -0.386510
vn -0.929814 0.327492 -0.167916
vn -0.953159 0.302468 -0.000000
vn -0.929814 0.327492 0.167916
vn -0.821950 0.418341 0.386510
vn -0.417643 0.595592 0.686181
vn 0.193719 0.927994 0.318276
vn 0.491228 0.839844 0.230993
vn 0.641180 0.758604 0.115791
vn 0.684179 0.729314 0.000000
vn 0.641180 0.758604 -0.115791
vn 0.491228 0.839844 -0.230993
vn 0.193719 0.927994 -0.318276
vn -0.193719 0.927994 -0.318276
vn -0.491228 0.839844 -0.230993
vn -0.641180 0.758604 -0.115791
vn -0.684179 0.729314 -0.000000
vn -0.641180 0.758604 0.115791
vn -0.491228 0.839844 0.230993
vn -0.193719 0.927994 0.318276
vn 0.091737 0.984311 0.150722
vn 0.250900 0.960796 0.117982
vn 0.352339 0.933707 0.063629
vn 0.386317 0.922366 0.000000
vn 0.352339 0.933707 -0.063629
vn 0.250900 0.960796 -0.117982
vn 0.091737 0.984311 -0.150722
vn -0.091737 0.984311 -0.150722
vn -0.250900 0.960796 -0.117982
vn -0.352339 0.933707 -0.063629
vn -0.386317 0.922366 -0.000000
vn -0.352339 0.933707 0.063629
vn -0.250900 0.960796 0.117982
vn -0.091737 0.984311 0.150722
vn 0.027705 0.998579 0.045519
vn 0.077454 0.996330 0.036421
vn 0.111611 0.993548 0.020156
vn 0.123726 0.992316 0.000000
vn 0.111611 0.993548 -0.020156
vn 0.077454 0.996330 -0.036421
vn 0.027705 0.998579 -0.045519
vn -0.027705 0.998579 -0.045519
vn -0.077454 0.996330 -0.036421
vn -0.111611 0.993548 -0.020156
vn -0.123726 0.992316 -0.000000
vn -0.111611 0.993548 0.020156
vn -0.077454 0.996330 0.036421
vn -0.027705 0.998579 0.045519
vn 0.095250 -0.965666 0.241697
vn 0.249000 -0.957007 0.148783
vn 0.306807 -0.951771 0.001199
vn 0.250155 -0.957007 -0.146832
vn 0.097136 -0.965666 -0.240945
vn -0.095250 -0.965666 -0.241697
vn -0.249000 -0.957007 -0.148783
vn -0.306807 -0.951771 -0.001199
vn -0.250155 -0.957007 0.146832
vn -0.097136 -0.965666 0.240945
vn 0.275586 -0.659565 0.699304
vn 0.677249 -0.614471 0.404671
vn 0.806788 -0.590832 0.003153
vn 0.680391 -0.614471 -0.399366
vn 0.281043 -0.659565 -0.697129
vn -0.275586 -0.659565 -0.699304
vn -0.677249 -0.614471 -0.404671
vn -0.806788 -0.590832 -0.003153
vn -0.680391 -0.614471 0.399366
vn -0.281043 -0.659565 0.697129
vn 0.366643 0.000000 0.930362
vn 0.858430 -0.000000 0.512931
vn 0.999992 0.000000 0.003908
vn 0.862413 0.000000 -0.506206
vn 0.373903 -0.000000 -0.927468
vn -0.366643 0.000000 -0.930362
vn -0.858430 -0.000000 -0.512931
vn -0.999992 0.000000 -0.003908
vn -0.862413 0.000000 0.506206
vn -0.373903 -0.000000 0.927468
vn 0.275586 0.659565 0.699304
vn 0.677249 0.614471 0.404671
vn 0.806788 0.590832 0.003153
vn 0.680391 0.614471 -0.399366
vn 0.281043 0.659565 -0.697129
vn -0.275586 0.659565 -0.699304
vn -0.677249 0.614471 -0.404671
vn -0.806788 0.590832 -0.003153
vn -0.680391 0.614471 0.399366
vn -0.281043 0.659565 0.697129
vn 0.095250 0.965666 0.241697
vn 0.249000 0.957007 0.148783
vn 0.306807 0.951771 0.001199
vn 0.250155 0.957007 -0.146832
vn 0.097136 0.965666 -0.240945
vn -0.095250 0.965666 -0.241697
vn -0.249000 0.957007 -0.148783
vn -0.306807 0.951771 -0.001199
vn -0.250155 0.957007 0.146832
vn -0.097136 0.965666 0.240945
vn 0.721121 -0.307901 0.620630
vn -0.163315 -0.292030 0.942362
vn -0.884501 -0.321380 0.338192
vn -0.721250 -0.366600 -0.587710
vn 0.163187 -0.382472 -0.909442
vn 0.884372 -0.353122 -0.305272
vn 0.330420 -0.887597 0.320929
vn -0.075006 -0.880321 0.468411
vn -0.405598 -0.893775 0.191459
vn -0.330763 -0.914504 -0.232975
vn 0.074662 -0.921780 -0.380457
vn 0.405254 -0.908326 -0.103505
vn 0.149216 0.807124 -0.571214
vn -0.730518 0.614829 -0.297202
vn -0.880485 0.085219 0.466351
vn -0.150719 -0.252096 0.955893
vn 0.729014 -0.059801 0.681881
vn 0.878982 0.469809 -0.081672
vn 0.066737 0.984222 0.163870
vn -0.336533 0.896074 0.289477
vn -0.405278 0.653301 0.639490
vn -0.070753 0.498675 0.863896
vn 0.332517 0.586823 0.738289
vn 0.401262 0.829597 0.388276
vn -0.839824 0.542791 -0.008548
vn -0.790288 -0.187387 0.583379
vn 0.048511 -0.517590 0.854252
vn 0.837774 -0.117616 0.533199
vn 0.788238 0.612562 -0.058728
vn -0.050561 0.942765 -0.329602
vn -0.387245 0.719347 0.576699
vn -0.364537 0.384633 0.848039
vn 0.019969 0.233268 0.972208
vn 0.381767 0.416616 0.825036
vn 0.359059 0.751330 0.553697
vn -0.025446 0.902695 0.429528
vn 0.045594 -0.973653 0.223430
vn 0.204706 -0.963143 0.174502
vn 0.284241 -0.956815 0.060930
vn 0.258246 -0.963143 -0.075264
vn 0.133168 -0.973653 -0.185111
vn -0.045594 -0.973653 -0.223430
vn -0.204706 -0.963143 -0.174502
vn -0.284241 -0.956815 -0.060930
vn -0.258246 -0.963143 0.075264
vn -0.133168 -0.973653 0.185111
vn 0.140819 -0.709902 0.690079
vn 0.581206 -0.645545 0.495451
vn 0.772108 -0.613560 0.165509
vn 0.733218 -0.645545 -0.213691
vn 0.411299 -0.709902 -0.571727
vn -0.140819 -0.709902 -0.690079
vn -0.581206 -0.645545 -0.495451
vn -0.772108 -0.613560 -0.165509
vn -0.733218 -0.645545 0.213691
vn -0.411299 -0.709902 0.571727
vn 0.199941 0.000000 0.979808
vn 0.761017 -0.000000 0.648731
vn 0.977788 0.000000 0.209599
vn 0.960058 0.000000 -0.279802
vn 0.583983 -0.000000 -0.811766
vn -0.199941 0.000000 -0.979808
vn -0.761017 -0.000000 -0.648731
vn -0.977788 0.000000 -0.209599
vn -0.960058 0.000000 0.279802
vn -0.583983 -0.000000 0.811766
vn 0.140819 0.709902 0.690079
vn 0.581206 0.645545 0.495451
vn 0.772108 0.613560 0.165509
vn 0.733218 0.645545 -0.213691
vn 0.411299 0.709902 -0.571727
vn -0.140819 0.709902 -0.690079
vn -0.581206 0.645545 -0.495451
vn -0.772108 0.613560 -0.165509
vn -0.733218 0.645545 0.213691
vn -0.411299 0.709902 0.571727
vn 0.045594 0.973653 0.223430
vn 0.204706 0.963143 0.174502
vn 0.284241 0.956815 0.060930
vn 0.258246 0.963143 -0.075264
vn 0.133168 0.973653 -0.185111
vn -0.045594 0.973653 -0.223430
vn -0.204706 0.963143 -0.174502
vn -0.284241 0.956815 -0.060930
vn -0.258246 0.963143 0.075264
vn -0.133168 0.973653 0.185111
vn 0.923236 -0.351253 0.155746
vn 0.377309 -0.192372 0.905887
vn -0.558962 -0.172995 0.810947
vn -0.949305 -0.312499 -0.034134
vn -0.403377 -0.471380 -0.784275
vn 0.532893 -0.490757 -0.689335
vn 0.394362 -0.895573 0.205979
vn 0.144109 -0.822742 0.549844
vn -0.285078 -0.813860 0.506323
vn -0.464011 -0.877808 0.118938
vn -0.213758 -0.950640 -0.224927
vn 0.215429 -0.959522 -0.181406
vn 0.865032 0.331546 0.376559
vn 0.345866 0.928796 -0.133098
vn -0.578445 0.781701 -0.233120
vn -0.983589 0.037357 0.176515
vn -0.464423 -0.559893 0.686172
vn 0.459888 -0.412798 0.786194
vn 0.265327 0.560238 0.784688
vn 0.027341 0.834017 0.551061
vn -0.396363 0.766588 0.505211
vn -0.582081 0.425381 0.692988
vn -0.344096 0.151602 0.926615
vn 0.079609 0.219030 0.972465
vn 0.446846 0.673855 -0.588429
vn -0.490859 0.602791 -0.629047
vn -0.966915 0.236487 0.095648
vn -0.505266 -0.058754 0.860961
vn 0.432439 0.012310 0.901579
vn 0.908495 0.378614 0.176884
vn 0.140182 0.989613 0.031869
vn -0.289662 0.957037 0.013250
vn -0.507886 0.789123 0.345450
vn -0.296266 0.653785 0.696270
vn 0.133578 0.686360 0.714889
vn 0.351802 0.854274 0.382689
vn -0.050404 -0.973785 0.221815
vn 0.088744 -0.974066 0.208135
vn 0.194043 -0.974240 0.114911
vn 0.225169 -0.974066 -0.022238
vn 0.170273 -0.973785 -0.150829
vn 0.050404 -0.973785 -0.221815
vn -0.088744 -0.974066 -0.208135
vn -0.194043 -0.974240 -0.114911
vn -0.225169 -0.974066 0.022238
vn -0.170273 -0.973785 0.150829
vn -0.155856 -0.710823 0.685886
vn 0.275090 -0.712790 0.645179
vn 0.602424 -0.714013 0.356751
vn 0.697982 -0.712790 -0.068934
vn 0.526511 -0.710823 -0.466387
vn 0.155856 -0.710823 -0.685886
vn -0.275090 -0.712790 -0.645179
vn -0.602424 -0.714013 -0.356751
vn -0.697982 -0.712790 0.068934
vn -0.526511 -0.710823 0.466387
vn -0.221584 0.000000 0.975141
vn 0.392214 -0.000000 0.919874
vn 0.860443 0.000000 0.509547
vn 0.995158 0.000000 -0.098284
vn 0.748554 0.000000 -0.663074
vn 0.221584 0.000000 -0.975141
vn -0.392214 -0.000000 -0.919874
vn -0.860443 -0.000000 -0.509547
vn -0.995158 0.000000 0.098284
vn -0.748554 -0.000000 0.663074
vn -0.155856 0.710823 0.685886
vn 0.275090 0.712790 0.645179
vn 0.602424 0.714013 0.356751
vn 0.697982 0.712790 -0.068934
vn 0.526511 0.710823 -0.466387
vn 0.155856 0.710823 -0.685886
vn -0.275090 0.712790 -0.645179
vn -0.602424 0.714013 -0.356751
vn -0.697982 0.712790 0.068934
vn -0.526511 0.710823 0.466387
vn -0.050404 0.973785 0.221815
vn 0.088744 0.974066 0.208135
vn 0.194043 0.974240 0.114911
vn 0.225169 0.974066 -0.022238
vn 0.170273 0.973785 -0.150829
vn 0.050404 0.973785 -0.221815
vn -0.088744 0.974066 -0.208135
vn -0.194043 0.974240 -0.114911
vn -0.225169 0.974066 0.022238
vn -0.170273 0.973785 0.150829
vn -0.229155 -0.779310 -0.583236
vn 0.591056 -0.797381 -0.121805
vn 0.707682 -0.273489 0.651452
vn 0.004097 0.268474 0.963278
vn -0.816114 0.286546 0.501847
vn -0.932740 -0.237346 -0.271410
vn -0.354111 -0.922565 0.153228
vn 0.021874 -0.930849 0.364748
vn 0.075335 -0.690697 0.719210
vn -0.247188 -0.442261 0.862150
vn -0.623173 -0.433977 0.650630
vn -0.676634 -0.674129 0.296169
vn 0.793591 -0.352981 0.495598
vn 0.058900 -0.045432 0.997230
vn -0.796028 -0.007917 0.605208
vn -0.916265 -0.277951 -0.288446
vn -0.181574 -0.585500 -0.790077
vn 0.673354 -0.623014 -0.398055
vn 0.228022 -0.860043 0.456434
vn -0.108761 -0.719063 0.686381
vn -0.500660 -0.701866 0.506678
vn -0.555777 -0.825650 0.097028
vn -0.218994 -0.966630 -0.132920
vn 0.172905 -0.983827 0.046783
vn -0.665486 0.721400 0.191600
vn -0.977402 -0.077271 -0.196762
vn -0.479968 -0.871030 -0.104581
vn 0.329381 -0.866118 0.375962
vn 0.641296 -0.067447 0.764323
vn 0.143863 0.726312 0.672142
vn -0.677019 0.170533 0.715936
vn -0.820001 -0.195578 0.537911
vn -0.591977 -0.559437 0.580167
vn -0.220971 -0.557185 0.800448
vn -0.077989 -0.191074 0.978472
vn -0.306013 0.172785 0.936217
vn 0.075603 -0.980465 0.181586
vn 0.217446 -0.968461 0.121653
vn 0.275097 -0.961260 0.017347
vn 0.231005 -0.968461 -0.093376
vn 0.097813 -0.980465 -0.170651
vn -0.075603 -0.980465 -0.181586
vn -0.217446 -0.968461 -0.121653
vn -0.275097 -0.961260 -0.017347
vn -0.231005 -0.968461 0.093376
vn -0.097813 -0.980465 0.170651
vn 0.248902 -0.762008 0.597823
vn 0.643031 -0.676083 0.359753
vn 0.770507 -0.635577 0.048585
vn 0.683128 -0.676083 -0.276131
vn 0.322024 -0.762008 -0.561822
vn -0.248902 -0.762008 -0.597823
vn -0.643031 -0.676083 -0.359753
vn -0.770507 -0.635577 -0.048585
vn -0.683128 -0.676083 0.276131
vn -0.322024 -0.762008 0.561822
vn 0.384364 0.000000 0.923182
vn 0.872705 -0.000000 0.488248
vn 0.998018 -0.000000 0.062931
vn 0.927123 0.000000 -0.374757
vn 0.497283 0.000000 -0.867588
vn -0.384364 0.000000 -0.923182
vn -0.872705 0.000000 -0.488248
vn -0.998018 0.000000 -0.062931
vn -0.927123 0.000000 0.374757
vn -0.497283 0.000000 0.867588
vn 0.248902 0.762008 0.597823
vn 0.643031 0.676083 0.359753
vn 0.770507 0.635577 0.048585
vn 0.683128 0.676083 -0.276131
vn 0.322024 0.762008 -0.561822
vn -0.248902 0.762008 -0.597823
vn -0.643031 0.676083 -0.359753
vn -0.770507 0.635577 -0.048585
vn -0.683128 0.676083 0.276131
vn -0.322024 0.762008 0.561822
vn 0.075603 0.980465 0.181586
vn 0.217446 0.968461 0.121653
vn 0.275097 0.961260 0.017347
vn 0.231005 0.968461 -0.093376
vn 0.097813 0.980465 -0.170651
vn -0.075603 0.980465 -0.181586
vn -0.217446 0.968461 -0.121653
vn -0.275097 0.961260 -0.017347
vn -0.231005 0.968461 0.093376
vn -0.097813 0.980465 0.170651
vn 0.666354 -0.436185 0.604744
vn 0.879835 0.407124 0.245235
vn 0.194042 0.979655 -0.051222
vn -0.705233 0.708877 0.011830
vn -0.918714 -0.134432 0.371339
vn -0.232921 -0.706963 0.667796
vn 0.262431 0.101835 0.959562
vn 0.360290 0.488408 0.794763
vn 0.045923 0.750856 0.658867
vn -0.366305 0.626732 0.687770
vn -0.464165 0.240159 0.852569
vn -0.149797 -0.022290 0.988465
vn 0.765234 -0.576374 -0.286723
vn 0.838482 -0.117834 0.532036
vn 0.062805 0.164481 0.984379
vn -0.786121 -0.011743 0.617962
vn -0.859369 -0.470282 -0.200798
vn -0.083692 -0.752598 -0.653141
vn 0.327669 -0.915064 0.235139
vn 0.361246 -0.704870 0.610459
vn 0.005675 -0.575456 0.817813
vn -0.383473 -0.656237 0.649847
vn -0.417050 -0.866432 0.274528
vn -0.061479 -0.995845 0.067174
vn -0.379437 0.784086 -0.491158
vn -0.946378 0.309800 0.091612
vn -0.579888 -0.206539 0.788081
vn 0.353544 -0.248592 0.901781
vn 0.920486 0.225695 0.319011
vn 0.553995 0.742034 -0.377459
vn -0.202588 0.952045 0.229279
vn -0.462474 0.734632 0.496421
vn -0.294475 0.497942 0.815683
vn 0.133410 0.478665 0.867803
vn 0.393296 0.696078 0.600661
vn 0.225297 0.932768 0.281399
vn -0.022482 -0.973272 0.228551
vn 0.148276 -0.961134 0.232886
vn 0.260132 -0.953855 0.149973
vn 0.275838 -0.961134 0.011627
vn 0.186525 -0.973272 -0.133976
vn 0.022482 -0.973272 -0.228551
vn -0.148276 -0.961134 -0.232886
vn -0.260132 -0.953855 -0.149973
vn -0.275838 -0.961134 -0.011627
vn -0.186525 -0.973272 0.133976
vn -0.069205 -0.707267 0.703551
vn 0.414928 -0.634924 0.651696
vn 0.693097 -0.599956 0.399588
vn 0.771890 -0.634924 0.032535
vn 0.574181 -0.707267 -0.412420
vn 0.069205 -0.707267 -0.703551
vn -0.414928 -0.634924 -0.651696
vn -0.693097 -0.599956 -0.399588
vn -0.771890 -0.634924 -0.032535
vn -0.574181 -0.707267 0.412420
vn -0.097893 0.000000 0.995197
vn 0.537071 -0.000000 0.843537
vn 0.866335 0.000000 0.499464
vn 0.999113 0.000000 0.042113
vn 0.812198 -0.000000 -0.583382
vn 0.097893 0.000000 -0.995197
vn -0.537071 -0.000000 -0.843537
vn -0.866335 -0.000000 -0.499464
vn -0.999113 0.000000 -0.042113
vn -0.812198 -0.000000 0.583382
vn -0.069205 0.707267 0.703551
vn 0.414928 0.634924 0.651696
vn 0.693097 0.599956 0.399588
vn 0.771890 0.634924 0.032535
vn 0.574181 0.707267 -0.412420
vn 0.069205 0.707267 -0.703551
vn -0.414928 0.634924 -0.651696
vn -0.693097 0.599956 -0.399588
vn -0.771890 0.634924 -0.032535
vn -0.574181 0.707267 0.412420
vn -0.022482 0.973272 0.228551
vn 0.148276 0.961134 0.232886
vn 0.260132 0.953855 0.149973
vn 0.275838 0.961134 0.011627
vn 0.186525 0.973272 -0.133976
vn 0.022482 0.973272 -0.228551
vn -0.148276 0.961134 -0.232886
vn -0.260132 0.953855 -0.149973
vn -0.275838 0.961134 -0.011627
vn -0.186525 0.973272 0.133976
vn -0.996241 -0.026754 0.082392
vn -0.593123 -0.548457 -0.589407
vn 0.309636 -0.802733 -0.509652
vn 0.809277 -0.535308 0.241903
vn 0.406159 -0.013605 0.913701
vn -0.496600 0.240671 0.833946
vn -0.663586 -0.634285 0.396657
vn -0.478796 -0.873433 0.088705
vn -0.064971 -0.989994 0.125264
vn 0.164064 -0.867406 0.469777
vn -0.020725 -0.628257 0.777730
vn -0.434550 -0.511697 0.741170
vn 0.598123 -0.307379 0.740113
vn 0.455245 0.617715 0.641233
vn -0.311504 0.930313 0.193606
vn -0.935373 0.317817 -0.155143
vn -0.792495 -0.607278 -0.056264
vn -0.025747 -0.919876 0.391364
vn -0.099047 -0.129352 0.986640
vn -0.164542 0.294712 0.941313
vn -0.516020 0.438007 0.736121
vn -0.802002 0.157238 0.576254
vn -0.736506 -0.266825 0.621581
vn -0.385029 -0.410120 0.826773
vn -0.954873 -0.213933 0.206034
vn -0.637583 -0.394892 -0.661475
vn 0.284399 -0.512127 -0.810458
vn 0.889091 -0.448404 -0.091933
vn 0.571800 -0.267445 0.775576
vn -0.350181 -0.150209 0.924559
vn -0.510514 -0.831059 0.220719
vn -0.365068 -0.914011 -0.176947
vn 0.057569 -0.967751 -0.245241
vn 0.334760 -0.938540 0.084131
vn 0.189314 -0.855589 0.481797
vn -0.233323 -0.801848 0.550091
vn 0.036713 -0.983941 0.174677
vn 0.175876 -0.973307 0.147447
vn 0.246624 -0.966905 0.065352
vn 0.225813 -0.973307 -0.041005
vn 0.118395 -0.983941 -0.133575
vn -0.036713 -0.983941 -0.174677
vn -0.175876 -0.973307 -0.147447
vn -0.246624 -0.966905 -0.065352
vn -0.225813 -0.973307 0.041005
vn -0.118395 -0.983941 0.133575
vn 0.125326 -0.792924 0.596293
vn 0.541565 -0.707509 0.454025
vn 0.720412 -0.666756 0.190899
vn 0.695333 -0.707509 -0.126264
vn 0.404165 -0.792924 -0.455986
vn -0.125326 -0.792924 -0.596293
vn -0.541565 -0.707509 -0.454025
vn -0.720412 -0.666756 -0.190899
vn -0.695333 -0.707509 0.126264
vn -0.404165 -0.792924 0.455986
vn 0.205681 0.000000 0.978619
vn 0.766325 0.000000 0.642453
vn 0.966638 0.000000 0.256146
vn 0.983910 0.000000 -0.178666
vn 0.663303 -0.000000 -0.748351
vn -0.205681 0.000000 -0.978619
vn -0.766325 -0.000000 -0.642453
vn -0.966638 0.000000 -0.256146
vn -0.983910 0.000000 0.178666
vn -0.663303 -0.000000 0.748351
vn 0.125326 0.792924 0.596293
vn 0.541565 0.707509 0.454025
vn 0.720412 0.666756 0.190899
vn 0.695333 0.707509 -0.126264
vn 0.404165 0.792924 -0.455986
vn -0.125326 0.792924 -0.596293
vn -0.541565 0.707509 -0.454025
vn -0.720412 0.666756 -0.190899
vn -0.695333 0.707509 0.126264
vn -0.404165 0.792924 0.455986
vn 0.036713 0.983941 0.174677
vn 0.175876 0.973307 0.147447
vn 0.246624 0.966905 0.065352
vn 0.225813 0.973307 -0.041005
vn 0.118395 0.983941 -0.133575
vn -0.036713 0.983941 -0.174677
vn -0.175876 0.973307 -0.147447
vn -0.246624 0.966905 -0.065352
vn -0.225813 0.973307 0.041005
vn -0.118395 0.983941 0.133575
vn -0.470160 -0.649145 -0.597964
vn 0.462436 -0.731687 -0.500787
vn 0.889796 -0.375953 0.258692
vn 0.384562 0.062322 0.920993
vn -0.548034 0.144864 0.823816
vn -0.975395 -0.210869 0.064338
vn -0.310251 -0.946991 0.083382
vn 0.117251 -0.984828 0.127928
vn 0.313153 -0.821760 0.476073
vn 0.081554 -0.620854 0.779672
vn -0.345948 -0.583017 0.735126
vn -0.541851 -0.746085 0.386981
vn 0.790158 -0.056964 0.610251
vn 0.067318 0.486636 0.871007
vn -0.790234 0.331983 0.515090
vn -0.924947 -0.366270 -0.101584
vn -0.202108 -0.909869 -0.362341
vn 0.655445 -0.755216 -0.006423
vn 0.213040 -0.494494 0.842668
vn -0.118310 -0.245308 0.962199
vn -0.511412 -0.316201 0.799046
vn -0.573164 -0.636280 0.516363
vn -0.241814 -0.885466 0.396832
vn 0.151288 -0.814573 0.559984
vn 0.840398 -0.464510 -0.279218
vn 0.736376 -0.245769 0.630355
vn -0.124322 -0.109478 0.986184
vn -0.880999 -0.191928 0.432439
vn -0.776978 -0.410669 -0.477134
vn 0.083721 -0.546960 -0.832962
vn 0.340306 -0.939395 0.041573
vn 0.292622 -0.839125 0.458522
vn -0.101922 -0.776649 0.621634
vn -0.448783 -0.814444 0.367797
vn -0.401100 -0.914715 -0.049151
vn -0.006555 -0.977191 -0.212263
vn -0.065692 -0.941973 0.329198
vn 0.146738 -0.938822 0.311578
vn 0.302276 -0.936891 0.175684
vn 0.343363 -0.938822 -0.026728
vn 0.253522 -0.941973 -0.220030
vn 0.065692 -0.941973 -0.329198
vn -0.146738 -0.938822 -0.311578
vn -0.302276 -0.936891 -0.175684
vn -0.343363 -0.938822 0.026728
vn -0.253522 -0.941973 0.220030
vn -0.163145 -0.552252 0.817558
vn 0.358291 -0.541146 0.760782
vn 0.730656 -0.534608 0.424661
vn 0.838392 -0.541146 -0.065263
vn 0.629619 -0.552252 -0.546441
vn 0.163145 -0.552252 -0.817558
vn -0.358291 -0.541146 -0.760782
vn -0.730656 -0.534608 -0.424661
vn -0.838392 -0.541146 0.065263
vn -0.629619 -0.552252 0.546441
vn -0.195693 0.000000 0.980665
vn 0.426066 0.000000 0.904692
vn 0.864579 0.000000 0.502498
vn 0.996984 0.000000 -0.077608
vn 0.755231 0.000000 -0.655459
vn 0.195693 0.000000 -0.980665
vn -0.426066 -0.000000 -0.904692
vn -0.864579 0.000000 -0.502498
vn -0.996984 0.000000 0.077608
vn -0.755231 0.000000 0.655459
vn -0.163145 0.552252 0.817558
vn 0.358291 0.541146 0.760782
vn 0.730656 0.534608 0.424661
vn 0.838392 0.541146 -0.065263
vn 0.629619 0.552252 -0.546441
vn 0.163145 0.552252 -0.817558
vn -0.358291 0.541146 -0.760782
vn -0.730656 0.534608 -0.424661
vn -0.838392 0.541146 0.065263
vn -0.629619 0.552252 0.546441
vn -0.065692 0.941973 0.329198
vn 0.146738 0.938822 0.311578
vn 0.302276 0.936891 0.175684
vn 0.343363 0.938822 -0.026728
vn 0.253522 0.941973 -0.220030
vn 0.065692 0.941973 -0.329198
vn -0.146738 0.938822 -0.311578
vn -0.302276 0.936891 -0.175684
vn -0.343363 0.938822 0.026728
vn -0.253522 0.941973 0.220030
vn 0.059542 0.891998 0.448102
vn -0.731356 0.681785 -0.016960
vn -0.960526 -0.217692 -0.173206
vn -0.398797 -0.906957 0.135609
vn 0.392100 -0.696744 0.600670
vn 0.621270 0.202733 0.756917
vn -0.348152 0.392337 0.851388
vn -0.710700 0.295975 0.638204
vn -0.815751 -0.116346 0.566581
vn -0.558255 -0.432305 0.708141
vn -0.195707 -0.335943 0.921326
vn -0.090656 0.076378 0.992949
vn -0.897386 0.364710 -0.248367
vn -0.855658 -0.506843 0.104687
vn -0.119579 -0.766849 0.630590
vn 0.574774 -0.155303 0.803440
vn 0.533047 0.716249 0.450387
vn -0.203033 0.976256 -0.075516
vn -0.768388 0.398928 0.500435
vn -0.749261 -0.000591 0.662275
vn -0.411842 -0.119778 0.903349
vn -0.093550 0.160554 0.982584
vn -0.112678 0.560074 0.820744
vn -0.450097 0.679261 0.579670
vn -0.602594 0.643103 -0.472545
vn -0.997694 -0.067861 0.001181
vn -0.524038 -0.491491 0.695572
vn 0.344718 -0.204157 0.916237
vn 0.739818 0.506807 0.442510
vn 0.266163 0.930437 -0.251880
vn -0.561614 0.780570 0.274408
vn -0.742728 0.454664 0.491564
vn -0.525604 0.260472 0.809873
vn -0.127366 0.392186 0.911026
vn 0.053748 0.718092 0.693870
vn -0.163376 0.912284 0.375561
vn -0.009412 -0.978801 0.204599
vn 0.151740 -0.965307 0.212501
vn 0.252673 -0.957242 0.140868
vn 0.260539 -0.965307 0.017349
vn 0.169090 -0.978801 -0.115577
vn 0.009412 -0.978801 -0.204599
vn -0.151740 -0.965307 -0.212501
vn -0.252673 -0.957242 -0.140868
vn -0.260539 -0.965307 -0.017349
vn -0.169090 -0.978801 0.115577
vn -0.030482 -0.748332 0.662624
vn 0.437834 -0.657526 0.613156
vn 0.688322 -0.615590 0.383747
vn 0.751767 -0.657526 0.050058
vn 0.547621 -0.748332 -0.374314
vn 0.030482 -0.748332 -0.662624
vn -0.437834 -0.657526 -0.613156
vn -0.688322 -0.615590 -0.383747
vn -0.751767 -0.657526 -0.050058
vn -0.547621 -0.748332 0.374314
vn -0.045954 0.000000 0.998944
vn 0.581120 0.000000 0.813818
vn 0.873432 -0.000000 0.486947
vn 0.997790 0.000000 0.066441
vn 0.825570 -0.000000 -0.564299
vn 0.045954 0.000000 -0.998944
vn -0.581120 0.000000 -0.813818
vn -0.873432 0.000000 -0.486947
vn -0.997790 0.000000 -0.066441
vn -0.825570 -0.000000 0.564299
vn -0.030482 0.748332 0.662624
vn 0.437834 0.657526 0.613156
vn 0.688322 0.615590 0.383747
vn 0.751767 0.657526 0.050058
vn 0.547621 0.748332 -0.374314
vn 0.030482 0.748332 -0.662624
vn -0.437834 0.657526 -0.613156
vn -0.688322 0.615590 -0.383747
vn -0.751767 0.657526 -0.050058
vn -0.547621 0.748332 0.374314
vn -0.009412 0.978801 0.204599
vn 0.151740 0.965307 0.212501
vn 0.252673 0.957242 0.140868
vn 0.260539 0.965307 0.017349
vn 0.169090 0.978801 -0.115577
vn 0.009412 0.978801 -0.204599
vn -0.151740 0.965307 -0.212501
vn -0.252673 0.957242 -0.140868
vn -0.260539 0.965307 -0.017349
vn -0.169090 0.978801 0.115577
vn -0.119636 0.984538 0.127952
vn -0.855140 0.485469 -0.181813
vn -0.897448 -0.440699 -0.019288
vn -0.204251 -0.867797 0.453000
vn 0.531253 -0.368728 0.762764
vn 0.573561 0.557440 0.600240
vn -0.413278 0.580507 0.701579
vn -0.750434 0.351733 0.559583
vn -0.769828 -0.072822 0.634084
vn -0.452066 -0.268604 0.850581
vn -0.114911 -0.039831 0.992577
vn -0.095517 0.384725 0.918076
vn -0.949111 0.280794 -0.142631
vn -0.769189 -0.637634 -0.042083
vn 0.015503 -0.918350 0.395465
vn 0.620273 -0.280639 0.732463
vn 0.440352 0.637788 0.631915
vn -0.344340 0.918505 0.194367
vn -0.798989 0.128887 0.587371
vn -0.716513 -0.292120 0.633462
vn -0.356810 -0.420801 0.834034
vn -0.079583 -0.128474 0.988515
vn -0.162059 0.292533 0.942423
vn -0.521762 0.421214 0.741851
vn 0.639272 -0.260319 0.723578
vn -0.252275 -0.078379 0.964476
vn -0.936214 -0.143014 0.321015
vn -0.728605 -0.389589 -0.563343
vn 0.162943 -0.571529 -0.804241
vn 0.846881 -0.506894 -0.160781
vn 0.194180 -0.838568 0.509016
vn -0.214505 -0.755167 0.619444
vn -0.528023 -0.784795 0.324481
vn -0.432855 -0.897825 -0.080909
vn -0.024169 -0.981227 -0.191337
vn 0.289348 -0.951598 0.103626
vn 0.196598 0.164973 -0.966506
vn 0.499361 -0.860999 -0.096534
vn 0.989004 -0.024884 0.145782
vn 0.499361 0.844271 0.194539
vn -0.479924 0.877309 0.000981
vn -0.969567 0.041193 -0.241335
vn -0.479924 -0.827961 -0.290092
vn -0.196598 -0.164973 0.966506
vn -0.161017 -0.134060 -0.977804
vn 0.484119 -0.874879 -0.014682
vn 0.976883 -0.029037 -0.211794
vn 0.484119 0.838644 -0.249611
vn -0.501409 0.860483 -0.090316
vn -0.994173 0.014642 0.106795
vn -0.501409 -0.853039 0.144612
vn 0.161017 0.134060 0.977804
vn -0.172468 -0.156826 -0.972451
vn 0.477355 -0.878378 -0.024188
vn 0.968325 -0.039754 -0.246507
vn 0.477355 0.826243 -0.299090
vn -0.504586 0.853616 -0.129353
vn -0.995556 0.014993 0.092966
vn -0.504586 -0.851004 0.145549
vn 0.172468 0.156826 0.972451
vn 0.215739 -0.902123 0.373672
vn 0.431479 -0.902123 0.000000
vn 0.215739 -0.902123 -0.373672
vn -0.215739 -0.902123 -0.373672
vn -0.431479 -0.902123 -0.000000
vn -0.215739 -0.902123 0.373672
vn 0.470635 -0.337652 0.815165
vn 0.941271 -0.337652 0.000000
vn 0.470635 -0.337652 -0.815165
vn -0.470635 -0.337652 -0.815165
vn -0.941271 -0.337652 -0.000000
vn -0.470635 -0.337652 0.815165
vn 0.470635 0.337652 0.815165
vn 0.941271 0.337652 0.000000
vn 0.470635 0.337652 -0.815165
vn -0.470635 0.337652 -0.815165
vn -0.941271 0.337652 0.000000
vn -0.470635 0.337652 0.815165
vn 0.215739 0.902123 0.373672
vn 0.431479 0.902123 0.000000
vn 0.215739 0.902123 -0.373672
vn -0.215739 0.902123 -0.373672
vn -0.431479 0.902123 0.000000
vn -0.215739 0.902123 0.373672
vn 0.215739 -0.902123 0.373672
vn 0.431479 -0.902123 0.000000
vn 0.215739 -0.902123 -0.373672
vn -0.215739 -0.902123 -0.373672
vn -0.431479 -0.902123 0.000000
vn -0.215739 -0.902123 0.373672
vn 0.470635 -0.337652 0.815165
vn 0.941271 -0.337652 0.000000
vn 0.470635 -0.337652 -0.815165
vn -0.470635 -0.337652 -0.815165
vn -0.941271 -0.337652 0.000000
vn -0.470635 -0.337652 0.815165
vn 0.470635 0.337652 0.815165
vn 0.941271 0.337652 0.000000
vn 0.470635 0.337652 -0.815165
vn -0.470635 0.337652 -0.815165
vn -0.941271 0.337652 0.000000
vn -0.470635 0.337652 0.815165
vn 0.215739 0.902123 0.373672
vn 0.431479 0.902123 0.000000
vn 0.215739 0.902123 -0.373672
vn -0.215739 0.902123 -0.373672
vn -0.431479 0.902123 0.000000
vn -0.215739 0.902123 0.373672
vn 0.215739 -0.902123 0.373672
vn 0.431479 -0.902123 0.000000
vn 0.215739 -0.902123 -0.373672
vn -0.215739 -0.902123 -0.373672
vn -0.431479 -0.902123 0.000000
vn -0.215739 -0.902123 0.373672
vn 0.470635 -0.337652 0.815165
vn 0.941271 -0.337652 0.000000
vn 0.470635 -0.337652 -0.815165
vn -0.470635 -0.337652 -0.815165
vn -0.941271 -0.337652 0.000000
vn -0.470635 -0.337652 0.815165
vn 0.470635 0.337652 0.815165
vn 0.941271 0.337652 0.000000
vn 0.470635 0.337652 -0.815165
vn -0.470635 0.337652 -0.815165
vn -0.941271 0.337652 0.000000
vn -0.470635 0.337652 0.815165
vn 0.215739 0.902123 0.373672
vn 0.431479 0.902123 0.000000
vn 0.215739 0.902123 -0.373672
vn -0.215739 0.902123 -0.373672
vn -0.431479 0.902123 0.000000
vn -0.215739 0.902123 0.373672
vn 0.215739 -0.902123 0.373672
vn 0.431479 -0.902123 0.000000
vn 0.215739 -0.902123 -0.373672
vn -0.215739 -0.902123 -0.373672
vn -0.431479 -0.902123 0.000000
vn -0.215739 -0.902123 0.373672
vn 0.470635 -0.337652 0.815165
vn 0.941271 -0.337652 0.000000
vn 0.470635 -0.337652 -0.815165
vn -0.470635 -0.337652 -0.815165
vn -0.941271 -0.337652 0.000000
vn -0.470635 -0.337652 0.815165
vn 0.470635 0.337652 0.815165
vn 0.941271 0.337652 0.000000
vn 0.470635 0.337652 -0.815165
vn -0.470635 0.337652 -0.815165
vn -0.941271 0.337652 0.000000
vn -0.470635 0.337652 0.815165
vn 0.215739 0.902123 0.373672
vn 0.431479 0.902123 0.000000
vn 0.215739 0.902123 -0.373672
vn -0.215739 0.902123 -0.373672
vn -0.431479 0.902123 0.000000
vn -0.215739 0.902123 0.373672
vn 0.215739 -0.902123 0.373672
vn 0.431479 -0.902123 0.000000
vn 0.215739 -0.902123 -0.373672
vn -0.215739 -0.902123 -0.373672
vn -0.431479 -0.902123 0.000000
vn -0.215739 -0.902123 0.373672
vn 0.470635 -0.337652 0.815165
vn 0.941271 -0.337652 0.000000
vn 0.470635 -0.337652 -0.815165
vn -0.470635 -0.337652 -0.815165
vn -0.941271 -0.337652 0.000000
vn -0.470635 -0.337652 0.815165
vn 0.470635 0.337652 0.815165
vn 0.941271 0.337652 0.000000
vn 0.470635 0.337652 -0.815165
vn -0.470635 0.337652 -0.815165
vn -0.941271 0.337652 0.000000
vn -0.470635 0.337652 0.815165
vn 0.215739 0.902123 0.373672
vn 0.431479 0.902123 0.000000
vn 0.215739 0.902123 -0.373672
vn -0.215739 0.902123 -0.373672
vn -0.431479 0.902123 0.000000
vn -0.215739 0.902123 0.373672
vn 0.215739 -0.902123 0.373672
vn 0.431479 -0.902123 0.000000
vn 0.215739 -0.902123 -0.373672
vn -0.215739 -0.902123 -0.373672
vn -0.431479 -0.902123 0.000000
vn -0.215739 -0.902123 0.373672
vn 0.470635 -0.337652 0.815165
vn 0.941271 -0.337652 0.000000
vn 0.470635 -0.337652 -0.815165
vn -0.470635 -0.337652 -0.815165
vn -0.941271 -0.337652 0.000000
vn -0.470635 -0.337652 0.815165
vn 0.470635 0.337652 0.815165
vn 0.941271 0.337652 0.000000
vn 0.470635 0.337652 -0.815165
vn -0.470635 0.337652 -0.815165
vn -0.941271 0.337652 -0.000000
vn -0.470635 0.337652 0.815165
vn 0.215739 0.902123 0.373672
vn 0.431479 0.902123 0.000000
vn 0.215739 0.902123 -0.373672
vn -0.215739 0.902123 -0.373672
vn -0.431479 0.902123 0.000000
vn -0.215739 0.902123 0.373672
vn 0.215739 -0.902123 0.373672
vn 0.431479 -0.902123 0.000000
vn 0.215739 -0.902123 -0.373672
vn -0.215739 -0.902123 -0.373672
vn -0.431479 -0.902123 -0.000000
vn -0.215739 -0.902123 0.373672
vn 0.470635 -0.337652 0.815165
vn 0.941271 -0.337652 0.000000
vn 0.470635 -0.337652 -0.815165
vn -0.470635 -0.337652 -0.815165
vn -0.941271 -0.337652 -0.000000
vn -0.470635 -0.337652 0.815165
vn 0.470635 0.337652 0.815165
vn 0.941271 0.337652 0.000000
vn 0.470635 0.337652 -0.815165
vn -0.470635 0.337652 -0.815165
vn -0.941271 0.337652 0.000000
vn -0.470635 0.337652 0.815165
vn 0.215739 0.902123 0.373672
vn 0.431479 0.902123 0.000000
vn 0.215739 0.902123 -0.373672
vn -0.215739 0.902123 -0.373672
vn -0.431479 0.902123 -0.000000
vn -0.215739 0.902123 0.373672
vn 0.215739 -0.902123 0.373672
vn 0.431479 -0.902123 0.000000
vn 0.215739 -0.902123 -0.373672
vn -0.215739 -0.902123 -0.373672
vn -0.431479 -0.902123 -0.000000
vn -0.215739 -0.902123 0.373672
vn 0.470635 -0.337652 0.815165
vn 0.941271 -0.337652 0.000000
vn 0.470635 -0.337652 -0.815165
vn -0.470635 -0.337652 -0.815165
vn -0.941271 -0.337652 -0.000000
vn -0.470635 -0.337652 0.815165
vn 0.470635 0.337652 0.815165
vn 0.941271 0.337652 0.000000
vn 0.470635 0.337652 -0.815165
vn -0.470635 0.337652 -0.815165
vn -0.941271 0.337652 -0.000000
vn -0.470635 0.337652 0.815165
vn 0.215739 0.902123 0.373672
vn 0.431479 0.902123 0.000000
vn 0.215739 0.902123 -0.373672
vn -0.215739 0.902123 -0.373672
vn -0.431479 0.902123 0.000000
vn -0.215739 0.902123 0.373672
vn 0.215739 -0.902123 0.373672
vn 0.431479 -0.902123 0.000000
vn 0.215739 -0.902123 -0.373672
vn -0.215739 -0.902123 -0.373672
vn -0.431479 -0.902123 0.000000
vn -0.215739 -0.902123 0.373672
vn 0.470635 -0.337652 0.815165
vn 0.941271 -0.337652 0.000000
vn 0.470635 -0.337652 -0.815165
vn -0.470635 -0.337652 -0.815165
vn -0.941271 -0.337652 0.000000
vn -0.470635 -0.337652 0.815165
vn 0.470635 0.337652 0.815165
vn 0.941271 0.337652 0.000000
vn 0.470635 0.337652 -0.815165
vn -0.470635 0.337652 -0.815165
vn -0.941271 0.337652 -0.000000
vn -0.470635 0.337652 0.815165
vn 0.215739 0.902123 0.373672
vn 0.431479 0.902123 0.000000
vn 0.215739 0.902123 -0.373672
vn -0.215739 0.902123 -0.373672
vn -0.431479 0.902123 0.000000
vn -0.215739 0.902123 0.373672
vn 0.215739 -0.902123 0.373672
vn 0.431479 -0.902123 0.000000
vn 0.215739 -0.902123 -0.373672
vn -0.215739 -0.902123 -0.373672
vn -0.431479 -0.902123 0.000000
vn -0.215739 -0.902123 0.373672
vn 0.470635 -0.337652 0.815165
vn 0.941271 -0.337652 0.000000
vn 0.470635 -0.337652 -0.815165
vn -0.470635 -0.337652 -0.815165
vn -0.941271 -0.337652 0.000000
vn -0.470635 -0.337652 0.815165
vn 0.470635 0.337652 0.815165
vn 0.941271 0.337652 0.000000
vn 0.470635 0.337652 -0.815165
vn -0.470635 0.337652 -0.815165
vn -0.941271 0.337652 0.000000
vn -0.470635 0.337652 0.815165
vn 0.215739 0.902123 0.373672
vn 0.431479 0.902123 0.000000
vn 0.215739 0.902123 -0.373672
vn -0.215739 0.902123 -0.373672
vn -0.431479 0.902123 0.000000
vn -0.215739 0.902123 0.373672
f 1/1/1 2/2/1 3/3/1
f 1/1/2 4/4/2 2/2/2
f 1/1/3 5/5/3 4/4/3
f 1/1/4 6/6/4 5/5/4
f 1/1/5 7/7/5 6/6/5
f 1/1/6 8/8/6 7/7/6
f 1/1/7 9/9/7 8/8/7
f 1/1/8 10/10/8 9/9/8
f 1/1/9 11/11/9 10/10/9
f 1/1/10 12/12/10 11/11/10
f 1/1/11 13/13/11 12/12/11
f 1/1/12 14/14/12 13/13/12
f 1/1/13 15/15/13 14/14/13
f 1/1/14 3/3/14 15/15/14
f 3/3/15 2/2/15 16/16/15
f 3/3/15 16/16/15 17/17/15
f 2/2/16 4/4/16 18/18/16
f 2/2/16 18/18/16 16/16/16
f 4/4/17 5/5/17 19/19/17
f 4/4/17 19/19/17 18/18/17
f 5/5/18 6/6/18 20/20/18
f 5/5/18 20/20/18 19/19/18
f 6/6/19 7/7/19 21/21/19
f 6/6/19 21/21/19 20/20/19
f 7/7/20 8/8/20 22/22/20
f 7/7/20 22/22/20 21/21/20
f 8/8/21 9/9/21 23/23/21
f 8/8/21 23/23/21 22/22/21
f 9/9/22 10/10/22 24/24/22
f 9/9/22 24/24/22 23/23/22
f 10/10/23 11/11/23 25/25/23
f 10/10/23 25/25/23 24/24/23
f 11/11/24 12/12/24 26/26/24
f 11/11/24 26/26/24 25/25/24
f 12/12/25 13/13/25 27/27/25
f 12/12/25 27/27/25 26/26/25
f 13/13/26 14/14/26 28/28/26
f 13/13/26 28/28/26 27/27/26
f 14/14/27 15/15/27 29/29/27
f 14/14/27 29/29/27 28/28/27
f 15/15/28 3/3/28 17/17/28
f 15/15/28 17/17/28 29/29/28
f 17/17/29 16/16/29 30/30/29
f 17/17/29 30/30/29 31/31/29
f 16/16/30 18/18/30 32/32/30
f 16/16/30 32/32/30 30/30/30
f 18/18/31 19/19/31 33/33/31
f 18/18/31 33/33/31 32/32/31
f 19/19/32 20/20/32 34/34/32
f 19/19/32 34/34/32 33/33/32
f 20/20/33 21/21/33 35/35/33
f 20/20/33 35/35/33 34/34/33
f 21/21/34 22/22/34 36/36/34
f 21/21/34 36/36/34 35/35/34
f 22/22/35 23/23/35 37/37/35
f 22/22/35 37/37/35 36/36/35
f 23/23/36 24/24/36 38/38/36
f 23/23/36 38/38/36 37/37/36
f 24/24/37 25/25/37 39/39/37
f 24/24/37 39/39/37 38/38/37
f 25/25/38 26/26/38 40/40/38
f 25/25/38 40/40/38 39/39/38
f 26/26/39 27/27/39 41/41/39
f 26/26/39 41/41/39 40/40/39
f 27/27/40 28/28/40 42/42/40
f 27/27/40 42/42/40 41/41/40
f 28/28/41 29/29/41 43/43/41
f 28/28/41 43/43/41 42/42/41
f 29/29/42 17/17/42 31/31/42
f 29/29/42 31/31/42 43/43/42
f 31/44/43 30/45/43 44/46/43
f 31/44/43 44/46/43 45/47/43
f 30/48/44 32/49/44 46/50/44
f 30/48/44 46/50/44 44/51/44
f 32/49/45 33/52/45 47/53/45
f 32/49/45 47/53/45 46/50/45
f 33/52/46 34/54/46 48/55/46
f 33/52/46 48/55/46 47/53/46
f 34/54/47 35/56/47 49/57/47
f 34/54/47 49/57/47 48/55/47
f 35/56/48 36/58/48 50/59/48
f 35/56/48 50/59/48 49/57/48
f 36/60/49 37/61/49 51/62/49
f 36/60/49 51/62/49 50/63/49
f 37/61/50 38/64/50 52/65/50
f 37/61/50 52/65/50 51/62/50
f 38/58/51 39/56/51 53/57/51
f 38/58/51 53/57/51 52/59/51
f 39/56/52 40/54/52 54/55/52
f 39/56/52 54/55/52 53/57/52
f 40/54/53 41/52/53 55/53/53
f 40/54/53 55/53/53 54/55/53
f 41/52/54 42/49/54 56/50/54
f 41/52/54 56/50/54 55/53/54
f 42/49/55 43/48/55 57/51/55
f 42/49/55 57/51/55 56/50/55
f 43/66/56 31/44/56 45/47/56
f 43/66/56 45/47/56 57/67/56
f 45/47/57 44/46/57 58/68/57
f 45/47/57 58/68/57 59/69/57
f 44/51/58 46/50/58 60/70/58
f 44/51/58 60/70/58 58/71/58
f 46/50/59 47/53/59 61/72/59
f 46/50/59 61/72/59 60/70/59
f 47/53/60 48/55/60 62/73/60
f 47/53/60 62/73/60 61/72/60
f 48/55/61 49/57/61 63/74/61
f 48/55/61 63/74/61 62/73/61
f 49/57/62 50/59/62 64/75/62
f 49/57/62 64/75/62 63/74/62
f 50/63/63 51/62/63 65/76/63
f 50/63/63 65/76/63 64/77/63
f 51/62/64 52/65/64 66/78/64
f 51/62/64 66/78/64 65/76/64
f 52/59/65 53/57/65 67/74/65
f 52/59/65 67/74/65 66/75/65
f 53/57/66 54/55/66 68/73/66
f 53/57/66 68/73/66 67/74/66
f 54/55/67 55/53/67 69/72/67
f 54/55/67 69/72/67 68/73/67
f 55/53/68 56/50/68 70/70/68
f 55/53/68 70/70/68 69/72/68
f 56/50/69 57/51/69 71/71/69
f 56/50/69 71/71/69 70/70/69
f 57/67/70 45/47/70 59/69/70
f 57/67/70 59/69/70 71/79/70
f 59/31/71 58/30/71 72/16/71
f 59/31/71 72/16/71 73/17/71
f 58/30/72 60/32/72 74/18/72
f 58/30/72 74/18/72 72/16/72
f 60/32/73 61/33/73 75/19/73
f 60/32/73 75/19/73 74/18/73
f 61/33/74 62/34/74 76/20/74
f 61/33/74 76/20/74 75/19/74
f 62/34/75 63/35/75 77/21/75
f 62/34/75 77/21/75 76/20/75
f 63/35/76 64/36/76 78/22/76
f 63/35/76 78/22/76 77/21/76
f 64/36/77 65/37/77 79/23/77
f 64/36/77 79/23/77 78/22/77
f 65/37/78 66/38/78 80/24/78
f 65/37/78 80/24/78 79/23/78
f 66/38/79 67/39/79 81/25/79
f 66/38/79 81/25/79 80/24/79
f 67/39/80 68/40/80 82/26/80
f 67/39/80 82/26/80 81/25/80
f 68/40/81 69/41/81 83/27/81
f 68/40/81 83/27/81 82/26/81
f 69/41/82 70/42/82 84/28/82
f 69/41/82 84/28/82 83/27/82
f 70/42/83 71/43/83 85/29/83
f 70/42/83 85/29/83 84/28/83
f 71/43/84 59/31/84 73/17/84
f 71/43/84 73/17/84 85/29/84
f 73/17/85 72/16/85 86/2/85
f 73/17/85 86/2/85 87/3/85
f 72/16/86 74/18/86 88/4/86
f 72/16/86 88/4/86 86/2/86
f 74/18/87 75/19/87 89/5/87
f 74/18/87 89/5/87 88/4/87
f 75/19/88 76/20/88 90/6/88
f 75/19/88 90/6/88 89/5/88
f 76/20/89 77/21/89 91/7/89
f 76/20/89 91/7/89 90/6/89
f 77/21/90 78/22/90 92/8/90
f 77/21/90 92/8/90 91/7/90
f 78/22/91 79/23/91 93/9/91
f 78/22/91 93/9/91 92/8/91
f 79/23/92 80/24/92 94/10/92
f 79/23/92 94/10/92 93/9/92
f 80/24/93 81/25/93 95/11/93
f 80/24/93 95/11/93 94/10/93
f 81/25/94 82/26/94 96/12/94
f 81/25/94 96/12/94 95/11/94
f 82/26/95 83/27/95 97/13/95
f 82/26/95 97/13/95 96/12/95
f 83/27/96 84/28/96 98/14/96
f 83/27/96 98/14/96 97/13/96
f 84/28/97 85/29/97 99/15/97
f 84/28/97 99/15/97 98/14/97
f 85/29/98 73/17/98 87/3/98
f 85/29/98 87/3/98 99/15/98
f 87/3/99 86/2/99 100/1/99
f 86/2/100 88/4/100 100/1/100
f 88/4/101 89/5/101 100/1/101
f 89/5/102 90/6/102 100/1/102
f 90/6/103 91/7/103 100/1/103
f 91/7/104 92/8/104 100/1/104
f 92/8/105 93/9/105 100/1/105
f 93/9/106 94/10/106 100/1/106
f 94/10/107 95/11/107 100/1/107
f 95/11/108 96/12/108 100/1/108
f 96/12/109 97/13/109 100/1/109
f 97/13/110 98/14/110 100/1/110
f 98/14/111 99/15/111 100/1/111
f 99/15/112 87/3/112 100/1/112
f 101/80/113 102/81/113 103/82/113
f 101/80/114 104/83/114 102/81/114
f 101/80/115 105/84/115 104/83/115
f 101/80/116 106/85/116 105/84/116
f 101/80/117 107/86/117 106/85/117
f 101/80/118 108/87/118 107/86/118
f 101/80/119 109/88/119 108/87/119
f 101/80/120 110/89/120 109/88/120
f 101/80/121 111/90/121 110/89/121
f 101/80/122 103/82/122 111/90/122
f 103/91/123 102/92/123 112/93/123
f 103/91/123 112/93/123 113/94/123
f 102/95/124 104/96/124 114/97/124
f 102/95/124 114/97/124 112/98/124
f 104/96/125 105/99/125 115/100/125
f 104/96/125 115/100/125 114/97/125
f 105/99/126 106/101/126 116/102/126
f 105/99/126 116/102/126 115/100/126
f 106/103/127 107/104/127 117/105/127
f 106/103/127 117/105/127 116/106/127
f 107/104/128 108/107/128 118/108/128
f 107/104/128 118/108/128 117/105/128
f 108/109/129 109/110/129 119/111/129
f 108/109/129 119/111/129 118/112/129
f 109/110/130 110/113/130 120/114/130
f 109/110/130 120/114/130 119/111/130
f 110/113/131 111/115/131 121/116/131
f 110/113/131 121/116/131 120/114/131
f 111/117/132 103/91/132 113/94/132
f 111/117/132 113/94/132 121/118/132
f 113/94/133 112/93/133 122/119/133
f 113/94/133 122/119/133 123/120/133
f 112/98/134 114/97/134 124/121/134
f 112/98/134 124/121/134 122/122/134
f 114/97/135 115/100/135 125/123/135
f 114/97/135 125/123/135 124/121/135
f 115/100/136 116/102/136 126/124/136
f 115/100/136 126/124/136 125/123/136
f 116/106/137 117/105/137 127/125/137
f 116/106/137 127/125/137 126/126/137
f 117/105/138 118/108/138 128/127/138
f 117/105/138 128/127/138 127/125/138
f 118/112/139 119/111/139 129/128/139
f 118/112/139 129/128/139 128/129/139
f 119/111/140 120/114/140 130/130/140
f 119/111/140 130/130/140 129/128/140
f 120/114/141 121/116/141 131/131/141
f 120/114/141 131/131/141 130/130/141
f 121/118/142 113/94/142 123/120/142
f 121/118/142 123/120/142 131/132/142
f 123/120/143 122/119/143 132/133/143
f 123/120/143 132/133/143 133/134/143
f 122/122/144 124/121/144 134/135/144
f 122/122/144 134/135/144 132/136/144
f 124/121/145 125/123/145 135/137/145
f 124/121/145 135/137/145 134/135/145
f 125/123/146 126/124/146 136/138/146
f 125/123/146 136/138/146 135/137/146
f 126/126/147 127/125/147 137/139/147
f 126/126/147 137/139/147 136/140/147
f 127/125/148 128/127/148 138/141/148
f 127/125/148 138/141/148 137/139/148
f 128/129/149 129/128/149 139/142/149
f 128/129/149 139/142/149 138/143/149
f 129/128/150 130/130/150 140/144/150
f 129/128/150 140/144/150 139/142/150
f 130/130/151 131/131/151 141/145/151
f 130/130/151 141/145/151 140/144/151
f 131/132/152 123/120/152 133/134/152
f 131/132/152 133/134/152 141/146/152
f 133/82/153 132/81/153 142/80/153
f 132/81/154 134/83/154 142/80/154
f 134/83/155 135/84/155 142/80/155
f 135/84/156 136/85/156 142/80/156
f 136/85/157 137/86/157 142/80/157
f 137/86/158 138/87/158 142/80/158
f 138/87/159 139/88/159 142/80/159
f 139/88/160 140/89/160 142/80/160
f 140/89/161 141/90/161 142/80/161
f 141/90/162 133/82/162 142/80/162
f 143/147/163 144/148/163 145/149/163
f 143/147/163 145/149/163 146/150/163
f 144/151/164 147/152/164 148/153/164
f 144/151/164 148/153/164 145/154/164
f 147/155/165 149/156/165 150/157/165
f 147/155/165 150/157/165 148/158/165
f 149/156/166 151/159/166 152/160/166
f 149/156/166 152/160/166 150/157/166
f 151/161/167 153/162/167 154/163/167
f 151/161/167 154/163/167 152/164/167
f 153/165/168 143/147/168 146/150/168
f 153/165/168 146/150/168 154/166/168
f 146/167/169 145/168/169 155/169/169
f 145/168/170 148/170/170 155/169/170
f 148/170/171 150/171/171 155/169/171
f 150/171/172 152/172/172 155/169/172
f 152/172/173 154/173/173 155/169/173
f 154/173/174 146/167/174 155/169/174
f 156/174/175 157/175/175 158/176/175
f 156/174/175 158/176/175 159/177/175
f 157/178/176 160/179/176 161/180/176
f 157/178/176 161/180/176 158/181/176
f 160/179/177 162/182/177 163/183/177
f 160/179/177 163/183/177 161/180/177
f 162/184/178 164/185/178 165/186/178
f 162/184/178 165/186/178 163/187/178
f 164/188/179 166/189/179 167/190/179
f 164/188/179 167/190/179 165/191/179
f 166/189/180 156/192/180 159/193/180
f 166/189/180 159/193/180 167/190/180
f 159/177/181 158/176/181 168/194/181
f 158/176/182 161/195/182 168/194/182
f 161/195/183 163/196/183 168/194/183
f 163/187/184 165/186/184 168/197/184
f 165/186/185 167/198/185 168/197/185
f 167/199/186 159/177/186 168/194/186
f 169/200/187 170/201/187 171/202/187
f 169/200/187 171/202/187 172/203/187
f 170/201/188 173/204/188 174/205/188
f 170/201/188 174/205/188 171/202/188
f 173/206/189 175/207/189 176/208/189
f 173/206/189 176/208/189 174/209/189
f 175/210/190 177/211/190 178/212/190
f 175/210/190 178/212/190 176/213/190
f 177/211/191 179/214/191 180/215/191
f 177/211/191 180/215/191 178/212/191
f 179/216/192 169/217/192 172/218/192
f 179/216/192 172/218/192 180/219/192
f 172/218/193 171/220/193 181/221/193
f 171/222/194 174/209/194 181/223/194
f 174/209/195 176/208/195 181/223/195
f 176/208/196 178/224/196 181/223/196
f 178/225/197 180/219/197 181/221/197
f 180/219/198 172/218/198 181/221/198
f 182/226/199 183/227/199 184/228/199
f 182/226/200 185/229/200 183/227/200
f 182/226/201 186/230/201 185/229/201
f 182/226/202 187/231/202 186/230/202
f 182/226/203 188/232/203 187/231/203
f 182/226/204 189/233/204 188/232/204
f 182/226/205 190/234/205 189/233/205
f 182/226/206 191/235/206 190/234/206
f 182/226/207 192/236/207 191/235/207
f 182/226/208 184/228/208 192/236/208
f 184/228/209 183/227/209 193/237/209
f 184/228/209 193/237/209 194/238/209
f 183/227/210 185/229/210 195/239/210
f 183/227/210 195/239/210 193/237/210
f 185/240/211 186/241/211 196/242/211
f 185/240/211 196/242/211 195/243/211
f 186/241/212 187/244/212 197/245/212
f 186/241/212 197/245/212 196/242/212
f 187/231/213 188/232/213 198/246/213
f 187/231/213 198/246/213 197/247/213
f 188/232/214 189/233/214 199/248/214
f 188/232/214 199/248/214 198/246/214
f 189/233/215 190/234/215 200/249/215
f 189/233/215 200/249/215 199/248/215
f 190/250/216 191/251/216 201/252/216
f 190/250/216 201/252/216 200/253/216
f 191/251/217 192/254/217 202/255/217
f 191/251/217 202/255/217 201/252/217
f 192/236/218 184/228/218 194/238/218
f 192/236/218 194/238/218 202/256/218
f 194/257/219 193/258/219 203/259/219
f 194/257/219 203/259/219 204/260/219
f 193/261/220 195/243/220 205/262/220
f 193/261/220 205/262/220 203/263/220
f 195/243/221 196/242/221 206/264/221
f 195/243/221 206/264/221 205/262/221
f 196/242/222 197/245/222 207/265/222
f 196/242/222 207/265/222 206/264/222
f 197/266/223 198/267/223 208/268/223
f 197/266/223 208/268/223 207/269/223
f 198/267/224 199/270/224 209/271/224
f 198/267/224 209/271/224 208/268/224
f 199/272/225 200/253/225 210/273/225
f 199/272/225 210/273/225 209/274/225
f 200/253/226 201/252/226 211/275/226
f 200/253/226 211/275/226 210/273/226
f 201/252/227 202/255/227 212/276/227
f 201/252/227 212/276/227 211/275/227
f 202/277/228 194/257/228 204/260/228
f 202/277/228 204/260/228 212/278/228
f 204/238/229 203/237/229 213/227/229
f 204/238/229 213/227/229 214/228/229
f 203/237/230 205/239/230 215/229/230
f 203/237/230 215/229/230 213/227/230
f 205/262/231 206/264/231 216/279/231
f 205/262/231 216/279/231 215/280/231
f 206/264/232 207/265/232 217/281/232
f 206/264/232 217/281/232 216/279/232
f 207/247/233 208/246/233 218/232/233
f 207/247/233 218/232/233 217/231/233
f 208/246/234 209/248/234 219/233/234
f 208/246/234 219/233/234 218/232/234
f 209/248/235 210/249/235 220/234/235
f 209/248/235 220/234/235 219/233/235
f 210/273/236 211/275/236 221/282/236
f 210/273/236 221/282/236 220/283/236
f 211/275/237 212/276/237 222/284/237
f 211/275/237 222/284/237 221/282/237
f 212/256/238 204/238/238 214/228/238
f 212/256/238 214/228/238 222/236/238
f 214/228/239 213/227/239 223/226/239
f 213/227/240 215/229/240 223/226/240
f 215/229/241 216/230/241 223/226/241
f 216/230/242 217/231/242 223/226/242
f 217/231/243 218/232/243 223/226/243
f 218/232/244 219/233/244 223/226/244
f 219/233/245 220/234/245 223/226/245
f 220/234/246 221/235/246 223/226/246
f 221/235/247 222/236/247 223/226/247
f 222/236/248 214/228/248 223/226/248
f 224/285/249 225/286/249 226/287/249
f 224/285/249 226/287/249 227/288/249
f 225/289/250 228/290/250 229/291/250
f 225/289/250 229/291/250 226/292/250
f 228/290/251 230/293/251 231/294/251
f 228/290/251 231/294/251 229/291/251
f 230/295/252 232/296/252 233/297/252
f 230/295/252 233/297/252 231/298/252
f 232/299/253 234/300/253 235/301/253
f 232/299/253 235/301/253 233/302/253
f 234/300/254 224/303/254 227/304/254
f 234/300/254 227/304/254 235/301/254
f 227/305/255 226/306/255 236/307/255
f 226/306/256 229/308/256 236/307/256
f 229/308/257 231/309/257 236/307/257
f 231/309/258 233/310/258 236/307/258
f 233/310/259 235/311/259 236/307/259
f 235/311/260 227/305/260 236/307/260
f 237/312/261 238/313/261 239/314/261
f 237/312/261 239/314/261 240/315/261
f 238/316/262 241/317/262 242/318/262
f 238/316/262 242/318/262 239/319/262
f 241/317/263 243/320/263 244/321/263
f 241/317/263 244/321/263 242/318/263
f 243/322/264 245/323/264 246/324/264
f 243/322/264 246/324/264 244/325/264
f 245/326/265 247/327/265 248/328/265
f 245/326/265 248/328/265 246/329/265
f 247/327/266 237/330/266 240/331/266
f 247/327/266 240/331/266 248/328/266
f 240/331/267 239/332/267 249/333/267
f 239/319/268 242/318/268 249/334/268
f 242/318/269 244/321/269 249/334/269
f 244/335/270 246/329/270 249/333/270
f 246/329/271 248/328/271 249/333/271
f 248/328/272 240/331/272 249/333/272
f 250/336/273 251/337/273 252/338/273
f 250/336/273 252/338/273 253/339/273
f 251/340/274 254/341/274 255/342/274
f 251/340/274 255/342/274 252/343/274
f 254/344/275 256/345/275 257/346/275
f 254/344/275 257/346/275 255/347/275
f 256/348/276 258/349/276 259/350/276
f 256/348/276 259/350/276 257/351/276
f 258/349/277 260/352/277 261/353/277
f 258/349/277 261/353/277 259/350/277
f 260/354/278 250/355/278 253/356/278
f 260/354/278 253/356/278 261/357/278
f 253/339/279 252/338/279 262/358/279
f 252/338/280 255/359/280 262/358/280
f 255/359/281 257/360/281 262/358/281
f 257/351/282 259/350/282 262/361/282
f 259/350/283 261/353/283 262/361/283
f 261/362/284 253/339/284 262/358/284
f 263/363/285 264/364/285 265/365/285
f 263/363/286 266/366/286 264/364/286
f 263/363/287 267/367/287 266/366/287
f 263/363/288 268/368/288 267/367/288
f 263/363/289 269/369/289 268/368/289
f 263/363/290 270/370/290 269/369/290
f 263/363/291 271/371/291 270/370/291
f 263/363/292 272/372/292 271/371/292
f 263/363/293 273/373/293 272/372/293
f 263/363/294 265/365/294 273/373/294
f 265/365/295 264/364/295 274/374/295
f 265/365/295 274/374/295 275/375/295
f 264/364/296 266/366/296 276/376/296
f 264/364/296 276/376/296 274/374/296
f 266/366/297 267/367/297 277/377/297
f 266/366/297 277/377/297 276/376/297
f 267/367/298 268/368/298 278/378/298
f 267/367/298 278/378/298 277/377/298
f 268/368/299 269/369/299 279/379/299
f 268/368/299 279/379/299 278/378/299
f 269/369/300 270/370/300 280/380/300
f 269/369/300 280/380/300 279/379/300
f 270/370/301 271/371/301 281/381/301
f 270/370/301 281/381/301 280/380/301
f 271/371/302 272/372/302 282/382/302
f 271/371/302 282/382/302 281/381/302
f 272/372/303 273/373/303 283/383/303
f 272/372/303 283/383/303 282/382/303
f 273/373/304 265/365/304 275/375/304
f 273/373/304 275/375/304 283/383/304
f 275/384/305 274/385/305 284/386/305
f 275/384/305 284/386/305 285/387/305
f 274/385/306 276/388/306 286/389/306
f 274/385/306 286/389/306 284/386/306
f 276/390/307 277/391/307 287/392/307
f 276/390/307 287/392/307 286/393/307
f 277/391/308 278/394/308 288/395/308
f 277/391/308 288/395/308 287/392/308
f 278/394/309 279/396/309 289/397/309
f 278/394/309 289/397/309 288/395/309
f 279/398/310 280/399/310 290/400/310
f 279/398/310 290/400/310 289/401/310
f 280/399/311 281/402/311 291/403/311
f 280/399/311 291/403/311 290/400/311
f 281/404/312 282/405/312 292/406/312
f 281/404/312 292/406/312 291/407/312
f 282/405/313 283/408/313 293/409/313
f 282/405/313 293/409/313 292/406/313
f 283/408/314 275/410/314 285/411/314
f 283/408/314 285/411/314 293/409/314
f 285/375/315 284/374/315 294/364/315
f 285/375/315 294/364/315 295/365/315
f 284/374/316 286/376/316 296/366/316
f 284/374/316 296/366/316 294/364/316
f 286/376/317 287/377/317 297/367/317
f 286/376/317 297/367/317 296/366/317
f 287/377/318 288/378/318 298/368/318
f 287/377/318 298/368/318 297/367/318
f 288/378/319 289/379/319 299/369/319
f 288/378/319 299/369/319 298/368/319
f 289/379/320 290/380/320 300/370/320
f 289/379/320 300/370/320 299/369/320
f 290/380/321 291/381/321 301/371/321
f 290/380/321 301/371/321 300/370/321
f 291/381/322 292/382/322 302/372/322
f 291/381/322 302/372/322 301/371/322
f 292/382/323 293/383/323 303/373/323
f 292/382/323 303/373/323 302/372/323
f 293/383/324 285/375/324 295/365/324
f 293/383/324 295/365/324 303/373/324
f 295/365/325 294/364/325 304/363/325
f 294/364/326 296/366/326 304/363/326
f 296/366/327 297/367/327 304/363/327
f 297/367/328 298/368/328 304/363/328
f 298/368/329 299/369/329 304/363/329
f 299/369/330 300/370/330 304/363/330
f 300/370/331 301/371/331 304/363/331
f 301/371/332 302/372/332 304/363/332
f 302/372/333 303/373/333 304/363/333
f 303/373/334 295/365/334 304/363/334
f 305/412/335 306/413/335 307/414/335
f 305/412/335 307/414/335 308/415/335
f 306/413/336 309/416/336 310/417/336
f 306/413/336 310/417/336 307/414/336
f 309/418/337 311/419/337 312/420/337
f 309/418/337 312/420/337 310/421/337
f 311/422/338 313/423/338 314/424/338
f 311/422/338 314/424/338 312/425/338
f 313/426/339 315/427/339 316/428/339
f 313/426/339 316/428/339 314/429/339
f 315/427/340 305/430/340 308/431/340
f 315/427/340 308/431/340 316/428/340
f 308/415/341 307/414/341 317/432/341
f 307/414/342 310/417/342 317/432/342
f 310/433/343 312/425/343 317/434/343
f 312/425/344 314/424/344 317/434/344
f 314/424/345 316/435/345 317/434/345
f 316/428/346 308/431/346 317/436/346
f 318/437/347 319/438/347 320/439/347
f 318/437/347 320/439/347 321/440/347
f 319/441/348 322/442/348 323/443/348
f 319/441/348 323/443/348 320/444/348
f 322/445/349 324/446/349 325/447/349
f 322/445/349 325/447/349 323/448/349
f 324/446/350 326/449/350 327/450/350
f 324/446/350 327/450/350 325/447/350
f 326/451/351 328/452/351 329/453/351
f 326/451/351 329/453/351 327/454/351
f 328/455/352 318/437/352 321/440/352
f 328/455/352 321/440/352 329/456/352
f 321/457/353 320/458/353 330/459/353
f 320/458/354 323/460/354 330/459/354
f 323/460/355 325/461/355 330/459/355
f 325/461/356 327/462/356 330/459/356
f 327/462/357 329/463/357 330/459/357
f 329/463/358 321/457/358 330/459/358
f 331/464/359 332/465/359 333/466/359
f 331/464/359 333/466/359 334/467/359
f 332/468/360 335/469/360 336/470/360
f 332/468/360 336/470/360 333/471/360
f 335/472/361 337/473/361 338/474/361
f 335/472/361 338/474/361 336/475/361
f 337/473/362 339/476/362 340/477/362
f 337/473/362 340/477/362 338/474/362
f 339/478/363 341/479/363 342/480/363
f 339/478/363 342/480/363 340/481/363
f 341/482/364 331/464/364 334/467/364
f 341/482/364 334/467/364 342/483/364
f 334/484/365 333/485/365 343/486/365
f 333/471/366 336/470/366 343/487/366
f 336/470/367 338/488/367 343/487/367
f 338/489/368 340/481/368 343/486/368
f 340/481/369 342/480/369 343/486/369
f 342/480/370 334/484/370 343/486/370
f 344/490/371 345/491/371 346/492/371
f 344/490/372 347/493/372 345/491/372
f 344/490/373 348/494/373 347/493/373
f 344/490/374 349/495/374 348/494/374
f 344/490/375 350/496/375 349/495/375
f 344/490/376 351/497/376 350/496/376
f 344/490/377 352/498/377 351/497/377
f 344/490/378 353/499/378 352/498/378
f 344/490/379 354/500/379 353/499/379
f 344/490/380 346/492/380 354/500/380
f 346/492/381 345/491/381 355/501/381
f 346/492/381 355/501/381 356/502/381
f 345/491/382 347/493/382 357/503/382
f 345/491/382 357/503/382 355/501/382
f 347/504/383 348/505/383 358/506/383
f 347/504/383 358/506/383 357/507/383
f 348/505/384 349/508/384 359/509/384
f 348/505/384 359/509/384 358/506/384
f 349/495/385 350/496/385 360/510/385
f 349/495/385 360/510/385 359/511/385
f 350/496/386 351/497/386 361/512/386
f 350/496/386 361/512/386 360/510/386
f 351/497/387 352/498/387 362/513/387
f 351/497/387 362/513/387 361/512/387
f 352/514/388 353/515/388 363/516/388
f 352/514/388 363/516/388 362/517/388
f 353/515/389 354/518/389 364/519/389
f 353/515/389 364/519/389 363/516/389
f 354/500/390 346/492/390 356/502/390
f 354/500/390 356/502/390 364/520/390
f 356/521/391 355/522/391 365/523/391
f 356/521/391 365/523/391 366/524/391
f 355/525/392 357/507/392 367/526/392
f 355/525/392 367/526/392 365/527/392
f 357/507/393 358/506/393 368/528/393
f 357/507/393 368/528/393 367/526/393
f 358/506/394 359/509/394 369/529/394
f 358/506/394 369/529/394 368/528/394
f 359/530/395 360/531/395 370/532/395
f 359/530/395 370/532/395 369/533/395
f 360/531/396 361/534/396 371/535/396
f 360/531/396 371/535/396 370/532/396
f 361/536/397 362/517/397 372/537/397
f 361/536/397 372/537/397 371/538/397
f 362/517/398 363/516/398 373/539/398
f 362/517/398 373/539/398 372/537/398
f 363/516/399 364/519/399 374/540/399
f 363/516/399 374/540/399 373/539/399
f 364/541/400 356/521/400 366/524/400
f 364/541/400 366/524/400 374/542/400
f 366/502/401 365/501/401 375/491/401
f 366/502/401 375/491/401 376/492/401
f 365/501/402 367/503/402 377/493/402
f 365/501/402 377/493/402 375/491/402
f 367/526/403 368/528/403 378/543/403
f 367/526/403 378/543/403 377/544/403
f 368/528/404 369/529/404 379/545/404
f 368/528/404 379/545/404 378/543/404
f 369/511/405 370/510/405 380/496/405
f 369/511/405 380/496/405 379/495/405
f 370/510/406 371/512/406 381/497/406
f 370/510/406 381/497/406 380/496/406
f 371/512/407 372/513/407 382/498/407
f 371/512/407 382/498/407 381/497/407
f 372/537/408 373/539/408 383/546/408
f 372/537/408 383/546/408 382/547/408
f 373/539/409 374/540/409 384/548/409
f 373/539/409 384/548/409 383/546/409
f 374/520/410 366/502/410 376/492/410
f 374/520/410 376/492/410 384/500/410
f 376/492/411 375/491/411 385/490/411
f 375/491/412 377/493/412 385/490/412
f 377/493/413 378/494/413 385/490/413
f 378/494/414 379/495/414 385/490/414
f 379/495/415 380/496/415 385/490/415
f 380/496/416 381/497/416 385/490/416
f 381/497/417 382/498/417 385/490/417
f 382/498/418 383/499/418 385/490/418
f 383/499/419 384/500/419 385/490/419
f 384/500/420 376/492/420 385/490/420
f 386/549/421 387/550/421 388/551/421
f 386/549/421 388/551/421 389/552/421
f 387/550/422 390/553/422 391/554/422
f 387/550/422 391/554/422 388/551/422
f 390/555/423 392/556/423 393/557/423
f 390/555/423 393/557/423 391/558/423
f 392/556/424 394/559/424 395/560/424
f 392/556/424 395/560/424 393/557/424
f 394/561/425 396/562/425 397/563/425
f 394/561/425 397/563/425 395/564/425
f 396/565/426 386/566/426 389/567/426
f 396/565/426 389/567/426 397/568/426
f 389/569/427 388/570/427 398/571/427
f 388/570/428 391/572/428 398/571/428
f 391/558/429 393/557/429 398/573/429
f 393/574/430 395/575/430 398/571/430
f 395/575/431 397/576/431 398/571/431
f 397/576/432 389/569/432 398/571/432
f 399/577/433 400/578/433 401/579/433
f 399/577/433 401/579/433 402/580/433
f 400/578/434 403/581/434 404/582/434
f 400/578/434 404/582/434 401/579/434
f 403/583/435 405/584/435 406/585/435
f 403/583/435 406/585/435 404/586/435
f 405/587/436 407/588/436 408/589/436
f 405/587/436 408/589/436 406/590/436
f 407/588/437 409/591/437 410/592/437
f 407/588/437 410/592/437 408/589/437
f 409/593/438 399/594/438 402/595/438
f 409/593/438 402/595/438 410/596/438
f 402/595/439 401/597/439 411/598/439
f 401/597/440 404/599/440 411/598/440
f 404/586/441 406/585/441 411/600/441
f 406/601/442 408/602/442 411/598/442
f 408/602/443 410/596/443 411/598/443
f 410/596/444 402/595/444 411/598/444
f 412/603/445 413/604/445 414/605/445
f 412/603/445 414/605/445 415/606/445
f 413/607/446 416/608/446 417/609/446
f 413/607/446 417/609/446 414/610/446
f 416/611/447 418/612/447 419/613/447
f 416/611/447 419/613/447 417/614/447
f 418/612/448 420/615/448 421/616/448
f 418/612/448 421/616/448 419/613/448
f 420/617/449 422/618/449 423/619/449
f 420/617/449 423/619/449 421/620/449
f 422/621/450 412/603/450 415/606/450
f 422/621/450 415/606/450 423/622/450
f 415/606/451 414/605/451 424/623/451
f 414/605/452 417/624/452 424/623/452
f 417/614/453 419/613/453 424/625/453
f 419/613/454 421/616/454 424/625/454
f 421/626/455 423/622/455 424/623/455
f 423/622/456 415/606/456 424/623/456
f 425/627/457 426/628/457 427/629/457
f 425/627/458 428/630/458 426/628/458
f 425/627/459 429/631/459 428/630/459
f 425/627/460 430/632/460 429/631/460
f 425/627/461 431/633/461 430/632/461
f 425/627/462 432/634/462 431/633/462
f 425/627/463 433/635/463 432/634/463
f 425/627/464 434/636/464 433/635/464
f 425/627/465 435/637/465 434/636/465
f 425/627/466 427/629/466 435/637/466
f 427/629/467 426/628/467 436/638/467
f 427/629/467 436/638/467 437/639/467
f 426/640/468 428/641/468 438/642/468
f 426/640/468 438/642/468 436/643/468
f 428/644/469 429/645/469 439/646/469
f 428/644/469 439/646/469 438/647/469
f 429/645/470 430/648/470 440/649/470
f 429/645/470 440/649/470 439/646/470
f 430/632/471 431/633/471 441/650/471
f 430/632/471 441/650/471 440/651/471
f 431/633/472 432/634/472 442/652/472
f 431/633/472 442/652/472 441/650/472
f 432/653/473 433/654/473 443/655/473
f 432/653/473 443/655/473 442/656/473
f 433/657/474 434/658/474 444/659/474
f 433/657/474 444/659/474 443/660/474
f 434/658/475 435/661/475 445/662/475
f 434/658/475 445/662/475 444/659/475
f 435/637/476 427/629/476 437/639/476
f 435/637/476 437/639/476 445/663/476
f 437/664/477 436/643/477 446/665/477
f 437/664/477 446/665/477 447/666/477
f 436/643/478 438/642/478 448/667/478
f 436/643/478 448/667/478 446/665/478
f 438/647/479 439/646/479 449/668/479
f 438/647/479 449/668/479 448/669/479
f 439/646/480 440/649/480 450/670/480
f 439/646/480 450/670/480 449/668/480
f 440/649/481 441/671/481 451/672/481
f 440/649/481 451/672/481 450/670/481
f 441/673/482 442/656/482 452/674/482
f 441/673/482 452/674/482 451/675/482
f 442/656/483 443/655/483 453/676/483
f 442/656/483 453/676/483 452/674/483
f 443/660/484 444/659/484 454/677/484
f 443/660/484 454/677/484 453/678/484
f 444/659/485 445/662/485 455/679/485
f 444/659/485 455/679/485 454/677/485
f 445/662/486 437/680/486 447/681/486
f 445/662/486 447/681/486 455/679/486
f 447/639/487 446/638/487 456/628/487
f 447/639/487 456/628/487 457/629/487
f 446/665/488 448/667/488 458/682/488
f 446/665/488 458/682/488 456/683/488
f 448/669/489 449/668/489 459/684/489
f 448/669/489 459/684/489 458/685/489
f 449/668/490 450/670/490 460/686/490
f 449/668/490 460/686/490 459/684/490
f 450/651/491 451/650/491 461/633/491
f 450/651/491 461/633/491 460/632/491
f 451/650/492 452/652/492 462/634/492
f 451/650/492 462/634/492 461/633/492
f 452/674/493 453/676/493 463/687/493
f 452/674/493 463/687/493 462/688/493
f 453/678/494 454/677/494 464/689/494
f 453/678/494 464/689/494 463/690/494
f 454/677/495 455/679/495 465/691/495
f 454/677/495 465/691/495 464/689/495
f 455/663/496 447/639/496 457/629/496
f 455/663/496 457/629/496 465/637/496
f 457/629/497 456/628/497 466/627/497
f 456/628/498 458/630/498 466/627/498
f 458/630/499 459/631/499 466/627/499
f 459/631/500 460/632/500 466/627/500
f 460/632/501 461/633/501 466/627/501
f 461/633/502 462/634/502 466/627/502
f 462/634/503 463/635/503 466/627/503
f 463/635/504 464/636/504 466/627/504
f 464/636/505 465/637/505 466/627/505
f 465/637/506 457/629/506 466/627/506
f 467/692/507 468/693/507 469/694/507
f 467/692/507 469/694/507 470/695/507
f 468/693/508 471/696/508 472/697/508
f 468/693/508 472/697/508 469/694/508
f 471/698/509 473/699/509 474/700/509
f 471/698/509 474/700/509 472/701/509
f 473/702/510 475/703/510 476/704/510
f 473/702/510 476/704/510 474/705/510
f 475/706/511 477/707/511 478/708/511
f 475/706/511 478/708/511 476/709/511
f 477/707/512 467/710/512 470/711/512
f 477/707/512 470/711/512 478/708/512
f 470/695/513 469/694/513 479/712/513
f 469/713/514 472/701/514 479/714/514
f 472/701/515 474/700/515 479/714/515
f 474/700/516 476/715/516 479/714/516
f 476/709/517 478/708/517 479/716/517
f 478/708/518 470/711/518 479/716/518
f 480/717/519 481/718/519 482/719/519
f 480/717/519 482/719/519 483/720/519
f 481/718/520 484/721/520 485/722/520
f 481/718/520 485/722/520 482/719/520
f 484/723/521 486/724/521 487/725/521
f 484/723/521 487/725/521 485/726/521
f 486/727/522 488/728/522 489/729/522
f 486/727/522 489/729/522 487/730/522
f 488/728/523 490/731/523 491/732/523
f 488/728/523 491/732/523 489/729/523
f 490/733/524 480/734/524 483/735/524
f 490/733/524 483/735/524 491/736/524
f 483/720/525 482/719/525 492/737/525
f 482/719/526 485/722/526 492/737/526
f 485/722/527 487/738/527 492/737/527
f 487/730/528 489/729/528 492/739/528
f 489/729/529 491/732/529 492/739/529
f 491/740/530 483/720/530 492/737/530
f 493/741/531 494/742/531 495/743/531
f 493/741/531 495/743/531 496/744/531
f 494/745/532 497/746/532 498/747/532
f 494/745/532 498/747/532 495/748/532
f 497/746/533 499/749/533 500/750/533
f 497/746/533 500/750/533 498/747/533
f 499/751/534 501/752/534 502/753/534
f 499/751/534 502/753/534 500/754/534
f 501/755/535 503/756/535 504/757/535
f 501/755/535 504/757/535 502/758/535
f 503/756/536 493/759/536 496/760/536
f 503/756/536 496/760/536 504/757/536
f 496/761/537 495/762/537 505/763/537
f 495/762/538 498/764/538 505/763/538
f 498/764/539 500/765/539 505/763/539
f 500/765/540 502/766/540 505/763/540
f 502/766/541 504/767/541 505/763/541
f 504/767/542 496/761/542 505/763/542
f 506/768/543 507/769/543 508/770/543
f 506/768/544 509/771/544 507/769/544
f 506/768/545 510/772/545 509/771/545
f 506/768/546 511/773/546 510/772/546
f 506/768/547 512/774/547 511/773/547
f 506/768/548 513/775/548 512/774/548
f 506/768/549 514/776/549 513/775/549
f 506/768/550 515/777/550 514/776/550
f 506/768/551 516/778/551 515/777/551
f 506/768/552 508/770/552 516/778/552
f 508/770/553 507/769/553 517/779/553
f 508/770/553 517/779/553 518/780/553
f 507/769/554 509/771/554 519/781/554
f 507/769/554 519/781/554 517/779/554
f 509/782/555 510/783/555 520/784/555
f 509/782/555 520/784/555 519/785/555
f 510/772/556 511/773/556 521/786/556
f 510/772/556 521/786/556 520/787/556
f 511/773/557 512/774/557 522/788/557
f 511/773/557 522/788/557 521/786/557
f 512/774/558 513/775/558 523/789/558
f 512/774/558 523/789/558 522/788/558
f 513/775/559 514/776/559 524/790/559
f 513/775/559 524/790/559 523/789/559
f 514/791/560 515/792/560 525/793/560
f 514/791/560 525/793/560 524/794/560
f 515/777/561 516/778/561 526/795/561
f 515/777/561 526/795/561 525/796/561
f 516/778/562 508/770/562 518/780/562
f 516/778/562 518/780/562 526/795/562
f 518/797/563 517/798/563 527/799/563
f 518/797/563 527/799/563 528/800/563
f 517/801/564 519/785/564 529/802/564
f 517/801/564 529/802/564 527/803/564
f 519/785/565 520/784/565 530/804/565
f 519/785/565 530/804/565 529/802/565
f 520/784/566 521/805/566 531/806/566
f 520/784/566 531/806/566 530/804/566
f 521/807/567 522/808/567 532/809/567
f 521/807/567 532/809/567 531/810/567
f 522/808/568 523/811/568 533/812/568
f 522/808/568 533/812/568 532/809/568
f 523/813/569 524/794/569 534/814/569
f 523/813/569 534/814/569 533/815/569
f 524/794/570 525/793/570 535/816/570
f 524/794/570 535/816/570 534/814/570
f 525/793/571 526/817/571 536/818/571
f 525/793/571 536/818/571 535/816/571
f 526/819/572 518/797/572 528/800/572
f 526/819/572 528/800/572 536/820/572
f 528/780/573 527/779/573 537/769/573
f 528/780/573 537/769/573 538/770/573
f 527/779/574 529/781/574 539/771/574
f 527/779/574 539/771/574 537/769/574
f 529/802/575 530/804/575 540/821/575
f 529/802/575 540/821/575 539/822/575
f 530/787/576 531/786/576 541/773/576
f 530/787/576 541/773/576 540/772/576
f 531/786/577 532/788/577 542/774/577
f 531/786/577 542/774/577 541/773/577
f 532/788/578 533/789/578 543/775/578
f 532/788/578 543/775/578 542/774/578
f 533/789/579 534/790/579 544/776/579
f 533/789/579 544/776/579 543/775/579
f 534/814/580 535/816/580 545/823/580
f 534/814/580 545/823/580 544/824/580
f 535/796/581 536/795/581 546/778/581
f 535/796/581 546/778/581 545/777/581
f 536/795/582 528/780/582 538/770/582
f 536/795/582 538/770/582 546/778/582
f 538/770/583 537/769/583 547/768/583
f 537/769/584 539/771/584 547/768/584
f 539/771/585 540/772/585 547/768/585
f 540/772/586 541/773/586 547/768/586
f 541/773/587 542/774/587 547/768/587
f 542/774/588 543/775/588 547/768/588
f 543/775/589 544/776/589 547/768/589
f 544/776/590 545/777/590 547/768/590
f 545/777/591 546/778/591 547/768/591
f 546/778/592 538/770/592 547/768/592
f 548/825/593 549/826/593 550/827/593
f 548/825/593 550/827/593 551/828/593
f 549/826/594 552/829/594 553/830/594
f 549/826/594 553/830/594 550/827/594
f 552/831/595 554/832/595 555/833/595
f 552/831/595 555/833/595 553/834/595
f 554/835/596 556/836/596 557/837/596
f 554/835/596 557/837/596 555/838/596
f 556/836/597 558/839/597 559/840/597
f 556/836/597 559/840/597 557/837/597
f 558/841/598 548/842/598 551/843/598
f 558/841/598 551/843/598 559/844/598
f 551/828/599 550/827/599 560/845/599
f 550/827/600 553/830/600 560/845/600
f 553/830/601 555/846/601 560/845/601
f 555/838/602 557/837/602 560/847/602
f 557/837/603 559/840/603 560/847/603
f 559/848/604 551/828/604 560/845/604
f 561/849/605 562/850/605 563/851/605
f 561/849/605 563/851/605 564/852/605
f 562/853/606 565/854/606 566/855/606
f 562/853/606 566/855/606 563/856/606
f 565/857/607 567/858/607 568/859/607
f 565/857/607 568/859/607 566/860/607
f 567/858/608 569/861/608 570/862/608
f 567/858/608 570/862/608 568/859/608
f 569/863/609 571/864/609 572/865/609
f 569/863/609 572/865/609 570/866/609
f 571/864/610 561/867/610 564/868/610
f 571/864/610 564/868/610 572/865/610
f 564/869/611 563/856/611 573/870/611
f 563/856/612 566/855/612 573/870/612
f 566/855/613 568/871/613 573/870/613
f 568/872/614 570/866/614 573/873/614
f 570/866/615 572/865/615 573/873/615
f 572/865/616 564/868/616 573/873/616
f 574/874/617 575/875/617 576/876/617
f 574/874/617 576/876/617 577/877/617
f 575/875/618 578/878/618 579/879/618
f 575/875/618 579/879/618 576/876/618
f 578/880/619 580/881/619 581/882/619
f 578/880/619 581/882/619 579/883/619
f 580/884/620 582/885/620 583/886/620
f 580/884/620 583/886/620 581/887/620
f 582/885/621 584/888/621 585/889/621
f 582/885/621 585/889/621 583/886/621
f 584/890/622 574/891/622 577/892/622
f 584/890/622 577/892/622 585/893/622
f 577/894/623 576/895/623 586/896/623
f 576/895/624 579/897/624 586/896/624
f 579/897/625 581/898/625 586/896/625
f 581/898/626 583/899/626 586/896/626
f 583/899/627 585/900/627 586/896/627
f 585/900/628 577/894/628 586/896/628
f 587/901/629 588/902/629 589/903/629
f 587/901/630 590/904/630 588/902/630
f 587/901/631 591/905/631 590/904/631
f 587/901/632 592/906/632 591/905/632
f 587/901/633 593/907/633 592/906/633
f 587/901/634 594/908/634 593/907/634
f 587/901/635 595/909/635 594/908/635
f 587/901/636 596/910/636 595/909/636
f 587/901/637 597/911/637 596/910/637
f 587/901/638 589/903/638 597/911/638
f 589/912/639 588/913/639 598/914/639
f 589/912/639 598/914/639 599/915/639
f 588/913/640 590/916/640 600/917/640
f 588/913/640 600/917/640 598/914/640
f 590/918/641 591/919/641 601/920/641
f 590/918/641 601/920/641 600/921/641
f 591/919/642 592/922/642 602/923/642
f 591/919/642 602/923/642 601/920/642
f 592/922/643 593/924/643 603/925/643
f 592/922/643 603/925/643 602/923/643
f 593/926/644 594/927/644 604/928/644
f 593/926/644 604/928/644 603/929/644
f 594/927/645 595/930/645 605/931/645
f 594/927/645 605/931/645 604/928/645
f 595/932/646 596/933/646 606/934/646
f 595/932/646 606/934/646 605/935/646
f 596/933/647 597/936/647 607/937/647
f 596/933/647 607/937/647 606/934/647
f 597/936/648 589/938/648 599/939/648
f 597/936/648 599/939/648 607/937/648
f 599/915/649 598/914/649 608/940/649
f 599/915/649 608/940/649 609/941/649
f 598/914/650 600/917/650 610/942/650
f 598/914/650 610/942/650 608/940/650
f 600/921/651 601/920/651 611/943/651
f 600/921/651 611/943/651 610/944/651
f 601/920/652 602/923/652 612/945/652
f 601/920/652 612/945/652 611/943/652
f 602/923/653 603/925/653 613/946/653
f 602/923/653 613/946/653 612/945/653
f 603/929/654 604/928/654 614/947/654
f 603/929/654 614/947/654 613/948/654
f 604/928/655 605/931/655 615/949/655
f 604/928/655 615/949/655 614/947/655
f 605/935/656 606/934/656 616/950/656
f 605/935/656 616/950/656 615/951/656
f 606/934/657 607/937/657 617/952/657
f 606/934/657 617/952/657 616/950/657
f 607/937/658 599/939/658 609/953/658
f 607/937/658 609/953/658 617/952/658
f 609/941/659 608/940/659 618/954/659
f 609/941/659 618/954/659 619/955/659
f 608/940/660 610/942/660 620/956/660
f 608/940/660 620/956/660 618/954/660
f 610/944/661 611/943/661 621/957/661
f 610/944/661 621/957/661 620/958/661
f 611/943/662 612/945/662 622/959/662
f 611/943/662 622/959/662 621/957/662
f 612/945/663 613/946/663 623/960/663
f 612/945/663 623/960/663 622/959/663
f 613/948/664 614/947/664 624/961/664
f 613/948/664 624/961/664 623/962/664
f 614/947/665 615/949/665 625/963/665
f 614/947/665 625/963/665 624/961/665
f 615/951/666 616/950/666 626/964/666
f 615/951/666 626/964/666 625/965/666
f 616/950/667 617/952/667 627/966/667
f 616/950/667 627/966/667 626/964/667
f 617/952/668 609/953/668 619/967/668
f 617/952/668 619/967/668 627/966/668
f 619/903/669 618/902/669 628/901/669
f 618/902/670 620/904/670 628/901/670
f 620/904/671 621/905/671 628/901/671
f 621/905/672 622/906/672 628/901/672
f 622/906/673 623/907/673 628/901/673
f 623/907/674 624/908/674 628/901/674
f 624/908/675 625/909/675 628/901/675
f 625/909/676 626/910/676 628/901/676
f 626/910/677 627/911/677 628/901/677
f 627/911/678 619/903/678 628/901/678
f 629/968/679 630/969/679 631/970/679
f 629/968/679 631/970/679 632/971/679
f 630/972/680 633/973/680 634/974/680
f 630/972/680 634/974/680 631/975/680
f 633/973/681 635/976/681 636/977/681
f 633/973/681 636/977/681 634/974/681
f 635/978/682 637/979/682 638/980/682
f 635/978/682 638/980/682 636/981/682
f 637/979/683 639/982/683 640/983/683
f 637/979/683 640/983/683 638/980/683
f 639/984/684 629/985/684 632/986/684
f 639/984/684 632/986/684 640/987/684
f 632/986/685 631/988/685 641/989/685
f 631/975/686 634/974/686 641/990/686
f 634/974/687 636/977/687 641/990/687
f 636/991/688 638/992/688 641/989/688
f 638/992/689 640/987/689 641/989/689
f 640/987/690 632/986/690 641/989/690
f 642/993/691 643/994/691 644/995/691
f 642/993/691 644/995/691 645/996/691
f 643/994/692 646/997/692 647/998/692
f 643/994/692 647/998/692 644/995/692
f 646/999/693 648/1000/693 649/1001/693
f 646/999/693 649/1001/693 647/1002/693
f 648/1003/694 650/1004/694 651/1005/694
f 648/1003/694 651/1005/694 649/1006/694
f 650/1007/695 652/1008/695 653/1009/695
f 650/1007/695 653/1009/695 651/1010/695
f 652/1008/696 642/1011/696 645/1012/696
f 652/1008/696 645/1012/696 653/1009/696
f 645/996/697 644/995/697 654/1013/697
f 644/995/698 647/998/698 654/1013/698
f 647/1014/699 649/1006/699 654/1015/699
f 649/1006/700 651/1005/700 654/1015/700
f 651/1005/701 653/1016/701 654/1015/701
f 653/1009/702 645/1012/702 654/1017/702
f 655/1018/703 656/1019/703 657/1020/703
f 655/1018/703 657/1020/703 658/1021/703
f 656/1022/704 659/1023/704 660/1024/704
f 656/1022/704 660/1024/704 657/1025/704
f 659/1026/705 661/1027/705 662/1028/705
f 659/1026/705 662/1028/705 660/1029/705
f 661/1027/706 663/1030/706 664/1031/706
f 661/1027/706 664/1031/706 662/1028/706
f 663/1032/707 665/1033/707 666/1034/707
f 663/1032/707 666/1034/707 664/1035/707
f 665/1036/708 655/1018/708 658/1021/708
f 665/1036/708 658/1021/708 666/1037/708
f 658/1021/709 657/1020/709 667/1038/709
f 657/1025/710 660/1024/710 667/1039/710
f 660/1029/711 662/1028/711 667/1040/711
f 662/1028/712 664/1031/712 667/1040/712
f 664/1041/713 666/1037/713 667/1038/713
f 666/1037/714 658/1021/714 667/1038/714
f 668/1042/715 669/1043/715 670/1044/715
f 668/1042/716 671/1045/716 669/1043/716
f 668/1042/717 672/1046/717 671/1045/717
f 668/1042/718 673/1047/718 672/1046/718
f 668/1042/719 674/1048/719 673/1047/719
f 668/1042/720 675/1049/720 674/1048/720
f 668/1042/721 676/1050/721 675/1049/721
f 668/1042/722 677/1051/722 676/1050/722
f 668/1042/723 678/1052/723 677/1051/723
f 668/1042/724 670/1044/724 678/1052/724
f 670/1044/725 669/1043/725 679/1053/725
f 670/1044/725 679/1053/725 680/1054/725
f 669/1043/726 671/1045/726 681/1055/726
f 669/1043/726 681/1055/726 679/1053/726
f 671/1056/727 672/1057/727 682/1058/727
f 671/1056/727 682/1058/727 681/1059/727
f 672/1057/728 673/1060/728 683/1061/728
f 672/1057/728 683/1061/728 682/1058/728
f 673/1047/729 674/1048/729 684/1062/729
f 673/1047/729 684/1062/729 683/1063/729
f 674/1048/730 675/1049/730 685/1064/730
f 674/1048/730 685/1064/730 684/1062/730
f 675/1049/731 676/1050/731 686/1065/731
f 675/1049/731 686/1065/731 685/1064/731
f 676/1066/732 677/1067/732 687/1068/732
f 676/1066/732 687/1068/732 686/1069/732
f 677/1067/733 678/1070/733 688/1071/733
f 677/1067/733 688/1071/733 687/1068/733
f 678/1052/734 670/1044/734 680/1054/734
f 678/1052/734 680/1054/734 688/1072/734
f 680/1073/735 679/1074/735 689/1075/735
f 680/1073/735 689/1075/735 690/1076/735
f 679/1074/736 681/1077/736 691/1078/736
f 679/1074/736 691/1078/736 689/1075/736
f 681/1059/737 682/1058/737 692/1079/737
f 681/1059/737 692/1079/737 691/1080/737
f 682/1058/738 683/1061/738 693/1081/738
f 682/1058/738 693/1081/738 692/1079/738
f 683/1061/739 684/1082/739 694/1083/739
f 683/1061/739 694/1083/739 693/1081/739
f 684/1084/740 685/1085/740 695/1086/740
f 684/1084/740 695/1086/740 694/1087/740
f 685/1085/741 686/1088/741 696/1089/741
f 685/1085/741 696/1089/741 695/1086/741
f 686/1069/742 687/1068/742 697/1090/742
f 686/1069/742 697/1090/742 696/1091/742
f 687/1068/743 688/1071/743 698/1092/743
f 687/1068/743 698/1092/743 697/1090/743
f 688/1071/744 680/1093/744 690/1094/744
f 688/1071/744 690/1094/744 698/1092/744
f 690/1054/745 689/1053/745 699/1043/745
f 690/1054/745 699/1043/745 700/1044/745
f 689/1053/746 691/1055/746 701/1045/746
f 689/1053/746 701/1045/746 699/1043/746
f 691/1080/747 692/1079/747 702/1095/747
f 691/1080/747 702/1095/747 701/1096/747
f 692/1079/748 693/1081/748 703/1097/748
f 692/1079/748 703/1097/748 702/1095/748
f 693/1063/749 694/1062/749 704/1048/749
f 693/1063/749 704/1048/749 703/1047/749
f 694/1062/750 695/1064/750 705/1049/750
f 694/1062/750 705/1049/750 704/1048/750
f 695/1064/751 696/1065/751 706/1050/751
f 695/1064/751 706/1050/751 705/1049/751
f 696/1091/752 697/1090/752 707/1098/752
f 696/1091/752 707/1098/752 706/1099/752
f 697/1090/753 698/1092/753 708/1100/753
f 697/1090/753 708/1100/753 707/1098/753
f 698/1072/754 690/1054/754 700/1044/754
f 698/1072/754 700/1044/754 708/1052/754
f 700/1044/755 699/1043/755 709/1042/755
f 699/1043/756 701/1045/756 709/1042/756
f 701/1045/757 702/1046/757 709/1042/757
f 702/1046/758 703/1047/758 709/1042/758
f 703/1047/759 704/1048/759 709/1042/759
f 704/1048/760 705/1049/760 709/1042/760
f 705/1049/761 706/1050/761 709/1042/761
f 706/1050/762 707/1051/762 709/1042/762
f 707/1051/763 708/1052/763 709/1042/763
f 708/1052/764 700/1044/764 709/1042/764
f 710/1101/765 711/1102/765 712/1103/765
f 710/1101/765 712/1103/765 713/1104/765
f 711/1105/766 714/1106/766 715/1107/766
f 711/1105/766 715/1107/766 712/1108/766
f 714/1106/767 716/1109/767 717/1110/767
f 714/1106/767 717/1110/767 715/1107/767
f 716/1111/768 718/1112/768 719/1113/768
f 716/1111/768 719/1113/768 717/1114/768
f 718/1115/769 720/1116/769 721/1117/769
f 718/1115/769 721/1117/769 719/1118/769
f 720/1116/770 710/1119/770 713/1120/770
f 720/1116/770 713/1120/770 721/1117/770
f 713/1120/771 712/1121/771 722/1122/771
f 712/1108/772 715/1107/772 722/1123/772
f 715/1107/773 717/1110/773 722/1123/773
f 717/1124/774 719/1118/774 722/1122/774
f 719/1118/775 721/1117/775 722/1122/775
f 721/1117/776 713/1120/776 722/1122/776
f 723/1125/777 724/1126/777 725/1127/777
f 723/1125/777 725/1127/777 726/1128/777
f 724/1126/778 727/1129/778 728/1130/778
f 724/1126/778 728/1130/778 725/1127/778
f 727/1131/779 729/1132/779 730/1133/779
f 727/1131/779 730/1133/779 728/1134/779
f 729/1135/780 731/1136/780 732/1137/780
f 729/1135/780 732/1137/780 730/1138/780
f 731/1139/781 733/1140/781 734/1141/781
f 731/1139/781 734/1141/781 732/1142/781
f 733/1140/782 723/1143/782 726/1144/782
f 733/1140/782 726/1144/782 734/1141/782
f 726/1128/783 725/1127/783 735/1145/783
f 725/1127/784 728/1130/784 735/1145/784
f 728/1146/785 730/1138/785 735/1147/785
f 730/1138/786 732/1137/786 735/1147/786
f 732/1137/787 734/1148/787 735/1147/787
f 734/1148/788 726/1149/788 735/1147/788
f 736/1150/789 737/1151/789 738/1152/789
f 736/1150/789 738/1152/789 739/1153/789
f 737/1151/790 740/1154/790 741/1155/790
f 737/1151/790 741/1155/790 738/1152/790
f 740/1156/791 742/1157/791 743/1158/791
f 740/1156/791 743/1158/791 741/1159/791
f 742/1157/792 744/1160/792 745/1161/792
f 742/1157/792 745/1161/792 743/1158/792
f 744/1162/793 746/1163/793 747/1164/793
f 744/1162/793 747/1164/793 745/1165/793
f 746/1166/794 736/1167/794 739/1168/794
f 746/1166/794 739/1168/794 747/1169/794
f 739/1170/795 738/1171/795 748/1172/795
f 738/1171/796 741/1173/796 748/1172/796
f 741/1173/797 743/1174/797 748/1172/797
f 743/1174/798 745/1175/798 748/1172/798
f 745/1175/799 747/1176/799 748/1172/799
f 747/1176/800 739/1170/800 748/1172/800
f 749/1177/801 750/1178/801 751/1179/801
f 749/1177/801 752/1180/801 750/1178/801
f 749/1177/801 753/1181/801 752/1180/801
f 749/1177/801 754/1182/801 753/1181/801
f 749/1177/801 755/1183/801 754/1182/801
f 749/1177/801 751/1179/801 755/1183/801
f 751/1184/802 750/1185/802 756/1186/802
f 751/1184/802 756/1186/802 757/1187/802
f 750/1188/803 752/1189/803 758/1190/803
f 750/1188/803 758/1190/803 756/1191/803
f 752/1192/804 753/1193/804 759/1194/804
f 752/1192/804 759/1194/804 758/1195/804
f 753/1193/805 754/1196/805 760/1197/805
f 753/1193/805 760/1197/805 759/1194/805
f 754/1198/806 755/1199/806 761/1200/806
f 754/1198/806 761/1200/806 760/1201/806
f 755/1202/807 751/1184/807 757/1187/807
f 755/1202/807 757/1187/807 761/1203/807
f 757/1204/808 756/1205/808 762/1206/808
f 756/1205/808 758/1207/808 762/1206/808
f 758/1207/808 759/1208/808 762/1206/808
f 759/1208/808 760/1209/808 762/1206/808
f 760/1209/808 761/1210/808 762/1206/808
f 761/1210/808 757/1204/808 762/1206/808
f 763/1211/809 764/1212/809 765/1213/809
f 763/1211/809 766/1214/809 764/1212/809
f 763/1211/809 767/1215/809 766/1214/809
f 763/1211/809 768/1216/809 767/1215/809
f 763/1211/809 769/1217/809 768/1216/809
f 763/1211/809 765/1213/809 769/1217/809
f 765/1218/810 764/1219/810 770/1220/810
f 765/1218/810 770/1220/810 771/1221/810
f 764/1222/811 766/1223/811 772/1224/811
f 764/1222/811 772/1224/811 770/1225/811
f 766/1226/812 767/1227/812 773/1228/812
f 766/1226/812 773/1228/812 772/1229/812
f 767/1227/813 768/1230/813 774/1231/813
f 767/1227/813 774/1231/813 773/1228/813
f 768/1232/814 769/1233/814 775/1234/814
f 768/1232/814 775/1234/814 774/1235/814
f 769/1236/815 765/1218/815 771/1221/815
f 769/1236/815 771/1221/815 775/1237/815
f 771/1238/816 770/1239/816 776/1240/816
f 770/1239/816 772/1241/816 776/1240/816
f 772/1241/816 773/1242/816 776/1240/816
f 773/1242/816 774/1243/816 776/1240/816
f 774/1243/816 775/1244/816 776/1240/816
f 775/1244/816 771/1238/816 776/1240/816
f 777/1245/817 778/1246/817 779/1247/817
f 777/1245/817 780/1248/817 778/1246/817
f 777/1245/817 781/1249/817 780/1248/817
f 777/1245/817 782/1250/817 781/1249/817
f 777/1245/817 783/1251/817 782/1250/817
f 777/1245/817 779/1247/817 783/1251/817
f 779/1252/818 778/1253/818 784/1254/818
f 779/1252/818 784/1254/818 785/1255/818
f 778/1256/819 780/1257/819 786/1258/819
f 778/1256/819 786/1258/819 784/1259/819
f 780/1260/820 781/1261/820 787/1262/820
f 780/1260/820 787/1262/820 786/1263/820
f 781/1261/821 782/1264/821 788/1265/821
f 781/1261/821 788/1265/821 787/1262/821
f 782/1266/822 783/1267/822 789/1268/822
f 782/1266/822 789/1268/822 788/1269/822
f 783/1270/823 779/1252/823 785/1255/823
f 783/1270/823 785/1255/823 789/1271/823
f 785/1272/824 784/1273/824 790/1274/824
f 784/1273/824 786/1275/824 790/1274/824
f 786/1275/824 787/1276/824 790/1274/824
f 787/1276/824 788/1277/824 790/1274/824
f 788/1277/824 789/1278/824 790/1274/824
f 789/1278/824 785/1272/824 790/1274/824
f 791/1279/825 792/1280/825 793/1281/825
f 791/1279/826 794/1282/826 792/1280/826
f 791/1279/827 795/1283/827 794/1282/827
f 791/1279/828 796/1284/828 795/1283/828
f 791/1279/829 797/1285/829 796/1284/829
f 791/1279/830 793/1281/830 797/1285/830
f 793/1286/831 792/1287/831 798/1288/831
f 793/1286/831 798/1288/831 799/1289/831
f 792/1290/832 794/1291/832 800/1292/832
f 792/1290/832 800/1292/832 798/1293/832
f 794/1294/833 795/1295/833 801/1296/833
f 794/1294/833 801/1296/833 800/1297/833
f 795/1295/834 796/1298/834 802/1299/834
f 795/1295/834 802/1299/834 801/1296/834
f 796/1291/835 797/1290/835 803/1293/835
f 796/1291/835 803/1293/835 802/1292/835
f 797/1300/836 793/1286/836 799/1289/836
f 797/1300/836 799/1289/836 803/1301/836
f 799/1289/837 798/1288/837 804/1302/837
f 799/1289/837 804/1302/837 805/1303/837
f 798/1293/838 800/1292/838 806/1304/838
f 798/1293/838 806/1304/838 804/1305/838
f 800/1297/839 801/1296/839 807/1306/839
f 800/1297/839 807/1306/839 806/1307/839
f 801/1296/840 802/1299/840 808/1308/840
f 801/1296/840 808/1308/840 807/1306/840
f 802/1292/841 803/1293/841 809/1305/841
f 802/1292/841 809/1305/841 808/1304/841
f 803/1301/842 799/1289/842 805/1303/842
f 803/1301/842 805/1303/842 809/1309/842
f 805/1281/843 804/1280/843 810/1279/843
f 804/1280/844 806/1282/844 810/1279/844
f 806/1282/845 807/1283/845 810/1279/845
f 807/1283/846 808/1284/846 810/1279/846
f 808/1284/847 809/1285/847 810/1279/847
f 809/1285/848 805/1281/848 810/1279/848
f 811/1310/849 812/1311/849 813/1312/849
f 811/1310/850 814/1313/850 812/1311/850
f 811/1310/851 815/1314/851 814/1313/851
f 811/1310/852 816/1315/852 815/1314/852
f 811/1310/853 817/1316/853 816/1315/853
f 811/1310/854 813/1312/854 817/1316/854
f 813/1317/855 812/1318/855 818/1319/855
f 813/1317/855 818/1319/855 819/1320/855
f 812/1321/856 814/1322/856 820/1323/856
f 812/1321/856 820/1323/856 818/1324/856
f 814/1325/857 815/1326/857 821/1327/857
f 814/1325/857 821/1327/857 820/1328/857
f 815/1326/858 816/1329/858 822/1330/858
f 815/1326/858 822/1330/858 821/1327/858
f 816/1322/859 817/1321/859 823/1324/859
f 816/1322/859 823/1324/859 822/1323/859
f 817/1331/860 813/1317/860 819/1320/860
f 817/1331/860 819/1320/860 823/1332/860
f 819/1320/861 818/1319/861 824/1333/861
f 819/1320/861 824/1333/861 825/1334/861
f 818/1324/862 820/1323/862 826/1335/862
f 818/1324/862 826/1335/862 824/1336/862
f 820/1328/863 821/1327/863 827/1337/863
f 820/1328/863 827/1337/863 826/1338/863
f 821/1327/864 822/1330/864 828/1339/864
f 821/1327/864 828/1339/864 827/1337/864
f 822/1323/865 823/1324/865 829/1336/865
f 822/1323/865 829/1336/865 828/1335/865
f 823/1332/866 819/1320/866 825/1334/866
f 823/1332/866 825/1334/866 829/1340/866
f 825/1312/867 824/1311/867 830/1310/867
f 824/1311/868 826/1313/868 830/1310/868
f 826/1313/869 827/1314/869 830/1310/869
f 827/1314/870 828/1315/870 830/1310/870
f 828/1315/871 829/1316/871 830/1310/871
f 829/1316/872 825/1312/872 830/1310/872
f 831/1341/873 832/1342/873 833/1343/873
f 831/1341/874 834/1344/874 832/1342/874
f 831/1341/875 835/1345/875 834/1344/875
f 831/1341/876 836/1346/876 835/1345/876
f 831/1341/877 837/1347/877 836/1346/877
f 831/1341/878 833/1343/878 837/1347/878
f 833/1348/879 832/1349/879 838/1350/879
f 833/1348/879 838/1350/879 839/1351/879
f 832/1352/880 834/1353/880 840/1354/880
f 832/1352/880 840/1354/880 838/1355/880
f 834/1356/881 835/1357/881 841/1358/881
f 834/1356/881 841/1358/881 840/1359/881
f 835/1357/882 836/1360/882 842/1361/882
f 835/1357/882 842/1361/882 841/1358/882
f 836/1353/883 837/1352/883 843/1355/883
f 836/1353/883 843/1355/883 842/1354/883
f 837/1362/884 833/1348/884 839/1351/884
f 837/1362/884 839/1351/884 843/1363/884
f 839/1351/885 838/1350/885 844/1364/885
f 839/1351/885 844/1364/885 845/1365/885
f 838/1355/886 840/1354/886 846/1366/886
f 838/1355/886 846/1366/886 844/1367/886
f 840/1359/887 841/1358/887 847/1368/887
f 840/1359/887 847/1368/887 846/1369/887
f 841/1358/888 842/1361/888 848/1370/888
f 841/1358/888 848/1370/888 847/1368/888
f 842/1354/889 843/1355/889 849/1367/889
f 842/1354/889 849/1367/889 848/1366/889
f 843/1363/890 839/1351/890 845/1365/890
f 843/1363/890 845/1365/890 849/1371/890
f 845/1343/891 844/1342/891 850/1341/891
f 844/1342/892 846/1344/892 850/1341/892
f 846/1344/893 847/1345/893 850/1341/893
f 847/1345/894 848/1346/894 850/1341/894
f 848/1346/895 849/1347/895 850/1341/895
f 849/1347/896 845/1343/896 850/1341/896
f 851/1372/897 852/1373/897 853/1374/897
f 851/1372/898 854/1375/898 852/1373/898
f 851/1372/899 855/1376/899 854/1375/899
f 851/1372/900 856/1377/900 855/1376/900
f 851/1372/901 857/1378/901 856/1377/901
f 851/1372/902 853/1374/902 857/1378/902
f 853/1379/903 852/1380/903 858/1381/903
f 853/1379/903 858/1381/903 859/1382/903
f 852/1383/904 854/1384/904 860/1385/904
f 852/1383/904 860/1385/904 858/1386/904
f 854/1387/905 855/1388/905 861/1389/905
f 854/1387/905 861/1389/905 860/1390/905
f 855/1388/906 856/1391/906 862/1392/906
f 855/1388/906 862/1392/906 861/1389/906
f 856/1384/907 857/1383/907 863/1386/907
f 856/1384/907 863/1386/907 862/1385/907
f 857/1393/908 853/1379/908 859/1382/908
f 857/1393/908 859/1382/908 863/1394/908
f 859/1382/909 858/1381/909 864/1395/909
f 859/1382/909 864/1395/909 865/1396/909
f 858/1386/910 860/1385/910 866/1397/910
f 858/1386/910 866/1397/910 864/1398/910
f 860/1390/911 861/1389/911 867/1399/911
f 860/1390/911 867/1399/911 866/1400/911
f 861/1389/912 862/1392/912 868/1401/912
f 861/1389/912 868/1401/912 867/1399/912
f 862/1385/913 863/1386/913 869/1398/913
f 862/1385/913 869/1398/913 868/1397/913
f 863/1394/914 859/1382/914 865/1396/914
f 863/1394/914 865/1396/914 869/1402/914
f 865/1374/915 864/1373/915 870/1372/915
f 864/1373/916 866/1375/916 870/1372/916
f 866/1375/917 867/1376/917 870/1372/917
f 867/1376/918 868/1377/918 870/1372/918
f 868/1377/919 869/1378/919 870/1372/919
f 869/1378/920 865/1374/920 870/1372/920
f 871/1403/921 872/1404/921 873/1405/921
f 871/1403/922 874/1406/922 872/1404/922
f 871/1403/923 875/1407/923 874/1406/923
f 871/1403/924 876/1408/924 875/1407/924
f 871/1403/925 877/1409/925 876/1408/925
f 871/1403/926 873/1405/926 877/1409/926
f 873/1410/927 872/1411/927 878/1412/927
f 873/1410/927 878/1412/927 879/1413/927
f 872/1414/928 874/1415/928 880/1416/928
f 872/1414/928 880/1416/928 878/1417/928
f 874/1418/929 875/1419/929 881/1420/929
f 874/1418/929 881/1420/929 880/1421/929
f 875/1419/930 876/1422/930 882/1423/930
f 875/1419/930 882/1423/930 881/1420/930
f 876/1415/931 877/1414/931 883/1417/931
f 876/1415/931 883/1417/931 882/1416/931
f 877/1424/932 873/1410/932 879/1413/932
f 877/1424/932 879/1413/932 883/1425/932
f 879/1413/933 878/1412/933 884/1426/933
f 879/1413/933 884/1426/933 885/1427/933
f 878/1417/934 880/1416/934 886/1428/934
f 878/1417/934 886/1428/934 884/1429/934
f 880/1421/935 881/1420/935 887/1430/935
f 880/1421/935 887/1430/935 886/1431/935
f 881/1420/936 882/1423/936 888/1432/936
f 881/1420/936 888/1432/936 887/1430/936
f 882/1416/937 883/1417/937 889/1429/937
f 882/1416/937 889/1429/937 888/1428/937
f 883/1425/938 879/1413/938 885/1427/938
f 883/1425/938 885/1427/938 889/1433/938
f 885/1405/939 884/1404/939 890/1403/939
f 884/1404/940 886/1406/940 890/1403/940
f 886/1406/941 887/1407/941 890/1403/941
f 887/1407/942 888/1408/942 890/1403/942
f 888/1408/943 889/1409/943 890/1403/943
f 889/1409/944 885/1405/944 890/1403/944
f 891/1434/945 892/1435/945 893/1436/945
f 891/1434/946 894/1437/946 892/1435/946
f 891/1434/947 895/1438/947 894/1437/947
f 891/1434/948 896/1439/948 895/1438/948
f 891/1434/949 897/1440/949 896/1439/949
f 891/1434/950 893/1436/950 897/1440/950
f 893/1441/951 892/1442/951 898/1443/951
f 893/1441/951 898/1443/951 899/1444/951
f 892/1445/952 894/1446/952 900/1447/952
f 892/1445/952 900/1447/952 898/1448/952
f 894/1449/953 895/1450/953 901/1451/953
f 894/1449/953 901/1451/953 900/1452/953
f 895/1450/954 896/1453/954 902/1454/954
f 895/1450/954 902/1454/954 901/1451/954
f 896/1446/955 897/1445/955 903/1448/955
f 896/1446/955 903/1448/955 902/1447/955
f 897/1455/956 893/1441/956 899/1444/956
f 897/1455/956 899/1444/956 903/1456/956
f 899/1444/957 898/1443/957 904/1457/957
f 899/1444/957 904/1457/957 905/1458/957
f 898/1448/958 900/1447/958 906/1459/958
f 898/1448/958 906/1459/958 904/1460/958
f 900/1452/959 901/1451/959 907/1461/959
f 900/1452/959 907/1461/959 906/1462/959
f 901/1451/960 902/1454/960 908/1463/960
f 901/1451/960 908/1463/960 907/1461/960
f 902/1447/961 903/1448/961 909/1460/961
f 902/1447/961 909/1460/961 908/1459/961
f 903/1456/962 899/1444/962 905/1458/962
f 903/1456/962 905/1458/962 909/1464/962
f 905/1436/963 904/1435/963 910/1434/963
f 904/1435/964 906/1437/964 910/1434/964
f 906/1437/965 907/1438/965 910/1434/965
f 907/1438/966 908/1439/966 910/1434/966
f 908/1439/967 909/1440/967 910/1434/967
f 909/1440/968 905/1436/968 910/1434/968
f 911/1465/969 912/1466/969 913/1467/969
f 911/1465/970 914/1468/970 912/1466/970
f 911/1465/971 915/1469/971 914/1468/971
f 911/1465/972 916/1470/972 915/1469/972
f 911/1465/973 917/1471/973 916/1470/973
f 911/1465/974 913/1467/974 917/1471/974
f 913/1472/975 912/1473/975 918/1474/975
f 913/1472/975 918/1474/975 919/1475/975
f 912/1476/976 914/1477/976 920/1478/976
f 912/1476/976 920/1478/976 918/1479/976
f 914/1480/977 915/1481/977 921/1482/977
f 914/1480/977 921/1482/977 920/1483/977
f 915/1481/978 916/1484/978 922/1485/978
f 915/1481/978 922/1485/978 921/1482/978
f 916/1477/979 917/1476/979 923/1479/979
f 916/1477/979 923/1479/979 922/1478/979
f 917/1486/980 913/1472/980 919/1475/980
f 917/1486/980 919/1475/980 923/1487/980
f 919/1475/981 918/1474/981 924/1488/981
f 919/1475/981 924/1488/981 925/1489/981
f 918/1479/982 920/1478/982 926/1490/982
f 918/1479/982 926/1490/982 924/1491/982
f 920/1483/983 921/1482/983 927/1492/983
f 920/1483/983 927/1492/983 926/1493/983
f 921/1482/984 922/1485/984 928/1494/984
f 921/1482/984 928/1494/984 927/1492/984
f 922/1478/985 923/1479/985 929/1491/985
f 922/1478/985 929/1491/985 928/1490/985
f 923/1487/986 919/1475/986 925/1489/986
f 923/1487/986 925/1489/986 929/1495/986
f 925/1467/987 924/1466/987 930/1465/987
f 924/1466/988 926/1468/988 930/1465/988
f 926/1468/989 927/1469/989 930/1465/989
f 927/1469/990 928/1470/990 930/1465/990
f 928/1470/991 929/1471/991 930/1465/991
f 929/1471/992 925/1467/992 930/1465/992
f 931/1496/993 932/1497/993 933/1498/993
f 931/1496/994 934/1499/994 932/1497/994
f 931/1496/995 935/1500/995 934/1499/995
f 931/1496/996 936/1501/996 935/1500/996
f 931/1496/997 937/1502/997 936/1501/997
f 931/1496/998 933/1498/998 937/1502/998
f 933/1503/999 932/1504/999 938/1505/999
f 933/1503/999 938/1505/999 939/1506/999
f 932/1507/1000 934/1508/1000 940/1509/1000
f 932/1507/1000 940/1509/1000 938/1510/1000
f 934/1511/1001 935/1512/1001 941/1513/1001
f 934/1511/1001 941/1513/1001 940/1514/1001
f 935/1512/1002 936/1515/1002 942/1516/1002
f 935/1512/1002 942/1516/1002 941/1513/1002
f 936/1508/1003 937/1507/1003 943/1510/1003
f 936/1508/1003 943/1510/1003 942/1509/1003
f 937/1517/1004 933/1503/1004 939/1506/1004
f 937/1517/1004 939/1506/1004 943/1518/1004
f 939/1506/1005 938/1505/1005 944/1519/1005
f 939/1506/1005 944/1519/1005 945/1520/1005
f 938/1510/1006 940/1509/1006 946/1521/1006
f 938/1510/1006 946/1521/1006 944/1522/1006
f 940/1514/1007 941/1513/1007 947/1523/1007
f 940/1514/1007 947/1523/1007 946/1524/1007
f 941/1513/1008 942/1516/1008 948/1525/1008
f 941/1513/1008 948/1525/1008 947/1523/1008
f 942/1509/1009 943/1510/1009 949/1522/1009
f 942/1509/1009 949/1522/1009 948/1521/1009
f 943/1518/1010 939/1506/1010 945/1520/1010
f 943/1518/1010 945/1520/1010 949/1526/1010
f 945/1498/1011 944/1497/1011 950/1496/1011
f 944/1497/1012 946/1499/1012 950/1496/1012
f 946/1499/1013 947/1500/1013 950/1496/1013
f 947/1500/1014 948/1501/1014 950/1496/1014
f 948/1501/1015 949/1502/1015 950/1496/1015
f 949/1502/1016 945/1498/1016 950/1496/1016
f 951/1527/1017 952/1528/1017 953/1529/1017
f 951/1527/1018 954/1530/1018 952/1528/1018
f 951/1527/1019 955/1531/1019 954/1530/1019
f 951/1527/1020 956/1532/1020 955/1531/1020
f 951/1527/1021 957/1533/1021 956/1532/1021
f 951/1527/1022 953/1529/1022 957/1533/1022
f 953/1534/1023 952/1535/1023 958/1536/1023
f 953/1534/1023 958/1536/1023 959/1537/1023
f 952/1538/1024 954/1539/1024 960/1540/1024
f 952/1538/1024 960/1540/1024 958/1541/1024
f 954/1542/1025 955/1543/1025 961/1544/1025
f 954/1542/1025 961/1544/1025 960/1545/1025
f 955/1543/1026 956/1546/1026 962/1547/1026
f 955/1543/1026 962/1547/1026 961/1544/1026
f 956/1539/1027 957/1538/1027 963/1541/1027
f 956/1539/1027 963/1541/1027 962/1540/1027
f 957/1548/1028 953/1534/1028 959/1537/1028
f 957/1548/1028 959/1537/1028 963/1549/1028
f 959/1537/1029 958/1536/1029 964/1550/1029
f 959/1537/1029 964/1550/1029 965/1551/1029
f 958/1541/1030 960/1540/1030 966/1552/1030
f 958/1541/1030 966/1552/1030 964/1553/1030
f 960/1545/1031 961/1544/1031 967/1554/1031
f 960/1545/1031 967/1554/1031 966/1555/1031
f 961/1544/1032 962/1547/1032 968/1556/1032
f 961/1544/1032 968/1556/1032 967/1554/1032
f 962/1540/1033 963/1541/1033 969/1553/1033
f 962/1540/1033 969/1553/1033 968/1552/1033
f 963/1549/1034 959/1537/1034 965/1551/1034
f 963/1549/1034 965/1551/1034 969/1557/1034
f 965/1529/1035 964/1528/1035 970/1527/1035
f 964/1528/1036 966/1530/1036 970/1527/1036
f 966/1530/1037 967/1531/1037 970/1527/1037
f 967/1531/1038 968/1532/1038 970/1527/1038
f 968/1532/1039 969/1533/1039 970/1527/1039
f 969/1533/1040 965/1529/1040 970/1527/1040
f 971/1558/1041 972/1559/1041 973/1560/1041
f 971/1558/1042 974/1561/1042 972/1559/1042
f 971/1558/1043 975/1562/1043 974/1561/1043
f 971/1558/1044 976/1563/1044 975/1562/1044
f 971/1558/1045 977/1564/1045 976/1563/1045
f 971/1558/1046 973/1560/1046 977/1564/1046
f 973/1565/1047 972/1566/1047 978/1567/1047
f 973/1565/1047 978/1567/1047 979/1568/1047
f 972/1569/1048 974/1570/1048 980/1571/1048
f 972/1569/1048 980/1571/1048 978/1572/1048
f 974/1573/1049 975/1574/1049 981/1575/1049
f 974/1573/1049 981/1575/1049 980/1576/1049
f 975/1574/1050 976/1577/1050 982/1578/1050
f 975/1574/1050 982/1578/1050 981/1575/1050
f 976/1570/1051 977/1569/1051 983/1572/1051
f 976/1570/1051 983/1572/1051 982/1571/1051
f 977/1579/1052 973/1565/1052 979/1568/1052
f 977/1579/1052 979/1568/1052 983/1580/1052
f 979/1568/1053 978/1567/1053 984/1581/1053
f 979/1568/1053 984/1581/1053 985/1582/1053
f 978/1572/1054 980/1571/1054 986/1583/1054
f 978/1572/1054 986/1583/1054 984/1584/1054
f 980/1576/1055 981/1575/1055 987/1585/1055
f 980/1576/1055 987/1585/1055 986/1586/1055
f 981/1575/1056 982/1578/1056 988/1587/1056
f 981/1575/1056 988/1587/1056 987/1585/1056
f 982/1571/1057 983/1572/1057 989/1584/1057
f 982/1571/1057 989/1584/1057 988/1583/1057
f 983/1580/1058 979/1568/1058 985/1582/1058
f 983/1580/1058 985/1582/1058 989/1588/1058
f 985/1560/1059 984/1559/1059 990/1558/1059
f 984/1559/1060 986/1561/1060 990/1558/1060
f 986/1561/1061 987/1562/1061 990/1558/1061
f 987/1562/1062 988/1563/1062 990/1558/1062
f 988/1563/1063 989/1564/1063 990/1558/1063
f 989/1564/1064 985/1560/1064 990/1558/1064
