# Terran battleship, from tools/gen_fleet.py
# Generated by tools. Edit the generator script.
v 0.000000 0.756196 1.183919
v 0.121874 0.756196 1.875101
v 0.000000 0.756196 1.885764
v 0.240045 0.756196 1.843437
v 0.350922 0.756196 1.791734
v 0.451137 0.756196 1.721563
v 0.537644 0.756196 1.635056
v 0.607815 0.756196 1.534841
v 0.659518 0.756196 1.423964
v 0.691182 0.756196 1.305793
v 0.701844 0.756196 1.183919
v 0.691182 0.756196 1.062045
v 0.659518 0.756196 0.943874
v 0.607815 0.756196 0.832997
v 0.537644 0.756196 0.732782
v 0.451137 0.756196 0.646275
v 0.350922 0.756196 0.576104
v 0.240045 0.756196 0.524401
v 0.121874 0.756196 0.492738
v 0.000000 0.756196 0.482075
v -0.121874 0.756196 0.492738
v -0.240045 0.756196 0.524401
v -0.350922 0.756196 0.576104
v -0.451137 0.756196 0.646275
v -0.537644 0.756196 0.732782
v -0.607815 0.756196 0.832997
v -0.659518 0.756196 0.943874
v -0.691182 0.756196 1.062045
v -0.701844 0.756196 1.183919
v -0.691182 0.756196 1.305793
v -0.659518 0.756196 1.423964
v -0.607815 0.756196 1.534841
v -0.537644 0.756196 1.635056
v -0.451137 0.756196 1.721563
v -0.350922 0.756196 1.791734
v -0.240045 0.756196 1.843437
v -0.121874 0.756196 1.875101
v 0.199430 0.798732 2.314944
v 0.000000 0.798732 2.332392
v 0.392801 0.798732 2.263131
v 0.574236 0.798732 2.178526
v 0.738224 0.798732 2.063700
v 0.879781 0.798732 1.922143
v 0.994606 0.798732 1.758156
v 1.079211 0.798732 1.576720
v 1.131025 0.798732 1.383349
v 1.148473 0.798732 1.183919
v 1.131025 0.798732 0.984489
v 1.079211 0.798732 0.791119
v 0.994606 0.798732 0.609683
v 0.879781 0.798732 0.445695
v 0.738224 0.798732 0.304138
v 0.574236 0.798732 0.189313
v 0.392801 0.798732 0.104708
v 0.199430 0.798732 0.052895
v 0.000000 0.798732 0.035447
v -0.199430 0.798732 0.052895
v -0.392801 0.798732 0.104708
v -0.574236 0.798732 0.189313
v -0.738224 0.798732 0.304138
v -0.879781 0.798732 0.445695
v -0.994606 0.798732 0.609683
v -1.079211 0.798732 0.791119
v -1.131025 0.798732 0.984489
v -1.148473 0.798732 1.183919
v -1.131025 0.798732 1.383349
v -1.079211 0.798732 1.576720
v -0.994606 0.798732 1.758156
v -0.879781 0.798732 1.922143
v -0.738224 0.798732 2.063700
v -0.574236 0.798732 2.178526
v -0.392801 0.798732 2.263131
v -0.199430 0.798732 2.314944
v 0.221589 0.798732 2.440613
v 0.000000 0.798732 2.460000
v 0.436445 0.798732 2.383043
v 0.638040 0.798732 2.289038
v 0.820249 0.798732 2.161454
v 0.977535 0.798732 2.004168
v 1.105118 0.798732 1.821960
v 1.199124 0.798732 1.620365
v 1.256694 0.798732 1.405508
v 1.276081 0.798732 1.183919
v 1.256694 0.798732 0.962330
v 1.199124 0.798732 0.747474
v 1.105118 0.798732 0.545879
v 0.977535 0.798732 0.363670
v 0.820249 0.798732 0.206385
v 0.638040 0.798732 0.078801
v 0.436445 0.798732 -0.015204
v 0.221589 0.798732 -0.072775
v 0.000000 0.798732 -0.092161
v -0.221589 0.798732 -0.072775
v -0.436445 0.798732 -0.015204
v -0.638040 0.798732 0.078801
v -0.820249 0.798732 0.206385
v -0.977535 0.798732 0.363670
v -1.105118 0.798732 0.545879
v -1.199124 0.798732 0.747474
v -1.256694 0.798732 0.962330
v -1.276081 0.798732 1.183919
v -1.256694 0.798732 1.405508
v -1.199124 0.798732 1.620365
v -1.105118 0.798732 1.821960
v -0.977535 0.798732 2.004168
v -0.820249 0.798732 2.161454
v -0.638040 0.798732 2.289038
v -0.436445 0.798732 2.383043
v -0.221589 0.798732 2.440613
v 0.221589 1.039769 2.440613
v 0.000000 1.039769 2.460000
v 0.436445 1.039769 2.383043
v 0.638040 1.039769 2.289038
v 0.820249 1.039769 2.161454
v 0.977535 1.039769 2.004168
v 1.105118 1.039769 1.821960
v 1.199124 1.039769 1.620365
v 1.256694 1.039769 1.405508
v 1.276081 1.039769 1.183919
v 1.256694 1.039769 0.962330
v 1.199124 1.039769 0.747474
v 1.105118 1.039769 0.545879
v 0.977535 1.039769 0.363670
v 0.820249 1.039769 0.206385
v 0.638040 1.039769 0.078801
v 0.436445 1.039769 -0.015204
v 0.221589 1.039769 -0.072775
v 0.000000 1.039769 -0.092161
v -0.221589 1.039769 -0.072775
v -0.436445 1.039769 -0.015204
v -0.638040 1.039769 0.078801
v -0.820249 1.039769 0.206385
v -0.977535 1.039769 0.363670
v -1.105118 1.039769 0.545879
v -1.199124 1.039769 0.747474
v -1.256694 1.039769 0.962330
v -1.276081 1.039769 1.183919
v -1.256694 1.039769 1.405508
v -1.199124 1.039769 1.620365
v -1.105118 1.039769 1.821960
v -0.977535 1.039769 2.004168
v -0.820249 1.039769 2.161454
v -0.638040 1.039769 2.289038
v -0.436445 1.039769 2.383043
v -0.221589 1.039769 2.440613
v 0.199430 1.039769 2.314944
v 0.000000 1.039769 2.332392
v 0.392801 1.039769 2.263131
v 0.574236 1.039769 2.178526
v 0.738224 1.039769 2.063700
v 0.879781 1.039769 1.922143
v 0.994606 1.039769 1.758156
v 1.079211 1.039769 1.576720
v 1.131025 1.039769 1.383349
v 1.148473 1.039769 1.183919
v 1.131025 1.039769 0.984489
v 1.079211 1.039769 0.791119
v 0.994606 1.039769 0.609683
v 0.879781 1.039769 0.445695
v 0.738224 1.039769 0.304138
v 0.574236 1.039769 0.189313
v 0.392801 1.039769 0.104708
v 0.199430 1.039769 0.052895
v 0.000000 1.039769 0.035447
v -0.199430 1.039769 0.052895
v -0.392801 1.039769 0.104708
v -0.574236 1.039769 0.189313
v -0.738224 1.039769 0.304138
v -0.879781 1.039769 0.445695
v -0.994606 1.039769 0.609683
v -1.079211 1.039769 0.791119
v -1.131025 1.039769 0.984489
v -1.148473 1.039769 1.183919
v -1.131025 1.039769 1.383349
v -1.079211 1.039769 1.576720
v -0.994606 1.039769 1.758156
v -0.879781 1.039769 1.922143
v -0.738224 1.039769 2.063700
v -0.574236 1.039769 2.178526
v -0.392801 1.039769 2.263131
v -0.199430 1.039769 2.314944
v 0.194998 1.082778 2.289810
v 0.000000 1.082778 2.306870
v 0.384072 1.082778 2.239148
v 0.561476 1.082778 2.156423
v 0.721819 1.082778 2.044150
v 0.860230 1.082778 1.905738
v 0.972504 1.082778 1.745395
v 1.055229 1.082778 1.567991
v 1.105891 1.082778 1.378918
v 1.122951 1.082778 1.183919
v 1.105891 1.082778 0.988921
v 1.055229 1.082778 0.799847
v 0.972504 1.082778 0.622444
v 0.860230 1.082778 0.462100
v 0.721819 1.082778 0.323689
v 0.561476 1.082778 0.211415
v 0.384072 1.082778 0.128691
v 0.194998 1.082778 0.078028
v 0.000000 1.082778 0.060968
v -0.194998 1.082778 0.078028
v -0.384072 1.082778 0.128691
v -0.561476 1.082778 0.211415
v -0.721819 1.082778 0.323689
v -0.860230 1.082778 0.462100
v -0.972504 1.082778 0.622444
v -1.055229 1.082778 0.799847
v -1.105891 1.082778 0.988921
v -1.122951 1.082778 1.183919
v -1.105891 1.082778 1.378918
v -1.055229 1.082778 1.567991
v -0.972504 1.082778 1.745395
v -0.860230 1.082778 1.905738
v -0.721819 1.082778 2.044150
v -0.561476 1.082778 2.156423
v -0.384072 1.082778 2.239148
v -0.194998 1.082778 2.289810
v 0.121874 1.082778 1.875101
v 0.000000 1.082778 1.885764
v 0.240045 1.082778 1.843437
v 0.350922 1.082778 1.791734
v 0.451137 1.082778 1.721563
v 0.537644 1.082778 1.635056
v 0.607815 1.082778 1.534841
v 0.659518 1.082778 1.423964
v 0.691182 1.082778 1.305793
v 0.701844 1.082778 1.183919
v 0.691182 1.082778 1.062045
v 0.659518 1.082778 0.943874
v 0.607815 1.082778 0.832997
v 0.537644 1.082778 0.732782
v 0.451137 1.082778 0.646275
v 0.350922 1.082778 0.576104
v 0.240045 1.082778 0.524401
v 0.121874 1.082778 0.492738
v 0.000000 1.082778 0.482075
v -0.121874 1.082778 0.492738
v -0.240045 1.082778 0.524401
v -0.350922 1.082778 0.576104
v -0.451137 1.082778 0.646275
v -0.537644 1.082778 0.732782
v -0.607815 1.082778 0.832997
v -0.659518 1.082778 0.943874
v -0.691182 1.082778 1.062045
v -0.701844 1.082778 1.183919
v -0.691182 1.082778 1.305793
v -0.659518 1.082778 1.423964
v -0.607815 1.082778 1.534841
v -0.537644 1.082778 1.635056
v -0.451137 1.082778 1.721563
v -0.350922 1.082778 1.791734
v -0.240045 1.082778 1.843437
v -0.121874 1.082778 1.875101
v 0.110795 1.138075 1.812266
v 0.000000 1.138075 1.821960
v 0.218223 1.138075 1.783481
v 0.319020 1.138075 1.736478
v 0.410124 1.138075 1.672687
v 0.488767 1.138075 1.594044
v 0.552559 1.138075 1.502939
v 0.599562 1.138075 1.402142
v 0.628347 1.138075 1.294714
v 0.638040 1.138075 1.183919
v 0.628347 1.138075 1.073125
v 0.599562 1.138075 0.965697
v 0.552559 1.138075 0.864899
v 0.488767 1.138075 0.773795
v 0.410124 1.138075 0.695152
v 0.319020 1.138075 0.631360
v 0.218223 1.138075 0.584358
v 0.110795 1.138075 0.555572
v 0.000000 1.138075 0.545879
v -0.110795 1.138075 0.555572
v -0.218223 1.138075 0.584358
v -0.319020 1.138075 0.631360
v -0.410124 1.138075 0.695152
v -0.488767 1.138075 0.773795
v -0.552559 1.138075 0.864899
v -0.599562 1.138075 0.965697
v -0.628347 1.138075 1.073125
v -0.638040 1.138075 1.183919
v -0.628347 1.138075 1.294714
v -0.599562 1.138075 1.402142
v -0.552559 1.138075 1.502939
v -0.488767 1.138075 1.594044
v -0.410124 1.138075 1.672687
v -0.319020 1.138075 1.736478
v -0.218223 1.138075 1.783481
v -0.110795 1.138075 1.812266
v 0.055397 1.162651 1.498093
v 0.000000 1.162651 1.502939
v 0.109111 1.162651 1.483700
v 0.159510 1.162651 1.460199
v 0.205062 1.162651 1.428303
v 0.244384 1.162651 1.388982
v 0.276280 1.162651 1.343429
v 0.299781 1.162651 1.293031
v 0.314174 1.162651 1.239317
v 0.319020 1.162651 1.183919
v 0.314174 1.162651 1.128522
v 0.299781 1.162651 1.074808
v 0.276280 1.162651 1.024409
v 0.244384 1.162651 0.978857
v 0.205062 1.162651 0.939536
v 0.159510 1.162651 0.907640
v 0.109111 1.162651 0.884138
v 0.055397 1.162651 0.869746
v 0.000000 1.162651 0.864899
v -0.055397 1.162651 0.869746
v -0.109111 1.162651 0.884138
v -0.159510 1.162651 0.907640
v -0.205062 1.162651 0.939536
v -0.244384 1.162651 0.978857
v -0.276280 1.162651 1.024409
v -0.299781 1.162651 1.074808
v -0.314174 1.162651 1.128522
v -0.319020 1.162651 1.183919
v -0.314174 1.162651 1.239317
v -0.299781 1.162651 1.293031
v -0.276280 1.162651 1.343429
v -0.244384 1.162651 1.388982
v -0.205062 1.162651 1.428303
v -0.159510 1.162651 1.460199
v -0.109111 1.162651 1.483700
v -0.055397 1.162651 1.498093
v 0.000000 1.162651 1.183919
v -0.259942 0.822363 0.089011
v 0.259942 0.822363 0.089011
v 0.259942 0.973602 0.089011
v -0.259942 0.973602 0.089011
v 0.259942 0.822363 -0.194563
v -0.259942 0.822363 -0.194563
v -0.259942 0.973602 -0.194563
v 0.259942 0.973602 -0.194563
v 0.000000 0.756196 0.900346
v 0.166680 0.756196 0.954504
v 0.144349 0.614409 0.985239
v 0.000000 0.614409 0.938337
v 0.269694 0.756196 1.096290
v 0.233562 0.614409 1.108030
v 0.269694 0.756196 1.271548
v 0.233562 0.614409 1.259808
v 0.166680 0.756196 1.413335
v 0.144349 0.614409 1.382599
v 0.000000 0.756196 1.467493
v 0.000000 0.614409 1.429501
v -0.166680 0.756196 1.413335
v -0.144349 0.614409 1.382599
v -0.269694 0.756196 1.271548
v -0.233562 0.614409 1.259808
v -0.269694 0.756196 1.096290
v -0.233562 0.614409 1.108030
v -0.166680 0.756196 0.954504
v -0.144349 0.614409 0.985239
v 0.083340 0.510614 1.069211
v 0.000000 0.510614 1.042133
v 0.134847 0.510614 1.140105
v 0.134847 0.510614 1.227734
v 0.083340 0.510614 1.298627
v 0.000000 0.510614 1.325706
v -0.083340 0.510614 1.298627
v -0.134847 0.510614 1.227734
v -0.134847 0.510614 1.140105
v -0.083340 0.510614 1.069211
v 0.000000 0.472622 1.183919
v 0.000000 1.153199 1.413614
v 0.160413 1.153199 1.574027
v 0.000000 1.153199 1.640473
v 0.226859 1.153199 1.413614
v 0.160413 1.153199 1.253200
v 0.000000 1.153199 1.186755
v -0.160413 1.153199 1.253200
v -0.226859 1.153199 1.413614
v -0.160413 1.153199 1.574027
v 0.160413 1.266628 1.574027
v 0.000000 1.266628 1.640473
v 0.226859 1.266628 1.413614
v 0.160413 1.266628 1.253200
v 0.000000 1.266628 1.186755
v -0.160413 1.266628 1.253200
v -0.226859 1.266628 1.413614
v -0.160413 1.266628 1.574027
v 0.000000 1.266628 1.413614
v -0.113429 0.235340 0.024770
v 0.113429 0.235340 0.024770
v 0.113429 0.757717 0.245628
v -0.113429 0.757717 0.245628
v 0.113429 0.603436 -0.845858
v -0.113429 0.603436 -0.845858
v -0.113429 1.125813 -0.625001
v 0.113429 1.125813 -0.625001
v -0.855447 0.080346 0.385187
v -0.089798 0.080346 0.385187
v -0.089798 0.675850 0.385187
v -0.855447 0.675850 0.385187
v -0.208899 0.172980 -2.318213
v -0.736346 0.172980 -2.318213
v -0.736346 0.583216 -2.318213
v -0.208899 0.583216 -2.318213
v -0.472622 0.118156 0.400941
v -0.373147 0.137943 0.400941
v -0.381895 0.159063 0.432406
v -0.472622 0.141016 0.432406
v -0.396050 0.193236 0.420387
v -0.472622 0.178004 0.420387
v -0.396050 0.193236 0.381495
v -0.472622 0.178004 0.381495
v -0.381895 0.159063 0.369477
v -0.472622 0.141016 0.369477
v -0.288815 0.194291 0.400941
v -0.304980 0.210456 0.432406
v -0.331135 0.236610 0.420387
v -0.331135 0.236610 0.381495
v -0.304980 0.210456 0.369477
v -0.232467 0.278622 0.400941
v -0.253587 0.287371 0.432406
v -0.287760 0.301525 0.420387
v -0.287760 0.301525 0.381495
v -0.253587 0.287371 0.369477
v -0.212680 0.378098 0.400941
v -0.235540 0.378098 0.432406
v -0.272529 0.378098 0.420387
v -0.272529 0.378098 0.381495
v -0.235540 0.378098 0.369477
v -0.232467 0.477574 0.400941
v -0.253587 0.468825 0.432406
v -0.287760 0.454670 0.420387
v -0.287760 0.454670 0.381495
v -0.253587 0.468825 0.369477
v -0.288815 0.561905 0.400941
v -0.304980 0.545740 0.432406
v -0.331135 0.519586 0.420387
v -0.331135 0.519586 0.381495
v -0.304980 0.545740 0.369477
v -0.373147 0.618253 0.400941
v -0.381895 0.597133 0.432406
v -0.396050 0.562960 0.420387
v -0.396050 0.562960 0.381495
v -0.381895 0.597133 0.369477
v -0.472622 0.638040 0.400941
v -0.472622 0.615180 0.432406
v -0.472622 0.578192 0.420387
v -0.472622 0.578192 0.381495
v -0.472622 0.615180 0.369477
v -0.572098 0.618253 0.400941
v -0.563350 0.597133 0.432406
v -0.549195 0.562960 0.420387
v -0.549195 0.562960 0.381495
v -0.563350 0.597133 0.369477
v -0.656429 0.561905 0.400941
v -0.640265 0.545740 0.432406
v -0.614110 0.519586 0.420387
v -0.614110 0.519586 0.381495
v -0.640265 0.545740 0.369477
v -0.712778 0.477574 0.400941
v -0.691658 0.468825 0.432406
v -0.657485 0.454670 0.420387
v -0.657485 0.454670 0.381495
v -0.691658 0.468825 0.369477
v -0.732565 0.378098 0.400941
v -0.709705 0.378098 0.432406
v -0.672716 0.378098 0.420387
v -0.672716 0.378098 0.381495
v -0.709705 0.378098 0.369477
v -0.712778 0.278622 0.400941
v -0.691658 0.287371 0.432406
v -0.657485 0.301525 0.420387
v -0.657485 0.301525 0.381495
v -0.691658 0.287371 0.369477
v -0.656429 0.194291 0.400941
v -0.640265 0.210456 0.432406
v -0.614110 0.236610 0.420387
v -0.614110 0.236610 0.381495
v -0.640265 0.210456 0.369477
v -0.572098 0.137943 0.400941
v -0.563350 0.159063 0.432406
v -0.549195 0.193236 0.420387
v -0.549195 0.193236 0.381495
v -0.563350 0.159063 0.369477
v -0.472622 0.189049 0.393064
v -0.361502 0.225154 0.393064
v -0.392616 0.267978 0.427093
v -0.472622 0.241983 0.427093
v -0.292826 0.319679 0.393064
v -0.343169 0.336036 0.427093
v -0.292826 0.436517 0.393064
v -0.343169 0.420160 0.427093
v -0.361502 0.531042 0.393064
v -0.392616 0.488218 0.427093
v -0.472622 0.567147 0.393064
v -0.472622 0.514213 0.427093
v -0.583743 0.531042 0.393064
v -0.552629 0.488218 0.427093
v -0.652419 0.436517 0.393064
v -0.602076 0.420160 0.427093
v -0.652419 0.319679 0.393064
v -0.602076 0.336036 0.427093
v -0.583743 0.225154 0.393064
v -0.552629 0.267978 0.427093
v -0.472622 0.378098 0.449779
v -0.642767 0.623862 0.309568
v -0.302478 0.623862 0.309568
v -0.302478 0.756196 0.309568
v -0.642767 0.756196 0.309568
v -0.302478 0.623862 -0.011816
v -0.642767 0.623862 -0.011816
v -0.642767 0.756196 -0.011816
v -0.302478 0.756196 -0.011816
v -0.452930 0.151239 -2.047873
v -0.452930 0.151239 -1.197153
v -0.452930 0.000000 -1.452369
v -0.492315 0.151239 -2.047873
v -0.492315 0.000000 -1.452369
v -0.492315 0.151239 -1.197153
v -0.452930 0.000000 -1.877729
v -0.492315 0.000000 -1.877729
v 0.089798 0.080346 0.385187
v 0.855447 0.080346 0.385187
v 0.855447 0.675850 0.385187
v 0.089798 0.675850 0.385187
v 0.736346 0.172980 -2.318213
v 0.208899 0.172980 -2.318213
v 0.208899 0.583216 -2.318213
v 0.736346 0.583216 -2.318213
v 0.472622 0.118156 0.400941
v 0.572098 0.137943 0.400941
v 0.563350 0.159063 0.432406
v 0.472622 0.141016 0.432406
v 0.549195 0.193236 0.420387
v 0.472622 0.178004 0.420387
v 0.549195 0.193236 0.381495
v 0.472622 0.178004 0.381495
v 0.563350 0.159063 0.369477
v 0.472622 0.141016 0.369477
v 0.656429 0.194291 0.400941
v 0.640265 0.210456 0.432406
v 0.614110 0.236610 0.420387
v 0.614110 0.236610 0.381495
v 0.640265 0.210456 0.369477
v 0.712778 0.278622 0.400941
v 0.691658 0.287371 0.432406
v 0.657485 0.301525 0.420387
v 0.657485 0.301525 0.381495
v 0.691658 0.287371 0.369477
v 0.732565 0.378098 0.400941
v 0.709705 0.378098 0.432406
v 0.672716 0.378098 0.420387
v 0.672716 0.378098 0.381495
v 0.709705 0.378098 0.369477
v 0.712778 0.477574 0.400941
v 0.691658 0.468825 0.432406
v 0.657485 0.454670 0.420387
v 0.657485 0.454670 0.381495
v 0.691658 0.468825 0.369477
v 0.656429 0.561905 0.400941
v 0.640265 0.545740 0.432406
v 0.614110 0.519586 0.420387
v 0.614110 0.519586 0.381495
v 0.640265 0.545740 0.369477
v 0.572098 0.618253 0.400941
v 0.563350 0.597133 0.432406
v 0.549195 0.562960 0.420387
v 0.549195 0.562960 0.381495
v 0.563350 0.597133 0.369477
v 0.472622 0.638040 0.400941
v 0.472622 0.615180 0.432406
v 0.472622 0.578192 0.420387
v 0.472622 0.578192 0.381495
v 0.472622 0.615180 0.369477
v 0.373147 0.618253 0.400941
v 0.381895 0.597133 0.432406
v 0.396050 0.562960 0.420387
v 0.396050 0.562960 0.381495
v 0.381895 0.597133 0.369477
v 0.288815 0.561905 0.400941
v 0.304980 0.545740 0.432406
v 0.331135 0.519586 0.420387
v 0.331135 0.519586 0.381495
v 0.304980 0.545740 0.369477
v 0.232467 0.477574 0.400941
v 0.253587 0.468825 0.432406
v 0.287760 0.454670 0.420387
v 0.287760 0.454670 0.381495
v 0.253587 0.468825 0.369477
v 0.212680 0.378098 0.400941
v 0.235540 0.378098 0.432406
v 0.272529 0.378098 0.420387
v 0.272529 0.378098 0.381495
v 0.235540 0.378098 0.369477
v 0.232467 0.278622 0.400941
v 0.253587 0.287371 0.432406
v 0.287760 0.301525 0.420387
v 0.287760 0.301525 0.381495
v 0.253587 0.287371 0.369477
v 0.288815 0.194291 0.400941
v 0.304980 0.210456 0.432406
v 0.331135 0.236610 0.420387
v 0.331135 0.236610 0.381495
v 0.304980 0.210456 0.369477
v 0.373147 0.137943 0.400941
v 0.381895 0.159063 0.432406
v 0.396050 0.193236 0.420387
v 0.396050 0.193236 0.381495
v 0.381895 0.159063 0.369477
v 0.472622 0.189049 0.393064
v 0.583743 0.225154 0.393064
v 0.552629 0.267978 0.427093
v 0.472622 0.241983 0.427093
v 0.652419 0.319679 0.393064
v 0.602076 0.336036 0.427093
v 0.652419 0.436517 0.393064
v 0.602076 0.420160 0.427093
v 0.583743 0.531042 0.393064
v 0.552629 0.488218 0.427093
v 0.472622 0.567147 0.393064
v 0.472622 0.514213 0.427093
v 0.361502 0.531042 0.393064
v 0.392616 0.488218 0.427093
v 0.292826 0.436517 0.393064
v 0.343169 0.420160 0.427093
v 0.292826 0.319679 0.393064
v 0.343169 0.336036 0.427093
v 0.361502 0.225154 0.393064
v 0.392616 0.267978 0.427093
v 0.472622 0.378098 0.449779
v 0.302478 0.623862 0.309568
v 0.642767 0.623862 0.309568
v 0.642767 0.756196 0.309568
v 0.302478 0.756196 0.309568
v 0.642767 0.623862 -0.011816
v 0.302478 0.623862 -0.011816
v 0.302478 0.756196 -0.011816
v 0.642767 0.756196 -0.011816
v 0.492315 0.151239 -2.047873
v 0.492315 0.151239 -1.197153
v 0.492315 0.000000 -1.452369
v 0.452930 0.151239 -2.047873
v 0.452930 0.000000 -1.452369
v 0.452930 0.151239 -1.197153
v 0.492315 0.000000 -1.877729
v 0.452930 0.000000 -1.877729
v -1.599354 1.620150 -0.191412
v -1.277971 1.620150 -0.191412
v -1.277971 1.877256 -0.191412
v -1.599354 1.877256 -0.191412
v -1.302548 1.639811 -2.460000
v -1.574778 1.639811 -2.460000
v -1.574778 1.857595 -2.460000
v -1.302548 1.857595 -2.460000
v -1.485925 1.873476 -0.622444
v -1.391401 1.873476 -0.622444
v -1.391401 1.918847 -0.622444
v -1.485925 1.918847 -0.622444
v -1.391401 1.873476 -2.028968
v -1.485925 1.873476 -2.028968
v -1.485925 1.918847 -2.028968
v -1.391401 1.918847 -2.028968
v -1.542640 1.663631 -2.138617
v -1.334686 1.663631 -2.138617
v -1.334686 1.833775 -2.138617
v -1.542640 1.833775 -2.138617
v -1.334686 1.663631 -2.183988
v -1.542640 1.663631 -2.183988
v -1.542640 1.833775 -2.183988
v -1.334686 1.833775 -2.183988
v 1.277971 1.620150 -0.191412
v 1.599354 1.620150 -0.191412
v 1.599354 1.877256 -0.191412
v 1.277971 1.877256 -0.191412
v 1.574778 1.639811 -2.460000
v 1.302548 1.639811 -2.460000
v 1.302548 1.857595 -2.460000
v 1.574778 1.857595 -2.460000
v 1.391401 1.873476 -0.622444
v 1.485925 1.873476 -0.622444
v 1.485925 1.918847 -0.622444
v 1.391401 1.918847 -0.622444
v 1.485925 1.873476 -2.028968
v 1.391401 1.873476 -2.028968
v 1.391401 1.918847 -2.028968
v 1.485925 1.918847 -2.028968
v 1.334686 1.663631 -2.138617
v 1.542640 1.663631 -2.138617
v 1.542640 1.833775 -2.138617
v 1.334686 1.833775 -2.138617
v 1.542640 1.663631 -2.183988
v 1.334686 1.663631 -2.183988
v 1.334686 1.833775 -2.183988
v 1.542640 1.833775 -2.183988
v -1.438663 1.588012 -0.199289
v -1.344211 1.618701 -0.199289
v -1.356865 1.636118 -0.118943
v -1.438663 1.609540 -0.118943
v -1.285836 1.699047 -0.199289
v -1.306311 1.705699 -0.118943
v -1.285836 1.798360 -0.199289
v -1.306311 1.791707 -0.118943
v -1.344211 1.878705 -0.199289
v -1.356865 1.861288 -0.118943
v -1.438663 1.909395 -0.199289
v -1.438663 1.887866 -0.118943
v -1.533115 1.878705 -0.199289
v -1.520461 1.861288 -0.118943
v -1.591490 1.798360 -0.199289
v -1.571015 1.791707 -0.118943
v -1.591490 1.699047 -0.199289
v -1.571015 1.705699 -0.118943
v -1.533115 1.618701 -0.199289
v -1.520461 1.636118 -0.118943
v -1.391437 1.683702 -0.060126
v -1.438663 1.668357 -0.060126
v -1.362249 1.723875 -0.060126
v -1.362249 1.773531 -0.060126
v -1.391437 1.813704 -0.060126
v -1.438663 1.829049 -0.060126
v -1.485889 1.813704 -0.060126
v -1.515076 1.773531 -0.060126
v -1.515076 1.723875 -0.060126
v -1.485889 1.683702 -0.060126
v -1.438663 1.748703 -0.038598
v -0.841268 0.614409 -1.062928
v -0.765648 0.614409 -1.062928
v -1.306329 1.654179 -1.441026
v -1.381948 1.654179 -1.441026
v -0.765648 0.614409 -1.304911
v -0.841268 0.614409 -1.304911
v -1.381948 1.654179 -1.683009
v -1.306329 1.654179 -1.683009
v 1.438663 1.588012 -0.199289
v 1.533115 1.618701 -0.199289
v 1.520461 1.636118 -0.118943
v 1.438663 1.609540 -0.118943
v 1.591490 1.699047 -0.199289
v 1.571015 1.705699 -0.118943
v 1.591490 1.798360 -0.199289
v 1.571015 1.791707 -0.118943
v 1.533115 1.878705 -0.199289
v 1.520461 1.861288 -0.118943
v 1.438663 1.909395 -0.199289
v 1.438663 1.887866 -0.118943
v 1.344211 1.878705 -0.199289
v 1.356865 1.861288 -0.118943
v 1.285836 1.798360 -0.199289
v 1.306311 1.791707 -0.118943
v 1.285836 1.699047 -0.199289
v 1.306311 1.705699 -0.118943
v 1.344211 1.618701 -0.199289
v 1.356865 1.636118 -0.118943
v 1.485889 1.683702 -0.060126
v 1.438663 1.668357 -0.060126
v 1.515076 1.723875 -0.060126
v 1.515076 1.773531 -0.060126
v 1.485889 1.813704 -0.060126
v 1.438663 1.829049 -0.060126
v 1.391437 1.813704 -0.060126
v 1.362249 1.773531 -0.060126
v 1.362249 1.723875 -0.060126
v 1.391437 1.683702 -0.060126
v 1.438663 1.748703 -0.038598
v 0.765648 0.614409 -1.062928
v 0.841268 0.614409 -1.062928
v 1.381948 1.654179 -1.441026
v 1.306329 1.654179 -1.441026
v 0.841268 0.614409 -1.304911
v 0.765648 0.614409 -1.304911
v 1.306329 1.654179 -1.683009
v 1.381948 1.654179 -1.683009
v -2.084265 0.769429 -0.191412
v -1.762882 0.769429 -0.191412
v -1.762882 1.026536 -0.191412
v -2.084265 1.026536 -0.191412
v -1.787458 0.789090 -2.460000
v -2.059689 0.789090 -2.460000
v -2.059689 1.006875 -2.460000
v -1.787458 1.006875 -2.460000
v -1.970836 1.022755 -0.622444
v -1.876311 1.022755 -0.622444
v -1.876311 1.068127 -0.622444
v -1.970836 1.068127 -0.622444
v -1.876311 1.022755 -2.028968
v -1.970836 1.022755 -2.028968
v -1.970836 1.068127 -2.028968
v -1.876311 1.068127 -2.028968
v -2.027550 0.812911 -2.138617
v -1.819597 0.812911 -2.138617
v -1.819597 0.983055 -2.138617
v -2.027550 0.983055 -2.138617
v -1.819597 0.812911 -2.183988
v -2.027550 0.812911 -2.183988
v -2.027550 0.983055 -2.183988
v -1.819597 0.983055 -2.183988
v 1.762882 0.769429 -0.191412
v 2.084265 0.769429 -0.191412
v 2.084265 1.026536 -0.191412
v 1.762882 1.026536 -0.191412
v 2.059689 0.789090 -2.460000
v 1.787458 0.789090 -2.460000
v 1.787458 1.006875 -2.460000
v 2.059689 1.006875 -2.460000
v 1.876311 1.022755 -0.622444
v 1.970836 1.022755 -0.622444
v 1.970836 1.068127 -0.622444
v 1.876311 1.068127 -0.622444
v 1.970836 1.022755 -2.028968
v 1.876311 1.022755 -2.028968
v 1.876311 1.068127 -2.028968
v 1.970836 1.068127 -2.028968
v 1.819597 0.812911 -2.138617
v 2.027550 0.812911 -2.138617
v 2.027550 0.983055 -2.138617
v 1.819597 0.983055 -2.138617
v 2.027550 0.812911 -2.183988
v 1.819597 0.812911 -2.183988
v 1.819597 0.983055 -2.183988
v 2.027550 0.983055 -2.183988
v -1.923573 0.737291 -0.199289
v -1.829121 0.767980 -0.199289
v -1.841776 0.785397 -0.118943
v -1.923573 0.758820 -0.118943
v -1.770747 0.848326 -0.199289
v -1.791222 0.854979 -0.118943
v -1.770747 0.947639 -0.199289
v -1.791222 0.940986 -0.118943
v -1.829121 1.027985 -0.199289
v -1.841776 1.010568 -0.118943
v -1.923573 1.058674 -0.199289
v -1.923573 1.037146 -0.118943
v -2.018026 1.027985 -0.199289
v -2.005371 1.010568 -0.118943
v -2.076400 0.947639 -0.199289
v -2.055925 0.940986 -0.118943
v -2.076400 0.848326 -0.199289
v -2.055925 0.854979 -0.118943
v -2.018026 0.767980 -0.199289
v -2.005371 0.785397 -0.118943
v -1.876347 0.832982 -0.060126
v -1.923573 0.817637 -0.060126
v -1.847160 0.873154 -0.060126
v -1.847160 0.922811 -0.060126
v -1.876347 0.962984 -0.060126
v -1.923573 0.978329 -0.060126
v -1.970800 0.962984 -0.060126
v -1.999987 0.922811 -0.060126
v -1.999987 0.873154 -0.060126
v -1.970800 0.832982 -0.060126
v -1.923573 0.897983 -0.038598
v -0.841268 0.519885 -1.441026
v -0.765648 0.519885 -1.441026
v -1.791239 0.803458 -1.441026
v -1.866859 0.803458 -1.441026
v -0.765648 0.519885 -1.683009
v -0.841268 0.519885 -1.683009
v -1.866859 0.803458 -1.683009
v -1.791239 0.803458 -1.683009
v 1.923573 0.737291 -0.199289
v 2.018026 0.767980 -0.199289
v 2.005371 0.785397 -0.118943
v 1.923573 0.758820 -0.118943
v 2.076400 0.848326 -0.199289
v 2.055925 0.854979 -0.118943
v 2.076400 0.947639 -0.199289
v 2.055925 0.940986 -0.118943
v 2.018026 1.027985 -0.199289
v 2.005371 1.010568 -0.118943
v 1.923573 1.058674 -0.199289
v 1.923573 1.037146 -0.118943
v 1.829121 1.027985 -0.199289
v 1.841776 1.010568 -0.118943
v 1.770747 0.947639 -0.199289
v 1.791222 0.940986 -0.118943
v 1.770747 0.848326 -0.199289
v 1.791222 0.854979 -0.118943
v 1.829121 0.767980 -0.199289
v 1.841776 0.785397 -0.118943
v 1.970800 0.832982 -0.060126
v 1.923573 0.817637 -0.060126
v 1.999987 0.873154 -0.060126
v 1.999987 0.922811 -0.060126
v 1.970800 0.962984 -0.060126
v 1.923573 0.978329 -0.060126
v 1.876347 0.962984 -0.060126
v 1.847160 0.922811 -0.060126
v 1.847160 0.873154 -0.060126
v 1.876347 0.832982 -0.060126
v 1.923573 0.897983 -0.038598
v 0.765648 0.519885 -1.441026
v 0.841268 0.519885 -1.441026
v 1.866859 0.803458 -1.441026
v 1.791239 0.803458 -1.441026
v 0.841268 0.519885 -1.683009
v 0.765648 0.519885 -1.683009
v 1.791239 0.803458 -1.683009
v 1.866859 0.803458 -1.683009
vt 0.171875 0.828125
vt 0.187544 0.916989
vt 0.171875 0.918359
vt 0.202737 0.912918
vt 0.216992 0.906270
vt 0.229877 0.897249
vt 0.240999 0.886127
vt 0.250020 0.873242
vt 0.256668 0.858987
vt 0.260739 0.843794
vt 0.262109 0.828125
vt 0.260739 0.812456
vt 0.256668 0.797263
vt 0.250020 0.783008
vt 0.240999 0.770123
vt 0.229877 0.759001
vt 0.216992 0.749980
vt 0.202737 0.743332
vt 0.187544 0.739261
vt 0.171875 0.737891
vt 0.156206 0.739261
vt 0.141013 0.743332
vt 0.126758 0.749980
vt 0.113873 0.759001
vt 0.102751 0.770123
vt 0.093730 0.783008
vt 0.087082 0.797263
vt 0.083011 0.812456
vt 0.081641 0.828125
vt 0.083011 0.843794
vt 0.087082 0.858987
vt 0.093730 0.873242
vt 0.102751 0.886127
vt 0.113873 0.897249
vt 0.126758 0.906270
vt 0.141013 0.912918
vt 0.156206 0.916989
vt 0.197515 0.973538
vt 0.171875 0.975781
vt 0.222376 0.966876
vt 0.245703 0.955999
vt 0.266787 0.941236
vt 0.284986 0.923037
vt 0.299749 0.901953
vt 0.310626 0.878626
vt 0.317288 0.853765
vt 0.319531 0.828125
vt 0.317288 0.802485
vt 0.310626 0.777624
vt 0.299749 0.754297
vt 0.284986 0.733213
vt 0.266787 0.715014
vt 0.245703 0.700251
vt 0.222376 0.689374
vt 0.197515 0.682712
vt 0.171875 0.680469
vt 0.146235 0.682712
vt 0.121374 0.689374
vt 0.098047 0.700251
vt 0.076963 0.715014
vt 0.058764 0.733213
vt 0.044001 0.754297
vt 0.033124 0.777624
vt 0.026462 0.802485
vt 0.024219 0.828125
vt 0.026462 0.853765
vt 0.033124 0.878626
vt 0.044001 0.901953
vt 0.058764 0.923037
vt 0.076963 0.941236
vt 0.098047 0.955999
vt 0.121374 0.966876
vt 0.146235 0.973538
vt 0.200364 0.989695
vt 0.171875 0.992188
vt 0.227988 0.982293
vt 0.253906 0.970207
vt 0.277332 0.953804
vt 0.297554 0.933582
vt 0.313957 0.910156
vt 0.326043 0.884238
vt 0.333445 0.856614
vt 0.335938 0.828125
vt 0.333445 0.799636
vt 0.326043 0.772012
vt 0.313957 0.746094
vt 0.297554 0.722668
vt 0.277332 0.702446
vt 0.253906 0.686043
vt 0.227988 0.673957
vt 0.200364 0.666555
vt 0.171875 0.664062
vt 0.143386 0.666555
vt 0.115762 0.673957
vt 0.089844 0.686043
vt 0.066418 0.702446
vt 0.046196 0.722668
vt 0.029793 0.746094
vt 0.017707 0.772012
vt 0.010305 0.799636
vt 0.007812 0.828125
vt 0.010305 0.856614
vt 0.017707 0.884238
vt 0.029793 0.910156
vt 0.046196 0.933582
vt 0.066418 0.953804
vt 0.089844 0.970207
vt 0.115762 0.982293
vt 0.143386 0.989695
vt 0.195312 0.145531
vt 0.227872 0.145531
vt 0.227872 0.173328
vt 0.195312 0.173328
vt 0.259441 0.145531
vt 0.259441 0.173328
vt 0.289062 0.145531
vt 0.289062 0.173328
vt 0.315835 0.145531
vt 0.315835 0.173328
vt 0.338946 0.145531
vt 0.338946 0.173328
vt 0.315835 0.145531
vt 0.289063 0.145531
vt 0.289063 0.173328
vt 0.315835 0.173328
vt 0.259441 0.145531
vt 0.259441 0.173328
vt 0.227872 0.145531
vt 0.227872 0.173328
vt 0.195312 0.145531
vt 0.195312 0.173328
vt 0.162753 0.145531
vt 0.162753 0.173328
vt 0.131184 0.145531
vt 0.131184 0.173328
vt 0.101563 0.145531
vt 0.101563 0.173328
vt 0.074790 0.145531
vt 0.074790 0.173328
vt 0.051679 0.145531
vt 0.051679 0.173328
vt 0.698648 0.145531
vt 0.671875 0.145531
vt 0.671875 0.173328
vt 0.698648 0.173328
vt 0.642254 0.145531
vt 0.642254 0.173328
vt 0.610684 0.145531
vt 0.610684 0.173328
vt 0.578125 0.145531
vt 0.578125 0.173328
vt 0.545566 0.145531
vt 0.545566 0.173328
vt 0.513996 0.145531
vt 0.513996 0.173328
vt 0.484375 0.145531
vt 0.484375 0.173328
vt 0.457602 0.145531
vt 0.457602 0.173328
vt 0.434492 0.145531
vt 0.434492 0.173328
vt 0.338946 0.145531
vt 0.338946 0.173328
vt 0.074790 0.145531
vt 0.101563 0.145531
vt 0.101563 0.173328
vt 0.074790 0.173328
vt 0.131184 0.145531
vt 0.131184 0.173328
vt 0.162753 0.145531
vt 0.162753 0.173328
vt 0.224616 0.173328
vt 0.223964 0.178289
vt 0.195312 0.178289
vt 0.253028 0.173328
vt 0.251746 0.178289
vt 0.279687 0.173328
vt 0.277813 0.178289
vt 0.303783 0.173328
vt 0.301372 0.178289
vt 0.324582 0.173328
vt 0.321710 0.178289
vt 0.303783 0.173328
vt 0.279687 0.173328
vt 0.277813 0.178289
vt 0.301372 0.178289
vt 0.253028 0.173328
vt 0.251746 0.178289
vt 0.224616 0.173328
vt 0.223964 0.178289
vt 0.195312 0.178289
vt 0.166009 0.173328
vt 0.166661 0.178289
vt 0.137597 0.173328
vt 0.138879 0.178289
vt 0.110938 0.173328
vt 0.112813 0.178289
vt 0.086842 0.173328
vt 0.089253 0.178289
vt 0.707395 0.173328
vt 0.686595 0.173328
vt 0.684185 0.178289
vt 0.068915 0.178289
vt 0.662500 0.173328
vt 0.660625 0.178289
vt 0.635841 0.173328
vt 0.634558 0.178289
vt 0.607428 0.173328
vt 0.606777 0.178289
vt 0.578125 0.178289
vt 0.548822 0.173328
vt 0.549473 0.178289
vt 0.520409 0.173328
vt 0.521692 0.178289
vt 0.493750 0.173328
vt 0.495625 0.178289
vt 0.469655 0.173328
vt 0.472065 0.178289
vt 0.448855 0.173328
vt 0.451728 0.178289
vt 0.066043 0.173328
vt 0.086842 0.173328
vt 0.089253 0.178289
vt 0.068915 0.178289
vt 0.110938 0.173328
vt 0.112813 0.178289
vt 0.137597 0.173328
vt 0.138879 0.178289
vt 0.166009 0.173328
vt 0.166661 0.178289
vt 0.171875 0.972500
vt 0.196945 0.970307
vt 0.221254 0.963793
vt 0.244062 0.953157
vt 0.264677 0.938723
vt 0.282473 0.920927
vt 0.296907 0.900313
vt 0.307543 0.877504
vt 0.314057 0.853195
vt 0.316250 0.828125
vt 0.314057 0.803055
vt 0.307543 0.778746
vt 0.296907 0.755938
vt 0.282473 0.735323
vt 0.264677 0.717527
vt 0.244063 0.703093
vt 0.221254 0.692457
vt 0.196945 0.685943
vt 0.171875 0.683750
vt 0.146805 0.685943
vt 0.122496 0.692457
vt 0.099687 0.703093
vt 0.079073 0.717527
vt 0.061277 0.735323
vt 0.046843 0.755937
vt 0.036207 0.778746
vt 0.029693 0.803055
vt 0.027500 0.828125
vt 0.029693 0.853195
vt 0.036207 0.877504
vt 0.046843 0.900312
vt 0.061277 0.920927
vt 0.079073 0.938723
vt 0.099688 0.953157
vt 0.122496 0.963793
vt 0.146805 0.970307
vt 0.186120 0.908910
vt 0.171875 0.910156
vt 0.199931 0.905209
vt 0.212891 0.899166
vt 0.224604 0.890965
vt 0.234715 0.880854
vt 0.242916 0.869141
vt 0.248959 0.856181
vt 0.252660 0.842370
vt 0.253906 0.828125
vt 0.252660 0.813880
vt 0.248959 0.800069
vt 0.242916 0.787109
vt 0.234715 0.775396
vt 0.224604 0.765285
vt 0.212891 0.757084
vt 0.199931 0.751041
vt 0.186120 0.747340
vt 0.171875 0.746094
vt 0.157630 0.747340
vt 0.143819 0.751041
vt 0.130859 0.757084
vt 0.119146 0.765285
vt 0.109035 0.775396
vt 0.100834 0.787109
vt 0.094791 0.800069
vt 0.091090 0.813880
vt 0.089844 0.828125
vt 0.091090 0.842370
vt 0.094791 0.856181
vt 0.100834 0.869141
vt 0.109035 0.880854
vt 0.119146 0.890965
vt 0.130859 0.899166
vt 0.143819 0.905209
vt 0.157630 0.908910
vt 0.178997 0.868518
vt 0.171875 0.869141
vt 0.185903 0.866667
vt 0.192383 0.863646
vt 0.198239 0.859545
vt 0.203295 0.854489
vt 0.207396 0.848633
vt 0.210417 0.842153
vt 0.212268 0.835247
vt 0.212891 0.828125
vt 0.212268 0.821003
vt 0.210417 0.814097
vt 0.207396 0.807617
vt 0.203295 0.801761
vt 0.198239 0.796705
vt 0.192383 0.792604
vt 0.185903 0.789583
vt 0.178997 0.787732
vt 0.171875 0.787109
vt 0.164753 0.787732
vt 0.157847 0.789583
vt 0.151367 0.792604
vt 0.145511 0.796705
vt 0.140455 0.801761
vt 0.136354 0.807617
vt 0.133333 0.814097
vt 0.131482 0.821003
vt 0.130859 0.828125
vt 0.131482 0.835247
vt 0.133333 0.842153
vt 0.136354 0.848633
vt 0.140455 0.854489
vt 0.145511 0.859545
vt 0.151367 0.863646
vt 0.157847 0.866667
vt 0.164753 0.868518
vt 0.007812 0.281250
vt 0.101562 0.281250
vt 0.101562 0.375000
vt 0.007812 0.375000
vt 0.101562 0.281250
vt 0.007812 0.281250
vt 0.007812 0.375000
vt 0.101562 0.375000
vt 0.007812 0.375000
vt 0.101562 0.375000
vt 0.101562 0.281250
vt 0.007812 0.281250
vt 0.007812 0.281250
vt 0.101562 0.281250
vt 0.101562 0.375000
vt 0.007812 0.375000
vt 0.718750 0.476562
vt 0.747720 0.476562
vt 0.743839 0.429688
vt 0.718750 0.429688
vt 0.680827 0.476562
vt 0.704265 0.476562
vt 0.706205 0.429688
vt 0.685908 0.429688
vt 0.733235 0.476562
vt 0.731295 0.429688
vt 0.756673 0.476562
vt 0.751592 0.429688
vt 0.747720 0.476562
vt 0.718750 0.476562
vt 0.718750 0.429688
vt 0.743839 0.429688
vt 0.689780 0.476562
vt 0.693661 0.429688
vt 0.689780 0.476562
vt 0.693661 0.429688
vt 0.617188 0.389093
vt 0.642277 0.396846
vt 0.631673 0.410726
vt 0.617188 0.406250
vt 0.657782 0.417143
vt 0.640625 0.422445
vt 0.725993 0.395373
vt 0.711507 0.395373
vt 0.657782 0.442232
vt 0.642277 0.462529
vt 0.631673 0.448649
vt 0.640625 0.436930
vt 0.617188 0.470282
vt 0.617188 0.453125
vt 0.718750 0.395373
vt 0.733235 0.395373
vt 0.704265 0.395373
vt 0.602702 0.448649
vt 0.592098 0.462529
vt 0.576593 0.442232
vt 0.593750 0.436930
vt 0.576593 0.417143
vt 0.592098 0.396846
vt 0.602702 0.410726
vt 0.593750 0.422445
vt 0.617188 0.429688
vt 0.617188 0.429688
vt 0.650333 0.462833
vt 0.617188 0.476562
vt 0.664062 0.429688
vt 0.650333 0.396542
vt 0.617188 0.382812
vt 0.584042 0.396542
vt 0.570312 0.429688
vt 0.584042 0.462833
vt 0.718750 0.382812
vt 0.751896 0.382812
vt 0.751896 0.476562
vt 0.718750 0.476562
vt 0.751896 0.382812
vt 0.718750 0.382812
vt 0.718750 0.476562
vt 0.751896 0.476562
vt 0.685604 0.382812
vt 0.685604 0.476562
vt 0.751896 0.382812
vt 0.718750 0.382812
vt 0.718750 0.476562
vt 0.751896 0.476562
vt 0.685604 0.382812
vt 0.685604 0.476562
vt 0.685604 0.382812
vt 0.685604 0.476562
vt 0.187500 0.484375
vt 0.312500 0.484375
vt 0.312500 0.585202
vt 0.187500 0.585202
vt 0.312500 0.555423
vt 0.187500 0.555423
vt 0.187500 0.656250
vt 0.312500 0.656250
vt 0.320312 0.656250
vt 0.382812 0.656250
vt 0.382812 0.519153
vt 0.320312 0.519153
vt 0.320312 0.484375
vt 0.382812 0.484375
vt 0.382812 0.621472
vt 0.320312 0.621472
vt 0.187500 0.555423
vt 0.287207 0.484375
vt 0.312500 0.585202
vt 0.212793 0.656250
vt 0.203125 0.382812
vt 0.328125 0.382812
vt 0.328125 0.476562
vt 0.203125 0.476562
vt 0.441493 0.397396
vt 0.355382 0.397396
vt 0.355382 0.461979
vt 0.441493 0.461979
vt 0.343750 0.992188
vt 0.546875 0.992188
vt 0.515278 0.664062
vt 0.375347 0.664062
vt 0.109375 0.309028
vt 0.484375 0.296875
vt 0.484375 0.375000
vt 0.109375 0.362847
vt 0.617188 0.429687
vt 0.635126 0.429687
vt 0.633548 0.476562
vt 0.617188 0.476562
vt 0.718750 0.386935
vt 0.735111 0.390189
vt 0.732558 0.396352
vt 0.718750 0.393605
vt 0.617188 0.458658
vt 0.630996 0.458658
vt 0.630996 0.400717
vt 0.617188 0.400717
vt 0.718750 0.393605
vt 0.732558 0.396352
vt 0.735111 0.390189
vt 0.718750 0.386935
vt 0.617188 0.382812
vt 0.633548 0.382812
vt 0.650333 0.429687
vt 0.647418 0.476562
vt 0.748981 0.399457
vt 0.744264 0.404173
vt 0.642702 0.458658
vt 0.642702 0.400717
vt 0.744264 0.404173
vt 0.748981 0.399457
vt 0.647418 0.382812
vt 0.718750 0.396542
vt 0.718750 0.411749
vt 0.765625 0.413327
vt 0.765625 0.399457
vt 0.758248 0.413327
vt 0.752086 0.415879
vt 0.747720 0.404173
vt 0.747720 0.415879
vt 0.689780 0.415879
vt 0.689780 0.404173
vt 0.752086 0.415879
vt 0.758248 0.413327
vt 0.671875 0.399457
vt 0.671875 0.413327
vt 0.718750 0.429688
vt 0.765625 0.429688
vt 0.761503 0.429688
vt 0.754833 0.429688
vt 0.747720 0.429688
vt 0.689780 0.429688
vt 0.754833 0.429688
vt 0.761503 0.429688
vt 0.671875 0.429688
vt 0.718750 0.447626
vt 0.765625 0.446048
vt 0.758248 0.446048
vt 0.752086 0.443496
vt 0.747720 0.443496
vt 0.689780 0.443496
vt 0.752086 0.443496
vt 0.758248 0.446048
vt 0.671875 0.446048
vt 0.718750 0.462833
vt 0.765625 0.459918
vt 0.748981 0.459918
vt 0.744264 0.455202
vt 0.747720 0.455202
vt 0.689780 0.455202
vt 0.744264 0.455202
vt 0.748981 0.459918
vt 0.671875 0.459918
vt 0.735111 0.469186
vt 0.732558 0.463023
vt 0.732558 0.463023
vt 0.735111 0.469186
vt 0.718750 0.472440
vt 0.718750 0.465770
vt 0.718750 0.465770
vt 0.718750 0.472440
vt 0.599249 0.429687
vt 0.600827 0.476562
vt 0.702389 0.469186
vt 0.704942 0.463023
vt 0.603379 0.458658
vt 0.603379 0.400717
vt 0.704942 0.463023
vt 0.702389 0.469186
vt 0.600827 0.382812
vt 0.584042 0.429687
vt 0.586957 0.476562
vt 0.688519 0.459918
vt 0.693236 0.455202
vt 0.591673 0.458658
vt 0.591673 0.400717
vt 0.693236 0.455202
vt 0.688519 0.459918
vt 0.586957 0.382812
vt 0.679252 0.446048
vt 0.685414 0.443496
vt 0.685414 0.443496
vt 0.679252 0.446048
vt 0.675997 0.429688
vt 0.682667 0.429688
vt 0.682667 0.429688
vt 0.675997 0.429688
vt 0.679252 0.413327
vt 0.685414 0.415879
vt 0.685414 0.415879
vt 0.679252 0.413327
vt 0.688519 0.399457
vt 0.693236 0.404173
vt 0.693236 0.404173
vt 0.688519 0.399457
vt 0.702389 0.390189
vt 0.704942 0.396352
vt 0.704942 0.396352
vt 0.702389 0.390189
vt 0.054688 0.281250
vt 0.083658 0.290202
vt 0.075546 0.300821
vt 0.054688 0.294375
vt 0.101562 0.313640
vt 0.088438 0.317696
vt 0.101562 0.342610
vt 0.088438 0.338554
vt 0.083658 0.366048
vt 0.075546 0.355429
vt 0.054688 0.375000
vt 0.054688 0.361875
vt 0.025717 0.366048
vt 0.033829 0.355429
vt 0.007812 0.342610
vt 0.020937 0.338554
vt 0.007812 0.313640
vt 0.020937 0.317696
vt 0.025717 0.290202
vt 0.033829 0.300821
vt 0.054688 0.328125
vt 0.671875 0.382812
vt 0.765625 0.382812
vt 0.765625 0.476562
vt 0.671875 0.476562
vt 0.765625 0.382812
vt 0.671875 0.382812
vt 0.671875 0.476562
vt 0.765625 0.476562
vt 0.570312 0.476562
vt 0.664062 0.476562
vt 0.664062 0.382812
vt 0.570312 0.382812
vt 0.671875 0.382812
vt 0.765625 0.382812
vt 0.765625 0.476562
vt 0.671875 0.476562
vt 0.671875 0.476562
vt 0.765625 0.476562
vt 0.737500 0.382812
vt 0.690625 0.382812
vt 0.664062 0.382812
vt 0.570312 0.382812
vt 0.570312 0.476562
vt 0.664062 0.476562
vt 0.570312 0.448438
vt 0.664062 0.448438
vt 0.570312 0.401563
vt 0.664062 0.401563
vt 0.203125 0.382812
vt 0.328125 0.382812
vt 0.328125 0.476562
vt 0.203125 0.476562
vt 0.441493 0.397396
vt 0.355382 0.397396
vt 0.355382 0.461979
vt 0.441493 0.461979
vt 0.343750 0.992188
vt 0.546875 0.992188
vt 0.515278 0.664062
vt 0.375347 0.664062
vt 0.109375 0.309028
vt 0.484375 0.296875
vt 0.484375 0.375000
vt 0.109375 0.362847
vt 0.617188 0.429687
vt 0.635126 0.429687
vt 0.633548 0.476562
vt 0.617188 0.476562
vt 0.718750 0.386935
vt 0.735111 0.390189
vt 0.732558 0.396352
vt 0.718750 0.393605
vt 0.617188 0.458658
vt 0.630996 0.458658
vt 0.630996 0.400717
vt 0.617188 0.400717
vt 0.718750 0.393605
vt 0.732558 0.396352
vt 0.735111 0.390189
vt 0.718750 0.386935
vt 0.617188 0.382812
vt 0.633548 0.382812
vt 0.650333 0.429687
vt 0.647418 0.476562
vt 0.748981 0.399457
vt 0.744264 0.404173
vt 0.642702 0.458658
vt 0.642702 0.400717
vt 0.744264 0.404173
vt 0.748981 0.399457
vt 0.647418 0.382812
vt 0.718750 0.396542
vt 0.718750 0.411749
vt 0.765625 0.413327
vt 0.765625 0.399457
vt 0.758248 0.413327
vt 0.752086 0.415879
vt 0.747720 0.404173
vt 0.747720 0.415879
vt 0.689780 0.415879
vt 0.689780 0.404173
vt 0.752086 0.415879
vt 0.758248 0.413327
vt 0.671875 0.399457
vt 0.671875 0.413327
vt 0.718750 0.429688
vt 0.765625 0.429688
vt 0.761503 0.429688
vt 0.754833 0.429688
vt 0.747720 0.429688
vt 0.689780 0.429688
vt 0.754833 0.429688
vt 0.761503 0.429688
vt 0.671875 0.429688
vt 0.718750 0.447626
vt 0.765625 0.446048
vt 0.758248 0.446048
vt 0.752086 0.443496
vt 0.747720 0.443496
vt 0.689780 0.443496
vt 0.752086 0.443496
vt 0.758248 0.446048
vt 0.671875 0.446048
vt 0.718750 0.462833
vt 0.765625 0.459918
vt 0.748981 0.459918
vt 0.744264 0.455202
vt 0.747720 0.455202
vt 0.689780 0.455202
vt 0.744264 0.455202
vt 0.748981 0.459918
vt 0.671875 0.459918
vt 0.735111 0.469186
vt 0.732558 0.463023
vt 0.732558 0.463023
vt 0.735111 0.469186
vt 0.718750 0.472440
vt 0.718750 0.465770
vt 0.718750 0.465770
vt 0.718750 0.472440
vt 0.599249 0.429687
vt 0.600827 0.476562
vt 0.702389 0.469186
vt 0.704942 0.463023
vt 0.603379 0.458658
vt 0.603379 0.400717
vt 0.704942 0.463023
vt 0.702389 0.469186
vt 0.600827 0.382812
vt 0.584042 0.429687
vt 0.586957 0.476562
vt 0.688519 0.459918
vt 0.693236 0.455202
vt 0.591673 0.458658
vt 0.591673 0.400717
vt 0.693236 0.455202
vt 0.688519 0.459918
vt 0.586957 0.382812
vt 0.679252 0.446048
vt 0.685414 0.443496
vt 0.685414 0.443496
vt 0.679252 0.446048
vt 0.675997 0.429688
vt 0.682667 0.429688
vt 0.682667 0.429688
vt 0.675997 0.429688
vt 0.679252 0.413327
vt 0.685414 0.415879
vt 0.685414 0.415879
vt 0.679252 0.413327
vt 0.688519 0.399457
vt 0.693236 0.404173
vt 0.693236 0.404173
vt 0.688519 0.399457
vt 0.702389 0.390189
vt 0.704942 0.396352
vt 0.704942 0.396352
vt 0.702389 0.390189
vt 0.054688 0.281250
vt 0.083658 0.290202
vt 0.075546 0.300821
vt 0.054688 0.294375
vt 0.101562 0.313640
vt 0.088438 0.317696
vt 0.101562 0.342610
vt 0.088438 0.338554
vt 0.083658 0.366048
vt 0.075546 0.355429
vt 0.054688 0.375000
vt 0.054688 0.361875
vt 0.025717 0.366048
vt 0.033829 0.355429
vt 0.007812 0.342610
vt 0.020937 0.338554
vt 0.007812 0.313640
vt 0.020937 0.317696
vt 0.025717 0.290202
vt 0.033829 0.300821
vt 0.054688 0.328125
vt 0.671875 0.382812
vt 0.765625 0.382812
vt 0.765625 0.476562
vt 0.671875 0.476562
vt 0.765625 0.382812
vt 0.671875 0.382812
vt 0.671875 0.476562
vt 0.765625 0.476562
vt 0.570312 0.476562
vt 0.664062 0.476562
vt 0.664062 0.382812
vt 0.570312 0.382812
vt 0.671875 0.382812
vt 0.765625 0.382812
vt 0.765625 0.476562
vt 0.671875 0.476562
vt 0.671875 0.476562
vt 0.765625 0.476562
vt 0.737500 0.382812
vt 0.690625 0.382812
vt 0.664062 0.382812
vt 0.570312 0.382812
vt 0.570312 0.476562
vt 0.664062 0.476562
vt 0.570312 0.448438
vt 0.664062 0.448438
vt 0.570312 0.401563
vt 0.664062 0.401563
vt 0.390625 0.195312
vt 0.484375 0.195312
vt 0.484375 0.262559
vt 0.390625 0.262559
vt 0.578768 0.200455
vt 0.499357 0.200455
vt 0.499357 0.257417
vt 0.578768 0.257417
vt 0.554688 0.992188
vt 0.625000 0.992188
vt 0.619623 0.664062
vt 0.560064 0.664062
vt 0.492188 0.302017
vt 0.867188 0.296875
vt 0.867188 0.364122
vt 0.492188 0.358979
vt 0.382812 0.195312
vt 0.354136 0.200455
vt 0.354136 0.257417
vt 0.382812 0.262559
vt 0.423713 0.261570
vt 0.451287 0.261570
vt 0.451287 0.273438
vt 0.423713 0.273438
vt 0.552849 0.261570
vt 0.525276 0.261570
vt 0.525276 0.273438
vt 0.552849 0.273438
vt 0.579504 0.929844
vt 0.600184 0.929844
vt 0.600184 0.726406
vt 0.579504 0.726406
vt 0.563438 0.363133
vt 0.795937 0.363133
vt 0.795937 0.375000
vt 0.563438 0.375000
vt 0.250460 0.261570
vt 0.250460 0.273438
vt 0.407169 0.206685
vt 0.467831 0.206685
vt 0.467831 0.251187
vt 0.407169 0.251187
vt 0.569393 0.206685
vt 0.508732 0.206685
vt 0.508732 0.251187
vt 0.569393 0.251187
vt 0.567096 0.710547
vt 0.612592 0.710547
vt 0.612592 0.703984
vt 0.567096 0.703984
vt 0.537813 0.308248
vt 0.545312 0.308248
vt 0.545312 0.352749
vt 0.537813 0.352749
vt 0.316636 0.206685
vt 0.316636 0.251187
vt 0.390625 0.195312
vt 0.484375 0.195312
vt 0.484375 0.262559
vt 0.390625 0.262559
vt 0.578768 0.200455
vt 0.499357 0.200455
vt 0.499357 0.257417
vt 0.578768 0.257417
vt 0.554688 0.992188
vt 0.625000 0.992188
vt 0.619623 0.664062
vt 0.560064 0.664062
vt 0.036489 0.200455
vt 0.007812 0.195312
vt 0.007812 0.262559
vt 0.036489 0.257417
vt 0.867188 0.296875
vt 0.492188 0.302017
vt 0.492188 0.358979
vt 0.867188 0.364122
vt 0.423713 0.261570
vt 0.451287 0.261570
vt 0.451287 0.273438
vt 0.423713 0.273438
vt 0.552849 0.261570
vt 0.525276 0.261570
vt 0.525276 0.273438
vt 0.552849 0.273438
vt 0.579504 0.929844
vt 0.600184 0.929844
vt 0.600184 0.726406
vt 0.579504 0.726406
vt 0.140165 0.261570
vt 0.140165 0.273438
vt 0.795937 0.363133
vt 0.563438 0.363133
vt 0.563438 0.375000
vt 0.795937 0.375000
vt 0.407169 0.206685
vt 0.467831 0.206685
vt 0.467831 0.251187
vt 0.407169 0.251187
vt 0.569393 0.206685
vt 0.508732 0.206685
vt 0.508732 0.251187
vt 0.569393 0.251187
vt 0.567096 0.710547
vt 0.612592 0.710547
vt 0.612592 0.703984
vt 0.567096 0.703984
vt 0.073989 0.206685
vt 0.073989 0.251187
vt 0.545312 0.308248
vt 0.537813 0.308248
vt 0.537813 0.352749
vt 0.545312 0.352749
vt 0.054688 0.281250
vt 0.083658 0.281250
vt 0.079777 0.328125
vt 0.054688 0.328125
vt 0.007812 0.290202
vt 0.007812 0.313640
vt 0.054687 0.315580
vt 0.054687 0.295283
vt 0.007812 0.342610
vt 0.054687 0.340670
vt 0.007812 0.366048
vt 0.054687 0.360967
vt 0.025717 0.281250
vt 0.029598 0.328125
vt 0.069173 0.362440
vt 0.054688 0.362440
vt 0.079777 0.295283
vt 0.095282 0.315580
vt 0.078125 0.320882
vt 0.069173 0.309164
vt 0.089002 0.335368
vt 0.089002 0.320882
vt 0.095282 0.340670
vt 0.079777 0.360967
vt 0.069173 0.347086
vt 0.078125 0.335368
vt 0.040202 0.362440
vt 0.029598 0.360967
vt 0.014093 0.340670
vt 0.031250 0.335368
vt 0.040202 0.347086
vt 0.014093 0.315580
vt 0.029598 0.295283
vt 0.040202 0.309164
vt 0.031250 0.320882
vt 0.054688 0.304688
vt 0.054688 0.328125
vt 0.054688 0.351562
vt 0.297163 0.484375
vt 0.312500 0.484375
vt 0.202837 0.656250
vt 0.187500 0.656250
vt 0.312500 0.484375
vt 0.297163 0.484375
vt 0.187500 0.656250
vt 0.202837 0.656250
vt 0.320312 0.551448
vt 0.327981 0.551448
vt 0.327981 0.484375
vt 0.320312 0.484375
vt 0.375144 0.589177
vt 0.382812 0.589177
vt 0.382812 0.656250
vt 0.375144 0.656250
vt 0.263720 0.484375
vt 0.312500 0.484375
vt 0.236280 0.656250
vt 0.187500 0.656250
vt 0.054688 0.281250
vt 0.083658 0.281250
vt 0.079777 0.328125
vt 0.054688 0.328125
vt 0.007812 0.290202
vt 0.007812 0.313640
vt 0.054687 0.315580
vt 0.054687 0.295283
vt 0.007812 0.342610
vt 0.054687 0.340670
vt 0.007812 0.366048
vt 0.054687 0.360967
vt 0.025717 0.281250
vt 0.029598 0.328125
vt 0.069173 0.362440
vt 0.054688 0.362440
vt 0.079777 0.295283
vt 0.095282 0.315580
vt 0.078125 0.320882
vt 0.069173 0.309164
vt 0.089002 0.335368
vt 0.089002 0.320882
vt 0.095282 0.340670
vt 0.079777 0.360967
vt 0.069173 0.347086
vt 0.078125 0.335368
vt 0.040202 0.362440
vt 0.029598 0.360967
vt 0.014093 0.340670
vt 0.031250 0.335368
vt 0.040202 0.347086
vt 0.014093 0.315580
vt 0.029598 0.295283
vt 0.040202 0.309164
vt 0.031250 0.320882
vt 0.054688 0.304688
vt 0.054688 0.328125
vt 0.054688 0.351562
vt 0.187500 0.484375
vt 0.202837 0.484375
vt 0.312500 0.656250
vt 0.297163 0.656250
vt 0.202837 0.484375
vt 0.187500 0.484375
vt 0.297163 0.656250
vt 0.312500 0.656250
vt 0.375144 0.551448
vt 0.382812 0.551448
vt 0.382812 0.484375
vt 0.375144 0.484375
vt 0.320312 0.589177
vt 0.327981 0.589177
vt 0.327981 0.656250
vt 0.320312 0.656250
vt 0.263720 0.484375
vt 0.312500 0.484375
vt 0.236280 0.656250
vt 0.187500 0.656250
vt 0.390625 0.195312
vt 0.484375 0.195312
vt 0.484375 0.262559
vt 0.390625 0.262559
vt 0.578768 0.200455
vt 0.499357 0.200455
vt 0.499357 0.257417
vt 0.578768 0.257417
vt 0.554688 0.992188
vt 0.625000 0.992188
vt 0.619623 0.664062
vt 0.560064 0.664062
vt 0.492188 0.302017
vt 0.867188 0.296875
vt 0.867188 0.364122
vt 0.492188 0.358979
vt 0.382812 0.195312
vt 0.354136 0.200455
vt 0.354136 0.257417
vt 0.382812 0.262559
vt 0.423713 0.261570
vt 0.451287 0.261570
vt 0.451287 0.273438
vt 0.423713 0.273438
vt 0.552849 0.261570
vt 0.525276 0.261570
vt 0.525276 0.273438
vt 0.552849 0.273438
vt 0.579504 0.929844
vt 0.600184 0.929844
vt 0.600184 0.726406
vt 0.579504 0.726406
vt 0.563438 0.363133
vt 0.795937 0.363133
vt 0.795937 0.375000
vt 0.563438 0.375000
vt 0.250460 0.261570
vt 0.250460 0.273438
vt 0.407169 0.206685
vt 0.467831 0.206685
vt 0.467831 0.251187
vt 0.407169 0.251187
vt 0.569393 0.206685
vt 0.508732 0.206685
vt 0.508732 0.251187
vt 0.569393 0.251187
vt 0.567096 0.710547
vt 0.612592 0.710547
vt 0.612592 0.703984
vt 0.567096 0.703984
vt 0.537813 0.308248
vt 0.545312 0.308248
vt 0.545312 0.352749
vt 0.537813 0.352749
vt 0.316636 0.206685
vt 0.316636 0.251187
vt 0.390625 0.195312
vt 0.484375 0.195312
vt 0.484375 0.262559
vt 0.390625 0.262559
vt 0.578768 0.200455
vt 0.499357 0.200455
vt 0.499357 0.257417
vt 0.578768 0.257417
vt 0.554688 0.992188
vt 0.625000 0.992188
vt 0.619623 0.664062
vt 0.560064 0.664062
vt 0.036489 0.200455
vt 0.007812 0.195312
vt 0.007812 0.262559
vt 0.036489 0.257417
vt 0.867188 0.296875
vt 0.492188 0.302017
vt 0.492188 0.358979
vt 0.867188 0.364122
vt 0.423713 0.261570
vt 0.451287 0.261570
vt 0.451287 0.273438
vt 0.423713 0.273438
vt 0.552849 0.261570
vt 0.525276 0.261570
vt 0.525276 0.273438
vt 0.552849 0.273438
vt 0.579504 0.929844
vt 0.600184 0.929844
vt 0.600184 0.726406
vt 0.579504 0.726406
vt 0.140165 0.261570
vt 0.140165 0.273438
vt 0.795937 0.363133
vt 0.563438 0.363133
vt 0.563438 0.375000
vt 0.795937 0.375000
vt 0.407169 0.206685
vt 0.467831 0.206685
vt 0.467831 0.251187
vt 0.407169 0.251187
vt 0.569393 0.206685
vt 0.508732 0.206685
vt 0.508732 0.251187
vt 0.569393 0.251187
vt 0.567096 0.710547
vt 0.612592 0.710547
vt 0.612592 0.703984
vt 0.567096 0.703984
vt 0.073989 0.206685
vt 0.073989 0.251187
vt 0.545312 0.308248
vt 0.537813 0.308248
vt 0.537813 0.352749
vt 0.545312 0.352749
vt 0.054688 0.281250
vt 0.083658 0.281250
vt 0.079777 0.328125
vt 0.054688 0.328125
vt 0.007812 0.290202
vt 0.007812 0.313640
vt 0.054687 0.315580
vt 0.054687 0.295283
vt 0.007812 0.342610
vt 0.054687 0.340670
vt 0.007812 0.366048
vt 0.054687 0.360967
vt 0.025717 0.281250
vt 0.029598 0.328125
vt 0.069173 0.362440
vt 0.054688 0.362440
vt 0.079777 0.295283
vt 0.095282 0.315580
vt 0.078125 0.320882
vt 0.069173 0.309164
vt 0.089002 0.335368
vt 0.089002 0.320882
vt 0.095282 0.340670
vt 0.079777 0.360967
vt 0.069173 0.347086
vt 0.078125 0.335368
vt 0.054688 0.351562
vt 0.040202 0.362440
vt 0.029598 0.360967
vt 0.014093 0.340670
vt 0.031250 0.335368
vt 0.040202 0.347086
vt 0.014093 0.315580
vt 0.029598 0.295283
vt 0.040202 0.309164
vt 0.031250 0.320882
vt 0.054688 0.304688
vt 0.054688 0.328125
vt 0.303916 0.484375
vt 0.312500 0.484375
vt 0.196084 0.656250
vt 0.187500 0.656250
vt 0.312500 0.484375
vt 0.303916 0.484375
vt 0.187500 0.656250
vt 0.196084 0.656250
vt 0.320312 0.656250
vt 0.324604 0.656250
vt 0.324604 0.484375
vt 0.320312 0.484375
vt 0.378521 0.484375
vt 0.382812 0.484375
vt 0.382812 0.656250
vt 0.378521 0.656250
vt 0.054688 0.281250
vt 0.083658 0.281250
vt 0.079777 0.328125
vt 0.054688 0.328125
vt 0.007812 0.290202
vt 0.007812 0.313640
vt 0.054687 0.315580
vt 0.054687 0.295283
vt 0.007812 0.342610
vt 0.054687 0.340670
vt 0.007812 0.366048
vt 0.054687 0.360967
vt 0.025717 0.281250
vt 0.029598 0.328125
vt 0.069173 0.362440
vt 0.054688 0.362440
vt 0.079777 0.295283
vt 0.095282 0.315580
vt 0.078125 0.320882
vt 0.069173 0.309164
vt 0.089002 0.335368
vt 0.089002 0.320882
vt 0.095282 0.340670
vt 0.079777 0.360967
vt 0.069173 0.347086
vt 0.078125 0.335368
vt 0.054688 0.368720
vt 0.029598 0.360967
vt 0.040202 0.347086
vt 0.040202 0.362440
vt 0.014093 0.340670
vt 0.031250 0.335368
vt 0.014093 0.315580
vt 0.029598 0.295283
vt 0.040202 0.309164
vt 0.031250 0.320882
vt 0.054688 0.304688
vt 0.054688 0.328125
vt 0.054688 0.351562
vt 0.187500 0.484375
vt 0.196084 0.484375
vt 0.312500 0.656250
vt 0.303916 0.656250
vt 0.196084 0.484375
vt 0.187500 0.484375
vt 0.303916 0.656250
vt 0.312500 0.656250
vt 0.378521 0.656250
vt 0.382812 0.656250
vt 0.382812 0.484375
vt 0.378521 0.484375
vt 0.320312 0.484375
vt 0.324604 0.484375
vt 0.324604 0.656250
vt 0.320312 0.656250
vn 0.000000 -1.000000 0.000000
vn 0.008294 -0.995461 0.094806
vn 0.024631 -0.995461 0.091925
vn 0.040220 -0.995461 0.086251
vn 0.054586 -0.995461 0.077957
vn 0.067294 -0.995461 0.067294
vn 0.077957 -0.995461 0.054586
vn 0.086251 -0.995461 0.040220
vn 0.091925 -0.995461 0.024631
vn 0.094806 -0.995461 0.008294
vn 0.094806 -0.995461 -0.008294
vn 0.091925 -0.995461 -0.024631
vn 0.086251 -0.995461 -0.040220
vn 0.077957 -0.995461 -0.054586
vn 0.067294 -0.995461 -0.067294
vn 0.054586 -0.995461 -0.077957
vn 0.040220 -0.995461 -0.086251
vn 0.024631 -0.995461 -0.091925
vn 0.008294 -0.995461 -0.094806
vn -0.008294 -0.995461 -0.094806
vn -0.024631 -0.995461 -0.091925
vn -0.040220 -0.995461 -0.086251
vn -0.054586 -0.995461 -0.077957
vn -0.067294 -0.995461 -0.067294
vn -0.077957 -0.995461 -0.054586
vn -0.086251 -0.995461 -0.040220
vn -0.091925 -0.995461 -0.024631
vn -0.094806 -0.995461 -0.008294
vn -0.094806 -0.995461 0.008294
vn -0.091925 -0.995461 0.024631
vn -0.086251 -0.995461 0.040220
vn -0.077957 -0.995461 0.054586
vn -0.067294 -0.995461 0.067294
vn -0.054586 -0.995461 0.077957
vn -0.040220 -0.995461 0.086251
vn -0.024631 -0.995461 0.091925
vn -0.008294 -0.995461 0.094806
vn 0.087156 0.000000 0.996195
vn 0.258819 0.000000 0.965926
vn 0.422618 0.000000 0.906308
vn 0.573576 0.000000 0.819152
vn 0.707107 0.000000 0.707107
vn 0.819152 0.000000 0.573576
vn 0.906308 0.000000 0.422618
vn 0.965926 0.000000 0.258819
vn 0.996195 0.000000 0.087156
vn 0.996195 0.000000 -0.087156
vn 0.965926 0.000000 -0.258819
vn 0.906308 0.000000 -0.422618
vn 0.819152 0.000000 -0.573576
vn 0.707107 0.000000 -0.707107
vn 0.573576 0.000000 -0.819152
vn 0.422618 0.000000 -0.906308
vn 0.258819 0.000000 -0.965926
vn 0.087156 0.000000 -0.996195
vn -0.087156 0.000000 -0.996195
vn -0.258819 0.000000 -0.965926
vn -0.422618 0.000000 -0.906308
vn -0.573576 0.000000 -0.819152
vn -0.707107 0.000000 -0.707107
vn -0.819152 0.000000 -0.573576
vn -0.906308 0.000000 -0.422618
vn -0.965926 0.000000 -0.258819
vn -0.996195 0.000000 -0.087156
vn -0.996195 0.000000 0.087156
vn -0.965926 0.000000 0.258819
vn -0.906308 0.000000 0.422618
vn -0.819152 0.000000 0.573576
vn -0.707107 0.000000 0.707107
vn -0.573576 0.000000 0.819152
vn -0.422618 0.000000 0.906308
vn -0.258819 0.000000 0.965926
vn -0.087156 0.000000 0.996195
vn 0.000000 1.000000 0.000000
vn 0.075027 0.508882 0.857561
vn 0.222801 0.508882 0.831504
vn 0.363805 0.508882 0.780183
vn 0.493755 0.508882 0.705156
vn 0.608703 0.508882 0.608703
vn 0.705156 0.508882 0.493755
vn 0.780183 0.508882 0.363805
vn 0.831504 0.508882 0.222801
vn 0.857561 0.508882 0.075027
vn 0.857561 0.508882 -0.075027
vn 0.831504 0.508882 -0.222801
vn 0.780183 0.508882 -0.363805
vn 0.705156 0.508882 -0.493755
vn 0.608703 0.508882 -0.608703
vn 0.493755 0.508882 -0.705156
vn 0.363805 0.508882 -0.780183
vn 0.222801 0.508882 -0.831504
vn 0.075027 0.508882 -0.857561
vn -0.075027 0.508882 -0.857561
vn -0.222801 0.508882 -0.831504
vn -0.363805 0.508882 -0.780183
vn -0.493755 0.508882 -0.705156
vn -0.608703 0.508882 -0.608703
vn -0.705156 0.508882 -0.493755
vn -0.780183 0.508882 -0.363805
vn -0.831504 0.508882 -0.222801
vn -0.857561 0.508882 -0.075027
vn -0.857561 0.508882 0.075027
vn -0.831504 0.508882 0.222801
vn -0.780183 0.508882 0.363805
vn -0.705156 0.508882 0.493755
vn -0.608703 0.508882 0.608703
vn -0.493755 0.508882 0.705156
vn -0.363805 0.508882 0.780183
vn -0.222801 0.508882 0.831504
vn -0.075027 0.508882 0.857561
vn 0.057205 0.754452 0.653858
vn 0.169877 0.754452 0.633991
vn 0.277388 0.754452 0.594860
vn 0.376470 0.754452 0.537655
vn 0.464114 0.754452 0.464114
vn 0.537655 0.754452 0.376470
vn 0.594860 0.754452 0.277388
vn 0.633991 0.754452 0.169877
vn 0.653858 0.754452 0.057205
vn 0.653858 0.754452 -0.057205
vn 0.633991 0.754452 -0.169877
vn 0.594860 0.754452 -0.277388
vn 0.537655 0.754452 -0.376470
vn 0.464114 0.754452 -0.464114
vn 0.376470 0.754452 -0.537655
vn 0.277388 0.754452 -0.594860
vn 0.169877 0.754452 -0.633991
vn 0.057205 0.754452 -0.653858
vn -0.057205 0.754452 -0.653858
vn -0.169877 0.754452 -0.633991
vn -0.277388 0.754452 -0.594860
vn -0.376470 0.754452 -0.537655
vn -0.464114 0.754452 -0.464114
vn -0.537655 0.754452 -0.376470
vn -0.594860 0.754452 -0.277388
vn -0.633991 0.754452 -0.169877
vn -0.653858 0.754452 -0.057205
vn -0.653858 0.754452 0.057205
vn -0.633991 0.754452 0.169877
vn -0.594860 0.754452 0.277388
vn -0.537655 0.754452 0.376470
vn -0.464114 0.754452 0.464114
vn -0.376470 0.754452 0.537655
vn -0.277388 0.754452 0.594860
vn -0.169877 0.754452 0.633991
vn -0.057205 0.754452 0.653858
vn 0.006720 0.997023 0.076808
vn 0.019955 0.997023 0.074474
vn 0.032584 0.997023 0.069877
vn 0.044223 0.997023 0.063158
vn 0.054519 0.997023 0.054519
vn 0.063158 0.997023 0.044223
vn 0.069877 0.997023 0.032584
vn 0.074474 0.997023 0.019955
vn 0.076808 0.997023 0.006720
vn 0.076808 0.997023 -0.006720
vn 0.074474 0.997023 -0.019955
vn 0.069877 0.997023 -0.032584
vn 0.063158 0.997023 -0.044223
vn 0.054519 0.997023 -0.054519
vn 0.044223 0.997023 -0.063158
vn 0.032584 0.997023 -0.069877
vn 0.019955 0.997023 -0.074474
vn 0.006720 0.997023 -0.076808
vn -0.006720 0.997023 -0.076808
vn -0.019955 0.997023 -0.074474
vn -0.032584 0.997023 -0.069877
vn -0.044223 0.997023 -0.063158
vn -0.054519 0.997023 -0.054519
vn -0.063158 0.997023 -0.044223
vn -0.069877 0.997023 -0.032584
vn -0.074474 0.997023 -0.019955
vn -0.076808 0.997023 -0.006720
vn -0.076808 0.997023 0.006720
vn -0.074474 0.997023 0.019955
vn -0.069877 0.997023 0.032584
vn -0.063158 0.997023 0.044223
vn -0.054519 0.997023 0.054519
vn -0.044223 0.997023 0.063158
vn -0.032584 0.997023 0.069877
vn -0.019955 0.997023 0.074474
vn -0.006720 0.997023 0.076808
vn 0.000000 0.000000 1.000000
vn 0.000000 0.000000 -1.000000
vn -0.000000 1.000000 0.000000
vn 0.000000 -1.000000 0.000000
vn -1.000000 0.000000 0.000000
vn 1.000000 0.000000 0.000000
vn 0.299447 -0.246943 -0.921602
vn 0.783962 -0.246943 -0.569582
vn 0.969030 -0.246943 -0.000000
vn 0.783962 -0.246943 0.569582
vn 0.299447 -0.246943 0.921602
vn -0.299447 -0.246943 0.921602
vn -0.783962 -0.246943 0.569582
vn -0.969030 -0.246943 0.000000
vn -0.783962 -0.246943 -0.569582
vn -0.299447 -0.246943 -0.921602
vn 0.223919 -0.689152 -0.689152
vn 0.586227 -0.689152 -0.425919
vn 0.724617 -0.689152 0.000000
vn 0.586227 -0.689152 0.425919
vn 0.223919 -0.689152 0.689152
vn -0.223919 -0.689152 0.689152
vn -0.586227 -0.689152 0.425919
vn -0.724617 -0.689152 -0.000000
vn -0.586227 -0.689152 -0.425919
vn -0.223919 -0.689152 -0.689152
vn 0.083800 -0.962528 -0.257909
vn 0.219390 -0.962528 -0.159396
vn 0.271181 -0.962528 -0.000000
vn 0.219390 -0.962528 0.159396
vn 0.083800 -0.962528 0.257909
vn -0.083800 -0.962528 0.257909
vn -0.219390 -0.962528 0.159396
vn -0.271181 -0.962528 0.000000
vn -0.219390 -0.962528 -0.159396
vn -0.083800 -0.962528 -0.257909
vn 0.000000 -1.000000 0.000000
vn 0.382683 0.000000 0.923880
vn 0.923880 0.000000 0.382683
vn 0.923880 0.000000 -0.382683
vn 0.382683 0.000000 -0.923880
vn -0.382683 0.000000 -0.923880
vn -0.923880 0.000000 -0.382683
vn -0.923880 0.000000 0.382683
vn -0.382683 0.000000 0.923880
vn 0.000000 1.000000 0.000000
vn 0.000000 -0.389418 0.921061
vn 0.000000 0.389418 -0.921061
vn -0.000000 0.921061 0.389418
vn 0.000000 -0.921061 -0.389418
vn -1.000000 0.000000 0.000000
vn 1.000000 0.000000 0.000000
vn 0.000000 0.000000 1.000000
vn 0.000000 0.000000 -1.000000
vn 0.000000 0.999413 -0.034246
vn 0.000000 -0.999413 -0.034246
vn -0.999031 0.000000 -0.044013
vn 0.999031 0.000000 -0.044013
vn 0.158879 -0.798741 0.580319
vn -0.061352 0.308435 0.949265
vn -0.195090 0.980785 0.000000
vn -0.061352 0.308435 -0.949265
vn 0.158879 -0.798741 -0.580319
vn 0.452450 -0.677140 0.580319
vn -0.174714 0.261478 0.949265
vn -0.555570 0.831470 0.000000
vn -0.174714 0.261478 -0.949265
vn 0.452450 -0.677140 -0.580319
vn 0.677140 -0.452450 0.580319
vn -0.261478 0.174714 0.949265
vn -0.831470 0.555570 0.000000
vn -0.261478 0.174714 -0.949265
vn 0.677140 -0.452450 -0.580319
vn 0.798741 -0.158879 0.580319
vn -0.308435 0.061352 0.949265
vn -0.980785 0.195090 0.000000
vn -0.308435 0.061352 -0.949265
vn 0.798741 -0.158879 -0.580319
vn 0.798741 0.158879 0.580319
vn -0.308435 -0.061352 0.949265
vn -0.980785 -0.195090 0.000000
vn -0.308435 -0.061352 -0.949265
vn 0.798741 0.158879 -0.580319
vn 0.677140 0.452450 0.580319
vn -0.261478 -0.174714 0.949265
vn -0.831470 -0.555570 0.000000
vn -0.261478 -0.174714 -0.949265
vn 0.677140 0.452450 -0.580319
vn 0.452450 0.677140 0.580319
vn -0.174714 -0.261478 0.949265
vn -0.555570 -0.831470 0.000000
vn -0.174714 -0.261478 -0.949265
vn 0.452450 0.677140 -0.580319
vn 0.158879 0.798741 0.580319
vn -0.061352 -0.308435 0.949265
vn -0.195090 -0.980785 0.000000
vn -0.061352 -0.308435 -0.949265
vn 0.158879 0.798741 -0.580319
vn -0.158879 0.798741 0.580319
vn 0.061352 -0.308435 0.949265
vn 0.195090 -0.980785 0.000000
vn 0.061352 -0.308435 -0.949265
vn -0.158879 0.798741 -0.580319
vn -0.452450 0.677140 0.580319
vn 0.174714 -0.261478 0.949265
vn 0.555570 -0.831470 0.000000
vn 0.174714 -0.261478 -0.949265
vn -0.452450 0.677140 -0.580319
vn -0.677140 0.452450 0.580319
vn 0.261478 -0.174714 0.949265
vn 0.831470 -0.555570 0.000000
vn 0.261478 -0.174714 -0.949265
vn -0.677140 0.452450 -0.580319
vn -0.798741 0.158879 0.580319
vn 0.308435 -0.061352 0.949265
vn 0.980785 -0.195090 0.000000
vn 0.308435 -0.061352 -0.949265
vn -0.798741 0.158879 -0.580319
vn -0.798741 -0.158879 0.580319
vn 0.308435 0.061352 0.949265
vn 0.980785 0.195090 0.000000
vn 0.308435 0.061352 -0.949265
vn -0.798741 -0.158879 -0.580319
vn -0.677140 -0.452450 0.580319
vn 0.261478 0.174714 0.949265
vn 0.831470 0.555570 0.000000
vn 0.261478 0.174714 -0.949265
vn -0.677140 -0.452450 -0.580319
vn -0.452450 -0.677140 0.580319
vn 0.174714 0.261478 0.949265
vn 0.555570 0.831470 0.000000
vn 0.174714 0.261478 -0.949265
vn -0.452450 -0.677140 -0.580319
vn -0.158879 -0.798741 0.580319
vn 0.061352 0.308435 0.949265
vn 0.195090 0.980785 0.000000
vn 0.061352 0.308435 -0.949265
vn -0.158879 -0.798741 -0.580319
vn 0.173052 -0.532599 0.828487
vn 0.453056 -0.329164 0.828487
vn 0.560008 -0.000000 0.828487
vn 0.453056 0.329164 0.828487
vn 0.173052 0.532599 0.828487
vn -0.173052 0.532599 0.828487
vn -0.453056 0.329164 0.828487
vn -0.560008 0.000000 0.828487
vn -0.453056 -0.329164 0.828487
vn -0.173052 -0.532599 0.828487
vn 0.053340 -0.164165 0.984990
vn 0.139647 -0.101460 0.984990
vn 0.172613 -0.000000 0.984990
vn 0.139647 0.101460 0.984990
vn 0.053340 0.164165 0.984990
vn -0.053340 0.164165 0.984990
vn -0.139647 0.101460 0.984990
vn -0.172613 0.000000 0.984990
vn -0.139647 -0.101460 0.984990
vn -0.053340 -0.164165 0.984990
vn 0.000000 0.000000 1.000000
vn 0.000000 0.000000 -1.000000
vn -0.000000 1.000000 0.000000
vn 0.000000 -1.000000 0.000000
vn -1.000000 0.000000 0.000000
vn 1.000000 0.000000 0.000000
vn 1.000000 0.000000 -0.000000
vn -1.000000 0.000000 0.000000
vn 0.000000 1.000000 0.000000
vn 0.000000 -0.860292 0.509802
vn -0.000000 -1.000000 0.000000
vn -0.000000 -0.747409 -0.664364
vn 0.000000 0.000000 1.000000
vn 0.000000 0.000000 -1.000000
vn 0.000000 0.999413 -0.034246
vn 0.000000 -0.999413 -0.034246
vn -0.999031 0.000000 -0.044013
vn 0.999031 0.000000 -0.044013
vn 0.158879 -0.798741 0.580319
vn -0.061352 0.308435 0.949265
vn -0.195090 0.980785 0.000000
vn -0.061352 0.308435 -0.949265
vn 0.158879 -0.798741 -0.580319
vn 0.452450 -0.677140 0.580319
vn -0.174714 0.261478 0.949265
vn -0.555570 0.831470 0.000000
vn -0.174714 0.261478 -0.949265
vn 0.452450 -0.677140 -0.580319
vn 0.677140 -0.452450 0.580319
vn -0.261478 0.174714 0.949265
vn -0.831470 0.555570 0.000000
vn -0.261478 0.174714 -0.949265
vn 0.677140 -0.452450 -0.580319
vn 0.798741 -0.158879 0.580319
vn -0.308435 0.061352 0.949265
vn -0.980785 0.195090 0.000000
vn -0.308435 0.061352 -0.949265
vn 0.798741 -0.158879 -0.580319
vn 0.798741 0.158879 0.580319
vn -0.308435 -0.061352 0.949265
vn -0.980785 -0.195090 0.000000
vn -0.308435 -0.061352 -0.949265
vn 0.798741 0.158879 -0.580319
vn 0.677140 0.452450 0.580319
vn -0.261478 -0.174714 0.949265
vn -0.831470 -0.555570 0.000000
vn -0.261478 -0.174714 -0.949265
vn 0.677140 0.452450 -0.580319
vn 0.452450 0.677140 0.580319
vn -0.174714 -0.261478 0.949265
vn -0.555570 -0.831470 0.000000
vn -0.174714 -0.261478 -0.949265
vn 0.452450 0.677140 -0.580319
vn 0.158879 0.798741 0.580319
vn -0.061352 -0.308435 0.949265
vn -0.195090 -0.980785 0.000000
vn -0.061352 -0.308435 -0.949265
vn 0.158879 0.798741 -0.580319
vn -0.158879 0.798741 0.580319
vn 0.061352 -0.308435 0.949265
vn 0.195090 -0.980785 0.000000
vn 0.061352 -0.308435 -0.949265
vn -0.158879 0.798741 -0.580319
vn -0.452450 0.677140 0.580319
vn 0.174714 -0.261478 0.949265
vn 0.555570 -0.831470 0.000000
vn 0.174714 -0.261478 -0.949265
vn -0.452450 0.677140 -0.580319
vn -0.677140 0.452450 0.580319
vn 0.261478 -0.174714 0.949265
vn 0.831470 -0.555570 0.000000
vn 0.261478 -0.174714 -0.949265
vn -0.677140 0.452450 -0.580319
vn -0.798741 0.158879 0.580319
vn 0.308435 -0.061352 0.949265
vn 0.980785 -0.195090 0.000000
vn 0.308435 -0.061352 -0.949265
vn -0.798741 0.158879 -0.580319
vn -0.798741 -0.158879 0.580319
vn 0.308435 0.061352 0.949265
vn 0.980785 0.195090 0.000000
vn 0.308435 0.061352 -0.949265
vn -0.798741 -0.158879 -0.580319
vn -0.677140 -0.452450 0.580319
vn 0.261478 0.174714 0.949265
vn 0.831470 0.555570 0.000000
vn 0.261478 0.174714 -0.949265
vn -0.677140 -0.452450 -0.580319
vn -0.452450 -0.677140 0.580319
vn 0.174714 0.261478 0.949265
vn 0.555570 0.831470 0.000000
vn 0.174714 0.261478 -0.949265
vn -0.452450 -0.677140 -0.580319
vn -0.158879 -0.798741 0.580319
vn 0.061352 0.308435 0.949265
vn 0.195090 0.980785 0.000000
vn 0.061352 0.308435 -0.949265
vn -0.158879 -0.798741 -0.580319
vn 0.173052 -0.532599 0.828487
vn 0.453056 -0.329164 0.828487
vn 0.560008 -0.000000 0.828487
vn 0.453056 0.329164 0.828487
vn 0.173052 0.532599 0.828487
vn -0.173052 0.532599 0.828487
vn -0.453056 0.329164 0.828487
vn -0.560008 0.000000 0.828487
vn -0.453056 -0.329164 0.828487
vn -0.173052 -0.532599 0.828487
vn 0.053340 -0.164165 0.984990
vn 0.139647 -0.101460 0.984990
vn 0.172613 -0.000000 0.984990
vn 0.139647 0.101460 0.984990
vn 0.053340 0.164165 0.984990
vn -0.053340 0.164165 0.984990
vn -0.139647 0.101460 0.984990
vn -0.172613 0.000000 0.984990
vn -0.139647 -0.101460 0.984990
vn -0.053340 -0.164165 0.984990
vn 0.000000 0.000000 1.000000
vn 0.000000 0.000000 -1.000000
vn -0.000000 1.000000 0.000000
vn 0.000000 -1.000000 0.000000
vn -1.000000 0.000000 0.000000
vn 1.000000 0.000000 0.000000
vn 1.000000 0.000000 -0.000000
vn -1.000000 0.000000 0.000000
vn 0.000000 1.000000 0.000000
vn 0.000000 -0.860292 0.509802
vn -0.000000 -1.000000 0.000000
vn -0.000000 -0.747409 -0.664364
vn 0.000000 0.000000 1.000000
vn 0.000000 0.000000 -1.000000
vn 0.000000 0.999962 -0.008666
vn 0.000000 -0.999962 -0.008666
vn -0.999941 0.000000 -0.010833
vn 0.999941 0.000000 -0.010833
vn -0.000000 1.000000 0.000000
vn 0.000000 -1.000000 0.000000
vn -1.000000 0.000000 0.000000
vn 1.000000 0.000000 0.000000
vn 0.000000 0.000000 1.000000
vn 0.000000 0.000000 -1.000000
vn 0.000000 0.999962 -0.008666
vn 0.000000 -0.999962 -0.008666
vn -0.999941 0.000000 -0.010833
vn 0.999941 0.000000 -0.010833
vn -0.000000 1.000000 0.000000
vn 0.000000 -1.000000 0.000000
vn -1.000000 0.000000 0.000000
vn 1.000000 0.000000 0.000000
vn 0.299447 -0.921602 0.246943
vn 0.783962 -0.569582 0.246943
vn 0.969030 -0.000000 0.246943
vn 0.783962 0.569582 0.246943
vn 0.299447 0.921602 0.246943
vn -0.299447 0.921602 0.246943
vn -0.783962 0.569582 0.246943
vn -0.969030 0.000000 0.246943
vn -0.783962 -0.569582 0.246943
vn -0.299447 -0.921602 0.246943
vn 0.223919 -0.689152 0.689152
vn 0.586227 -0.425919 0.689152
vn 0.724617 -0.000000 0.689152
vn 0.586227 0.425919 0.689152
vn 0.223919 0.689152 0.689152
vn -0.223919 0.689152 0.689152
vn -0.586227 0.425919 0.689152
vn -0.724617 0.000000 0.689152
vn -0.586227 -0.425919 0.689152
vn -0.223919 -0.689152 0.689152
vn 0.083800 -0.257909 0.962528
vn 0.219390 -0.159396 0.962528
vn 0.271181 -0.000000 0.962528
vn 0.219390 0.159396 0.962528
vn 0.083800 0.257909 0.962528
vn -0.083800 0.257909 0.962528
vn -0.219390 0.159396 0.962528
vn -0.271181 0.000000 0.962528
vn -0.219390 -0.159396 0.962528
vn -0.083800 -0.257909 0.962528
vn -0.000000 0.341743 0.939793
vn -0.000000 -0.341743 -0.939793
vn -0.000000 1.000000 0.000000
vn 0.000000 -1.000000 0.000000
vn -0.887217 -0.461353 0.000000
vn 0.887217 0.461353 0.000000
vn 0.299447 -0.921602 0.246943
vn 0.783962 -0.569582 0.246943
vn 0.969030 -0.000000 0.246943
vn 0.783962 0.569582 0.246943
vn 0.299447 0.921602 0.246943
vn -0.299447 0.921602 0.246943
vn -0.783962 0.569582 0.246943
vn -0.969030 0.000000 0.246943
vn -0.783962 -0.569582 0.246943
vn -0.299447 -0.921602 0.246943
vn 0.223919 -0.689152 0.689152
vn 0.586227 -0.425919 0.689152
vn 0.724617 -0.000000 0.689152
vn 0.586227 0.425919 0.689152
vn 0.223919 0.689152 0.689152
vn -0.223919 0.689152 0.689152
vn -0.586227 0.425919 0.689152
vn -0.724617 0.000000 0.689152
vn -0.586227 -0.425919 0.689152
vn -0.223919 -0.689152 0.689152
vn 0.083800 -0.257909 0.962528
vn 0.219390 -0.159396 0.962528
vn 0.271181 -0.000000 0.962528
vn 0.219390 0.159396 0.962528
vn 0.083800 0.257909 0.962528
vn -0.083800 0.257909 0.962528
vn -0.219390 0.159396 0.962528
vn -0.271181 0.000000 0.962528
vn -0.219390 -0.159396 0.962528
vn -0.083800 -0.257909 0.962528
vn -0.000000 0.341743 0.939793
vn -0.000000 -0.341743 -0.939793
vn -0.000000 1.000000 0.000000
vn 0.000000 -1.000000 0.000000
vn -0.887217 0.461353 0.000000
vn 0.887217 -0.461353 0.000000
vn 0.000000 0.000000 1.000000
vn 0.000000 0.000000 -1.000000
vn 0.000000 0.999962 -0.008666
vn 0.000000 -0.999962 -0.008666
vn -0.999941 0.000000 -0.010833
vn 0.999941 0.000000 -0.010833
vn -0.000000 1.000000 0.000000
vn 0.000000 -1.000000 0.000000
vn -1.000000 0.000000 0.000000
vn 1.000000 0.000000 0.000000
vn 0.000000 0.000000 1.000000
vn 0.000000 0.000000 -1.000000
vn 0.000000 0.999962 -0.008666
vn 0.000000 -0.999962 -0.008666
vn -0.999941 0.000000 -0.010833
vn 0.999941 0.000000 -0.010833
vn -0.000000 1.000000 0.000000
vn 0.000000 -1.000000 0.000000
vn -1.000000 0.000000 0.000000
vn 1.000000 0.000000 0.000000
vn 0.299447 -0.921602 0.246943
vn 0.783962 -0.569582 0.246943
vn 0.969030 -0.000000 0.246943
vn 0.783962 0.569582 0.246943
vn 0.299447 0.921602 0.246943
vn -0.299447 0.921602 0.246943
vn -0.783962 0.569582 0.246943
vn -0.969030 0.000000 0.246943
vn -0.783962 -0.569582 0.246943
vn -0.299447 -0.921602 0.246943
vn 0.223919 -0.689152 0.689152
vn 0.586227 -0.425919 0.689152
vn 0.724617 -0.000000 0.689152
vn 0.586227 0.425919 0.689152
vn 0.223919 0.689152 0.689152
vn -0.223919 0.689152 0.689152
vn -0.586227 0.425919 0.689152
vn -0.724617 0.000000 0.689152
vn -0.586227 -0.425919 0.689152
vn -0.223919 -0.689152 0.689152
vn 0.083800 -0.257909 0.962528
vn 0.219390 -0.159396 0.962528
vn 0.271181 -0.000000 0.962528
vn 0.219390 0.159396 0.962528
vn 0.083800 0.257909 0.962528
vn -0.083800 0.257909 0.962528
vn -0.219390 0.159396 0.962528
vn -0.271181 0.000000 0.962528
vn -0.219390 -0.159396 0.962528
vn -0.083800 -0.257909 0.962528
vn 0.000000 -0.000000 1.000000
vn -0.000000 -0.000000 -1.000000
vn -0.000000 1.000000 0.000000
vn 0.000000 -1.000000 0.000000
vn -0.266498 -0.963835 0.000000
vn 0.266498 0.963835 0.000000
vn 0.299447 -0.921602 0.246943
vn 0.783962 -0.569582 0.246943
vn 0.969030 -0.000000 0.246943
vn 0.783962 0.569582 0.246943
vn 0.299447 0.921602 0.246943
vn -0.299447 0.921602 0.246943
vn -0.783962 0.569582 0.246943
vn -0.969030 0.000000 0.246943
vn -0.783962 -0.569582 0.246943
vn -0.299447 -0.921602 0.246943
vn 0.223919 -0.689152 0.689152
vn 0.586227 -0.425919 0.689152
vn 0.724617 -0.000000 0.689152
vn 0.586227 0.425919 0.689152
vn 0.223919 0.689152 0.689152
vn -0.223919 0.689152 0.689152
vn -0.586227 0.425919 0.689152
vn -0.724617 0.000000 0.689152
vn -0.586227 -0.425919 0.689152
vn -0.223919 -0.689152 0.689152
vn 0.083800 -0.257909 0.962528
vn 0.219390 -0.159396 0.962528
vn 0.271181 -0.000000 0.962528
vn 0.219390 0.159396 0.962528
vn 0.083800 0.257909 0.962528
vn -0.083800 0.257909 0.962528
vn -0.219390 0.159396 0.962528
vn -0.271181 0.000000 0.962528
vn -0.219390 -0.159396 0.962528
vn -0.083800 -0.257909 0.962528
vn 0.000000 0.000000 1.000000
vn -0.000000 -0.000000 -1.000000
vn -0.000000 1.000000 0.000000
vn 0.000000 -1.000000 0.000000
vn -0.266498 0.963835 0.000000
vn 0.266498 -0.963835 0.000000
f 1/1/1 2/2/1 3/3/1
f 1/1/1 4/4/1 2/2/1
f 1/1/1 5/5/1 4/4/1
f 1/1/1 6/6/1 5/5/1
f 1/1/1 7/7/1 6/6/1
f 1/1/1 8/8/1 7/7/1
f 1/1/1 9/9/1 8/8/1
f 1/1/1 10/10/1 9/9/1
f 1/1/1 11/11/1 10/10/1
f 1/1/1 12/12/1 11/11/1
f 1/1/1 13/13/1 12/12/1
f 1/1/1 14/14/1 13/13/1
f 1/1/1 15/15/1 14/14/1
f 1/1/1 16/16/1 15/15/1
f 1/1/1 17/17/1 16/16/1
f 1/1/1 18/18/1 17/17/1
f 1/1/1 19/19/1 18/18/1
f 1/1/1 20/20/1 19/19/1
f 1/1/1 21/21/1 20/20/1
f 1/1/1 22/22/1 21/21/1
f 1/1/1 23/23/1 22/22/1
f 1/1/1 24/24/1 23/23/1
f 1/1/1 25/25/1 24/24/1
f 1/1/1 26/26/1 25/25/1
f 1/1/1 27/27/1 26/26/1
f 1/1/1 28/28/1 27/27/1
f 1/1/1 29/29/1 28/28/1
f 1/1/1 30/30/1 29/29/1
f 1/1/1 31/31/1 30/30/1
f 1/1/1 32/32/1 31/31/1
f 1/1/1 33/33/1 32/32/1
f 1/1/1 34/34/1 33/33/1
f 1/1/1 35/35/1 34/34/1
f 1/1/1 36/36/1 35/35/1
f 1/1/1 37/37/1 36/36/1
f 1/1/1 3/3/1 37/37/1
f 3/3/2 2/2/2 38/38/2
f 3/3/2 38/38/2 39/39/2
f 2/2/3 4/4/3 40/40/3
f 2/2/3 40/40/3 38/38/3
f 4/4/4 5/5/4 41/41/4
f 4/4/4 41/41/4 40/40/4
f 5/5/5 6/6/5 42/42/5
f 5/5/5 42/42/5 41/41/5
f 6/6/6 7/7/6 43/43/6
f 6/6/6 43/43/6 42/42/6
f 7/7/7 8/8/7 44/44/7
f 7/7/7 44/44/7 43/43/7
f 8/8/8 9/9/8 45/45/8
f 8/8/8 45/45/8 44/44/8
f 9/9/9 10/10/9 46/46/9
f 9/9/9 46/46/9 45/45/9
f 10/10/10 11/11/10 47/47/10
f 10/10/10 47/47/10 46/46/10
f 11/11/11 12/12/11 48/48/11
f 11/11/11 48/48/11 47/47/11
f 12/12/12 13/13/12 49/49/12
f 12/12/12 49/49/12 48/48/12
f 13/13/13 14/14/13 50/50/13
f 13/13/13 50/50/13 49/49/13
f 14/14/14 15/15/14 51/51/14
f 14/14/14 51/51/14 50/50/14
f 15/15/15 16/16/15 52/52/15
f 15/15/15 52/52/15 51/51/15
f 16/16/16 17/17/16 53/53/16
f 16/16/16 53/53/16 52/52/16
f 17/17/17 18/18/17 54/54/17
f 17/17/17 54/54/17 53/53/17
f 18/18/18 19/19/18 55/55/18
f 18/18/18 55/55/18 54/54/18
f 19/19/19 20/20/19 56/56/19
f 19/19/19 56/56/19 55/55/19
f 20/20/20 21/21/20 57/57/20
f 20/20/20 57/57/20 56/56/20
f 21/21/21 22/22/21 58/58/21
f 21/21/21 58/58/21 57/57/21
f 22/22/22 23/23/22 59/59/22
f 22/22/22 59/59/22 58/58/22
f 23/23/23 24/24/23 60/60/23
f 23/23/23 60/60/23 59/59/23
f 24/24/24 25/25/24 61/61/24
f 24/24/24 61/61/24 60/60/24
f 25/25/25 26/26/25 62/62/25
f 25/25/25 62/62/25 61/61/25
f 26/26/26 27/27/26 63/63/26
f 26/26/26 63/63/26 62/62/26
f 27/27/27 28/28/27 64/64/27
f 27/27/27 64/64/27 63/63/27
f 28/28/28 29/29/28 65/65/28
f 28/28/28 65/65/28 64/64/28
f 29/29/29 30/30/29 66/66/29
f 29/29/29 66/66/29 65/65/29
f 30/30/30 31/31/30 67/67/30
f 30/30/30 67/67/30 66/66/30
f 31/31/31 32/32/31 68/68/31
f 31/31/31 68/68/31 67/67/31
f 32/32/32 33/33/32 69/69/32
f 32/32/32 69/69/32 68/68/32
f 33/33/33 34/34/33 70/70/33
f 33/33/33 70/70/33 69/69/33
f 34/34/34 35/35/34 71/71/34
f 34/34/34 71/71/34 70/70/34
f 35/35/35 36/36/35 72/72/35
f 35/35/35 72/72/35 71/71/35
f 36/36/36 37/37/36 73/73/36
f 36/36/36 73/73/36 72/72/36
f 37/37/37 3/3/37 39/39/37
f 37/37/37 39/39/37 73/73/37
f 39/39/1 38/38/1 74/74/1
f 39/39/1 74/74/1 75/75/1
f 38/38/1 40/40/1 76/76/1
f 38/38/1 76/76/1 74/74/1
f 40/40/1 41/41/1 77/77/1
f 40/40/1 77/77/1 76/76/1
f 41/41/1 42/42/1 78/78/1
f 41/41/1 78/78/1 77/77/1
f 42/42/1 43/43/1 79/79/1
f 42/42/1 79/79/1 78/78/1
f 43/43/1 44/44/1 80/80/1
f 43/43/1 80/80/1 79/79/1
f 44/44/1 45/45/1 81/81/1
f 44/44/1 81/81/1 80/80/1
f 45/45/1 46/46/1 82/82/1
f 45/45/1 82/82/1 81/81/1
f 46/46/1 47/47/1 83/83/1
f 46/46/1 83/83/1 82/82/1
f 47/47/1 48/48/1 84/84/1
f 47/47/1 84/84/1 83/83/1
f 48/48/1 49/49/1 85/85/1
f 48/48/1 85/85/1 84/84/1
f 49/49/1 50/50/1 86/86/1
f 49/49/1 86/86/1 85/85/1
f 50/50/1 51/51/1 87/87/1
f 50/50/1 87/87/1 86/86/1
f 51/51/1 52/52/1 88/88/1
f 51/51/1 88/88/1 87/87/1
f 52/52/1 53/53/1 89/89/1
f 52/52/1 89/89/1 88/88/1
f 53/53/1 54/54/1 90/90/1
f 53/53/1 90/90/1 89/89/1
f 54/54/1 55/55/1 91/91/1
f 54/54/1 91/91/1 90/90/1
f 55/55/1 56/56/1 92/92/1
f 55/55/1 92/92/1 91/91/1
f 56/56/1 57/57/1 93/93/1
f 56/56/1 93/93/1 92/92/1
f 57/57/1 58/58/1 94/94/1
f 57/57/1 94/94/1 93/93/1
f 58/58/1 59/59/1 95/95/1
f 58/58/1 95/95/1 94/94/1
f 59/59/1 60/60/1 96/96/1
f 59/59/1 96/96/1 95/95/1
f 60/60/1 61/61/1 97/97/1
f 60/60/1 97/97/1 96/96/1
f 61/61/1 62/62/1 98/98/1
f 61/61/1 98/98/1 97/97/1
f 62/62/1 63/63/1 99/99/1
f 62/62/1 99/99/1 98/98/1
f 63/63/1 64/64/1 100/100/1
f 63/63/1 100/100/1 99/99/1
f 64/64/1 65/65/1 101/101/1
f 64/64/1 101/101/1 100/100/1
f 65/65/1 66/66/1 102/102/1
f 65/65/1 102/102/1 101/101/1
f 66/66/1 67/67/1 103/103/1
f 66/66/1 103/103/1 102/102/1
f 67/67/1 68/68/1 104/104/1
f 67/67/1 104/104/1 103/103/1
f 68/68/1 69/69/1 105/105/1
f 68/68/1 105/105/1 104/104/1
f 69/69/1 70/70/1 106/106/1
f 69/69/1 106/106/1 105/105/1
f 70/70/1 71/71/1 107/107/1
f 70/70/1 107/107/1 106/106/1
f 71/71/1 72/72/1 108/108/1
f 71/71/1 108/108/1 107/107/1
f 72/72/1 73/73/1 109/109/1
f 72/72/1 109/109/1 108/108/1
f 73/73/1 39/39/1 75/75/1
f 73/73/1 75/75/1 109/109/1
f 75/110/38 74/111/38 110/112/38
f 75/110/38 110/112/38 111/113/38
f 74/111/39 76/114/39 112/115/39
f 74/111/39 112/115/39 110/112/39
f 76/114/40 77/116/40 113/117/40
f 76/114/40 113/117/40 112/115/40
f 77/116/41 78/118/41 114/119/41
f 77/116/41 114/119/41 113/117/41
f 78/118/42 79/120/42 115/121/42
f 78/118/42 115/121/42 114/119/42
f 79/122/43 80/123/43 116/124/43
f 79/122/43 116/124/43 115/125/43
f 80/123/44 81/126/44 117/127/44
f 80/123/44 117/127/44 116/124/44
f 81/126/45 82/128/45 118/129/45
f 81/126/45 118/129/45 117/127/45
f 82/128/46 83/130/46 119/131/46
f 82/128/46 119/131/46 118/129/46
f 83/130/47 84/132/47 120/133/47
f 83/130/47 120/133/47 119/131/47
f 84/132/48 85/134/48 121/135/48
f 84/132/48 121/135/48 120/133/48
f 85/134/49 86/136/49 122/137/49
f 85/134/49 122/137/49 121/135/49
f 86/136/50 87/138/50 123/139/50
f 86/136/50 123/139/50 122/137/50
f 87/138/51 88/140/51 124/141/51
f 87/138/51 124/141/51 123/139/51
f 88/142/52 89/143/52 125/144/52
f 88/142/52 125/144/52 124/145/52
f 89/143/53 90/146/53 126/147/53
f 89/143/53 126/147/53 125/144/53
f 90/146/54 91/148/54 127/149/54
f 90/146/54 127/149/54 126/147/54
f 91/148/55 92/150/55 128/151/55
f 91/148/55 128/151/55 127/149/55
f 92/150/56 93/152/56 129/153/56
f 92/150/56 129/153/56 128/151/56
f 93/152/57 94/154/57 130/155/57
f 93/152/57 130/155/57 129/153/57
f 94/154/58 95/156/58 131/157/58
f 94/154/58 131/157/58 130/155/58
f 95/156/59 96/158/59 132/159/59
f 95/156/59 132/159/59 131/157/59
f 96/158/60 97/160/60 133/161/60
f 96/158/60 133/161/60 132/159/60
f 97/138/61 98/136/61 134/137/61
f 97/138/61 134/137/61 133/139/61
f 98/136/62 99/134/62 135/135/62
f 98/136/62 135/135/62 134/137/62
f 99/134/63 100/132/63 136/133/63
f 99/134/63 136/133/63 135/135/63
f 100/132/64 101/130/64 137/131/64
f 100/132/64 137/131/64 136/133/64
f 101/130/65 102/128/65 138/129/65
f 101/130/65 138/129/65 137/131/65
f 102/128/66 103/126/66 139/127/66
f 102/128/66 139/127/66 138/129/66
f 103/126/67 104/123/67 140/124/67
f 103/126/67 140/124/67 139/127/67
f 104/123/68 105/122/68 141/125/68
f 104/123/68 141/125/68 140/124/68
f 105/122/69 106/162/69 142/163/69
f 105/122/69 142/163/69 141/125/69
f 106/164/70 107/165/70 143/166/70
f 106/164/70 143/166/70 142/167/70
f 107/165/71 108/168/71 144/169/71
f 107/165/71 144/169/71 143/166/71
f 108/168/72 109/170/72 145/171/72
f 108/168/72 145/171/72 144/169/72
f 109/170/73 75/110/73 111/113/73
f 109/170/73 111/113/73 145/171/73
f 111/75/74 110/74/74 146/38/74
f 111/75/74 146/38/74 147/39/74
f 110/74/74 112/76/74 148/40/74
f 110/74/74 148/40/74 146/38/74
f 112/76/74 113/77/74 149/41/74
f 112/76/74 149/41/74 148/40/74
f 113/77/74 114/78/74 150/42/74
f 113/77/74 150/42/74 149/41/74
f 114/78/74 115/79/74 151/43/74
f 114/78/74 151/43/74 150/42/74
f 115/79/74 116/80/74 152/44/74
f 115/79/74 152/44/74 151/43/74
f 116/80/74 117/81/74 153/45/74
f 116/80/74 153/45/74 152/44/74
f 117/81/74 118/82/74 154/46/74
f 117/81/74 154/46/74 153/45/74
f 118/82/74 119/83/74 155/47/74
f 118/82/74 155/47/74 154/46/74
f 119/83/74 120/84/74 156/48/74
f 119/83/74 156/48/74 155/47/74
f 120/84/74 121/85/74 157/49/74
f 120/84/74 157/49/74 156/48/74
f 121/85/74 122/86/74 158/50/74
f 121/85/74 158/50/74 157/49/74
f 122/86/74 123/87/74 159/51/74
f 122/86/74 159/51/74 158/50/74
f 123/87/74 124/88/74 160/52/74
f 123/87/74 160/52/74 159/51/74
f 124/88/74 125/89/74 161/53/74
f 124/88/74 161/53/74 160/52/74
f 125/89/74 126/90/74 162/54/74
f 125/89/74 162/54/74 161/53/74
f 126/90/74 127/91/74 163/55/74
f 126/90/74 163/55/74 162/54/74
f 127/91/74 128/92/74 164/56/74
f 127/91/74 164/56/74 163/55/74
f 128/92/74 129/93/74 165/57/74
f 128/92/74 165/57/74 164/56/74
f 129/93/74 130/94/74 166/58/74
f 129/93/74 166/58/74 165/57/74
f 130/94/74 131/95/74 167/59/74
f 130/94/74 167/59/74 166/58/74
f 131/95/74 132/96/74 168/60/74
f 131/95/74 168/60/74 167/59/74
f 132/96/74 133/97/74 169/61/74
f 132/96/74 169/61/74 168/60/74
f 133/97/74 134/98/74 170/62/74
f 133/97/74 170/62/74 169/61/74
f 134/98/74 135/99/74 171/63/74
f 134/98/74 171/63/74 170/62/74
f 135/99/74 136/100/74 172/64/74
f 135/99/74 172/64/74 171/63/74
f 136/100/74 137/101/74 173/65/74
f 136/100/74 173/65/74 172/64/74
f 137/101/74 138/102/74 174/66/74
f 137/101/74 174/66/74 173/65/74
f 138/102/74 139/103/74 175/67/74
f 138/102/74 175/67/74 174/66/74
f 139/103/74 140/104/74 176/68/74
f 139/103/74 176/68/74 175/67/74
f 140/104/74 141/105/74 177/69/74
f 140/104/74 177/69/74 176/68/74
f 141/105/74 142/106/74 178/70/74
f 141/105/74 178/70/74 177/69/74
f 142/106/74 143/107/74 179/71/74
f 142/106/74 179/71/74 178/70/74
f 143/107/74 144/108/74 180/72/74
f 143/107/74 180/72/74 179/71/74
f 144/108/74 145/109/74 181/73/74
f 144/108/74 181/73/74 180/72/74
f 145/109/74 111/75/74 147/39/74
f 145/109/74 147/39/74 181/73/74
f 147/113/75 146/172/75 182/173/75
f 147/113/75 182/173/75 183/174/75
f 146/172/76 148/175/76 184/176/76
f 146/172/76 184/176/76 182/173/76
f 148/175/77 149/177/77 185/178/77
f 148/175/77 185/178/77 184/176/77
f 149/177/78 150/179/78 186/180/78
f 149/177/78 186/180/78 185/178/78
f 150/179/79 151/181/79 187/182/79
f 150/179/79 187/182/79 186/180/79
f 151/183/80 152/184/80 188/185/80
f 151/183/80 188/185/80 187/186/80
f 152/184/81 153/187/81 189/188/81
f 152/184/81 189/188/81 188/185/81
f 153/187/82 154/189/82 190/190/82
f 153/187/82 190/190/82 189/188/82
f 154/189/83 155/131/83 191/191/83
f 154/189/83 191/191/83 190/190/83
f 155/131/84 156/192/84 192/193/84
f 155/131/84 192/193/84 191/191/84
f 156/192/85 157/194/85 193/195/85
f 156/192/85 193/195/85 192/193/85
f 157/194/86 158/196/86 194/197/86
f 157/194/86 194/197/86 193/195/86
f 158/196/87 159/198/87 195/199/87
f 158/196/87 195/199/87 194/197/87
f 159/200/88 160/201/88 196/202/88
f 159/198/88 196/203/88 195/199/88
f 160/201/89 161/204/89 197/205/89
f 160/201/89 197/205/89 196/202/89
f 161/204/90 162/206/90 198/207/90
f 161/204/90 198/207/90 197/205/90
f 162/206/91 163/208/91 199/209/91
f 162/206/91 199/209/91 198/207/91
f 163/208/92 164/151/92 200/210/92
f 163/208/92 200/210/92 199/209/92
f 164/151/93 165/211/93 201/212/93
f 164/151/93 201/212/93 200/210/93
f 165/211/94 166/213/94 202/214/94
f 165/211/94 202/214/94 201/212/94
f 166/213/95 167/215/95 203/216/95
f 166/213/95 203/216/95 202/214/95
f 167/215/96 168/217/96 204/218/96
f 167/215/96 204/218/96 203/216/96
f 168/217/97 169/219/97 205/220/97
f 168/217/97 205/220/97 204/218/97
f 169/198/98 170/196/98 206/197/98
f 169/198/98 206/197/98 205/199/98
f 170/196/99 171/194/99 207/195/99
f 170/196/99 207/195/99 206/197/99
f 171/194/100 172/192/100 208/193/100
f 171/194/100 208/193/100 207/195/100
f 172/192/101 173/131/101 209/191/101
f 172/192/101 209/191/101 208/193/101
f 173/131/102 174/189/102 210/190/102
f 173/131/102 210/190/102 209/191/102
f 174/189/103 175/187/103 211/188/103
f 174/189/103 211/188/103 210/190/103
f 175/187/104 176/184/104 212/185/104
f 175/187/104 212/185/104 211/188/104
f 176/184/105 177/183/105 213/186/105
f 176/184/105 213/186/105 212/185/105
f 177/221/106 178/222/106 214/223/106
f 177/221/106 214/223/106 213/224/106
f 178/222/107 179/225/107 215/226/107
f 178/222/107 215/226/107 214/223/107
f 179/225/108 180/227/108 216/228/108
f 179/225/108 216/228/108 215/226/108
f 180/227/109 181/229/109 217/230/109
f 180/227/109 217/230/109 216/228/109
f 181/229/110 147/113/110 183/174/110
f 181/229/110 183/174/110 217/230/110
f 183/231/74 182/232/74 218/2/74
f 183/231/74 218/2/74 219/3/74
f 182/232/74 184/233/74 220/4/74
f 182/232/74 220/4/74 218/2/74
f 184/233/74 185/234/74 221/5/74
f 184/233/74 221/5/74 220/4/74
f 185/234/74 186/235/74 222/6/74
f 185/234/74 222/6/74 221/5/74
f 186/235/74 187/236/74 223/7/74
f 186/235/74 223/7/74 222/6/74
f 187/236/74 188/237/74 224/8/74
f 187/236/74 224/8/74 223/7/74
f 188/237/74 189/238/74 225/9/74
f 188/237/74 225/9/74 224/8/74
f 189/238/74 190/239/74 226/10/74
f 189/238/74 226/10/74 225/9/74
f 190/239/74 191/240/74 227/11/74
f 190/239/74 227/11/74 226/10/74
f 191/240/74 192/241/74 228/12/74
f 191/240/74 228/12/74 227/11/74
f 192/241/74 193/242/74 229/13/74
f 192/241/74 229/13/74 228/12/74
f 193/242/74 194/243/74 230/14/74
f 193/242/74 230/14/74 229/13/74
f 194/243/74 195/244/74 231/15/74
f 194/243/74 231/15/74 230/14/74
f 195/244/74 196/245/74 232/16/74
f 195/244/74 232/16/74 231/15/74
f 196/245/74 197/246/74 233/17/74
f 196/245/74 233/17/74 232/16/74
f 197/246/74 198/247/74 234/18/74
f 197/246/74 234/18/74 233/17/74
f 198/247/74 199/248/74 235/19/74
f 198/247/74 235/19/74 234/18/74
f 199/248/74 200/249/74 236/20/74
f 199/248/74 236/20/74 235/19/74
f 200/249/74 201/250/74 237/21/74
f 200/249/74 237/21/74 236/20/74
f 201/250/74 202/251/74 238/22/74
f 201/250/74 238/22/74 237/21/74
f 202/251/74 203/252/74 239/23/74
f 202/251/74 239/23/74 238/22/74
f 203/252/74 204/253/74 240/24/74
f 203/252/74 240/24/74 239/23/74
f 204/253/74 205/254/74 241/25/74
f 204/253/74 241/25/74 240/24/74
f 205/254/74 206/255/74 242/26/74
f 205/254/74 242/26/74 241/25/74
f 206/255/74 207/256/74 243/27/74
f 206/255/74 243/27/74 242/26/74
f 207/256/74 208/257/74 244/28/74
f 207/256/74 244/28/74 243/27/74
f 208/257/74 209/258/74 245/29/74
f 208/257/74 245/29/74 244/28/74
f 209/258/74 210/259/74 246/30/74
f 209/258/74 246/30/74 245/29/74
f 210/259/74 211/260/74 247/31/74
f 210/259/74 247/31/74 246/30/74
f 211/260/74 212/261/74 248/32/74
f 211/260/74 248/32/74 247/31/74
f 212/261/74 213/262/74 249/33/74
f 212/261/74 249/33/74 248/32/74
f 213/262/74 214/263/74 250/34/74
f 213/262/74 250/34/74 249/33/74
f 214/263/74 215/264/74 251/35/74
f 214/263/74 251/35/74 250/34/74
f 215/264/74 216/265/74 252/36/74
f 215/264/74 252/36/74 251/35/74
f 216/265/74 217/266/74 253/37/74
f 216/265/74 253/37/74 252/36/74
f 217/266/74 183/231/74 219/3/74
f 217/266/74 219/3/74 253/37/74
f 219/3/111 218/2/111 254/267/111
f 219/3/111 254/267/111 255/268/111
f 218/2/112 220/4/112 256/269/112
f 218/2/112 256/269/112 254/267/112
f 220/4/113 221/5/113 257/270/113
f 220/4/113 257/270/113 256/269/113
f 221/5/114 222/6/114 258/271/114
f 221/5/114 258/271/114 257/270/114
f 222/6/115 223/7/115 259/272/115
f 222/6/115 259/272/115 258/271/115
f 223/7/116 224/8/116 260/273/116
f 223/7/116 260/273/116 259/272/116
f 224/8/117 225/9/117 261/274/117
f 224/8/117 261/274/117 260/273/117
f 225/9/118 226/10/118 262/275/118
f 225/9/118 262/275/118 261/274/118
f 226/10/119 227/11/119 263/276/119
f 226/10/119 263/276/119 262/275/119
f 227/11/120 228/12/120 264/277/120
f 227/11/120 264/277/120 263/276/120
f 228/12/121 229/13/121 265/278/121
f 228/12/121 265/278/121 264/277/121
f 229/13/122 230/14/122 266/279/122
f 229/13/122 266/279/122 265/278/122
f 230/14/123 231/15/123 267/280/123
f 230/14/123 267/280/123 266/279/123
f 231/15/124 232/16/124 268/281/124
f 231/15/124 268/281/124 267/280/124
f 232/16/125 233/17/125 269/282/125
f 232/16/125 269/282/125 268/281/125
f 233/17/126 234/18/126 270/283/126
f 233/17/126 270/283/126 269/282/126
f 234/18/127 235/19/127 271/284/127
f 234/18/127 271/284/127 270/283/127
f 235/19/128 236/20/128 272/285/128
f 235/19/128 272/285/128 271/284/128
f 236/20/129 237/21/129 273/286/129
f 236/20/129 273/286/129 272/285/129
f 237/21/130 238/22/130 274/287/130
f 237/21/130 274/287/130 273/286/130
f 238/22/131 239/23/131 275/288/131
f 238/22/131 275/288/131 274/287/131
f 239/23/132 240/24/132 276/289/132
f 239/23/132 276/289/132 275/288/132
f 240/24/133 241/25/133 277/290/133
f 240/24/133 277/290/133 276/289/133
f 241/25/134 242/26/134 278/291/134
f 241/25/134 278/291/134 277/290/134
f 242/26/135 243/27/135 279/292/135
f 242/26/135 279/292/135 278/291/135
f 243/27/136 244/28/136 280/293/136
f 243/27/136 280/293/136 279/292/136
f 244/28/137 245/29/137 281/294/137
f 244/28/137 281/294/137 280/293/137
f 245/29/138 246/30/138 282/295/138
f 245/29/138 282/295/138 281/294/138
f 246/30/139 247/31/139 283/296/139
f 246/30/139 283/296/139 282/295/139
f 247/31/140 248/32/140 284/297/140
f 247/31/140 284/297/140 283/296/140
f 248/32/141 249/33/141 285/298/141
f 248/32/141 285/298/141 284/297/141
f 249/33/142 250/34/142 286/299/142
f 249/33/142 286/299/142 285/298/142
f 250/34/143 251/35/143 287/300/143
f 250/34/143 287/300/143 286/299/143
f 251/35/144 252/36/144 288/301/144
f 251/35/144 288/301/144 287/300/144
f 252/36/145 253/37/145 289/302/145
f 252/36/145 289/302/145 288/301/145
f 253/37/146 219/3/146 255/268/146
f 253/37/146 255/268/146 289/302/146
f 255/268/147 254/267/147 290/303/147
f 255/268/147 290/303/147 291/304/147
f 254/267/148 256/269/148 292/305/148
f 254/267/148 292/305/148 290/303/148
f 256/269/149 257/270/149 293/306/149
f 256/269/149 293/306/149 292/305/149
f 257/270/150 258/271/150 294/307/150
f 257/270/150 294/307/150 293/306/150
f 258/271/151 259/272/151 295/308/151
f 258/271/151 295/308/151 294/307/151
f 259/272/152 260/273/152 296/309/152
f 259/272/152 296/309/152 295/308/152
f 260/273/153 261/274/153 297/310/153
f 260/273/153 297/310/153 296/309/153
f 261/274/154 262/275/154 298/311/154
f 261/274/154 298/311/154 297/310/154
f 262/275/155 263/276/155 299/312/155
f 262/275/155 299/312/155 298/311/155
f 263/276/156 264/277/156 300/313/156
f 263/276/156 300/313/156 299/312/156
f 264/277/157 265/278/157 301/314/157
f 264/277/157 301/314/157 300/313/157
f 265/278/158 266/279/158 302/315/158
f 265/278/158 302/315/158 301/314/158
f 266/279/159 267/280/159 303/316/159
f 266/279/159 303/316/159 302/315/159
f 267/280/160 268/281/160 304/317/160
f 267/280/160 304/317/160 303/316/160
f 268/281/161 269/282/161 305/318/161
f 268/281/161 305/318/161 304/317/161
f 269/282/162 270/283/162 306/319/162
f 269/282/162 306/319/162 305/318/162
f 270/283/163 271/284/163 307/320/163
f 270/283/163 307/320/163 306/319/163
f 271/284/164 272/285/164 308/321/164
f 271/284/164 308/321/164 307/320/164
f 272/285/165 273/286/165 309/322/165
f 272/285/165 309/322/165 308/321/165
f 273/286/166 274/287/166 310/323/166
f 273/286/166 310/323/166 309/322/166
f 274/287/167 275/288/167 311/324/167
f 274/287/167 311/324/167 310/323/167
f 275/288/168 276/289/168 312/325/168
f 275/288/168 312/325/168 311/324/168
f 276/289/169 277/290/169 313/326/169
f 276/289/169 313/326/169 312/325/169
f 277/290/170 278/291/170 314/327/170
f 277/290/170 314/327/170 313/326/170
f 278/291/171 279/292/171 315/328/171
f 278/291/171 315/328/171 314/327/171
f 279/292/172 280/293/172 316/329/172
f 279/292/172 316/329/172 315/328/172
f 280/293/173 281/294/173 317/330/173
f 280/293/173 317/330/173 316/329/173
f 281/294/174 282/295/174 318/331/174
f 281/294/174 318/331/174 317/330/174
f 282/295/175 283/296/175 319/332/175
f 282/295/175 319/332/175 318/331/175
f 283/296/176 284/297/176 320/333/176
f 283/296/176 320/333/176 319/332/176
f 284/297/177 285/298/177 321/334/177
f 284/297/177 321/334/177 320/333/177
f 285/298/178 286/299/178 322/335/178
f 285/298/178 322/335/178 321/334/178
f 286/299/179 287/300/179 323/336/179
f 286/299/179 323/336/179 322/335/179
f 287/300/180 288/301/180 324/337/180
f 287/300/180 324/337/180 323/336/180
f 288/301/181 289/302/181 325/338/181
f 288/301/181 325/338/181 324/337/181
f 289/302/182 255/268/182 291/304/182
f 289/302/182 291/304/182 325/338/182
f 291/304/74 290/303/74 326/1/74
f 290/303/74 292/305/74 326/1/74
f 292/305/74 293/306/74 326/1/74
f 293/306/74 294/307/74 326/1/74
f 294/307/74 295/308/74 326/1/74
f 295/308/74 296/309/74 326/1/74
f 296/309/74 297/310/74 326/1/74
f 297/310/74 298/311/74 326/1/74
f 298/311/74 299/312/74 326/1/74
f 299/312/74 300/313/74 326/1/74
f 300/313/74 301/314/74 326/1/74
f 301/314/74 302/315/74 326/1/74
f 302/315/74 303/316/74 326/1/74
f 303/316/74 304/317/74 326/1/74
f 304/317/74 305/318/74 326/1/74
f 305/318/74 306/319/74 326/1/74
f 306/319/74 307/320/74 326/1/74
f 307/320/74 308/321/74 326/1/74
f 308/321/74 309/322/74 326/1/74
f 309/322/74 310/323/74 326/1/74
f 310/323/74 311/324/74 326/1/74
f 311/324/74 312/325/74 326/1/74
f 312/325/74 313/326/74 326/1/74
f 313/326/74 314/327/74 326/1/74
f 314/327/74 315/328/74 326/1/74
f 315/328/74 316/329/74 326/1/74
f 316/329/74 317/330/74 326/1/74
f 317/330/74 318/331/74 326/1/74
f 318/331/74 319/332/74 326/1/74
f 319/332/74 320/333/74 326/1/74
f 320/333/74 321/334/74 326/1/74
f 321/334/74 322/335/74 326/1/74
f 322/335/74 323/336/74 326/1/74
f 323/336/74 324/337/74 326/1/74
f 324/337/74 325/338/74 326/1/74
f 325/338/74 291/304/74 326/1/74
f 327/339/183 328/340/183 329/341/183
f 327/339/183 329/341/183 330/342/183
f 331/343/184 332/344/184 333/345/184
f 331/343/184 333/345/184 334/346/184
f 330/347/185 329/348/185 334/349/185
f 330/347/185 334/349/185 333/350/185
f 332/350/186 331/349/186 328/348/186
f 332/350/186 328/348/186 327/347/186
f 332/351/187 327/352/187 330/353/187
f 332/351/187 330/353/187 333/354/187
f 328/352/188 331/351/188 334/354/188
f 328/352/188 334/354/188 329/353/188
f 335/355/189 336/356/189 337/357/189
f 335/355/189 337/357/189 338/358/189
f 336/359/190 339/360/190 340/361/190
f 336/359/190 340/361/190 337/362/190
f 339/360/191 341/363/191 342/364/191
f 339/360/191 342/364/191 340/361/191
f 341/363/192 343/365/192 344/366/192
f 341/363/192 344/366/192 342/364/192
f 343/367/193 345/368/193 346/369/193
f 343/367/193 346/369/193 344/370/193
f 345/368/194 347/371/194 348/372/194
f 345/368/194 348/372/194 346/369/194
f 347/365/195 349/363/195 350/364/195
f 347/365/195 350/364/195 348/366/195
f 349/363/196 351/360/196 352/361/196
f 349/363/196 352/361/196 350/364/196
f 351/360/197 353/359/197 354/362/197
f 351/360/197 354/362/197 352/361/197
f 353/373/198 335/355/198 338/358/198
f 353/373/198 338/358/198 354/374/198
f 338/375/199 337/376/199 355/377/199
f 338/375/199 355/377/199 356/378/199
f 337/376/200 340/379/200 357/380/200
f 337/376/200 357/380/200 355/377/200
f 340/361/201 342/364/201 358/381/201
f 340/361/201 358/381/201 357/382/201
f 342/383/202 344/384/202 359/385/202
f 342/383/202 359/385/202 358/386/202
f 344/384/203 346/387/203 360/388/203
f 344/370/203 360/389/203 359/390/203
f 346/369/204 348/372/204 361/391/204
f 346/387/204 361/392/204 360/388/204
f 348/393/205 350/394/205 362/395/205
f 348/393/205 362/395/205 361/392/205
f 350/364/206 352/361/206 363/382/206
f 350/364/206 363/382/206 362/381/206
f 352/396/207 354/397/207 364/398/207
f 352/396/207 364/398/207 363/399/207
f 354/397/208 338/375/208 356/378/208
f 354/397/208 356/378/208 364/398/208
f 356/378/209 355/377/209 365/400/209
f 355/377/210 357/380/210 365/400/210
f 357/380/211 358/386/211 365/400/211
f 358/386/212 359/385/212 365/400/212
f 359/385/213 360/388/213 365/400/213
f 360/388/214 361/392/214 365/400/214
f 361/392/215 362/395/215 365/400/215
f 362/395/216 363/399/216 365/400/216
f 363/399/217 364/398/217 365/400/217
f 364/398/218 356/378/218 365/400/218
f 366/401/219 367/402/219 368/403/219
f 366/401/219 369/404/219 367/402/219
f 366/401/219 370/405/219 369/404/219
f 366/401/219 371/406/219 370/405/219
f 366/401/219 372/407/219 371/406/219
f 366/401/219 373/408/219 372/407/219
f 366/401/219 374/409/219 373/408/219
f 366/401/219 368/403/219 374/409/219
f 368/410/220 367/411/220 375/412/220
f 368/410/220 375/412/220 376/413/220
f 367/414/221 369/415/221 377/416/221
f 367/414/221 377/416/221 375/417/221
f 369/415/222 370/418/222 378/419/222
f 369/415/222 378/419/222 377/416/222
f 370/420/223 371/421/223 379/422/223
f 370/420/223 379/422/223 378/423/223
f 371/421/224 372/424/224 380/425/224
f 371/421/224 380/425/224 379/422/224
f 372/418/225 373/415/225 381/416/225
f 372/418/225 381/416/225 380/419/225
f 373/415/226 374/414/226 382/417/226
f 373/415/226 382/417/226 381/416/226
f 374/426/227 368/410/227 376/413/227
f 374/426/227 376/413/227 382/427/227
f 376/403/228 375/402/228 383/401/228
f 375/402/228 377/404/228 383/401/228
f 377/404/228 378/405/228 383/401/228
f 378/405/228 379/406/228 383/401/228
f 379/406/228 380/407/228 383/401/228
f 380/407/228 381/408/228 383/401/228
f 381/408/228 382/409/228 383/401/228
f 382/409/228 376/403/228 383/401/228
f 384/428/229 385/429/229 386/430/229
f 384/428/229 386/430/229 387/431/229
f 388/432/230 389/433/230 390/434/230
f 388/432/230 390/434/230 391/435/230
f 387/436/231 386/437/231 391/438/231
f 387/436/231 391/438/231 390/439/231
f 389/440/232 388/441/232 385/442/232
f 389/440/232 385/442/232 384/443/232
f 389/444/233 384/445/233 387/446/233
f 389/444/233 387/446/233 390/447/233
f 385/445/234 388/444/234 391/447/234
f 385/445/234 391/447/234 386/446/234
f 392/448/235 393/449/235 394/450/235
f 392/448/235 394/450/235 395/451/235
f 396/452/236 397/453/236 398/454/236
f 396/452/236 398/454/236 399/455/236
f 395/456/237 394/457/237 399/458/237
f 395/456/237 399/458/237 398/459/237
f 397/459/238 396/458/238 393/457/238
f 397/459/238 393/457/238 392/456/238
f 397/460/239 392/461/239 395/462/239
f 397/460/239 395/462/239 398/463/239
f 393/461/240 396/460/240 399/463/240
f 393/461/240 399/463/240 394/462/240
f 400/464/241 401/465/241 402/466/241
f 400/464/241 402/466/241 403/467/241
f 403/468/242 402/469/242 404/470/242
f 403/468/242 404/470/242 405/471/242
f 405/472/243 404/473/243 406/474/243
f 405/472/243 406/474/243 407/475/243
f 407/476/244 406/477/244 408/478/244
f 407/476/244 408/478/244 409/479/244
f 409/480/245 408/481/245 401/465/245
f 409/480/245 401/465/245 400/464/245
f 401/465/246 410/482/246 411/483/246
f 401/465/246 411/483/246 402/466/246
f 402/469/247 411/484/247 412/485/247
f 402/469/247 412/485/247 404/470/247
f 404/473/248 412/486/248 413/487/248
f 404/473/248 413/487/248 406/474/248
f 406/477/249 413/488/249 414/489/249
f 406/477/249 414/489/249 408/478/249
f 408/481/250 414/490/250 410/482/250
f 408/481/250 410/482/250 401/465/250
f 410/491/251 415/492/251 416/493/251
f 410/491/251 416/493/251 411/494/251
f 411/484/252 416/495/252 417/496/252
f 411/484/252 417/496/252 412/485/252
f 412/497/253 417/498/253 418/499/253
f 412/497/253 418/499/253 413/500/253
f 413/488/254 418/501/254 419/502/254
f 413/488/254 419/502/254 414/489/254
f 414/503/255 419/504/255 415/492/255
f 414/503/255 415/492/255 410/491/255
f 415/492/256 420/505/256 421/506/256
f 415/492/256 421/506/256 416/493/256
f 416/495/257 421/507/257 422/508/257
f 416/495/257 422/508/257 417/496/257
f 417/498/258 422/509/258 423/510/258
f 417/498/258 423/510/258 418/499/258
f 418/501/259 423/511/259 424/512/259
f 418/501/259 424/512/259 419/502/259
f 419/504/260 424/513/260 420/505/260
f 419/504/260 420/505/260 415/492/260
f 420/505/261 425/514/261 426/515/261
f 420/505/261 426/515/261 421/506/261
f 421/507/262 426/516/262 427/517/262
f 421/507/262 427/517/262 422/508/262
f 422/509/263 427/518/263 428/519/263
f 422/509/263 428/519/263 423/510/263
f 423/511/264 428/520/264 429/521/264
f 423/511/264 429/521/264 424/512/264
f 424/513/265 429/522/265 425/514/265
f 424/513/265 425/514/265 420/505/265
f 425/514/266 430/523/266 431/524/266
f 425/514/266 431/524/266 426/515/266
f 426/516/267 431/525/267 432/526/267
f 426/516/267 432/526/267 427/517/267
f 427/518/268 432/527/268 433/528/268
f 427/518/268 433/528/268 428/519/268
f 428/520/269 433/529/269 434/530/269
f 428/520/269 434/530/269 429/521/269
f 429/522/270 434/531/270 430/523/270
f 429/522/270 430/523/270 425/514/270
f 430/482/271 435/465/271 436/466/271
f 430/482/271 436/466/271 431/483/271
f 431/525/272 436/532/272 437/533/272
f 431/525/272 437/533/272 432/526/272
f 432/486/273 437/473/273 438/474/273
f 432/486/273 438/474/273 433/487/273
f 433/529/274 438/534/274 439/535/274
f 433/529/274 439/535/274 434/530/274
f 434/490/275 439/481/275 435/465/275
f 434/490/275 435/465/275 430/482/275
f 435/465/276 440/464/276 441/467/276
f 435/465/276 441/467/276 436/466/276
f 436/532/277 441/536/277 442/537/277
f 436/532/277 442/537/277 437/533/277
f 437/473/278 442/472/278 443/475/278
f 437/473/278 443/475/278 438/474/278
f 438/534/279 443/538/279 444/539/279
f 438/534/279 444/539/279 439/535/279
f 439/481/280 444/480/280 440/464/280
f 439/481/280 440/464/280 435/465/280
f 440/464/281 445/540/281 446/541/281
f 440/464/281 446/541/281 441/467/281
f 441/536/282 446/542/282 447/543/282
f 441/536/282 447/543/282 442/537/282
f 442/472/283 447/544/283 448/545/283
f 442/472/283 448/545/283 443/475/283
f 443/538/284 448/546/284 449/547/284
f 443/538/284 449/547/284 444/539/284
f 444/480/285 449/548/285 445/540/285
f 444/480/285 445/540/285 440/464/285
f 445/540/286 450/549/286 451/550/286
f 445/540/286 451/550/286 446/541/286
f 446/542/287 451/551/287 452/552/287
f 446/542/287 452/552/287 447/543/287
f 447/544/288 452/553/288 453/554/288
f 447/544/288 453/554/288 448/545/288
f 448/546/289 453/555/289 454/556/289
f 448/546/289 454/556/289 449/547/289
f 449/548/290 454/557/290 450/549/290
f 449/548/290 450/549/290 445/540/290
f 450/523/291 455/514/291 456/515/291
f 450/523/291 456/515/291 451/524/291
f 451/551/292 456/558/292 457/559/292
f 451/551/292 457/559/292 452/552/292
f 452/527/293 457/518/293 458/519/293
f 452/527/293 458/519/293 453/528/293
f 453/555/294 458/560/294 459/561/294
f 453/555/294 459/561/294 454/556/294
f 454/531/295 459/522/295 455/514/295
f 454/531/295 455/514/295 450/523/295
f 455/514/296 460/505/296 461/506/296
f 455/514/296 461/506/296 456/515/296
f 456/558/297 461/562/297 462/563/297
f 456/558/297 462/563/297 457/559/297
f 457/518/298 462/509/298 463/510/298
f 457/518/298 463/510/298 458/519/298
f 458/560/299 463/564/299 464/565/299
f 458/560/299 464/565/299 459/561/299
f 459/522/300 464/513/300 460/505/300
f 459/522/300 460/505/300 455/514/300
f 460/505/301 465/492/301 466/493/301
f 460/505/301 466/493/301 461/506/301
f 461/562/302 466/566/302 467/567/302
f 461/562/302 467/567/302 462/563/302
f 462/509/303 467/498/303 468/499/303
f 462/509/303 468/499/303 463/510/303
f 463/564/304 468/568/304 469/569/304
f 463/564/304 469/569/304 464/565/304
f 464/513/305 469/504/305 465/492/305
f 464/513/305 465/492/305 460/505/305
f 465/492/306 470/491/306 471/494/306
f 465/492/306 471/494/306 466/493/306
f 466/566/307 471/570/307 472/571/307
f 466/566/307 472/571/307 467/567/307
f 467/498/308 472/497/308 473/500/308
f 467/498/308 473/500/308 468/499/308
f 468/568/309 473/572/309 474/573/309
f 468/568/309 474/573/309 469/569/309
f 469/504/310 474/503/310 470/491/310
f 469/504/310 470/491/310 465/492/310
f 470/549/311 475/540/311 476/541/311
f 470/549/311 476/541/311 471/550/311
f 471/570/312 476/574/312 477/575/312
f 471/570/312 477/575/312 472/571/312
f 472/553/313 477/544/313 478/545/313
f 472/553/313 478/545/313 473/554/313
f 473/572/314 478/576/314 479/577/314
f 473/572/314 479/577/314 474/573/314
f 474/557/315 479/548/315 475/540/315
f 474/557/315 475/540/315 470/549/315
f 475/540/316 400/464/316 403/467/316
f 475/540/316 403/467/316 476/541/316
f 476/574/317 403/468/317 405/471/317
f 476/574/317 405/471/317 477/575/317
f 477/544/318 405/472/318 407/475/318
f 477/544/318 407/475/318 478/545/318
f 478/576/319 407/476/319 409/479/319
f 478/576/319 409/479/319 479/577/319
f 479/548/320 409/480/320 400/464/320
f 479/548/320 400/464/320 475/540/320
f 480/578/321 481/579/321 482/580/321
f 480/578/321 482/580/321 483/581/321
f 481/579/322 484/582/322 485/583/322
f 481/579/322 485/583/322 482/580/322
f 484/582/323 486/584/323 487/585/323
f 484/582/323 487/585/323 485/583/323
f 486/584/324 488/586/324 489/587/324
f 486/584/324 489/587/324 487/585/324
f 488/586/325 490/588/325 491/589/325
f 488/586/325 491/589/325 489/587/325
f 490/588/326 492/590/326 493/591/326
f 490/588/326 493/591/326 491/589/326
f 492/590/327 494/592/327 495/593/327
f 492/590/327 495/593/327 493/591/327
f 494/592/328 496/594/328 497/595/328
f 494/592/328 497/595/328 495/593/328
f 496/594/329 498/596/329 499/597/329
f 496/594/329 499/597/329 497/595/329
f 498/596/330 480/578/330 483/581/330
f 498/596/330 483/581/330 499/597/330
f 483/581/331 482/580/331 500/598/331
f 482/580/332 485/583/332 500/598/332
f 485/583/333 487/585/333 500/598/333
f 487/585/334 489/587/334 500/598/334
f 489/587/335 491/589/335 500/598/335
f 491/589/336 493/591/336 500/598/336
f 493/591/337 495/593/337 500/598/337
f 495/593/338 497/595/338 500/598/338
f 497/595/339 499/597/339 500/598/339
f 499/597/340 483/581/340 500/598/340
f 501/599/341 502/600/341 503/601/341
f 501/599/341 503/601/341 504/602/341
f 505/603/342 506/604/342 507/605/342
f 505/603/342 507/605/342 508/606/342
f 504/607/343 503/608/343 508/609/343
f 504/607/343 508/609/343 507/610/343
f 506/610/344 505/609/344 502/608/344
f 506/610/344 502/608/344 501/607/344
f 506/611/345 501/612/345 504/613/345
f 506/611/345 504/613/345 507/614/345
f 502/612/346 505/611/346 508/614/346
f 502/612/346 508/614/346 503/613/346
f 509/615/347 510/616/347 511/617/347
f 512/615/348 513/617/348 514/616/348
f 509/615/347 511/617/347 515/618/347
f 512/615/348 516/618/348 513/617/348
f 509/619/349 512/620/349 514/621/349
f 509/619/349 514/621/349 510/622/349
f 510/622/350 514/621/350 513/623/350
f 510/622/350 513/623/350 511/624/350
f 511/624/351 513/623/351 516/625/351
f 511/624/351 516/625/351 515/626/351
f 515/626/352 516/625/352 512/620/352
f 515/626/352 512/620/352 509/619/352
f 517/627/353 518/628/353 519/629/353
f 517/627/353 519/629/353 520/630/353
f 521/631/354 522/632/354 523/633/354
f 521/631/354 523/633/354 524/634/354
f 520/635/355 519/636/355 524/637/355
f 520/635/355 524/637/355 523/638/355
f 522/638/356 521/637/356 518/636/356
f 522/638/356 518/636/356 517/635/356
f 522/639/357 517/640/357 520/641/357
f 522/639/357 520/641/357 523/642/357
f 518/640/358 521/639/358 524/642/358
f 518/640/358 524/642/358 519/641/358
f 525/643/359 526/644/359 527/645/359
f 525/643/359 527/645/359 528/646/359
f 528/647/360 527/648/360 529/649/360
f 528/647/360 529/649/360 530/650/360
f 530/651/361 529/652/361 531/653/361
f 530/651/361 531/653/361 532/654/361
f 532/655/362 531/656/362 533/657/362
f 532/655/362 533/657/362 534/658/362
f 534/659/363 533/660/363 526/644/363
f 534/659/363 526/644/363 525/643/363
f 526/644/364 535/661/364 536/662/364
f 526/644/364 536/662/364 527/645/364
f 527/648/365 536/663/365 537/664/365
f 527/648/365 537/664/365 529/649/365
f 529/652/366 537/665/366 538/666/366
f 529/652/366 538/666/366 531/653/366
f 531/656/367 538/667/367 539/668/367
f 531/656/367 539/668/367 533/657/367
f 533/660/368 539/669/368 535/661/368
f 533/660/368 535/661/368 526/644/368
f 535/670/369 540/671/369 541/672/369
f 535/670/369 541/672/369 536/673/369
f 536/663/370 541/674/370 542/675/370
f 536/663/370 542/675/370 537/664/370
f 537/676/371 542/677/371 543/678/371
f 537/676/371 543/678/371 538/679/371
f 538/667/372 543/680/372 544/681/372
f 538/667/372 544/681/372 539/668/372
f 539/682/373 544/683/373 540/671/373
f 539/682/373 540/671/373 535/670/373
f 540/671/374 545/684/374 546/685/374
f 540/671/374 546/685/374 541/672/374
f 541/674/375 546/686/375 547/687/375
f 541/674/375 547/687/375 542/675/375
f 542/677/376 547/688/376 548/689/376
f 542/677/376 548/689/376 543/678/376
f 543/680/377 548/690/377 549/691/377
f 543/680/377 549/691/377 544/681/377
f 544/683/378 549/692/378 545/684/378
f 544/683/378 545/684/378 540/671/378
f 545/684/379 550/693/379 551/694/379
f 545/684/379 551/694/379 546/685/379
f 546/686/380 551/695/380 552/696/380
f 546/686/380 552/696/380 547/687/380
f 547/688/381 552/697/381 553/698/381
f 547/688/381 553/698/381 548/689/381
f 548/690/382 553/699/382 554/700/382
f 548/690/382 554/700/382 549/691/382
f 549/692/383 554/701/383 550/693/383
f 549/692/383 550/693/383 545/684/383
f 550/693/384 555/702/384 556/703/384
f 550/693/384 556/703/384 551/694/384
f 551/695/385 556/704/385 557/705/385
f 551/695/385 557/705/385 552/696/385
f 552/697/386 557/706/386 558/707/386
f 552/697/386 558/707/386 553/698/386
f 553/699/387 558/708/387 559/709/387
f 553/699/387 559/709/387 554/700/387
f 554/701/388 559/710/388 555/702/388
f 554/701/388 555/702/388 550/693/388
f 555/661/389 560/644/389 561/645/389
f 555/661/389 561/645/389 556/662/389
f 556/704/390 561/711/390 562/712/390
f 556/704/390 562/712/390 557/705/390
f 557/665/391 562/652/391 563/653/391
f 557/665/391 563/653/391 558/666/391
f 558/708/392 563/713/392 564/714/392
f 558/708/392 564/714/392 559/709/392
f 559/669/393 564/660/393 560/644/393
f 559/669/393 560/644/393 555/661/393
f 560/644/394 565/643/394 566/646/394
f 560/644/394 566/646/394 561/645/394
f 561/711/395 566/715/395 567/716/395
f 561/711/395 567/716/395 562/712/395
f 562/652/396 567/651/396 568/654/396
f 562/652/396 568/654/396 563/653/396
f 563/713/397 568/717/397 569/718/397
f 563/713/397 569/718/397 564/714/397
f 564/660/398 569/659/398 565/643/398
f 564/660/398 565/643/398 560/644/398
f 565/643/399 570/719/399 571/720/399
f 565/643/399 571/720/399 566/646/399
f 566/715/400 571/721/400 572/722/400
f 566/715/400 572/722/400 567/716/400
f 567/651/401 572/723/401 573/724/401
f 567/651/401 573/724/401 568/654/401
f 568/717/402 573/725/402 574/726/402
f 568/717/402 574/726/402 569/718/402
f 569/659/403 574/727/403 570/719/403
f 569/659/403 570/719/403 565/643/403
f 570/719/404 575/728/404 576/729/404
f 570/719/404 576/729/404 571/720/404
f 571/721/405 576/730/405 577/731/405
f 571/721/405 577/731/405 572/722/405
f 572/723/406 577/732/406 578/733/406
f 572/723/406 578/733/406 573/724/406
f 573/725/407 578/734/407 579/735/407
f 573/725/407 579/735/407 574/726/407
f 574/727/408 579/736/408 575/728/408
f 574/727/408 575/728/408 570/719/408
f 575/702/409 580/693/409 581/694/409
f 575/702/409 581/694/409 576/703/409
f 576/730/410 581/737/410 582/738/410
f 576/730/410 582/738/410 577/731/410
f 577/706/411 582/697/411 583/698/411
f 577/706/411 583/698/411 578/707/411
f 578/734/412 583/739/412 584/740/412
f 578/734/412 584/740/412 579/735/412
f 579/710/413 584/701/413 580/693/413
f 579/710/413 580/693/413 575/702/413
f 580/693/414 585/684/414 586/685/414
f 580/693/414 586/685/414 581/694/414
f 581/737/415 586/741/415 587/742/415
f 581/737/415 587/742/415 582/738/415
f 582/697/416 587/688/416 588/689/416
f 582/697/416 588/689/416 583/698/416
f 583/739/417 588/743/417 589/744/417
f 583/739/417 589/744/417 584/740/417
f 584/701/418 589/692/418 585/684/418
f 584/701/418 585/684/418 580/693/418
f 585/684/419 590/671/419 591/672/419
f 585/684/419 591/672/419 586/685/419
f 586/741/420 591/745/420 592/746/420
f 586/741/420 592/746/420 587/742/420
f 587/688/421 592/677/421 593/678/421
f 587/688/421 593/678/421 588/689/421
f 588/743/422 593/747/422 594/748/422
f 588/743/422 594/748/422 589/744/422
f 589/692/423 594/683/423 590/671/423
f 589/692/423 590/671/423 585/684/423
f 590/671/424 595/670/424 596/673/424
f 590/671/424 596/673/424 591/672/424
f 591/745/425 596/749/425 597/750/425
f 591/745/425 597/750/425 592/746/425
f 592/677/426 597/676/426 598/679/426
f 592/677/426 598/679/426 593/678/426
f 593/747/427 598/751/427 599/752/427
f 593/747/427 599/752/427 594/748/427
f 594/683/428 599/682/428 595/670/428
f 594/683/428 595/670/428 590/671/428
f 595/728/429 600/719/429 601/720/429
f 595/728/429 601/720/429 596/729/429
f 596/749/430 601/753/430 602/754/430
f 596/749/430 602/754/430 597/750/430
f 597/732/431 602/723/431 603/724/431
f 597/732/431 603/724/431 598/733/431
f 598/751/432 603/755/432 604/756/432
f 598/751/432 604/756/432 599/752/432
f 599/736/433 604/727/433 600/719/433
f 599/736/433 600/719/433 595/728/433
f 600/719/434 525/643/434 528/646/434
f 600/719/434 528/646/434 601/720/434
f 601/753/435 528/647/435 530/650/435
f 601/753/435 530/650/435 602/754/435
f 602/723/436 530/651/436 532/654/436
f 602/723/436 532/654/436 603/724/436
f 603/755/437 532/655/437 534/658/437
f 603/755/437 534/658/437 604/756/437
f 604/727/438 534/659/438 525/643/438
f 604/727/438 525/643/438 600/719/438
f 605/757/439 606/758/439 607/759/439
f 605/757/439 607/759/439 608/760/439
f 606/758/440 609/761/440 610/762/440
f 606/758/440 610/762/440 607/759/440
f 609/761/441 611/763/441 612/764/441
f 609/761/441 612/764/441 610/762/441
f 611/763/442 613/765/442 614/766/442
f 611/763/442 614/766/442 612/764/442
f 613/765/443 615/767/443 616/768/443
f 613/765/443 616/768/443 614/766/443
f 615/767/444 617/769/444 618/770/444
f 615/767/444 618/770/444 616/768/444
f 617/769/445 619/771/445 620/772/445
f 617/769/445 620/772/445 618/770/445
f 619/771/446 621/773/446 622/774/446
f 619/771/446 622/774/446 620/772/446
f 621/773/447 623/775/447 624/776/447
f 621/773/447 624/776/447 622/774/447
f 623/775/448 605/757/448 608/760/448
f 623/775/448 608/760/448 624/776/448
f 608/760/449 607/759/449 625/777/449
f 607/759/450 610/762/450 625/777/450
f 610/762/451 612/764/451 625/777/451
f 612/764/452 614/766/452 625/777/452
f 614/766/453 616/768/453 625/777/453
f 616/768/454 618/770/454 625/777/454
f 618/770/455 620/772/455 625/777/455
f 620/772/456 622/774/456 625/777/456
f 622/774/457 624/776/457 625/777/457
f 624/776/458 608/760/458 625/777/458
f 626/778/459 627/779/459 628/780/459
f 626/778/459 628/780/459 629/781/459
f 630/782/460 631/783/460 632/784/460
f 630/782/460 632/784/460 633/785/460
f 629/786/461 628/787/461 633/788/461
f 629/786/461 633/788/461 632/789/461
f 631/789/462 630/788/462 627/787/462
f 631/789/462 627/787/462 626/786/462
f 631/790/463 626/791/463 629/792/463
f 631/790/463 629/792/463 632/793/463
f 627/791/464 630/790/464 633/793/464
f 627/791/464 633/793/464 628/792/464
f 634/794/465 635/795/465 636/796/465
f 637/794/466 638/796/466 639/795/466
f 634/794/465 636/796/465 640/797/465
f 637/794/466 641/797/466 638/796/466
f 634/798/467 637/799/467 639/800/467
f 634/798/467 639/800/467 635/801/467
f 635/801/468 639/800/468 638/802/468
f 635/801/468 638/802/468 636/803/468
f 636/803/469 638/802/469 641/804/469
f 636/803/469 641/804/469 640/805/469
f 640/805/470 641/804/470 637/799/470
f 640/805/470 637/799/470 634/798/470
f 642/806/471 643/807/471 644/808/471
f 642/806/471 644/808/471 645/809/471
f 646/810/472 647/811/472 648/812/472
f 646/810/472 648/812/472 649/813/472
f 645/814/473 644/815/473 649/816/473
f 645/814/473 649/816/473 648/817/473
f 647/817/474 646/816/474 643/815/474
f 647/817/474 643/815/474 642/814/474
f 647/818/475 642/819/475 645/820/475
f 647/818/475 645/820/475 648/821/475
f 643/822/476 646/823/476 649/824/476
f 643/822/476 649/824/476 644/825/476
f 650/826/471 651/827/471 652/828/471
f 650/826/471 652/828/471 653/829/471
f 654/830/472 655/831/472 656/832/472
f 654/830/472 656/832/472 657/833/472
f 653/834/477 652/835/477 657/836/477
f 653/834/477 657/836/477 656/837/477
f 655/837/478 654/836/478 651/835/478
f 655/837/478 651/835/478 650/834/478
f 655/838/479 650/839/479 653/840/479
f 655/838/479 653/840/479 656/841/479
f 651/842/480 654/842/480 657/843/480
f 651/842/480 657/843/480 652/843/480
f 658/844/471 659/845/471 660/846/471
f 658/844/471 660/846/471 661/847/471
f 662/848/472 663/849/472 664/850/472
f 662/848/472 664/850/472 665/851/472
f 661/852/477 660/853/477 665/854/477
f 661/852/477 665/854/477 664/855/477
f 663/855/478 662/854/478 659/853/478
f 663/855/478 659/853/478 658/852/478
f 663/856/479 658/857/479 661/858/479
f 663/856/479 661/858/479 664/859/479
f 659/860/480 662/860/480 665/861/480
f 659/860/480 665/861/480 660/861/480
f 666/862/481 667/863/481 668/864/481
f 666/862/481 668/864/481 669/865/481
f 670/866/482 671/867/482 672/868/482
f 670/866/482 672/868/482 673/869/482
f 669/870/483 668/871/483 673/872/483
f 669/870/483 673/872/483 672/873/483
f 671/873/484 670/872/484 667/871/484
f 671/873/484 667/871/484 666/870/484
f 671/874/485 666/875/485 669/876/485
f 671/874/485 669/876/485 672/877/485
f 667/878/486 670/879/486 673/880/486
f 667/878/486 673/880/486 668/881/486
f 674/882/481 675/883/481 676/884/481
f 674/882/481 676/884/481 677/885/481
f 678/886/482 679/887/482 680/888/482
f 678/886/482 680/888/482 681/889/482
f 677/890/487 676/891/487 681/892/487
f 677/890/487 681/892/487 680/893/487
f 679/893/488 678/892/488 675/891/488
f 679/893/488 675/891/488 674/890/488
f 679/894/489 674/894/489 677/895/489
f 679/894/489 677/895/489 680/895/489
f 675/896/490 678/897/490 681/898/490
f 675/896/490 681/898/490 676/899/490
f 682/900/481 683/901/481 684/902/481
f 682/900/481 684/902/481 685/903/481
f 686/904/482 687/905/482 688/906/482
f 686/904/482 688/906/482 689/907/482
f 685/908/487 684/909/487 689/910/487
f 685/908/487 689/910/487 688/911/487
f 687/911/488 686/910/488 683/909/488
f 687/911/488 683/909/488 682/908/488
f 687/912/489 682/912/489 685/913/489
f 687/912/489 685/913/489 688/913/489
f 683/914/490 686/915/490 689/916/490
f 683/914/490 689/916/490 684/917/490
f 690/918/491 691/919/491 692/920/491
f 690/918/491 692/920/491 693/921/491
f 691/922/492 694/923/492 695/924/492
f 691/922/492 695/924/492 692/925/492
f 694/923/493 696/926/493 697/927/493
f 694/923/493 697/927/493 695/924/493
f 696/926/494 698/928/494 699/929/494
f 696/926/494 699/929/494 697/927/494
f 698/919/495 700/918/495 701/921/495
f 698/919/495 701/921/495 699/920/495
f 700/918/496 702/930/496 703/931/496
f 700/918/496 703/931/496 701/921/496
f 702/928/497 704/926/497 705/927/497
f 702/928/497 705/927/497 703/929/497
f 704/926/498 706/923/498 707/924/498
f 704/926/498 707/924/498 705/927/498
f 706/923/499 708/922/499 709/925/499
f 706/923/499 709/925/499 707/924/499
f 708/930/500 690/918/500 693/921/500
f 708/930/500 693/921/500 709/931/500
f 693/921/501 692/920/501 710/932/501
f 693/921/501 710/932/501 711/933/501
f 692/934/502 695/935/502 712/936/502
f 692/934/502 712/936/502 710/937/502
f 695/924/503 697/927/503 713/938/503
f 695/924/503 713/938/503 712/939/503
f 697/940/504 699/941/504 714/942/504
f 697/940/504 714/942/504 713/943/504
f 699/920/505 701/921/505 715/933/505
f 699/920/505 715/933/505 714/932/505
f 701/921/506 703/931/506 716/944/506
f 701/921/506 716/944/506 715/933/506
f 703/945/507 705/946/507 717/947/507
f 703/945/507 717/947/507 716/948/507
f 705/927/508 707/924/508 718/939/508
f 705/927/508 718/939/508 717/938/508
f 707/949/509 709/950/509 719/951/509
f 707/949/509 719/951/509 718/952/509
f 709/931/510 693/921/510 711/933/510
f 709/931/510 711/933/510 719/944/510
f 711/953/511 710/937/511 720/954/511
f 710/937/512 712/936/512 720/954/512
f 712/936/513 713/943/513 720/954/513
f 713/943/514 714/942/514 720/954/514
f 714/942/515 715/955/515 720/954/515
f 715/955/516 716/948/516 720/954/516
f 716/948/517 717/947/517 720/954/517
f 717/947/518 718/952/518 720/954/518
f 718/952/519 719/951/519 720/954/519
f 719/951/520 711/953/520 720/954/520
f 721/956/521 722/957/521 723/958/521
f 721/956/521 723/958/521 724/959/521
f 725/960/522 726/961/522 727/962/522
f 725/960/522 727/962/522 728/963/522
f 724/964/523 723/965/523 728/966/523
f 724/964/523 728/966/523 727/967/523
f 726/968/524 725/969/524 722/970/524
f 726/968/524 722/970/524 721/971/524
f 726/972/525 721/973/525 724/974/525
f 726/972/525 724/974/525 727/975/525
f 722/973/526 725/972/526 728/975/526
f 722/973/526 728/975/526 723/974/526
f 729/976/527 730/977/527 731/978/527
f 729/976/527 731/978/527 732/979/527
f 730/980/528 733/981/528 734/982/528
f 730/980/528 734/982/528 731/983/528
f 733/981/529 735/984/529 736/985/529
f 733/981/529 736/985/529 734/982/529
f 735/984/530 737/986/530 738/987/530
f 735/984/530 738/987/530 736/985/530
f 737/977/531 739/976/531 740/979/531
f 737/977/531 740/979/531 738/978/531
f 739/976/532 741/988/532 742/989/532
f 739/976/532 742/989/532 740/979/532
f 741/986/533 743/984/533 744/985/533
f 741/986/533 744/985/533 742/987/533
f 743/984/534 745/981/534 746/982/534
f 743/984/534 746/982/534 744/985/534
f 745/981/535 747/980/535 748/983/535
f 745/981/535 748/983/535 746/982/535
f 747/988/536 729/976/536 732/979/536
f 747/988/536 732/979/536 748/989/536
f 732/979/537 731/978/537 749/990/537
f 732/979/537 749/990/537 750/991/537
f 731/992/538 734/993/538 751/994/538
f 731/992/538 751/994/538 749/995/538
f 734/982/539 736/985/539 752/996/539
f 734/982/539 752/996/539 751/997/539
f 736/998/540 738/999/540 753/1000/540
f 736/998/540 753/1000/540 752/1001/540
f 738/978/541 740/979/541 754/991/541
f 738/978/541 754/991/541 753/990/541
f 740/979/542 742/989/542 755/1002/542
f 740/979/542 755/1002/542 754/991/542
f 742/1003/543 744/1004/543 756/1005/543
f 742/1003/543 756/1005/543 755/1006/543
f 744/985/544 746/982/544 757/997/544
f 744/985/544 757/997/544 756/996/544
f 746/1007/545 748/1008/545 758/1009/545
f 746/1007/545 758/1009/545 757/1010/545
f 748/989/546 732/979/546 750/991/546
f 748/989/546 750/991/546 758/1002/546
f 750/1011/547 749/995/547 759/1012/547
f 749/995/548 751/994/548 759/1012/548
f 751/994/549 752/1001/549 759/1012/549
f 752/1001/550 753/1000/550 759/1012/550
f 753/1000/551 754/1013/551 759/1012/551
f 754/1013/552 755/1006/552 759/1012/552
f 755/1006/553 756/1005/553 759/1012/553
f 756/1005/554 757/1010/554 759/1012/554
f 757/1010/555 758/1009/555 759/1012/555
f 758/1009/556 750/1011/556 759/1012/556
f 760/1014/557 761/1015/557 762/1016/557
f 760/1014/557 762/1016/557 763/1017/557
f 764/1018/558 765/1019/558 766/1020/558
f 764/1018/558 766/1020/558 767/1021/558
f 763/1022/559 762/1023/559 767/1024/559
f 763/1022/559 767/1024/559 766/1025/559
f 765/1026/560 764/1027/560 761/1028/560
f 765/1026/560 761/1028/560 760/1029/560
f 765/1030/561 760/1031/561 763/1032/561
f 765/1030/561 763/1032/561 766/1033/561
f 761/1031/562 764/1030/562 767/1033/562
f 761/1031/562 767/1033/562 762/1032/562
f 768/1034/563 769/1035/563 770/1036/563
f 768/1034/563 770/1036/563 771/1037/563
f 772/1038/564 773/1039/564 774/1040/564
f 772/1038/564 774/1040/564 775/1041/564
f 771/1042/565 770/1043/565 775/1044/565
f 771/1042/565 775/1044/565 774/1045/565
f 773/1045/566 772/1044/566 769/1043/566
f 773/1045/566 769/1043/566 768/1042/566
f 773/1046/567 768/1047/567 771/1048/567
f 773/1046/567 771/1048/567 774/1049/567
f 769/1050/568 772/1051/568 775/1052/568
f 769/1050/568 775/1052/568 770/1053/568
f 776/1054/563 777/1055/563 778/1056/563
f 776/1054/563 778/1056/563 779/1057/563
f 780/1058/564 781/1059/564 782/1060/564
f 780/1058/564 782/1060/564 783/1061/564
f 779/1062/569 778/1063/569 783/1064/569
f 779/1062/569 783/1064/569 782/1065/569
f 781/1065/570 780/1064/570 777/1063/570
f 781/1065/570 777/1063/570 776/1062/570
f 781/1066/571 776/1067/571 779/1068/571
f 781/1066/571 779/1068/571 782/1069/571
f 777/1070/572 780/1070/572 783/1071/572
f 777/1070/572 783/1071/572 778/1071/572
f 784/1072/563 785/1073/563 786/1074/563
f 784/1072/563 786/1074/563 787/1075/563
f 788/1076/564 789/1077/564 790/1078/564
f 788/1076/564 790/1078/564 791/1079/564
f 787/1080/569 786/1081/569 791/1082/569
f 787/1080/569 791/1082/569 790/1083/569
f 789/1083/570 788/1082/570 785/1081/570
f 789/1083/570 785/1081/570 784/1080/570
f 789/1084/571 784/1085/571 787/1086/571
f 789/1084/571 787/1086/571 790/1087/571
f 785/1088/572 788/1088/572 791/1089/572
f 785/1088/572 791/1089/572 786/1089/572
f 792/1090/573 793/1091/573 794/1092/573
f 792/1090/573 794/1092/573 795/1093/573
f 796/1094/574 797/1095/574 798/1096/574
f 796/1094/574 798/1096/574 799/1097/574
f 795/1098/575 794/1099/575 799/1100/575
f 795/1098/575 799/1100/575 798/1101/575
f 797/1101/576 796/1100/576 793/1099/576
f 797/1101/576 793/1099/576 792/1098/576
f 797/1102/577 792/1103/577 795/1104/577
f 797/1102/577 795/1104/577 798/1105/577
f 793/1106/578 796/1107/578 799/1108/578
f 793/1106/578 799/1108/578 794/1109/578
f 800/1110/573 801/1111/573 802/1112/573
f 800/1110/573 802/1112/573 803/1113/573
f 804/1114/574 805/1115/574 806/1116/574
f 804/1114/574 806/1116/574 807/1117/574
f 803/1118/579 802/1119/579 807/1120/579
f 803/1118/579 807/1120/579 806/1121/579
f 805/1121/580 804/1120/580 801/1119/580
f 805/1121/580 801/1119/580 800/1118/580
f 805/1122/581 800/1122/581 803/1123/581
f 805/1122/581 803/1123/581 806/1123/581
f 801/1124/582 804/1125/582 807/1126/582
f 801/1124/582 807/1126/582 802/1127/582
f 808/1128/573 809/1129/573 810/1130/573
f 808/1128/573 810/1130/573 811/1131/573
f 812/1132/574 813/1133/574 814/1134/574
f 812/1132/574 814/1134/574 815/1135/574
f 811/1136/579 810/1137/579 815/1138/579
f 811/1136/579 815/1138/579 814/1139/579
f 813/1139/580 812/1138/580 809/1137/580
f 813/1139/580 809/1137/580 808/1136/580
f 813/1140/581 808/1140/581 811/1141/581
f 813/1140/581 811/1141/581 814/1141/581
f 809/1142/582 812/1143/582 815/1144/582
f 809/1142/582 815/1144/582 810/1145/582
f 816/1146/583 817/1147/583 818/1148/583
f 816/1146/583 818/1148/583 819/1149/583
f 817/1150/584 820/1151/584 821/1152/584
f 817/1150/584 821/1152/584 818/1153/584
f 820/1151/585 822/1154/585 823/1155/585
f 820/1151/585 823/1155/585 821/1152/585
f 822/1154/586 824/1156/586 825/1157/586
f 822/1154/586 825/1157/586 823/1155/586
f 824/1147/587 826/1146/587 827/1149/587
f 824/1147/587 827/1149/587 825/1148/587
f 826/1146/588 828/1158/588 829/1159/588
f 826/1146/588 829/1159/588 827/1149/588
f 828/1156/589 830/1154/589 831/1155/589
f 828/1156/589 831/1155/589 829/1157/589
f 830/1154/590 832/1151/590 833/1152/590
f 830/1154/590 833/1152/590 831/1155/590
f 832/1151/591 834/1150/591 835/1153/591
f 832/1151/591 835/1153/591 833/1152/591
f 834/1158/592 816/1146/592 819/1149/592
f 834/1158/592 819/1149/592 835/1159/592
f 819/1149/593 818/1148/593 836/1160/593
f 819/1149/593 836/1160/593 837/1161/593
f 818/1162/594 821/1163/594 838/1164/594
f 818/1162/594 838/1164/594 836/1165/594
f 821/1152/595 823/1155/595 839/1166/595
f 821/1152/595 839/1166/595 838/1167/595
f 823/1168/596 825/1169/596 840/1170/596
f 823/1168/596 840/1170/596 839/1171/596
f 825/1148/597 827/1149/597 841/1161/597
f 825/1169/597 841/1172/597 840/1170/597
f 827/1149/598 829/1159/598 842/1173/598
f 827/1149/598 842/1173/598 841/1161/598
f 829/1174/599 831/1175/599 843/1176/599
f 829/1174/599 843/1176/599 842/1177/599
f 831/1155/600 833/1152/600 844/1167/600
f 831/1155/600 844/1167/600 843/1166/600
f 833/1178/601 835/1179/601 845/1180/601
f 833/1178/601 845/1180/601 844/1181/601
f 835/1159/602 819/1149/602 837/1161/602
f 835/1159/602 837/1161/602 845/1173/602
f 837/1182/603 836/1165/603 846/1183/603
f 836/1165/604 838/1164/604 846/1183/604
f 838/1164/605 839/1171/605 846/1183/605
f 839/1171/606 840/1170/606 846/1183/606
f 840/1170/607 841/1172/607 846/1183/607
f 841/1172/608 842/1177/608 846/1183/608
f 842/1177/609 843/1176/609 846/1183/609
f 843/1176/610 844/1181/610 846/1183/610
f 844/1181/611 845/1180/611 846/1183/611
f 845/1180/612 837/1182/612 846/1183/612
f 847/1184/613 848/1185/613 849/1186/613
f 847/1184/613 849/1186/613 850/1187/613
f 851/1188/614 852/1189/614 853/1190/614
f 851/1188/614 853/1190/614 854/1191/614
f 850/1192/615 849/1193/615 854/1194/615
f 850/1192/615 854/1194/615 853/1195/615
f 852/1196/616 851/1197/616 848/1198/616
f 852/1196/616 848/1198/616 847/1199/616
f 852/1196/617 847/1199/617 850/1192/617
f 852/1196/617 850/1192/617 853/1195/617
f 848/1198/618 851/1197/618 854/1194/618
f 848/1198/618 854/1194/618 849/1193/618
f 855/1200/619 856/1201/619 857/1202/619
f 855/1200/619 857/1202/619 858/1203/619
f 856/1204/620 859/1205/620 860/1206/620
f 856/1204/620 860/1206/620 857/1207/620
f 859/1205/621 861/1208/621 862/1209/621
f 859/1205/621 862/1209/621 860/1206/621
f 861/1208/622 863/1210/622 864/1211/622
f 861/1208/622 864/1211/622 862/1209/622
f 863/1201/623 865/1200/623 866/1203/623
f 863/1201/623 866/1203/623 864/1202/623
f 865/1200/624 867/1212/624 868/1213/624
f 865/1200/624 868/1213/624 866/1203/624
f 867/1210/625 869/1208/625 870/1209/625
f 867/1210/625 870/1209/625 868/1211/625
f 869/1208/626 871/1205/626 872/1206/626
f 869/1208/626 872/1206/626 870/1209/626
f 871/1205/627 873/1204/627 874/1207/627
f 871/1205/627 874/1207/627 872/1206/627
f 873/1212/628 855/1200/628 858/1203/628
f 873/1212/628 858/1203/628 874/1213/628
f 858/1203/629 857/1202/629 875/1214/629
f 858/1203/629 875/1214/629 876/1215/629
f 857/1216/630 860/1217/630 877/1218/630
f 857/1216/630 877/1218/630 875/1219/630
f 860/1206/631 862/1209/631 878/1220/631
f 860/1206/631 878/1220/631 877/1221/631
f 862/1222/632 864/1223/632 879/1224/632
f 862/1222/632 879/1224/632 878/1225/632
f 864/1202/633 866/1203/633 880/1215/633
f 864/1202/633 880/1215/633 879/1214/633
f 866/1226/634 868/1227/634 881/1228/634
f 866/1203/634 881/1229/634 880/1215/634
f 868/1227/635 870/1230/635 882/1231/635
f 868/1227/635 882/1231/635 881/1228/635
f 870/1209/636 872/1206/636 883/1221/636
f 870/1209/636 883/1221/636 882/1220/636
f 872/1232/637 874/1233/637 884/1234/637
f 872/1232/637 884/1234/637 883/1235/637
f 874/1213/638 858/1203/638 876/1215/638
f 874/1233/638 876/1236/638 884/1234/638
f 876/1236/639 875/1219/639 885/1237/639
f 875/1219/640 877/1218/640 885/1237/640
f 877/1218/641 878/1225/641 885/1237/641
f 878/1225/642 879/1224/642 885/1237/642
f 879/1224/643 880/1238/643 885/1237/643
f 880/1238/644 881/1228/644 885/1237/644
f 881/1228/645 882/1231/645 885/1237/645
f 882/1231/646 883/1235/646 885/1237/646
f 883/1235/647 884/1234/647 885/1237/647
f 884/1234/648 876/1236/648 885/1237/648
f 886/1239/649 887/1240/649 888/1241/649
f 886/1239/649 888/1241/649 889/1242/649
f 890/1243/650 891/1244/650 892/1245/650
f 890/1243/650 892/1245/650 893/1246/650
f 889/1247/651 888/1248/651 893/1249/651
f 889/1247/651 893/1249/651 892/1250/651
f 891/1251/652 890/1252/652 887/1253/652
f 891/1251/652 887/1253/652 886/1254/652
f 891/1251/653 886/1254/653 889/1247/653
f 891/1251/653 889/1247/653 892/1250/653
f 887/1253/654 890/1252/654 893/1249/654
f 887/1253/654 893/1249/654 888/1248/654
