# Terran carrier, from tools/gen_fleet.py
# Generated by tools. Edit the generator script.
v 0.000000 0.680880 1.366015
v 0.109736 0.680880 1.988356
v 0.000000 0.680880 1.997957
v 0.216137 0.680880 1.959846
v 0.315971 0.680880 1.913293
v 0.406204 0.680880 1.850111
v 0.484095 0.680880 1.772219
v 0.547278 0.680880 1.681986
v 0.593831 0.680880 1.582152
v 0.622341 0.680880 1.475751
v 0.631942 0.680880 1.366015
v 0.622341 0.680880 1.256280
v 0.593831 0.680880 1.149878
v 0.547278 0.680880 1.050044
v 0.484095 0.680880 0.959811
v 0.406204 0.680880 0.881920
v 0.315971 0.680880 0.818738
v 0.216137 0.680880 0.772184
v 0.109736 0.680880 0.743674
v 0.000000 0.680880 0.734074
v -0.109736 0.680880 0.743674
v -0.216137 0.680880 0.772184
v -0.315971 0.680880 0.818738
v -0.406204 0.680880 0.881920
v -0.484095 0.680880 0.959811
v -0.547278 0.680880 1.050044
v -0.593831 0.680880 1.149878
v -0.622341 0.680880 1.256280
v -0.631942 0.680880 1.366015
v -0.622341 0.680880 1.475751
v -0.593831 0.680880 1.582152
v -0.547278 0.680880 1.681986
v -0.484095 0.680880 1.772219
v -0.406204 0.680880 1.850111
v -0.315971 0.680880 1.913293
v -0.216137 0.680880 1.959846
v -0.109736 0.680880 1.988356
v 0.179567 0.719179 2.384391
v 0.000000 0.719179 2.400102
v 0.353678 0.719179 2.337738
v 0.517043 0.719179 2.261560
v 0.664698 0.719179 2.158171
v 0.792156 0.719179 2.030713
v 0.895545 0.719179 1.883058
v 0.971723 0.719179 1.719694
v 1.018376 0.719179 1.545582
v 1.034086 0.719179 1.366015
v 1.018376 0.719179 1.186448
v 0.971723 0.719179 1.012337
v 0.895545 0.719179 0.848972
v 0.792156 0.719179 0.701317
v 0.664698 0.719179 0.573859
v 0.517043 0.719179 0.470470
v 0.353678 0.719179 0.394292
v 0.179567 0.719179 0.347639
v 0.000000 0.719179 0.331929
v -0.179567 0.719179 0.347639
v -0.353678 0.719179 0.394292
v -0.517043 0.719179 0.470470
v -0.664698 0.719179 0.573859
v -0.792156 0.719179 0.701317
v -0.895545 0.719179 0.848972
v -0.971723 0.719179 1.012337
v -1.018376 0.719179 1.186448
v -1.034086 0.719179 1.366015
v -1.018376 0.719179 1.545582
v -0.971723 0.719179 1.719694
v -0.895545 0.719179 1.883058
v -0.792156 0.719179 2.030713
v -0.664698 0.719179 2.158171
v -0.517043 0.719179 2.261560
v -0.353678 0.719179 2.337738
v -0.179567 0.719179 2.384391
v 0.199519 0.719179 2.497544
v 0.000000 0.719179 2.515000
v 0.392976 0.719179 2.445708
v 0.574492 0.719179 2.361065
v 0.738553 0.719179 2.246189
v 0.880173 0.719179 2.104568
v 0.995050 0.719179 1.940508
v 1.079693 0.719179 1.758991
v 1.131529 0.719179 1.565534
v 1.148985 0.719179 1.366015
v 1.131529 0.719179 1.166496
v 1.079693 0.719179 0.973039
v 0.995050 0.719179 0.791523
v 0.880173 0.719179 0.627462
v 0.738553 0.719179 0.485842
v 0.574492 0.719179 0.370965
v 0.392976 0.719179 0.286323
v 0.199519 0.719179 0.234486
v 0.000000 0.719179 0.217030
v -0.199519 0.719179 0.234486
v -0.392976 0.719179 0.286323
v -0.574492 0.719179 0.370965
v -0.738553 0.719179 0.485842
v -0.880173 0.719179 0.627462
v -0.995050 0.719179 0.791523
v -1.079693 0.719179 0.973039
v -1.131529 0.719179 1.166496
v -1.148985 0.719179 1.366015
v -1.131529 0.719179 1.565534
v -1.079693 0.719179 1.758991
v -0.995050 0.719179 1.940508
v -0.880173 0.719179 2.104568
v -0.738553 0.719179 2.246189
v -0.574492 0.719179 2.361065
v -0.392976 0.719179 2.445708
v -0.199519 0.719179 2.497544
v 0.199519 0.936210 2.497544
v 0.000000 0.936210 2.515000
v 0.392976 0.936210 2.445708
v 0.574492 0.936210 2.361065
v 0.738553 0.936210 2.246189
v 0.880173 0.936210 2.104568
v 0.995050 0.936210 1.940508
v 1.079693 0.936210 1.758991
v 1.131529 0.936210 1.565534
v 1.148985 0.936210 1.366015
v 1.131529 0.936210 1.166496
v 1.079693 0.936210 0.973039
v 0.995050 0.936210 0.791523
v 0.880173 0.936210 0.627462
v 0.738553 0.936210 0.485842
v 0.574492 0.936210 0.370965
v 0.392976 0.936210 0.286323
v 0.199519 0.936210 0.234486
v 0.000000 0.936210 0.217030
v -0.199519 0.936210 0.234486
v -0.392976 0.936210 0.286323
v -0.574492 0.936210 0.370965
v -0.738553 0.936210 0.485842
v -0.880173 0.936210 0.627462
v -0.995050 0.936210 0.791523
v -1.079693 0.936210 0.973039
v -1.131529 0.936210 1.166496
v -1.148985 0.936210 1.366015
v -1.131529 0.936210 1.565534
v -1.079693 0.936210 1.758991
v -0.995050 0.936210 1.940508
v -0.880173 0.936210 2.104568
v -0.738553 0.936210 2.246189
v -0.574492 0.936210 2.361065
v -0.392976 0.936210 2.445708
v -0.199519 0.936210 2.497544
v 0.179567 0.936210 2.384391
v 0.000000 0.936210 2.400102
v 0.353678 0.936210 2.337738
v 0.517043 0.936210 2.261560
v 0.664698 0.936210 2.158171
v 0.792156 0.936210 2.030713
v 0.895545 0.936210 1.883058
v 0.971723 0.936210 1.719694
v 1.018376 0.936210 1.545582
v 1.034086 0.936210 1.366015
v 1.018376 0.936210 1.186448
v 0.971723 0.936210 1.012337
v 0.895545 0.936210 0.848972
v 0.792156 0.936210 0.701317
v 0.664698 0.936210 0.573859
v 0.517043 0.936210 0.470470
v 0.353678 0.936210 0.394292
v 0.179567 0.936210 0.347639
v 0.000000 0.936210 0.331929
v -0.179567 0.936210 0.347639
v -0.353678 0.936210 0.394292
v -0.517043 0.936210 0.470470
v -0.664698 0.936210 0.573859
v -0.792156 0.936210 0.701317
v -0.895545 0.936210 0.848972
v -0.971723 0.936210 1.012337
v -1.018376 0.936210 1.186448
v -1.034086 0.936210 1.366015
v -1.018376 0.936210 1.545582
v -0.971723 0.936210 1.719694
v -0.895545 0.936210 1.883058
v -0.792156 0.936210 2.030713
v -0.664698 0.936210 2.158171
v -0.517043 0.936210 2.261560
v -0.353678 0.936210 2.337738
v -0.179567 0.936210 2.384391
v 0.175577 0.974935 2.361761
v 0.000000 0.974935 2.377122
v 0.345819 0.974935 2.316145
v 0.505553 0.974935 2.241659
v 0.649927 0.974935 2.140568
v 0.774553 0.974935 2.015942
v 0.875644 0.974935 1.871569
v 0.950129 0.974935 1.711834
v 0.995746 0.974935 1.541592
v 1.011107 0.974935 1.366015
v 0.995746 0.974935 1.190438
v 0.950129 0.974935 1.020196
v 0.875644 0.974935 0.860462
v 0.774553 0.974935 0.716088
v 0.649927 0.974935 0.591463
v 0.505553 0.974935 0.490371
v 0.345819 0.974935 0.415886
v 0.175577 0.974935 0.370270
v 0.000000 0.974935 0.354909
v -0.175577 0.974935 0.370270
v -0.345819 0.974935 0.415886
v -0.505553 0.974935 0.490371
v -0.649927 0.974935 0.591463
v -0.774553 0.974935 0.716088
v -0.875644 0.974935 0.860462
v -0.950129 0.974935 1.020196
v -0.995746 0.974935 1.190438
v -1.011107 0.974935 1.366015
v -0.995746 0.974935 1.541592
v -0.950129 0.974935 1.711834
v -0.875644 0.974935 1.871569
v -0.774553 0.974935 2.015942
v -0.649927 0.974935 2.140568
v -0.505553 0.974935 2.241659
v -0.345819 0.974935 2.316145
v -0.175577 0.974935 2.361761
v 0.109736 0.974935 1.988356
v 0.000000 0.974935 1.997957
v 0.216137 0.974935 1.959846
v 0.315971 0.974935 1.913293
v 0.406204 0.974935 1.850111
v 0.484095 0.974935 1.772219
v 0.547278 0.974935 1.681986
v 0.593831 0.974935 1.582152
v 0.622341 0.974935 1.475751
v 0.631942 0.974935 1.366015
v 0.622341 0.974935 1.256280
v 0.593831 0.974935 1.149878
v 0.547278 0.974935 1.050044
v 0.484095 0.974935 0.959811
v 0.406204 0.974935 0.881920
v 0.315971 0.974935 0.818738
v 0.216137 0.974935 0.772184
v 0.109736 0.974935 0.743674
v 0.000000 0.974935 0.734074
v -0.109736 0.974935 0.743674
v -0.216137 0.974935 0.772184
v -0.315971 0.974935 0.818738
v -0.406204 0.974935 0.881920
v -0.484095 0.974935 0.959811
v -0.547278 0.974935 1.050044
v -0.593831 0.974935 1.149878
v -0.622341 0.974935 1.256280
v -0.631942 0.974935 1.366015
v -0.622341 0.974935 1.475751
v -0.593831 0.974935 1.582152
v -0.547278 0.974935 1.681986
v -0.484095 0.974935 1.772219
v -0.406204 0.974935 1.850111
v -0.315971 0.974935 1.913293
v -0.216137 0.974935 1.959846
v -0.109736 0.974935 1.988356
v 0.099760 1.024724 1.931780
v 0.000000 1.024724 1.940508
v 0.196488 1.024724 1.905861
v 0.287246 1.024724 1.863540
v 0.369277 1.024724 1.806102
v 0.440087 1.024724 1.735292
v 0.497525 1.024724 1.653261
v 0.539846 1.024724 1.562503
v 0.565765 1.024724 1.465775
v 0.574492 1.024724 1.366015
v 0.565765 1.024724 1.266256
v 0.539846 1.024724 1.169527
v 0.497525 1.024724 1.078769
v 0.440087 1.024724 0.996739
v 0.369277 1.024724 0.925929
v 0.287246 1.024724 0.868490
v 0.196488 1.024724 0.826169
v 0.099760 1.024724 0.800251
v 0.000000 1.024724 0.791523
v -0.099760 1.024724 0.800251
v -0.196488 1.024724 0.826169
v -0.287246 1.024724 0.868490
v -0.369277 1.024724 0.925929
v -0.440087 1.024724 0.996739
v -0.497525 1.024724 1.078769
v -0.539846 1.024724 1.169527
v -0.565765 1.024724 1.266256
v -0.574492 1.024724 1.366015
v -0.565765 1.024724 1.465775
v -0.539846 1.024724 1.562503
v -0.497525 1.024724 1.653261
v -0.440087 1.024724 1.735292
v -0.369277 1.024724 1.806102
v -0.287246 1.024724 1.863540
v -0.196488 1.024724 1.905861
v -0.099760 1.024724 1.931780
v 0.049880 1.046853 1.648898
v 0.000000 1.046853 1.653261
v 0.098244 1.046853 1.635938
v 0.143623 1.046853 1.614778
v 0.184638 1.046853 1.586059
v 0.220043 1.046853 1.550654
v 0.248763 1.046853 1.509638
v 0.269923 1.046853 1.464259
v 0.282882 1.046853 1.415895
v 0.287246 1.046853 1.366015
v 0.282882 1.046853 1.316135
v 0.269923 1.046853 1.267771
v 0.248763 1.046853 1.222392
v 0.220043 1.046853 1.181377
v 0.184638 1.046853 1.145972
v 0.143623 1.046853 1.117253
v 0.098244 1.046853 1.096092
v 0.049880 1.046853 1.083133
v 0.000000 1.046853 1.078769
v -0.049880 1.046853 1.083133
v -0.098244 1.046853 1.096092
v -0.143623 1.046853 1.117253
v -0.184638 1.046853 1.145972
v -0.220043 1.046853 1.181377
v -0.248763 1.046853 1.222392
v -0.269923 1.046853 1.267771
v -0.282882 1.046853 1.316135
v -0.287246 1.046853 1.366015
v -0.282882 1.046853 1.415895
v -0.269923 1.046853 1.464259
v -0.248763 1.046853 1.509638
v -0.220043 1.046853 1.550654
v -0.184638 1.046853 1.586059
v -0.143623 1.046853 1.614778
v -0.098244 1.046853 1.635938
v -0.049880 1.046853 1.648898
v 0.000000 1.046853 1.366015
v -0.234052 0.740457 0.378739
v 0.234052 0.740457 0.378739
v 0.234052 0.876633 0.378739
v -0.234052 0.876633 0.378739
v 0.234052 0.740457 0.123409
v -0.234052 0.740457 0.123409
v -0.234052 0.876633 0.123409
v 0.234052 0.876633 0.123409
v 0.000000 0.680880 1.110685
v 0.150079 0.680880 1.159449
v 0.129972 0.553215 1.187124
v 0.000000 0.553215 1.144893
v 0.242833 0.680880 1.287114
v 0.210300 0.553215 1.297685
v 0.242833 0.680880 1.444917
v 0.210300 0.553215 1.434346
v 0.150079 0.680880 1.572581
v 0.129972 0.553215 1.544907
v 0.000000 0.680880 1.621345
v 0.000000 0.553215 1.587137
v -0.150079 0.680880 1.572581
v -0.129972 0.553215 1.544907
v -0.242833 0.680880 1.444917
v -0.210300 0.553215 1.434346
v -0.242833 0.680880 1.287114
v -0.210300 0.553215 1.297685
v -0.150079 0.680880 1.159449
v -0.129972 0.553215 1.187124
v 0.075040 0.459758 1.262732
v 0.000000 0.459758 1.238350
v 0.121417 0.459758 1.326565
v 0.121417 0.459758 1.405466
v 0.075040 0.459758 1.469298
v 0.000000 0.459758 1.493680
v -0.075040 0.459758 1.469298
v -0.121417 0.459758 1.405466
v -0.121417 0.459758 1.326565
v -0.075040 0.459758 1.262732
v 0.000000 0.425550 1.366015
v 0.000000 1.038342 1.572832
v 0.144436 1.038342 1.717269
v 0.000000 1.038342 1.777096
v 0.204264 1.038342 1.572832
v 0.144436 1.038342 1.428396
v 0.000000 1.038342 1.368569
v -0.144436 1.038342 1.428396
v -0.204264 1.038342 1.572832
v -0.144436 1.038342 1.717269
v 0.144436 1.140474 1.717269
v 0.000000 1.140474 1.777096
v 0.204264 1.140474 1.572832
v 0.144436 1.140474 1.428396
v 0.000000 1.140474 1.368569
v -0.144436 1.140474 1.428396
v -0.204264 1.140474 1.572832
v -0.144436 1.140474 1.717269
v 0.000000 1.140474 1.572832
v -0.102132 0.211900 0.092519
v 0.102132 0.211900 0.092519
v 0.102132 0.682249 0.291379
v -0.102132 0.682249 0.291379
v 0.102132 0.543334 -0.691396
v -0.102132 0.543334 -0.691396
v -0.102132 1.013683 -0.492536
v 0.102132 1.013683 -0.492536
v -0.574492 0.072343 0.480871
v 0.574492 0.072343 0.480871
v 0.574492 0.608536 0.480871
v -0.574492 0.608536 0.480871
v 0.395761 0.155751 -2.515000
v -0.395761 0.155751 -2.515000
v -0.395761 0.525129 -2.515000
v 0.395761 0.525129 -2.515000
v 0.000000 0.106387 0.494489
v 0.089568 0.124204 0.494489
v 0.081691 0.143220 0.522820
v 0.000000 0.126971 0.522820
v 0.068946 0.173990 0.511998
v 0.000000 0.160275 0.511998
v 0.068946 0.173990 0.476980
v 0.000000 0.160275 0.476980
v 0.081691 0.143220 0.466158
v 0.000000 0.126971 0.466158
v 0.165500 0.174940 0.494489
v 0.150945 0.189494 0.522820
v 0.127396 0.213044 0.511998
v 0.127396 0.213044 0.476980
v 0.150945 0.189494 0.466158
v 0.216236 0.250872 0.494489
v 0.197220 0.258749 0.522820
v 0.166450 0.271494 0.511998
v 0.166450 0.271494 0.476980
v 0.197220 0.258749 0.466158
v 0.234052 0.340440 0.494489
v 0.213469 0.340440 0.522820
v 0.180165 0.340440 0.511998
v 0.180165 0.340440 0.476980
v 0.213469 0.340440 0.466158
v 0.216236 0.430008 0.494489
v 0.197220 0.422131 0.522820
v 0.166450 0.409386 0.511998
v 0.166450 0.409386 0.476980
v 0.197220 0.422131 0.466158
v 0.165500 0.505940 0.494489
v 0.150945 0.491385 0.522820
v 0.127396 0.467836 0.511998
v 0.127396 0.467836 0.476980
v 0.150945 0.491385 0.466158
v 0.089568 0.556676 0.494489
v 0.081691 0.537660 0.522820
v 0.068946 0.506890 0.511998
v 0.068946 0.506890 0.476980
v 0.081691 0.537660 0.466158
v 0.000000 0.574492 0.494489
v 0.000000 0.553909 0.522820
v 0.000000 0.520604 0.511998
v 0.000000 0.520604 0.476980
v 0.000000 0.553909 0.466158
v -0.089568 0.556676 0.494489
v -0.081691 0.537660 0.522820
v -0.068946 0.506890 0.511998
v -0.068946 0.506890 0.476980
v -0.081691 0.537660 0.466158
v -0.165500 0.505940 0.494489
v -0.150945 0.491385 0.522820
v -0.127396 0.467836 0.511998
v -0.127396 0.467836 0.476980
v -0.150945 0.491385 0.466158
v -0.216236 0.430008 0.494489
v -0.197220 0.422131 0.522820
v -0.166450 0.409386 0.511998
v -0.166450 0.409386 0.476980
v -0.197220 0.422131 0.466158
v -0.234052 0.340440 0.494489
v -0.213469 0.340440 0.522820
v -0.180165 0.340440 0.511998
v -0.180165 0.340440 0.476980
v -0.213469 0.340440 0.466158
v -0.216236 0.250872 0.494489
v -0.197220 0.258749 0.522820
v -0.166450 0.271494 0.511998
v -0.166450 0.271494 0.476980
v -0.197220 0.258749 0.466158
v -0.165500 0.174940 0.494489
v -0.150945 0.189494 0.522820
v -0.127396 0.213044 0.511998
v -0.127396 0.213044 0.476980
v -0.150945 0.189494 0.466158
v -0.089568 0.124204 0.494489
v -0.081691 0.143220 0.522820
v -0.068946 0.173990 0.511998
v -0.068946 0.173990 0.476980
v -0.081691 0.143220 0.466158
v 0.000000 0.170220 0.487680
v 0.100053 0.202729 0.487680
v 0.072038 0.241288 0.518320
v 0.000000 0.217882 0.518320
v 0.161889 0.287839 0.487680
v 0.116560 0.302567 0.518320
v 0.161889 0.393041 0.487680
v 0.116560 0.378313 0.518320
v 0.100053 0.478151 0.487680
v 0.072038 0.439592 0.518320
v 0.000000 0.510660 0.487680
v 0.000000 0.462998 0.518320
v -0.100053 0.478151 0.487680
v -0.072038 0.439592 0.518320
v -0.161889 0.393041 0.487680
v -0.116560 0.378313 0.518320
v -0.161889 0.287839 0.487680
v -0.116560 0.302567 0.518320
v -0.100053 0.202729 0.487680
v -0.072038 0.241288 0.518320
v 0.000000 0.340440 0.538746
v -0.153198 0.561726 0.412783
v 0.153198 0.561726 0.412783
v 0.153198 0.680880 0.412783
v -0.153198 0.680880 0.412783
v 0.153198 0.561726 0.123409
v -0.153198 0.561726 0.123409
v -0.153198 0.680880 0.123409
v 0.153198 0.680880 0.123409
v 0.017022 0.136176 -2.215413
v 0.017022 0.136176 -1.449423
v 0.017022 0.000000 -1.679220
v -0.017022 0.136176 -2.215413
v -0.017022 0.000000 -1.679220
v -0.017022 0.136176 -1.449423
v 0.017022 0.000000 -2.062215
v -0.017022 0.000000 -2.062215
v -0.629814 0.229797 0.009362
v -0.442572 0.229797 0.009362
v -0.442572 0.365973 0.009362
v -0.629814 0.365973 0.009362
v -0.442572 0.229797 -0.245968
v -0.629814 0.229797 -0.245968
v -0.629814 0.365973 -0.245968
v -0.442572 0.365973 -0.245968
v -0.629814 0.229797 -0.589812
v -0.442572 0.229797 -0.589812
v -0.442572 0.365973 -0.589812
v -0.629814 0.365973 -0.589812
v -0.442572 0.229797 -0.845142
v -0.629814 0.229797 -0.845142
v -0.629814 0.365973 -0.845142
v -0.442572 0.365973 -0.845142
v -0.629814 0.229797 -1.188986
v -0.442572 0.229797 -1.188986
v -0.442572 0.365973 -1.188986
v -0.629814 0.365973 -1.188986
v -0.442572 0.229797 -1.444316
v -0.629814 0.229797 -1.444316
v -0.629814 0.365973 -1.444316
v -0.442572 0.365973 -1.444316
v -0.629814 0.229797 -1.788161
v -0.442572 0.229797 -1.788161
v -0.442572 0.365973 -1.788161
v -0.629814 0.365973 -1.788161
v -0.442572 0.229797 -2.043491
v -0.629814 0.229797 -2.043491
v -0.629814 0.365973 -2.043491
v -0.442572 0.365973 -2.043491
v 0.442572 0.229797 0.009362
v 0.629814 0.229797 0.009362
v 0.629814 0.365973 0.009362
v 0.442572 0.365973 0.009362
v 0.629814 0.229797 -0.245968
v 0.442572 0.229797 -0.245968
v 0.442572 0.365973 -0.245968
v 0.629814 0.365973 -0.245968
v 0.442572 0.229797 -0.589812
v 0.629814 0.229797 -0.589812
v 0.629814 0.365973 -0.589812
v 0.442572 0.365973 -0.589812
v 0.629814 0.229797 -0.845142
v 0.442572 0.229797 -0.845142
v 0.442572 0.365973 -0.845142
v 0.629814 0.365973 -0.845142
v 0.442572 0.229797 -1.188986
v 0.629814 0.229797 -1.188986
v 0.629814 0.365973 -1.188986
v 0.442572 0.365973 -1.188986
v 0.629814 0.229797 -1.444316
v 0.442572 0.229797 -1.444316
v 0.442572 0.365973 -1.444316
v 0.629814 0.365973 -1.444316
v 0.442572 0.229797 -1.788161
v 0.629814 0.229797 -1.788161
v 0.629814 0.365973 -1.788161
v 0.442572 0.365973 -1.788161
v 0.629814 0.229797 -2.043491
v 0.442572 0.229797 -2.043491
v 0.442572 0.365973 -2.043491
v 0.629814 0.365973 -2.043491
v -1.440061 1.458785 -0.354909
v -1.150687 1.458785 -0.354909
v -1.150687 1.690284 -0.354909
v -1.440061 1.690284 -0.354909
v -1.172816 1.476488 -2.397548
v -1.417932 1.476488 -2.397548
v -1.417932 1.672581 -2.397548
v -1.172816 1.672581 -2.397548
v -1.337929 1.686880 -0.743010
v -1.252819 1.686880 -0.743010
v -1.252819 1.727733 -0.743010
v -1.337929 1.727733 -0.743010
v -1.252819 1.686880 -2.009447
v -1.337929 1.686880 -2.009447
v -1.337929 1.727733 -2.009447
v -1.252819 1.727733 -2.009447
v -1.388995 1.497936 -2.108174
v -1.201753 1.497936 -2.108174
v -1.201753 1.651134 -2.108174
v -1.388995 1.651134 -2.108174
v -1.201753 1.497936 -2.149027
v -1.388995 1.497936 -2.149027
v -1.388995 1.651134 -2.149027
v -1.201753 1.651134 -2.149027
v 1.150687 1.458785 -0.354909
v 1.440061 1.458785 -0.354909
v 1.440061 1.690284 -0.354909
v 1.150687 1.690284 -0.354909
v 1.417932 1.476488 -2.397548
v 1.172816 1.476488 -2.397548
v 1.172816 1.672581 -2.397548
v 1.417932 1.672581 -2.397548
v 1.252819 1.686880 -0.743010
v 1.337929 1.686880 -0.743010
v 1.337929 1.727733 -0.743010
v 1.252819 1.727733 -0.743010
v 1.337929 1.686880 -2.009447
v 1.252819 1.686880 -2.009447
v 1.252819 1.727733 -2.009447
v 1.337929 1.727733 -2.009447
v 1.201753 1.497936 -2.108174
v 1.388995 1.497936 -2.108174
v 1.388995 1.651134 -2.108174
v 1.201753 1.651134 -2.108174
v 1.388995 1.497936 -2.149027
v 1.201753 1.497936 -2.149027
v 1.201753 1.651134 -2.149027
v 1.388995 1.651134 -2.149027
v -1.295374 1.429848 -0.361717
v -1.210329 1.457480 -0.361717
v -1.221723 1.473163 -0.289374
v -1.295374 1.449232 -0.289374
v -1.157768 1.529824 -0.361717
v -1.176204 1.535814 -0.289374
v -1.157768 1.619245 -0.361717
v -1.176204 1.613255 -0.289374
v -1.210329 1.691589 -0.361717
v -1.221723 1.675907 -0.289374
v -1.295374 1.719222 -0.361717
v -1.295374 1.699837 -0.289374
v -1.380419 1.691589 -0.361717
v -1.369025 1.675907 -0.289374
v -1.432979 1.619245 -0.361717
v -1.414544 1.613255 -0.289374
v -1.432979 1.529824 -0.361717
v -1.414544 1.535814 -0.289374
v -1.380419 1.457480 -0.361717
v -1.369025 1.473163 -0.289374
v -1.252852 1.516008 -0.236415
v -1.295374 1.502191 -0.236415
v -1.226571 1.552179 -0.236415
v -1.226571 1.596890 -0.236415
v -1.252852 1.633062 -0.236415
v -1.295374 1.646878 -0.236415
v -1.337896 1.633062 -0.236415
v -1.364177 1.596890 -0.236415
v -1.364177 1.552179 -0.236415
v -1.337896 1.516008 -0.236415
v -1.295374 1.574535 -0.217030
v -0.374484 0.553215 -1.129409
v -0.306396 0.553215 -1.129409
v -1.179624 1.489425 -1.485169
v -1.247712 1.489425 -1.485169
v -0.306396 0.553215 -1.347291
v -0.374484 0.553215 -1.347291
v -1.247712 1.489425 -1.703051
v -1.179624 1.489425 -1.703051
v 1.295374 1.429848 -0.361717
v 1.380419 1.457480 -0.361717
v 1.369025 1.473163 -0.289374
v 1.295374 1.449232 -0.289374
v 1.432979 1.529824 -0.361717
v 1.414544 1.535814 -0.289374
v 1.432979 1.619245 -0.361717
v 1.414544 1.613255 -0.289374
v 1.380419 1.691589 -0.361717
v 1.369025 1.675907 -0.289374
v 1.295374 1.719222 -0.361717
v 1.295374 1.699837 -0.289374
v 1.210329 1.691589 -0.361717
v 1.221723 1.675907 -0.289374
v 1.157768 1.619245 -0.361717
v 1.176204 1.613255 -0.289374
v 1.157768 1.529824 -0.361717
v 1.176204 1.535814 -0.289374
v 1.210329 1.457480 -0.361717
v 1.221723 1.473163 -0.289374
v 1.337896 1.516008 -0.236415
v 1.295374 1.502191 -0.236415
v 1.364177 1.552179 -0.236415
v 1.364177 1.596890 -0.236415
v 1.337896 1.633062 -0.236415
v 1.295374 1.646878 -0.236415
v 1.252852 1.633062 -0.236415
v 1.226571 1.596890 -0.236415
v 1.226571 1.552179 -0.236415
v 1.252852 1.516008 -0.236415
v 1.295374 1.574535 -0.217030
v 0.306396 0.553215 -1.129409
v 0.374484 0.553215 -1.129409
v 1.247712 1.489425 -1.485169
v 1.179624 1.489425 -1.485169
v 0.374484 0.553215 -1.347291
v 0.306396 0.553215 -1.347291
v 1.179624 1.489425 -1.703051
v 1.247712 1.489425 -1.703051
v -1.876675 0.692795 -0.354909
v -1.587301 0.692795 -0.354909
v -1.587301 0.924294 -0.354909
v -1.876675 0.924294 -0.354909
v -1.609430 0.710498 -2.397548
v -1.854547 0.710498 -2.397548
v -1.854547 0.906592 -2.397548
v -1.609430 0.906592 -2.397548
v -1.774543 0.920890 -0.743010
v -1.689433 0.920890 -0.743010
v -1.689433 0.961743 -0.743010
v -1.774543 0.961743 -0.743010
v -1.689433 0.920890 -2.009447
v -1.774543 0.920890 -2.009447
v -1.774543 0.961743 -2.009447
v -1.689433 0.961743 -2.009447
v -1.825609 0.731946 -2.108174
v -1.638367 0.731946 -2.108174
v -1.638367 0.885144 -2.108174
v -1.825609 0.885144 -2.108174
v -1.638367 0.731946 -2.149027
v -1.825609 0.731946 -2.149027
v -1.825609 0.885144 -2.149027
v -1.638367 0.885144 -2.149027
v 1.587301 0.692795 -0.354909
v 1.876675 0.692795 -0.354909
v 1.876675 0.924294 -0.354909
v 1.587301 0.924294 -0.354909
v 1.854547 0.710498 -2.397548
v 1.609430 0.710498 -2.397548
v 1.609430 0.906592 -2.397548
v 1.854547 0.906592 -2.397548
v 1.689433 0.920890 -0.743010
v 1.774543 0.920890 -0.743010
v 1.774543 0.961743 -0.743010
v 1.689433 0.961743 -0.743010
v 1.774543 0.920890 -2.009447
v 1.689433 0.920890 -2.009447
v 1.689433 0.961743 -2.009447
v 1.774543 0.961743 -2.009447
v 1.638367 0.731946 -2.108174
v 1.825609 0.731946 -2.108174
v 1.825609 0.885144 -2.108174
v 1.638367 0.885144 -2.108174
v 1.825609 0.731946 -2.149027
v 1.638367 0.731946 -2.149027
v 1.638367 0.885144 -2.149027
v 1.825609 0.885144 -2.149027
v -1.731988 0.663858 -0.361717
v -1.646943 0.691491 -0.361717
v -1.658337 0.707173 -0.289374
v -1.731988 0.683242 -0.289374
v -1.594383 0.763834 -0.361717
v -1.612818 0.769824 -0.289374
v -1.594383 0.853256 -0.361717
v -1.612818 0.847265 -0.289374
v -1.646943 0.925599 -0.361717
v -1.658337 0.909917 -0.289374
v -1.731988 0.953232 -0.361717
v -1.731988 0.933847 -0.289374
v -1.817033 0.925599 -0.361717
v -1.805639 0.909917 -0.289374
v -1.869594 0.853256 -0.361717
v -1.851158 0.847265 -0.289374
v -1.869594 0.763834 -0.361717
v -1.851158 0.769824 -0.289374
v -1.817033 0.691491 -0.361717
v -1.805639 0.707173 -0.289374
v -1.689466 0.750018 -0.236415
v -1.731988 0.736201 -0.236415
v -1.663185 0.786189 -0.236415
v -1.663185 0.830900 -0.236415
v -1.689466 0.867072 -0.236415
v -1.731988 0.880888 -0.236415
v -1.774511 0.867072 -0.236415
v -1.800791 0.830900 -0.236415
v -1.800791 0.786189 -0.236415
v -1.774511 0.750018 -0.236415
v -1.731988 0.808545 -0.217030
v -0.374484 0.468105 -1.469849
v -0.306396 0.468105 -1.469849
v -1.616239 0.723435 -1.485169
v -1.684327 0.723435 -1.485169
v -0.306396 0.468105 -1.687731
v -0.374484 0.468105 -1.687731
v -1.684327 0.723435 -1.703051
v -1.616239 0.723435 -1.703051
v 1.731988 0.663858 -0.361717
v 1.817033 0.691491 -0.361717
v 1.805639 0.707173 -0.289374
v 1.731988 0.683242 -0.289374
v 1.869594 0.763834 -0.361717
v 1.851158 0.769824 -0.289374
v 1.869594 0.853256 -0.361717
v 1.851158 0.847265 -0.289374
v 1.817033 0.925599 -0.361717
v 1.805639 0.909917 -0.289374
v 1.731988 0.953232 -0.361717
v 1.731988 0.933847 -0.289374
v 1.646943 0.925599 -0.361717
v 1.658337 0.909917 -0.289374
v 1.594383 0.853256 -0.361717
v 1.612818 0.847265 -0.289374
v 1.594383 0.763834 -0.361717
v 1.612818 0.769824 -0.289374
v 1.646943 0.691491 -0.361717
v 1.658337 0.707173 -0.289374
v 1.774511 0.750018 -0.236415
v 1.731988 0.736201 -0.236415
v 1.800791 0.786189 -0.236415
v 1.800791 0.830900 -0.236415
v 1.774511 0.867072 -0.236415
v 1.731988 0.880888 -0.236415
v 1.689466 0.867072 -0.236415
v 1.663185 0.830900 -0.236415
v 1.663185 0.786189 -0.236415
v 1.689466 0.750018 -0.236415
v 1.731988 0.808545 -0.217030
v 0.306396 0.468105 -1.469849
v 0.374484 0.468105 -1.469849
v 1.684327 0.723435 -1.485169
v 1.616239 0.723435 -1.485169
v 0.374484 0.468105 -1.687731
v 0.306396 0.468105 -1.687731
v 1.616239 0.723435 -1.703051
v 1.684327 0.723435 -1.703051
vt 0.171875 0.828125
vt 0.187544 0.916989
vt 0.171875 0.918359
vt 0.202737 0.912918
vt 0.216992 0.906270
vt 0.229877 0.897249
vt 0.240999 0.886127
vt 0.250020 0.873242
vt 0.256668 0.858987
vt 0.260739 0.843794
vt 0.262109 0.828125
vt 0.260739 0.812456
vt 0.256668 0.797263
vt 0.250020 0.783008
vt 0.240999 0.770123
vt 0.229877 0.759001
vt 0.216992 0.749980
vt 0.202737 0.743332
vt 0.187544 0.739261
vt 0.171875 0.737891
vt 0.156206 0.739261
vt 0.141013 0.743332
vt 0.126758 0.749980
vt 0.113873 0.759001
vt 0.102751 0.770123
vt 0.093730 0.783008
vt 0.087082 0.797263
vt 0.083011 0.812456
vt 0.081641 0.828125
vt 0.083011 0.843794
vt 0.087082 0.858987
vt 0.093730 0.873242
vt 0.102751 0.886127
vt 0.113873 0.897249
vt 0.126758 0.906270
vt 0.141013 0.912918
vt 0.156206 0.916989
vt 0.197515 0.973538
vt 0.171875 0.975781
vt 0.222376 0.966876
vt 0.245703 0.955999
vt 0.266787 0.941236
vt 0.284986 0.923037
vt 0.299749 0.901953
vt 0.310626 0.878626
vt 0.317288 0.853765
vt 0.319531 0.828125
vt 0.317288 0.802485
vt 0.310626 0.777624
vt 0.299749 0.754297
vt 0.284986 0.733213
vt 0.266787 0.715014
vt 0.245703 0.700251
vt 0.222376 0.689374
vt 0.197515 0.682712
vt 0.171875 0.680469
vt 0.146235 0.682712
vt 0.121374 0.689374
vt 0.098047 0.700251
vt 0.076963 0.715014
vt 0.058764 0.733213
vt 0.044001 0.754297
vt 0.033124 0.777624
vt 0.026462 0.802485
vt 0.024219 0.828125
vt 0.026462 0.853765
vt 0.033124 0.878626
vt 0.044001 0.901953
vt 0.058764 0.923037
vt 0.076963 0.941236
vt 0.098047 0.955999
vt 0.121374 0.966876
vt 0.146235 0.973538
vt 0.200364 0.989695
vt 0.171875 0.992188
vt 0.227988 0.982293
vt 0.253906 0.970207
vt 0.277332 0.953804
vt 0.297554 0.933582
vt 0.313957 0.910156
vt 0.326043 0.884238
vt 0.333445 0.856614
vt 0.335938 0.828125
vt 0.333445 0.799636
vt 0.326043 0.772012
vt 0.313957 0.746094
vt 0.297554 0.722668
vt 0.277332 0.702446
vt 0.253906 0.686043
vt 0.227988 0.673957
vt 0.200364 0.666555
vt 0.171875 0.664062
vt 0.143386 0.666555
vt 0.115762 0.673957
vt 0.089844 0.686043
vt 0.066418 0.702446
vt 0.046196 0.722668
vt 0.029793 0.746094
vt 0.017707 0.772012
vt 0.010305 0.799636
vt 0.007812 0.828125
vt 0.010305 0.856614
vt 0.017707 0.884238
vt 0.029793 0.910156
vt 0.046196 0.933582
vt 0.066418 0.953804
vt 0.089844 0.970207
vt 0.115762 0.982293
vt 0.143386 0.989695
vt 0.195312 0.145531
vt 0.227872 0.145531
vt 0.227872 0.173328
vt 0.195312 0.173328
vt 0.259441 0.145531
vt 0.259441 0.173328
vt 0.289062 0.145531
vt 0.289062 0.173328
vt 0.315835 0.145531
vt 0.315835 0.173328
vt 0.338946 0.145531
vt 0.338946 0.173328
vt 0.315835 0.145531
vt 0.289062 0.145531
vt 0.289062 0.173328
vt 0.315835 0.173328
vt 0.259441 0.145531
vt 0.259441 0.173328
vt 0.227872 0.145531
vt 0.227872 0.173328
vt 0.195312 0.145531
vt 0.195312 0.173328
vt 0.162753 0.145531
vt 0.162753 0.173328
vt 0.131184 0.145531
vt 0.131184 0.173328
vt 0.101563 0.145531
vt 0.101563 0.173328
vt 0.074790 0.145531
vt 0.074790 0.173328
vt 0.051679 0.145531
vt 0.051679 0.173328
vt 0.698648 0.145531
vt 0.671875 0.145531
vt 0.671875 0.173328
vt 0.698648 0.173328
vt 0.642254 0.145531
vt 0.642254 0.173328
vt 0.610684 0.145531
vt 0.610684 0.173328
vt 0.578125 0.145531
vt 0.578125 0.173328
vt 0.545566 0.145531
vt 0.545566 0.173328
vt 0.513996 0.145531
vt 0.513996 0.173328
vt 0.484375 0.145531
vt 0.484375 0.173328
vt 0.457602 0.145531
vt 0.457602 0.173328
vt 0.051679 0.145531
vt 0.074790 0.145531
vt 0.074790 0.173328
vt 0.051679 0.173328
vt 0.101563 0.145531
vt 0.101563 0.173328
vt 0.131184 0.145531
vt 0.131184 0.173328
vt 0.162753 0.145531
vt 0.162753 0.173328
vt 0.224616 0.173328
vt 0.223964 0.178289
vt 0.195312 0.178289
vt 0.253028 0.173328
vt 0.251746 0.178289
vt 0.279687 0.173328
vt 0.277813 0.178289
vt 0.303783 0.173328
vt 0.301372 0.178289
vt 0.324582 0.173328
vt 0.321710 0.178289
vt 0.324582 0.173328
vt 0.301372 0.178289
vt 0.321710 0.178289
vt 0.303783 0.173328
vt 0.279687 0.173328
vt 0.277813 0.178289
vt 0.253028 0.173328
vt 0.251746 0.178289
vt 0.224616 0.173328
vt 0.223964 0.178289
vt 0.195312 0.178289
vt 0.166009 0.173328
vt 0.166661 0.178289
vt 0.137597 0.173328
vt 0.138879 0.178289
vt 0.110938 0.173328
vt 0.112813 0.178289
vt 0.086842 0.173328
vt 0.089253 0.178289
vt 0.066043 0.173328
vt 0.068915 0.178289
vt 0.707395 0.173328
vt 0.684185 0.178289
vt 0.704522 0.178289
vt 0.686595 0.173328
vt 0.662500 0.173328
vt 0.660625 0.178289
vt 0.635841 0.173328
vt 0.634558 0.178289
vt 0.607428 0.173328
vt 0.606777 0.178289
vt 0.578125 0.178289
vt 0.548822 0.173328
vt 0.549473 0.178289
vt 0.520409 0.173328
vt 0.521692 0.178289
vt 0.493750 0.173328
vt 0.495625 0.178289
vt 0.469655 0.173328
vt 0.472065 0.178289
vt 0.448855 0.173328
vt 0.451728 0.178289
vt 0.086842 0.173328
vt 0.110938 0.173328
vt 0.112813 0.178289
vt 0.089253 0.178289
vt 0.137597 0.173328
vt 0.138879 0.178289
vt 0.166009 0.173328
vt 0.166661 0.178289
vt 0.171875 0.972500
vt 0.196945 0.970307
vt 0.221254 0.963793
vt 0.244063 0.953157
vt 0.264677 0.938723
vt 0.282473 0.920927
vt 0.296907 0.900312
vt 0.307543 0.877504
vt 0.314057 0.853195
vt 0.316250 0.828125
vt 0.314057 0.803055
vt 0.307543 0.778746
vt 0.296907 0.755938
vt 0.282473 0.735323
vt 0.264677 0.717527
vt 0.244063 0.703093
vt 0.221254 0.692457
vt 0.196945 0.685943
vt 0.171875 0.683750
vt 0.146805 0.685943
vt 0.122496 0.692457
vt 0.099687 0.703093
vt 0.079073 0.717527
vt 0.061277 0.735323
vt 0.046843 0.755937
vt 0.036207 0.778746
vt 0.029693 0.803055
vt 0.027500 0.828125
vt 0.029693 0.853195
vt 0.036207 0.877504
vt 0.046843 0.900312
vt 0.061277 0.920927
vt 0.079073 0.938723
vt 0.099688 0.953157
vt 0.122496 0.963793
vt 0.146805 0.970307
vt 0.186120 0.908910
vt 0.171875 0.910156
vt 0.199931 0.905209
vt 0.212891 0.899166
vt 0.224604 0.890965
vt 0.234715 0.880854
vt 0.242916 0.869141
vt 0.248959 0.856181
vt 0.252660 0.842370
vt 0.253906 0.828125
vt 0.252660 0.813880
vt 0.248959 0.800069
vt 0.242916 0.787109
vt 0.234715 0.775396
vt 0.224604 0.765285
vt 0.212891 0.757084
vt 0.199931 0.751041
vt 0.186120 0.747340
vt 0.171875 0.746094
vt 0.157630 0.747340
vt 0.143819 0.751041
vt 0.130859 0.757084
vt 0.119146 0.765285
vt 0.109035 0.775396
vt 0.100834 0.787109
vt 0.094791 0.800069
vt 0.091090 0.813880
vt 0.089844 0.828125
vt 0.091090 0.842370
vt 0.094791 0.856181
vt 0.100834 0.869141
vt 0.109035 0.880854
vt 0.119146 0.890965
vt 0.130859 0.899166
vt 0.143819 0.905209
vt 0.157630 0.908910
vt 0.178997 0.868518
vt 0.171875 0.869141
vt 0.185903 0.866667
vt 0.192383 0.863646
vt 0.198239 0.859545
vt 0.203295 0.854489
vt 0.207396 0.848633
vt 0.210417 0.842153
vt 0.212268 0.835247
vt 0.212891 0.828125
vt 0.212268 0.821003
vt 0.210417 0.814097
vt 0.207396 0.807617
vt 0.203295 0.801761
vt 0.198239 0.796705
vt 0.192383 0.792604
vt 0.185903 0.789583
vt 0.178997 0.787732
vt 0.171875 0.787109
vt 0.164753 0.787732
vt 0.157847 0.789583
vt 0.151367 0.792604
vt 0.145511 0.796705
vt 0.140455 0.801761
vt 0.136354 0.807617
vt 0.133333 0.814097
vt 0.131482 0.821003
vt 0.130859 0.828125
vt 0.131482 0.835247
vt 0.133333 0.842153
vt 0.136354 0.848633
vt 0.140455 0.854489
vt 0.145511 0.859545
vt 0.151367 0.863646
vt 0.157847 0.866667
vt 0.164753 0.868518
vt 0.007812 0.281250
vt 0.101562 0.281250
vt 0.101562 0.375000
vt 0.007812 0.375000
vt 0.101562 0.281250
vt 0.007812 0.281250
vt 0.007812 0.375000
vt 0.101562 0.375000
vt 0.007812 0.375000
vt 0.101562 0.375000
vt 0.101562 0.281250
vt 0.007812 0.281250
vt 0.007812 0.281250
vt 0.101562 0.281250
vt 0.101562 0.375000
vt 0.007812 0.375000
vt 0.718750 0.476562
vt 0.747720 0.476562
vt 0.743839 0.429688
vt 0.718750 0.429688
vt 0.680827 0.476562
vt 0.704265 0.476562
vt 0.706205 0.429688
vt 0.685908 0.429688
vt 0.733235 0.476562
vt 0.731295 0.429688
vt 0.756673 0.476562
vt 0.751592 0.429688
vt 0.747720 0.476562
vt 0.718750 0.476562
vt 0.718750 0.429688
vt 0.743839 0.429688
vt 0.689780 0.476562
vt 0.693661 0.429688
vt 0.689780 0.476562
vt 0.693661 0.429688
vt 0.733235 0.395373
vt 0.617188 0.389093
vt 0.631673 0.410726
vt 0.617188 0.406250
vt 0.642277 0.396846
vt 0.657782 0.417143
vt 0.640625 0.422445
vt 0.725993 0.395373
vt 0.711507 0.395373
vt 0.657782 0.442232
vt 0.642277 0.462529
vt 0.631673 0.448649
vt 0.640625 0.436930
vt 0.718750 0.395373
vt 0.733235 0.395373
vt 0.704265 0.395373
vt 0.592098 0.462529
vt 0.576593 0.442232
vt 0.593750 0.436930
vt 0.602702 0.448649
vt 0.576593 0.417143
vt 0.592098 0.396846
vt 0.602702 0.410726
vt 0.593750 0.422445
vt 0.718750 0.395373
vt 0.704265 0.395373
vt 0.617188 0.429688
vt 0.617188 0.453125
vt 0.617188 0.429688
vt 0.650333 0.462833
vt 0.617188 0.476562
vt 0.664062 0.429688
vt 0.650333 0.396542
vt 0.617188 0.382812
vt 0.584042 0.396542
vt 0.570312 0.429688
vt 0.584042 0.462833
vt 0.718750 0.382812
vt 0.751896 0.382812
vt 0.751896 0.476562
vt 0.718750 0.476562
vt 0.751896 0.382812
vt 0.718750 0.382812
vt 0.718750 0.476562
vt 0.751896 0.476562
vt 0.685604 0.382812
vt 0.685604 0.476562
vt 0.751896 0.382812
vt 0.718750 0.382812
vt 0.718750 0.476562
vt 0.751896 0.476562
vt 0.685604 0.382812
vt 0.685604 0.476562
vt 0.685604 0.382812
vt 0.685604 0.476562
vt 0.187500 0.484375
vt 0.312500 0.484375
vt 0.312500 0.585202
vt 0.187500 0.585202
vt 0.312500 0.555423
vt 0.187500 0.555423
vt 0.187500 0.656250
vt 0.312500 0.656250
vt 0.320312 0.656250
vt 0.382812 0.656250
vt 0.382812 0.519153
vt 0.320312 0.519153
vt 0.320312 0.484375
vt 0.382812 0.484375
vt 0.382812 0.621472
vt 0.320312 0.621472
vt 0.187500 0.555423
vt 0.287207 0.484375
vt 0.312500 0.585202
vt 0.212793 0.656250
vt 0.203125 0.382812
vt 0.328125 0.382812
vt 0.328125 0.476562
vt 0.203125 0.476562
vt 0.441493 0.397396
vt 0.355382 0.397396
vt 0.355382 0.461979
vt 0.441493 0.461979
vt 0.343750 0.992188
vt 0.546875 0.992188
vt 0.515278 0.664062
vt 0.375347 0.664062
vt 0.109375 0.309028
vt 0.484375 0.296875
vt 0.484375 0.375000
vt 0.109375 0.362847
vt 0.617188 0.429688
vt 0.635126 0.429688
vt 0.633548 0.476562
vt 0.617188 0.476562
vt 0.718750 0.386935
vt 0.735111 0.390189
vt 0.732558 0.396352
vt 0.718750 0.393605
vt 0.617188 0.458658
vt 0.630996 0.458658
vt 0.630996 0.400717
vt 0.617188 0.400717
vt 0.718750 0.393605
vt 0.732558 0.396352
vt 0.735111 0.390189
vt 0.718750 0.386935
vt 0.617188 0.382812
vt 0.633548 0.382812
vt 0.650333 0.429688
vt 0.647418 0.476562
vt 0.748981 0.399457
vt 0.744264 0.404173
vt 0.642702 0.458658
vt 0.642702 0.400717
vt 0.744264 0.404173
vt 0.748981 0.399457
vt 0.647418 0.382812
vt 0.718750 0.396542
vt 0.718750 0.411749
vt 0.765625 0.413327
vt 0.765625 0.399457
vt 0.758248 0.413327
vt 0.752086 0.415879
vt 0.747720 0.404173
vt 0.747720 0.415879
vt 0.689780 0.415879
vt 0.689780 0.404173
vt 0.752086 0.415879
vt 0.758248 0.413327
vt 0.671875 0.399457
vt 0.671875 0.413327
vt 0.718750 0.429688
vt 0.765625 0.429688
vt 0.761503 0.429688
vt 0.754833 0.429688
vt 0.747720 0.429688
vt 0.689780 0.429688
vt 0.754833 0.429688
vt 0.761503 0.429688
vt 0.671875 0.429688
vt 0.718750 0.447626
vt 0.765625 0.446048
vt 0.758248 0.446048
vt 0.752086 0.443496
vt 0.747720 0.443496
vt 0.689780 0.443496
vt 0.752086 0.443496
vt 0.758248 0.446048
vt 0.671875 0.446048
vt 0.718750 0.462833
vt 0.765625 0.459918
vt 0.748981 0.459918
vt 0.744264 0.455202
vt 0.747720 0.455202
vt 0.689780 0.455202
vt 0.744264 0.455202
vt 0.748981 0.459918
vt 0.671875 0.459918
vt 0.735111 0.469186
vt 0.732558 0.463023
vt 0.732558 0.463023
vt 0.735111 0.469186
vt 0.718750 0.472440
vt 0.718750 0.465770
vt 0.718750 0.465770
vt 0.718750 0.472440
vt 0.599249 0.429688
vt 0.600827 0.476562
vt 0.702389 0.469186
vt 0.704942 0.463023
vt 0.603379 0.458658
vt 0.603379 0.400717
vt 0.704942 0.463023
vt 0.702389 0.469186
vt 0.600827 0.382812
vt 0.584042 0.429688
vt 0.586957 0.476562
vt 0.688519 0.459918
vt 0.693236 0.455202
vt 0.591673 0.458658
vt 0.591673 0.400717
vt 0.693236 0.455202
vt 0.688519 0.459918
vt 0.586957 0.382812
vt 0.679252 0.446048
vt 0.685414 0.443496
vt 0.685414 0.443496
vt 0.679252 0.446048
vt 0.675997 0.429688
vt 0.682667 0.429688
vt 0.682667 0.429688
vt 0.675997 0.429688
vt 0.679252 0.413327
vt 0.685414 0.415879
vt 0.685414 0.415879
vt 0.679252 0.413327
vt 0.688519 0.399457
vt 0.693236 0.404173
vt 0.693236 0.404173
vt 0.688519 0.399457
vt 0.702389 0.390189
vt 0.704942 0.396352
vt 0.704942 0.396352
vt 0.702389 0.390189
vt 0.054688 0.281250
vt 0.083658 0.290202
vt 0.075546 0.300821
vt 0.054688 0.294375
vt 0.101562 0.313640
vt 0.088437 0.317696
vt 0.101562 0.342610
vt 0.088438 0.338554
vt 0.083658 0.366048
vt 0.075546 0.355429
vt 0.054688 0.375000
vt 0.054688 0.361875
vt 0.025717 0.366048
vt 0.033829 0.355429
vt 0.007812 0.342610
vt 0.020938 0.338554
vt 0.007812 0.313640
vt 0.020937 0.317696
vt 0.025717 0.290202
vt 0.033829 0.300821
vt 0.054688 0.328125
vt 0.671875 0.382812
vt 0.765625 0.382812
vt 0.765625 0.476562
vt 0.671875 0.476562
vt 0.765625 0.382812
vt 0.671875 0.382812
vt 0.671875 0.476562
vt 0.765625 0.476562
vt 0.570312 0.476562
vt 0.664062 0.476562
vt 0.664062 0.382812
vt 0.570312 0.382812
vt 0.671875 0.382812
vt 0.765625 0.382812
vt 0.765625 0.476562
vt 0.671875 0.476562
vt 0.671875 0.476562
vt 0.765625 0.476562
vt 0.737500 0.382812
vt 0.690625 0.382812
vt 0.664062 0.382812
vt 0.570313 0.382812
vt 0.570313 0.476562
vt 0.664062 0.476562
vt 0.570312 0.448438
vt 0.664062 0.448438
vt 0.570312 0.401563
vt 0.664062 0.401563
vt 0.773438 0.140625
vt 0.835938 0.140625
vt 0.835938 0.187500
vt 0.773438 0.187500
vt 0.945312 0.210938
vt 0.851562 0.210938
vt 0.851562 0.273438
vt 0.945312 0.273438
vt 0.851562 0.273438
vt 0.945312 0.273438
vt 0.945312 0.210938
vt 0.851562 0.210938
vt 0.851562 0.210938
vt 0.945312 0.210938
vt 0.945312 0.273438
vt 0.851562 0.273438
vt 0.773438 0.140625
vt 0.835938 0.140625
vt 0.835938 0.187500
vt 0.773438 0.187500
vt 0.945312 0.210938
vt 0.851562 0.210938
vt 0.851562 0.273438
vt 0.945312 0.273438
vt 0.851562 0.273438
vt 0.945312 0.273438
vt 0.945312 0.210938
vt 0.851562 0.210938
vt 0.851562 0.210938
vt 0.945312 0.210938
vt 0.945312 0.273438
vt 0.851562 0.273438
vt 0.773438 0.140625
vt 0.835938 0.140625
vt 0.835938 0.187500
vt 0.773438 0.187500
vt 0.945312 0.210938
vt 0.851562 0.210938
vt 0.851562 0.273438
vt 0.945312 0.273438
vt 0.851562 0.273438
vt 0.945312 0.273438
vt 0.945312 0.210938
vt 0.851562 0.210938
vt 0.851562 0.210938
vt 0.945312 0.210938
vt 0.945312 0.273438
vt 0.851562 0.273438
vt 0.773438 0.140625
vt 0.835938 0.140625
vt 0.835938 0.187500
vt 0.773438 0.187500
vt 0.945312 0.210938
vt 0.851562 0.210938
vt 0.851562 0.273438
vt 0.945312 0.273438
vt 0.851562 0.273438
vt 0.945312 0.273438
vt 0.945312 0.210938
vt 0.851562 0.210938
vt 0.851562 0.210938
vt 0.945312 0.210938
vt 0.945312 0.273438
vt 0.851562 0.273438
vt 0.773438 0.140625
vt 0.835938 0.140625
vt 0.835938 0.187500
vt 0.773438 0.187500
vt 0.945312 0.210938
vt 0.851562 0.210938
vt 0.851562 0.273438
vt 0.945312 0.273438
vt 0.851562 0.273438
vt 0.945312 0.273438
vt 0.945312 0.210938
vt 0.851562 0.210938
vt 0.851562 0.210938
vt 0.945312 0.210938
vt 0.945312 0.273438
vt 0.851562 0.273438
vt 0.773438 0.140625
vt 0.835938 0.140625
vt 0.835938 0.187500
vt 0.773438 0.187500
vt 0.945312 0.210938
vt 0.851562 0.210938
vt 0.851562 0.273438
vt 0.945312 0.273438
vt 0.851562 0.273438
vt 0.945312 0.273438
vt 0.945312 0.210938
vt 0.851562 0.210938
vt 0.851562 0.210938
vt 0.945312 0.210938
vt 0.945312 0.273438
vt 0.851562 0.273438
vt 0.773438 0.140625
vt 0.835938 0.140625
vt 0.835938 0.187500
vt 0.773438 0.187500
vt 0.945312 0.210938
vt 0.851562 0.210938
vt 0.851562 0.273438
vt 0.945312 0.273438
vt 0.851562 0.273438
vt 0.945312 0.273438
vt 0.945312 0.210938
vt 0.851562 0.210938
vt 0.851562 0.210938
vt 0.945312 0.210938
vt 0.945312 0.273438
vt 0.851562 0.273438
vt 0.773438 0.140625
vt 0.835938 0.140625
vt 0.835938 0.187500
vt 0.773438 0.187500
vt 0.945312 0.210938
vt 0.851562 0.210938
vt 0.851562 0.273438
vt 0.945312 0.273438
vt 0.851562 0.273438
vt 0.945312 0.273438
vt 0.945312 0.210938
vt 0.851562 0.210938
vt 0.851562 0.210938
vt 0.945312 0.210938
vt 0.945312 0.273438
vt 0.851562 0.273438
vt 0.390625 0.195312
vt 0.484375 0.195312
vt 0.484375 0.262559
vt 0.390625 0.262559
vt 0.578768 0.200455
vt 0.499357 0.200455
vt 0.499357 0.257417
vt 0.578768 0.257417
vt 0.554688 0.992188
vt 0.625000 0.992188
vt 0.619623 0.664062
vt 0.560064 0.664062
vt 0.492188 0.302017
vt 0.867188 0.296875
vt 0.867188 0.364122
vt 0.492188 0.358979
vt 0.382812 0.195312
vt 0.354136 0.200455
vt 0.354136 0.257417
vt 0.382812 0.262559
vt 0.423713 0.261570
vt 0.451287 0.261570
vt 0.451287 0.273438
vt 0.423713 0.273438
vt 0.552849 0.261570
vt 0.525276 0.261570
vt 0.525276 0.273438
vt 0.552849 0.273438
vt 0.579504 0.929844
vt 0.600184 0.929844
vt 0.600184 0.726406
vt 0.579504 0.726406
vt 0.563438 0.363133
vt 0.795937 0.363133
vt 0.795937 0.375000
vt 0.563438 0.375000
vt 0.250460 0.261570
vt 0.250460 0.273438
vt 0.407169 0.206685
vt 0.467831 0.206685
vt 0.467831 0.251187
vt 0.407169 0.251187
vt 0.569393 0.206685
vt 0.508732 0.206685
vt 0.508732 0.251187
vt 0.569393 0.251187
vt 0.567096 0.710547
vt 0.612592 0.710547
vt 0.612592 0.703984
vt 0.567096 0.703984
vt 0.537813 0.308248
vt 0.545313 0.308248
vt 0.545313 0.352749
vt 0.537813 0.352749
vt 0.316636 0.206685
vt 0.316636 0.251187
vt 0.390625 0.195312
vt 0.484375 0.195312
vt 0.484375 0.262559
vt 0.390625 0.262559
vt 0.578768 0.200455
vt 0.499357 0.200455
vt 0.499357 0.257417
vt 0.578768 0.257417
vt 0.554688 0.992188
vt 0.625000 0.992188
vt 0.619623 0.664062
vt 0.560064 0.664062
vt 0.036489 0.200455
vt 0.007812 0.195312
vt 0.007812 0.262559
vt 0.036489 0.257417
vt 0.867188 0.296875
vt 0.492188 0.302017
vt 0.492188 0.358979
vt 0.867188 0.364122
vt 0.423713 0.261570
vt 0.451287 0.261570
vt 0.451287 0.273438
vt 0.423713 0.273438
vt 0.552849 0.261570
vt 0.525276 0.261570
vt 0.525276 0.273438
vt 0.552849 0.273438
vt 0.579504 0.929844
vt 0.600184 0.929844
vt 0.600184 0.726406
vt 0.579504 0.726406
vt 0.140165 0.261570
vt 0.140165 0.273438
vt 0.795937 0.363133
vt 0.563438 0.363133
vt 0.563438 0.375000
vt 0.795937 0.375000
vt 0.407169 0.206685
vt 0.467831 0.206685
vt 0.467831 0.251187
vt 0.407169 0.251187
vt 0.569393 0.206685
vt 0.508732 0.206685
vt 0.508732 0.251187
vt 0.569393 0.251187
vt 0.567096 0.710547
vt 0.612592 0.710547
vt 0.612592 0.703984
vt 0.567096 0.703984
vt 0.073989 0.206685
vt 0.073989 0.251187
vt 0.545313 0.308248
vt 0.537813 0.308248
vt 0.537813 0.352749
vt 0.545313 0.352749
vt 0.054688 0.281250
vt 0.083658 0.281250
vt 0.079777 0.328125
vt 0.054688 0.328125
vt 0.007813 0.290202
vt 0.007813 0.313640
vt 0.054688 0.315580
vt 0.054688 0.295283
vt 0.007812 0.342610
vt 0.054688 0.340670
vt 0.007812 0.366048
vt 0.054687 0.360967
vt 0.025717 0.281250
vt 0.029598 0.328125
vt 0.054688 0.287530
vt 0.079777 0.295283
vt 0.069173 0.309164
vt 0.054688 0.304688
vt 0.095282 0.315580
vt 0.078125 0.320882
vt 0.089002 0.335368
vt 0.089002 0.320882
vt 0.095282 0.340670
vt 0.079777 0.360967
vt 0.069173 0.347086
vt 0.078125 0.335368
vt 0.054688 0.362440
vt 0.054688 0.351562
vt 0.054688 0.368720
vt 0.029598 0.360967
vt 0.040202 0.347086
vt 0.040202 0.362440
vt 0.014093 0.340670
vt 0.031250 0.335368
vt 0.014093 0.315580
vt 0.029598 0.295283
vt 0.040202 0.309164
vt 0.031250 0.320882
vt 0.054688 0.328125
vt 0.303458 0.484375
vt 0.312500 0.484375
vt 0.196542 0.656250
vt 0.187500 0.656250
vt 0.312500 0.484375
vt 0.303458 0.484375
vt 0.187500 0.656250
vt 0.196542 0.656250
vt 0.320312 0.549657
vt 0.324833 0.549657
vt 0.324833 0.484375
vt 0.320312 0.484375
vt 0.378292 0.590968
vt 0.382812 0.590968
vt 0.382812 0.656250
vt 0.378292 0.656250
vt 0.265022 0.484375
vt 0.312500 0.484375
vt 0.234978 0.656250
vt 0.187500 0.656250
vt 0.054688 0.281250
vt 0.083658 0.281250
vt 0.079777 0.328125
vt 0.054688 0.328125
vt 0.007813 0.290202
vt 0.007813 0.313640
vt 0.054688 0.315580
vt 0.054688 0.295283
vt 0.007812 0.342610
vt 0.054688 0.340670
vt 0.007812 0.366048
vt 0.054687 0.360967
vt 0.025717 0.281250
vt 0.029598 0.328125
vt 0.054688 0.287530
vt 0.079777 0.295283
vt 0.069173 0.309164
vt 0.054688 0.304688
vt 0.095282 0.315580
vt 0.078125 0.320882
vt 0.089002 0.335368
vt 0.089002 0.320882
vt 0.095282 0.340670
vt 0.079777 0.360967
vt 0.069173 0.347086
vt 0.078125 0.335368
vt 0.054688 0.362440
vt 0.054688 0.351562
vt 0.054688 0.368720
vt 0.029598 0.360967
vt 0.040202 0.347086
vt 0.040202 0.362440
vt 0.014093 0.340670
vt 0.031250 0.335368
vt 0.014093 0.315580
vt 0.029598 0.295283
vt 0.040202 0.309164
vt 0.031250 0.320882
vt 0.054688 0.328125
vt 0.187500 0.484375
vt 0.196542 0.484375
vt 0.312500 0.656250
vt 0.303458 0.656250
vt 0.196542 0.484375
vt 0.187500 0.484375
vt 0.303458 0.656250
vt 0.312500 0.656250
vt 0.378292 0.549657
vt 0.382812 0.549657
vt 0.382812 0.484375
vt 0.378292 0.484375
vt 0.320312 0.590968
vt 0.324833 0.590968
vt 0.324833 0.656250
vt 0.320312 0.656250
vt 0.265022 0.484375
vt 0.312500 0.484375
vt 0.234978 0.656250
vt 0.187500 0.656250
vt 0.390625 0.195312
vt 0.484375 0.195312
vt 0.484375 0.262559
vt 0.390625 0.262559
vt 0.578768 0.200455
vt 0.499357 0.200455
vt 0.499357 0.257417
vt 0.578768 0.257417
vt 0.554688 0.992188
vt 0.625000 0.992188
vt 0.619623 0.664062
vt 0.560064 0.664062
vt 0.492188 0.302017
vt 0.867188 0.296875
vt 0.867188 0.364122
vt 0.492188 0.358979
vt 0.382812 0.195312
vt 0.354136 0.200455
vt 0.354136 0.257417
vt 0.382812 0.262559
vt 0.423713 0.261570
vt 0.451287 0.261570
vt 0.451287 0.273438
vt 0.423713 0.273438
vt 0.552849 0.261570
vt 0.525276 0.261570
vt 0.525276 0.273438
vt 0.552849 0.273438
vt 0.579504 0.929844
vt 0.600184 0.929844
vt 0.600184 0.726406
vt 0.579504 0.726406
vt 0.563438 0.363133
vt 0.795937 0.363133
vt 0.795937 0.375000
vt 0.563438 0.375000
vt 0.250460 0.261570
vt 0.250460 0.273438
vt 0.407169 0.206685
vt 0.467831 0.206685
vt 0.467831 0.251187
vt 0.407169 0.251187
vt 0.569393 0.206685
vt 0.508732 0.206685
vt 0.508732 0.251187
vt 0.569393 0.251187
vt 0.567096 0.710547
vt 0.612592 0.710547
vt 0.612592 0.703984
vt 0.567096 0.703984
vt 0.537813 0.308248
vt 0.545313 0.308248
vt 0.545313 0.352749
vt 0.537813 0.352749
vt 0.316636 0.206685
vt 0.316636 0.251187
vt 0.390625 0.195312
vt 0.484375 0.195312
vt 0.484375 0.262559
vt 0.390625 0.262559
vt 0.578768 0.200455
vt 0.499357 0.200455
vt 0.499357 0.257417
vt 0.578768 0.257417
vt 0.554688 0.992188
vt 0.625000 0.992188
vt 0.619623 0.664062
vt 0.560064 0.664062
vt 0.036489 0.200455
vt 0.007812 0.195312
vt 0.007812 0.262559
vt 0.036489 0.257417
vt 0.867188 0.296875
vt 0.492188 0.302017
vt 0.492188 0.358979
vt 0.867188 0.364122
vt 0.423713 0.261570
vt 0.451287 0.261570
vt 0.451287 0.273438
vt 0.423713 0.273438
vt 0.552849 0.261570
vt 0.525276 0.261570
vt 0.525276 0.273438
vt 0.552849 0.273438
vt 0.579504 0.929844
vt 0.600184 0.929844
vt 0.600184 0.726406
vt 0.579504 0.726406
vt 0.140165 0.261570
vt 0.140165 0.273438
vt 0.795937 0.363133
vt 0.563438 0.363133
vt 0.563438 0.375000
vt 0.795937 0.375000
vt 0.407169 0.206685
vt 0.467831 0.206685
vt 0.467831 0.251187
vt 0.407169 0.251187
vt 0.569393 0.206685
vt 0.508732 0.206685
vt 0.508732 0.251187
vt 0.569393 0.251187
vt 0.567096 0.710547
vt 0.612592 0.710547
vt 0.612592 0.703984
vt 0.567096 0.703984
vt 0.073989 0.206685
vt 0.073989 0.251187
vt 0.545313 0.308248
vt 0.537813 0.308248
vt 0.537813 0.352749
vt 0.545313 0.352749
vt 0.054688 0.281250
vt 0.083658 0.281250
vt 0.079777 0.328125
vt 0.054688 0.328125
vt 0.007813 0.290202
vt 0.007813 0.313640
vt 0.054688 0.315580
vt 0.054688 0.295283
vt 0.007812 0.342610
vt 0.054688 0.340670
vt 0.007812 0.366048
vt 0.054687 0.360967
vt 0.025717 0.281250
vt 0.029598 0.328125
vt 0.054688 0.287530
vt 0.079777 0.295283
vt 0.069173 0.309164
vt 0.069173 0.362440
vt 0.054688 0.362440
vt 0.095282 0.315580
vt 0.078125 0.320882
vt 0.089002 0.335368
vt 0.089002 0.320882
vt 0.095282 0.340670
vt 0.079777 0.360967
vt 0.069173 0.347086
vt 0.078125 0.335368
vt 0.040202 0.362440
vt 0.029598 0.360967
vt 0.014093 0.340670
vt 0.031250 0.335368
vt 0.040202 0.347086
vt 0.014093 0.315580
vt 0.029598 0.295283
vt 0.040202 0.309164
vt 0.031250 0.320882
vt 0.054688 0.304688
vt 0.054688 0.328125
vt 0.054688 0.351562
vt 0.306323 0.484375
vt 0.312500 0.484375
vt 0.193677 0.656250
vt 0.187500 0.656250
vt 0.312500 0.484375
vt 0.306323 0.484375
vt 0.187500 0.656250
vt 0.193677 0.656250
vt 0.320312 0.644959
vt 0.323401 0.644959
vt 0.323401 0.484375
vt 0.320312 0.484375
vt 0.379724 0.495666
vt 0.382812 0.495666
vt 0.382812 0.656250
vt 0.379724 0.656250
vt 0.054688 0.281250
vt 0.083658 0.281250
vt 0.079777 0.328125
vt 0.054688 0.328125
vt 0.007813 0.290202
vt 0.007813 0.313640
vt 0.054688 0.315580
vt 0.054688 0.295283
vt 0.007812 0.342610
vt 0.054688 0.340670
vt 0.007812 0.366048
vt 0.054687 0.360967
vt 0.025717 0.281250
vt 0.029598 0.328125
vt 0.054688 0.287530
vt 0.079777 0.295283
vt 0.069173 0.309164
vt 0.069173 0.362440
vt 0.054688 0.362440
vt 0.095282 0.315580
vt 0.078125 0.320882
vt 0.089002 0.335368
vt 0.089002 0.320882
vt 0.095282 0.340670
vt 0.079777 0.360967
vt 0.069173 0.347086
vt 0.078125 0.335368
vt 0.040202 0.362440
vt 0.029598 0.360967
vt 0.014093 0.340670
vt 0.031250 0.335368
vt 0.040202 0.347086
vt 0.014093 0.315580
vt 0.029598 0.295283
vt 0.040202 0.309164
vt 0.031250 0.320882
vt 0.054688 0.304688
vt 0.054688 0.328125
vt 0.054688 0.351562
vt 0.187500 0.484375
vt 0.193677 0.484375
vt 0.312500 0.656250
vt 0.306323 0.656250
vt 0.193677 0.484375
vt 0.187500 0.484375
vt 0.306323 0.656250
vt 0.312500 0.656250
vt 0.379724 0.644959
vt 0.382812 0.644959
vt 0.382812 0.484375
vt 0.379724 0.484375
vt 0.320312 0.495666
vt 0.323401 0.495666
vt 0.323401 0.656250
vt 0.320312 0.656250
vn 0.000000 -1.000000 0.000000
vn 0.008294 -0.995461 0.094806
vn 0.024631 -0.995461 0.091925
vn 0.040220 -0.995461 0.086251
vn 0.054586 -0.995461 0.077957
vn 0.067294 -0.995461 0.067294
vn 0.077957 -0.995461 0.054586
vn 0.086251 -0.995461 0.040220
vn 0.091925 -0.995461 0.024631
vn 0.094806 -0.995461 0.008294
vn 0.094806 -0.995461 -0.008294
vn 0.091925 -0.995461 -0.024631
vn 0.086251 -0.995461 -0.040220
vn 0.077957 -0.995461 -0.054586
vn 0.067294 -0.995461 -0.067294
vn 0.054586 -0.995461 -0.077957
vn 0.040220 -0.995461 -0.086251
vn 0.024631 -0.995461 -0.091925
vn 0.008294 -0.995461 -0.094806
vn -0.008294 -0.995461 -0.094806
vn -0.024631 -0.995461 -0.091925
vn -0.040220 -0.995461 -0.086251
vn -0.054586 -0.995461 -0.077957
vn -0.067294 -0.995461 -0.067294
vn -0.077957 -0.995461 -0.054586
vn -0.086251 -0.995461 -0.040220
vn -0.091925 -0.995461 -0.024631
vn -0.094806 -0.995461 -0.008294
vn -0.094806 -0.995461 0.008294
vn -0.091925 -0.995461 0.024631
vn -0.086251 -0.995461 0.040220
vn -0.077957 -0.995461 0.054586
vn -0.067294 -0.995461 0.067294
vn -0.054586 -0.995461 0.077957
vn -0.040220 -0.995461 0.086251
vn -0.024631 -0.995461 0.091925
vn -0.008294 -0.995461 0.094806
vn 0.087156 0.000000 0.996195
vn 0.258819 0.000000 0.965926
vn 0.422618 0.000000 0.906308
vn 0.573576 0.000000 0.819152
vn 0.707107 0.000000 0.707107
vn 0.819152 0.000000 0.573576
vn 0.906308 0.000000 0.422618
vn 0.965926 0.000000 0.258819
vn 0.996195 0.000000 0.087156
vn 0.996195 0.000000 -0.087156
vn 0.965926 0.000000 -0.258819
vn 0.906308 0.000000 -0.422618
vn 0.819152 0.000000 -0.573576
vn 0.707107 0.000000 -0.707107
vn 0.573576 0.000000 -0.819152
vn 0.422618 0.000000 -0.906308
vn 0.258819 0.000000 -0.965926
vn 0.087156 0.000000 -0.996195
vn -0.087156 0.000000 -0.996195
vn -0.258819 0.000000 -0.965926
vn -0.422618 0.000000 -0.906308
vn -0.573576 0.000000 -0.819152
vn -0.707107 0.000000 -0.707107
vn -0.819152 0.000000 -0.573576
vn -0.906308 0.000000 -0.422618
vn -0.965926 0.000000 -0.258819
vn -0.996195 0.000000 -0.087156
vn -0.996195 0.000000 0.087156
vn -0.965926 0.000000 0.258819
vn -0.906308 0.000000 0.422618
vn -0.819152 0.000000 0.573576
vn -0.707107 0.000000 0.707107
vn -0.573576 0.000000 0.819152
vn -0.422618 0.000000 0.906308
vn -0.258819 0.000000 0.965926
vn -0.087156 0.000000 0.996195
vn 0.000000 1.000000 0.000000
vn 0.075027 0.508882 0.857561
vn 0.222801 0.508882 0.831504
vn 0.363805 0.508882 0.780183
vn 0.493755 0.508882 0.705156
vn 0.608703 0.508882 0.608703
vn 0.705156 0.508882 0.493755
vn 0.780183 0.508882 0.363805
vn 0.831504 0.508882 0.222801
vn 0.857561 0.508882 0.075027
vn 0.857561 0.508882 -0.075027
vn 0.831504 0.508882 -0.222801
vn 0.780183 0.508882 -0.363805
vn 0.705156 0.508882 -0.493755
vn 0.608703 0.508882 -0.608703
vn 0.493755 0.508882 -0.705156
vn 0.363805 0.508882 -0.780183
vn 0.222801 0.508882 -0.831504
vn 0.075027 0.508882 -0.857561
vn -0.075027 0.508882 -0.857561
vn -0.222801 0.508882 -0.831504
vn -0.363805 0.508882 -0.780183
vn -0.493755 0.508882 -0.705156
vn -0.608703 0.508882 -0.608703
vn -0.705156 0.508882 -0.493755
vn -0.780183 0.508882 -0.363805
vn -0.831504 0.508882 -0.222801
vn -0.857561 0.508882 -0.075027
vn -0.857561 0.508882 0.075027
vn -0.831504 0.508882 0.222801
vn -0.780183 0.508882 0.363805
vn -0.705156 0.508882 0.493755
vn -0.608703 0.508882 0.608703
vn -0.493755 0.508882 0.705156
vn -0.363805 0.508882 0.780183
vn -0.222801 0.508882 0.831504
vn -0.075027 0.508882 0.857561
vn 0.057205 0.754452 0.653858
vn 0.169877 0.754452 0.633991
vn 0.277388 0.754452 0.594860
vn 0.376470 0.754452 0.537655
vn 0.464114 0.754452 0.464114
vn 0.537655 0.754452 0.376470
vn 0.594860 0.754452 0.277388
vn 0.633991 0.754452 0.169877
vn 0.653858 0.754452 0.057205
vn 0.653858 0.754452 -0.057205
vn 0.633991 0.754452 -0.169877
vn 0.594860 0.754452 -0.277388
vn 0.537655 0.754452 -0.376470
vn 0.464114 0.754452 -0.464114
vn 0.376470 0.754452 -0.537655
vn 0.277388 0.754452 -0.594860
vn 0.169877 0.754452 -0.633991
vn 0.057205 0.754452 -0.653858
vn -0.057205 0.754452 -0.653858
vn -0.169877 0.754452 -0.633991
vn -0.277388 0.754452 -0.594860
vn -0.376470 0.754452 -0.537655
vn -0.464114 0.754452 -0.464114
vn -0.537655 0.754452 -0.376470
vn -0.594860 0.754452 -0.277388
vn -0.633991 0.754452 -0.169877
vn -0.653858 0.754452 -0.057205
vn -0.653858 0.754452 0.057205
vn -0.633991 0.754452 0.169877
vn -0.594860 0.754452 0.277388
vn -0.537655 0.754452 0.376470
vn -0.464114 0.754452 0.464114
vn -0.376470 0.754452 0.537655
vn -0.277388 0.754452 0.594860
vn -0.169877 0.754452 0.633991
vn -0.057205 0.754452 0.653858
vn 0.006720 0.997023 0.076808
vn 0.019955 0.997023 0.074474
vn 0.032584 0.997023 0.069877
vn 0.044223 0.997023 0.063158
vn 0.054519 0.997023 0.054519
vn 0.063158 0.997023 0.044223
vn 0.069877 0.997023 0.032584
vn 0.074474 0.997023 0.019955
vn 0.076808 0.997023 0.006720
vn 0.076808 0.997023 -0.006720
vn 0.074474 0.997023 -0.019955
vn 0.069877 0.997023 -0.032584
vn 0.063158 0.997023 -0.044223
vn 0.054519 0.997023 -0.054519
vn 0.044223 0.997023 -0.063158
vn 0.032584 0.997023 -0.069877
vn 0.019955 0.997023 -0.074474
vn 0.006720 0.997023 -0.076808
vn -0.006720 0.997023 -0.076808
vn -0.019955 0.997023 -0.074474
vn -0.032584 0.997023 -0.069877
vn -0.044223 0.997023 -0.063158
vn -0.054519 0.997023 -0.054519
vn -0.063158 0.997023 -0.044223
vn -0.069877 0.997023 -0.032584
vn -0.074474 0.997023 -0.019955
vn -0.076808 0.997023 -0.006720
vn -0.076808 0.997023 0.006720
vn -0.074474 0.997023 0.019955
vn -0.069877 0.997023 0.032584
vn -0.063158 0.997023 0.044223
vn -0.054519 0.997023 0.054519
vn -0.044223 0.997023 0.063158
vn -0.032584 0.997023 0.069877
vn -0.019955 0.997023 0.074474
vn -0.006720 0.997023 0.076808
vn 0.000000 0.000000 1.000000
vn 0.000000 0.000000 -1.000000
vn -0.000000 1.000000 0.000000
vn 0.000000 -1.000000 0.000000
vn -1.000000 0.000000 0.000000
vn 1.000000 0.000000 0.000000
vn 0.299447 -0.246943 -0.921602
vn 0.783962 -0.246943 -0.569582
vn 0.969030 -0.246943 -0.000000
vn 0.783962 -0.246943 0.569582
vn 0.299447 -0.246943 0.921602
vn -0.299447 -0.246943 0.921602
vn -0.783962 -0.246943 0.569582
vn -0.969030 -0.246943 0.000000
vn -0.783962 -0.246943 -0.569582
vn -0.299447 -0.246943 -0.921602
vn 0.223919 -0.689152 -0.689152
vn 0.586227 -0.689152 -0.425919
vn 0.724617 -0.689152 0.000000
vn 0.586227 -0.689152 0.425919
vn 0.223919 -0.689152 0.689152
vn -0.223919 -0.689152 0.689152
vn -0.586227 -0.689152 0.425919
vn -0.724617 -0.689152 -0.000000
vn -0.586227 -0.689152 -0.425919
vn -0.223919 -0.689152 -0.689152
vn 0.083800 -0.962528 -0.257909
vn 0.219390 -0.962528 -0.159396
vn 0.271181 -0.962528 -0.000000
vn 0.219390 -0.962528 0.159396
vn 0.083800 -0.962528 0.257909
vn -0.083800 -0.962528 0.257909
vn -0.219390 -0.962528 0.159396
vn -0.271181 -0.962528 0.000000
vn -0.219390 -0.962528 -0.159396
vn -0.083800 -0.962528 -0.257909
vn 0.000000 -1.000000 0.000000
vn 0.382683 0.000000 0.923880
vn 0.923880 0.000000 0.382683
vn 0.923880 0.000000 -0.382683
vn 0.382683 0.000000 -0.923880
vn -0.382683 0.000000 -0.923880
vn -0.923880 0.000000 -0.382683
vn -0.923880 0.000000 0.382683
vn -0.382683 0.000000 0.923880
vn 0.000000 1.000000 0.000000
vn 0.000000 -0.389418 0.921061
vn 0.000000 0.389418 -0.921061
vn -0.000000 0.921061 0.389418
vn 0.000000 -0.921061 -0.389418
vn -1.000000 0.000000 0.000000
vn 1.000000 0.000000 0.000000
vn 0.000000 0.000000 1.000000
vn 0.000000 0.000000 -1.000000
vn 0.000000 0.999613 -0.027830
vn 0.000000 -0.999613 -0.027830
vn -0.998225 0.000000 -0.059553
vn 0.998225 0.000000 -0.059553
vn 0.158879 -0.798741 0.580319
vn -0.061352 0.308435 0.949265
vn -0.195090 0.980785 0.000000
vn -0.061352 0.308435 -0.949265
vn 0.158879 -0.798741 -0.580319
vn 0.452450 -0.677140 0.580319
vn -0.174714 0.261478 0.949265
vn -0.555570 0.831470 0.000000
vn -0.174714 0.261478 -0.949265
vn 0.452450 -0.677140 -0.580319
vn 0.677140 -0.452450 0.580319
vn -0.261478 0.174714 0.949265
vn -0.831470 0.555570 0.000000
vn -0.261478 0.174714 -0.949265
vn 0.677140 -0.452450 -0.580319
vn 0.798741 -0.158879 0.580319
vn -0.308435 0.061352 0.949265
vn -0.980785 0.195090 0.000000
vn -0.308435 0.061352 -0.949265
vn 0.798741 -0.158879 -0.580319
vn 0.798741 0.158879 0.580319
vn -0.308435 -0.061352 0.949265
vn -0.980785 -0.195090 0.000000
vn -0.308435 -0.061352 -0.949265
vn 0.798741 0.158879 -0.580319
vn 0.677140 0.452450 0.580319
vn -0.261478 -0.174714 0.949265
vn -0.831470 -0.555570 0.000000
vn -0.261478 -0.174714 -0.949265
vn 0.677140 0.452450 -0.580319
vn 0.452450 0.677140 0.580319
vn -0.174714 -0.261478 0.949265
vn -0.555570 -0.831470 0.000000
vn -0.174714 -0.261478 -0.949265
vn 0.452450 0.677140 -0.580319
vn 0.158879 0.798741 0.580319
vn -0.061352 -0.308435 0.949265
vn -0.195090 -0.980785 0.000000
vn -0.061352 -0.308435 -0.949265
vn 0.158879 0.798741 -0.580319
vn -0.158879 0.798741 0.580319
vn 0.061352 -0.308435 0.949265
vn 0.195090 -0.980785 0.000000
vn 0.061352 -0.308435 -0.949265
vn -0.158879 0.798741 -0.580319
vn -0.452450 0.677140 0.580319
vn 0.174714 -0.261478 0.949265
vn 0.555570 -0.831470 0.000000
vn 0.174714 -0.261478 -0.949265
vn -0.452450 0.677140 -0.580319
vn -0.677140 0.452450 0.580319
vn 0.261478 -0.174714 0.949265
vn 0.831470 -0.555570 0.000000
vn 0.261478 -0.174714 -0.949265
vn -0.677140 0.452450 -0.580319
vn -0.798741 0.158879 0.580319
vn 0.308435 -0.061352 0.949265
vn 0.980785 -0.195090 0.000000
vn 0.308435 -0.061352 -0.949265
vn -0.798741 0.158879 -0.580319
vn -0.798741 -0.158879 0.580319
vn 0.308435 0.061352 0.949265
vn 0.980785 0.195090 0.000000
vn 0.308435 0.061352 -0.949265
vn -0.798741 -0.158879 -0.580319
vn -0.677140 -0.452450 0.580319
vn 0.261478 0.174714 0.949265
vn 0.831470 0.555570 0.000000
vn 0.261478 0.174714 -0.949265
vn -0.677140 -0.452450 -0.580319
vn -0.452450 -0.677140 0.580319
vn 0.174714 0.261478 0.949265
vn 0.555570 0.831470 0.000000
vn 0.174714 0.261478 -0.949265
vn -0.452450 -0.677140 -0.580319
vn -0.158879 -0.798741 0.580319
vn 0.061352 0.308435 0.949265
vn 0.195090 0.980785 0.000000
vn 0.061352 0.308435 -0.949265
vn -0.158879 -0.798741 -0.580319
vn 0.173052 -0.532599 0.828487
vn 0.453056 -0.329164 0.828487
vn 0.560008 -0.000000 0.828487
vn 0.453056 0.329164 0.828487
vn 0.173052 0.532599 0.828487
vn -0.173052 0.532599 0.828487
vn -0.453056 0.329164 0.828487
vn -0.560008 0.000000 0.828487
vn -0.453056 -0.329164 0.828487
vn -0.173052 -0.532599 0.828487
vn 0.053340 -0.164165 0.984990
vn 0.139647 -0.101460 0.984990
vn 0.172613 -0.000000 0.984990
vn 0.139647 0.101460 0.984990
vn 0.053340 0.164165 0.984990
vn -0.053340 0.164165 0.984990
vn -0.139647 0.101460 0.984990
vn -0.172613 0.000000 0.984990
vn -0.139647 -0.101460 0.984990
vn -0.053340 -0.164165 0.984990
vn 0.000000 0.000000 1.000000
vn 0.000000 0.000000 -1.000000
vn -0.000000 1.000000 0.000000
vn 0.000000 -1.000000 0.000000
vn -1.000000 0.000000 0.000000
vn 1.000000 0.000000 0.000000
vn 1.000000 -0.000000 0.000000
vn -1.000000 0.000000 0.000000
vn 0.000000 1.000000 0.000000
vn 0.000000 -0.860292 0.509802
vn -0.000000 -1.000000 0.000000
vn -0.000000 -0.747409 -0.664364
vn 0.000000 0.000000 1.000000
vn 0.000000 0.000000 -1.000000
vn -0.000000 1.000000 0.000000
vn 0.000000 -1.000000 0.000000
vn -1.000000 0.000000 0.000000
vn 1.000000 0.000000 0.000000
vn 0.000000 0.000000 1.000000
vn 0.000000 0.000000 -1.000000
vn -0.000000 1.000000 0.000000
vn 0.000000 -1.000000 0.000000
vn -1.000000 0.000000 0.000000
vn 1.000000 0.000000 0.000000
vn 0.000000 0.000000 1.000000
vn 0.000000 0.000000 -1.000000
vn -0.000000 1.000000 0.000000
vn 0.000000 -1.000000 0.000000
vn -1.000000 0.000000 0.000000
vn 1.000000 0.000000 0.000000
vn 0.000000 0.000000 1.000000
vn 0.000000 0.000000 -1.000000
vn -0.000000 1.000000 0.000000
vn 0.000000 -1.000000 0.000000
vn -1.000000 0.000000 0.000000
vn 1.000000 0.000000 0.000000
vn 0.000000 0.000000 1.000000
vn 0.000000 0.000000 -1.000000
vn -0.000000 1.000000 0.000000
vn 0.000000 -1.000000 0.000000
vn -1.000000 0.000000 0.000000
vn 1.000000 0.000000 0.000000
vn 0.000000 0.000000 1.000000
vn 0.000000 0.000000 -1.000000
vn -0.000000 1.000000 0.000000
vn 0.000000 -1.000000 0.000000
vn -1.000000 0.000000 0.000000
vn 1.000000 0.000000 0.000000
vn 0.000000 0.000000 1.000000
vn 0.000000 0.000000 -1.000000
vn -0.000000 1.000000 0.000000
vn 0.000000 -1.000000 0.000000
vn -1.000000 0.000000 0.000000
vn 1.000000 0.000000 0.000000
vn 0.000000 0.000000 1.000000
vn 0.000000 0.000000 -1.000000
vn -0.000000 1.000000 0.000000
vn 0.000000 -1.000000 0.000000
vn -1.000000 0.000000 0.000000
vn 1.000000 0.000000 0.000000
vn 0.000000 0.000000 1.000000
vn 0.000000 0.000000 -1.000000
vn 0.000000 0.999962 -0.008666
vn 0.000000 -0.999962 -0.008666
vn -0.999941 0.000000 -0.010833
vn 0.999941 0.000000 -0.010833
vn -0.000000 1.000000 0.000000
vn 0.000000 -1.000000 0.000000
vn -1.000000 0.000000 0.000000
vn 1.000000 0.000000 0.000000
vn 0.000000 0.000000 1.000000
vn 0.000000 0.000000 -1.000000
vn 0.000000 0.999962 -0.008666
vn 0.000000 -0.999962 -0.008666
vn -0.999941 0.000000 -0.010833
vn 0.999941 0.000000 -0.010833
vn -0.000000 1.000000 0.000000
vn 0.000000 -1.000000 0.000000
vn -1.000000 0.000000 0.000000
vn 1.000000 0.000000 0.000000
vn 0.299447 -0.921602 0.246943
vn 0.783962 -0.569582 0.246943
vn 0.969030 0.000000 0.246943
vn 0.783962 0.569582 0.246943
vn 0.299447 0.921602 0.246943
vn -0.299447 0.921602 0.246943
vn -0.783962 0.569582 0.246943
vn -0.969030 0.000000 0.246943
vn -0.783962 -0.569582 0.246943
vn -0.299447 -0.921602 0.246943
vn 0.223919 -0.689152 0.689152
vn 0.586227 -0.425919 0.689152
vn 0.724617 -0.000000 0.689152
vn 0.586227 0.425919 0.689152
vn 0.223919 0.689152 0.689152
vn -0.223919 0.689152 0.689152
vn -0.586227 0.425919 0.689152
vn -0.724617 0.000000 0.689152
vn -0.586227 -0.425919 0.689152
vn -0.223919 -0.689152 0.689152
vn 0.083800 -0.257909 0.962528
vn 0.219390 -0.159396 0.962528
vn 0.271181 -0.000000 0.962528
vn 0.219390 0.159396 0.962528
vn 0.083800 0.257909 0.962528
vn -0.083800 0.257909 0.962528
vn -0.219390 0.159396 0.962528
vn -0.271181 0.000000 0.962528
vn -0.219390 -0.159396 0.962528
vn -0.083800 -0.257909 0.962528
vn -0.000000 0.355218 0.934784
vn -0.000000 -0.355218 -0.934784
vn -0.000000 1.000000 0.000000
vn 0.000000 -1.000000 0.000000
vn -0.731276 -0.682081 0.000000
vn 0.731276 0.682081 0.000000
vn 0.299447 -0.921602 0.246943
vn 0.783962 -0.569582 0.246943
vn 0.969030 0.000000 0.246943
vn 0.783962 0.569582 0.246943
vn 0.299447 0.921602 0.246943
vn -0.299447 0.921602 0.246943
vn -0.783962 0.569582 0.246943
vn -0.969030 0.000000 0.246943
vn -0.783962 -0.569582 0.246943
vn -0.299447 -0.921602 0.246943
vn 0.223919 -0.689152 0.689152
vn 0.586227 -0.425919 0.689152
vn 0.724617 -0.000000 0.689152
vn 0.586227 0.425919 0.689152
vn 0.223919 0.689152 0.689152
vn -0.223919 0.689152 0.689152
vn -0.586227 0.425919 0.689152
vn -0.724617 0.000000 0.689152
vn -0.586227 -0.425919 0.689152
vn -0.223919 -0.689152 0.689152
vn 0.083800 -0.257909 0.962528
vn 0.219390 -0.159396 0.962528
vn 0.271181 -0.000000 0.962528
vn 0.219390 0.159396 0.962528
vn 0.083800 0.257909 0.962528
vn -0.083800 0.257909 0.962528
vn -0.219390 0.159396 0.962528
vn -0.271181 0.000000 0.962528
vn -0.219390 -0.159396 0.962528
vn -0.083800 -0.257909 0.962528
vn -0.000000 0.355218 0.934784
vn -0.000000 -0.355218 -0.934784
vn -0.000000 1.000000 0.000000
vn 0.000000 -1.000000 0.000000
vn -0.731276 0.682081 0.000000
vn 0.731276 -0.682081 0.000000
vn 0.000000 0.000000 1.000000
vn 0.000000 0.000000 -1.000000
vn 0.000000 0.999962 -0.008666
vn 0.000000 -0.999962 -0.008666
vn -0.999941 0.000000 -0.010833
vn 0.999941 0.000000 -0.010833
vn -0.000000 1.000000 0.000000
vn 0.000000 -1.000000 0.000000
vn -1.000000 0.000000 0.000000
vn 1.000000 0.000000 0.000000
vn 0.000000 0.000000 1.000000
vn 0.000000 0.000000 -1.000000
vn 0.000000 0.999962 -0.008666
vn 0.000000 -0.999962 -0.008666
vn -0.999941 0.000000 -0.010833
vn 0.999941 0.000000 -0.010833
vn -0.000000 1.000000 0.000000
vn 0.000000 -1.000000 0.000000
vn -1.000000 0.000000 0.000000
vn 1.000000 0.000000 0.000000
vn 0.299447 -0.921602 0.246943
vn 0.783962 -0.569582 0.246943
vn 0.969030 0.000000 0.246943
vn 0.783962 0.569582 0.246943
vn 0.299447 0.921602 0.246943
vn -0.299447 0.921602 0.246943
vn -0.783962 0.569582 0.246943
vn -0.969030 0.000000 0.246943
vn -0.783962 -0.569582 0.246943
vn -0.299447 -0.921602 0.246943
vn 0.223919 -0.689152 0.689152
vn 0.586227 -0.425919 0.689152
vn 0.724617 -0.000000 0.689152
vn 0.586227 0.425919 0.689152
vn 0.223919 0.689152 0.689152
vn -0.223919 0.689152 0.689152
vn -0.586227 0.425919 0.689152
vn -0.724617 0.000000 0.689152
vn -0.586227 -0.425919 0.689152
vn -0.223919 -0.689152 0.689152
vn 0.083800 -0.257909 0.962528
vn 0.219390 -0.159396 0.962528
vn 0.271181 -0.000000 0.962528
vn 0.219390 0.159396 0.962528
vn 0.083800 0.257909 0.962528
vn -0.083800 0.257909 0.962528
vn -0.219390 0.159396 0.962528
vn -0.271181 0.000000 0.962528
vn -0.219390 -0.159396 0.962528
vn -0.083800 -0.257909 0.962528
vn -0.000000 0.059892 0.998205
vn -0.000000 -0.059892 -0.998205
vn -0.000000 1.000000 0.000000
vn 0.000000 -1.000000 0.000000
vn -0.191331 -0.981526 0.000000
vn 0.191331 0.981526 0.000000
vn 0.299447 -0.921602 0.246943
vn 0.783962 -0.569582 0.246943
vn 0.969030 0.000000 0.246943
vn 0.783962 0.569582 0.246943
vn 0.299447 0.921602 0.246943
vn -0.299447 0.921602 0.246943
vn -0.783962 0.569582 0.246943
vn -0.969030 0.000000 0.246943
vn -0.783962 -0.569582 0.246943
vn -0.299447 -0.921602 0.246943
vn 0.223919 -0.689152 0.689152
vn 0.586227 -0.425919 0.689152
vn 0.724617 -0.000000 0.689152
vn 0.586227 0.425919 0.689152
vn 0.223919 0.689152 0.689152
vn -0.223919 0.689152 0.689152
vn -0.586227 0.425919 0.689152
vn -0.724617 0.000000 0.689152
vn -0.586227 -0.425919 0.689152
vn -0.223919 -0.689152 0.689152
vn 0.083800 -0.257909 0.962528
vn 0.219390 -0.159396 0.962528
vn 0.271181 -0.000000 0.962528
vn 0.219390 0.159396 0.962528
vn 0.083800 0.257909 0.962528
vn -0.083800 0.257909 0.962528
vn -0.219390 0.159396 0.962528
vn -0.271181 0.000000 0.962528
vn -0.219390 -0.159396 0.962528
vn -0.083800 -0.257909 0.962528
vn -0.000000 0.059892 0.998205
vn -0.000000 -0.059892 -0.998205
vn -0.000000 1.000000 0.000000
vn 0.000000 -1.000000 0.000000
vn -0.191331 0.981526 0.000000
vn 0.191331 -0.981526 0.000000
f 1/1/1 2/2/1 3/3/1
f 1/1/1 4/4/1 2/2/1
f 1/1/1 5/5/1 4/4/1
f 1/1/1 6/6/1 5/5/1
f 1/1/1 7/7/1 6/6/1
f 1/1/1 8/8/1 7/7/1
f 1/1/1 9/9/1 8/8/1
f 1/1/1 10/10/1 9/9/1
f 1/1/1 11/11/1 10/10/1
f 1/1/1 12/12/1 11/11/1
f 1/1/1 13/13/1 12/12/1
f 1/1/1 14/14/1 13/13/1
f 1/1/1 15/15/1 14/14/1
f 1/1/1 16/16/1 15/15/1
f 1/1/1 17/17/1 16/16/1
f 1/1/1 18/18/1 17/17/1
f 1/1/1 19/19/1 18/18/1
f 1/1/1 20/20/1 19/19/1
f 1/1/1 21/21/1 20/20/1
f 1/1/1 22/22/1 21/21/1
f 1/1/1 23/23/1 22/22/1
f 1/1/1 24/24/1 23/23/1
f 1/1/1 25/25/1 24/24/1
f 1/1/1 26/26/1 25/25/1
f 1/1/1 27/27/1 26/26/1
f 1/1/1 28/28/1 27/27/1
f 1/1/1 29/29/1 28/28/1
f 1/1/1 30/30/1 29/29/1
f 1/1/1 31/31/1 30/30/1
f 1/1/1 32/32/1 31/31/1
f 1/1/1 33/33/1 32/32/1
f 1/1/1 34/34/1 33/33/1
f 1/1/1 35/35/1 34/34/1
f 1/1/1 36/36/1 35/35/1
f 1/1/1 37/37/1 36/36/1
f 1/1/1 3/3/1 37/37/1
f 3/3/2 2/2/2 38/38/2
f 3/3/2 38/38/2 39/39/2
f 2/2/3 4/4/3 40/40/3
f 2/2/3 40/40/3 38/38/3
f 4/4/4 5/5/4 41/41/4
f 4/4/4 41/41/4 40/40/4
f 5/5/5 6/6/5 42/42/5
f 5/5/5 42/42/5 41/41/5
f 6/6/6 7/7/6 43/43/6
f 6/6/6 43/43/6 42/42/6
f 7/7/7 8/8/7 44/44/7
f 7/7/7 44/44/7 43/43/7
f 8/8/8 9/9/8 45/45/8
f 8/8/8 45/45/8 44/44/8
f 9/9/9 10/10/9 46/46/9
f 9/9/9 46/46/9 45/45/9
f 10/10/10 11/11/10 47/47/10
f 10/10/10 47/47/10 46/46/10
f 11/11/11 12/12/11 48/48/11
f 11/11/11 48/48/11 47/47/11
f 12/12/12 13/13/12 49/49/12
f 12/12/12 49/49/12 48/48/12
f 13/13/13 14/14/13 50/50/13
f 13/13/13 50/50/13 49/49/13
f 14/14/14 15/15/14 51/51/14
f 14/14/14 51/51/14 50/50/14
f 15/15/15 16/16/15 52/52/15
f 15/15/15 52/52/15 51/51/15
f 16/16/16 17/17/16 53/53/16
f 16/16/16 53/53/16 52/52/16
f 17/17/17 18/18/17 54/54/17
f 17/17/17 54/54/17 53/53/17
f 18/18/18 19/19/18 55/55/18
f 18/18/18 55/55/18 54/54/18
f 19/19/19 20/20/19 56/56/19
f 19/19/19 56/56/19 55/55/19
f 20/20/20 21/21/20 57/57/20
f 20/20/20 57/57/20 56/56/20
f 21/21/21 22/22/21 58/58/21
f 21/21/21 58/58/21 57/57/21
f 22/22/22 23/23/22 59/59/22
f 22/22/22 59/59/22 58/58/22
f 23/23/23 24/24/23 60/60/23
f 23/23/23 60/60/23 59/59/23
f 24/24/24 25/25/24 61/61/24
f 24/24/24 61/61/24 60/60/24
f 25/25/25 26/26/25 62/62/25
f 25/25/25 62/62/25 61/61/25
f 26/26/26 27/27/26 63/63/26
f 26/26/26 63/63/26 62/62/26
f 27/27/27 28/28/27 64/64/27
f 27/27/27 64/64/27 63/63/27
f 28/28/28 29/29/28 65/65/28
f 28/28/28 65/65/28 64/64/28
f 29/29/29 30/30/29 66/66/29
f 29/29/29 66/66/29 65/65/29
f 30/30/30 31/31/30 67/67/30
f 30/30/30 67/67/30 66/66/30
f 31/31/31 32/32/31 68/68/31
f 31/31/31 68/68/31 67/67/31
f 32/32/32 33/33/32 69/69/32
f 32/32/32 69/69/32 68/68/32
f 33/33/33 34/34/33 70/70/33
f 33/33/33 70/70/33 69/69/33
f 34/34/34 35/35/34 71/71/34
f 34/34/34 71/71/34 70/70/34
f 35/35/35 36/36/35 72/72/35
f 35/35/35 72/72/35 71/71/35
f 36/36/36 37/37/36 73/73/36
f 36/36/36 73/73/36 72/72/36
f 37/37/37 3/3/37 39/39/37
f 37/37/37 39/39/37 73/73/37
f 39/39/1 38/38/1 74/74/1
f 39/39/1 74/74/1 75/75/1
f 38/38/1 40/40/1 76/76/1
f 38/38/1 76/76/1 74/74/1
f 40/40/1 41/41/1 77/77/1
f 40/40/1 77/77/1 76/76/1
f 41/41/1 42/42/1 78/78/1
f 41/41/1 78/78/1 77/77/1
f 42/42/1 43/43/1 79/79/1
f 42/42/1 79/79/1 78/78/1
f 43/43/1 44/44/1 80/80/1
f 43/43/1 80/80/1 79/79/1
f 44/44/1 45/45/1 81/81/1
f 44/44/1 81/81/1 80/80/1
f 45/45/1 46/46/1 82/82/1
f 45/45/1 82/82/1 81/81/1
f 46/46/1 47/47/1 83/83/1
f 46/46/1 83/83/1 82/82/1
f 47/47/1 48/48/1 84/84/1
f 47/47/1 84/84/1 83/83/1
f 48/48/1 49/49/1 85/85/1
f 48/48/1 85/85/1 84/84/1
f 49/49/1 50/50/1 86/86/1
f 49/49/1 86/86/1 85/85/1
f 50/50/1 51/51/1 87/87/1
f 50/50/1 87/87/1 86/86/1
f 51/51/1 52/52/1 88/88/1
f 51/51/1 88/88/1 87/87/1
f 52/52/1 53/53/1 89/89/1
f 52/52/1 89/89/1 88/88/1
f 53/53/1 54/54/1 90/90/1
f 53/53/1 90/90/1 89/89/1
f 54/54/1 55/55/1 91/91/1
f 54/54/1 91/91/1 90/90/1
f 55/55/1 56/56/1 92/92/1
f 55/55/1 92/92/1 91/91/1
f 56/56/1 57/57/1 93/93/1
f 56/56/1 93/93/1 92/92/1
f 57/57/1 58/58/1 94/94/1
f 57/57/1 94/94/1 93/93/1
f 58/58/1 59/59/1 95/95/1
f 58/58/1 95/95/1 94/94/1
f 59/59/1 60/60/1 96/96/1
f 59/59/1 96/96/1 95/95/1
f 60/60/1 61/61/1 97/97/1
f 60/60/1 97/97/1 96/96/1
f 61/61/1 62/62/1 98/98/1
f 61/61/1 98/98/1 97/97/1
f 62/62/1 63/63/1 99/99/1
f 62/62/1 99/99/1 98/98/1
f 63/63/1 64/64/1 100/100/1
f 63/63/1 100/100/1 99/99/1
f 64/64/1 65/65/1 101/101/1
f 64/64/1 101/101/1 100/100/1
f 65/65/1 66/66/1 102/102/1
f 65/65/1 102/102/1 101/101/1
f 66/66/1 67/67/1 103/103/1
f 66/66/1 103/103/1 102/102/1
f 67/67/1 68/68/1 104/104/1
f 67/67/1 104/104/1 103/103/1
f 68/68/1 69/69/1 105/105/1
f 68/68/1 105/105/1 104/104/1
f 69/69/1 70/70/1 106/106/1
f 69/69/1 106/106/1 105/105/1
f 70/70/1 71/71/1 107/107/1
f 70/70/1 107/107/1 106/106/1
f 71/71/1 72/72/1 108/108/1
f 71/71/1 108/108/1 107/107/1
f 72/72/1 73/73/1 109/109/1
f 72/72/1 109/109/1 108/108/1
f 73/73/1 39/39/1 75/75/1
f 73/73/1 75/75/1 109/109/1
f 75/110/38 74/111/38 110/112/38
f 75/110/38 110/112/38 111/113/38
f 74/111/39 76/114/39 112/115/39
f 74/111/39 112/115/39 110/112/39
f 76/114/40 77/116/40 113/117/40
f 76/114/40 113/117/40 112/115/40
f 77/116/41 78/118/41 114/119/41
f 77/116/41 114/119/41 113/117/41
f 78/118/42 79/120/42 115/121/42
f 78/118/42 115/121/42 114/119/42
f 79/122/43 80/123/43 116/124/43
f 79/122/43 116/124/43 115/125/43
f 80/123/44 81/126/44 117/127/44
f 80/123/44 117/127/44 116/124/44
f 81/126/45 82/128/45 118/129/45
f 81/126/45 118/129/45 117/127/45
f 82/128/46 83/130/46 119/131/46
f 82/128/46 119/131/46 118/129/46
f 83/130/47 84/132/47 120/133/47
f 83/130/47 120/133/47 119/131/47
f 84/132/48 85/134/48 121/135/48
f 84/132/48 121/135/48 120/133/48
f 85/134/49 86/136/49 122/137/49
f 85/134/49 122/137/49 121/135/49
f 86/136/50 87/138/50 123/139/50
f 86/136/50 123/139/50 122/137/50
f 87/138/51 88/140/51 124/141/51
f 87/138/51 124/141/51 123/139/51
f 88/142/52 89/143/52 125/144/52
f 88/142/52 125/144/52 124/145/52
f 89/143/53 90/146/53 126/147/53
f 89/143/53 126/147/53 125/144/53
f 90/146/54 91/148/54 127/149/54
f 90/146/54 127/149/54 126/147/54
f 91/148/55 92/150/55 128/151/55
f 91/148/55 128/151/55 127/149/55
f 92/150/56 93/152/56 129/153/56
f 92/150/56 129/153/56 128/151/56
f 93/152/57 94/154/57 130/155/57
f 93/152/57 130/155/57 129/153/57
f 94/154/58 95/156/58 131/157/58
f 94/154/58 131/157/58 130/155/58
f 95/156/59 96/158/59 132/159/59
f 95/156/59 132/159/59 131/157/59
f 96/140/60 97/138/60 133/139/60
f 96/140/60 133/139/60 132/141/60
f 97/138/61 98/136/61 134/137/61
f 97/138/61 134/137/61 133/139/61
f 98/136/62 99/134/62 135/135/62
f 98/136/62 135/135/62 134/137/62
f 99/134/63 100/132/63 136/133/63
f 99/134/63 136/133/63 135/135/63
f 100/132/64 101/130/64 137/131/64
f 100/132/64 137/131/64 136/133/64
f 101/130/65 102/128/65 138/129/65
f 101/130/65 138/129/65 137/131/65
f 102/128/66 103/126/66 139/127/66
f 102/128/66 139/127/66 138/129/66
f 103/126/67 104/123/67 140/124/67
f 103/126/67 140/124/67 139/127/67
f 104/123/68 105/122/68 141/125/68
f 104/123/68 141/125/68 140/124/68
f 105/160/69 106/161/69 142/162/69
f 105/160/69 142/162/69 141/163/69
f 106/161/70 107/164/70 143/165/70
f 106/161/70 143/165/70 142/162/70
f 107/164/71 108/166/71 144/167/71
f 107/164/71 144/167/71 143/165/71
f 108/166/72 109/168/72 145/169/72
f 108/166/72 145/169/72 144/167/72
f 109/168/73 75/110/73 111/113/73
f 109/168/73 111/113/73 145/169/73
f 111/75/74 110/74/74 146/38/74
f 111/75/74 146/38/74 147/39/74
f 110/74/74 112/76/74 148/40/74
f 110/74/74 148/40/74 146/38/74
f 112/76/74 113/77/74 149/41/74
f 112/76/74 149/41/74 148/40/74
f 113/77/74 114/78/74 150/42/74
f 113/77/74 150/42/74 149/41/74
f 114/78/74 115/79/74 151/43/74
f 114/78/74 151/43/74 150/42/74
f 115/79/74 116/80/74 152/44/74
f 115/79/74 152/44/74 151/43/74
f 116/80/74 117/81/74 153/45/74
f 116/80/74 153/45/74 152/44/74
f 117/81/74 118/82/74 154/46/74
f 117/81/74 154/46/74 153/45/74
f 118/82/74 119/83/74 155/47/74
f 118/82/74 155/47/74 154/46/74
f 119/83/74 120/84/74 156/48/74
f 119/83/74 156/48/74 155/47/74
f 120/84/74 121/85/74 157/49/74
f 120/84/74 157/49/74 156/48/74
f 121/85/74 122/86/74 158/50/74
f 121/85/74 158/50/74 157/49/74
f 122/86/74 123/87/74 159/51/74
f 122/86/74 159/51/74 158/50/74
f 123/87/74 124/88/74 160/52/74
f 123/87/74 160/52/74 159/51/74
f 124/88/74 125/89/74 161/53/74
f 124/88/74 161/53/74 160/52/74
f 125/89/74 126/90/74 162/54/74
f 125/89/74 162/54/74 161/53/74
f 126/90/74 127/91/74 163/55/74
f 126/90/74 163/55/74 162/54/74
f 127/91/74 128/92/74 164/56/74
f 127/91/74 164/56/74 163/55/74
f 128/92/74 129/93/74 165/57/74
f 128/92/74 165/57/74 164/56/74
f 129/93/74 130/94/74 166/58/74
f 129/93/74 166/58/74 165/57/74
f 130/94/74 131/95/74 167/59/74
f 130/94/74 167/59/74 166/58/74
f 131/95/74 132/96/74 168/60/74
f 131/95/74 168/60/74 167/59/74
f 132/96/74 133/97/74 169/61/74
f 132/96/74 169/61/74 168/60/74
f 133/97/74 134/98/74 170/62/74
f 133/97/74 170/62/74 169/61/74
f 134/98/74 135/99/74 171/63/74
f 134/98/74 171/63/74 170/62/74
f 135/99/74 136/100/74 172/64/74
f 135/99/74 172/64/74 171/63/74
f 136/100/74 137/101/74 173/65/74
f 136/100/74 173/65/74 172/64/74
f 137/101/74 138/102/74 174/66/74
f 137/101/74 174/66/74 173/65/74
f 138/102/74 139/103/74 175/67/74
f 138/102/74 175/67/74 174/66/74
f 139/103/74 140/104/74 176/68/74
f 139/103/74 176/68/74 175/67/74
f 140/104/74 141/105/74 177/69/74
f 140/104/74 177/69/74 176/68/74
f 141/105/74 142/106/74 178/70/74
f 141/105/74 178/70/74 177/69/74
f 142/106/74 143/107/74 179/71/74
f 142/106/74 179/71/74 178/70/74
f 143/107/74 144/108/74 180/72/74
f 143/107/74 180/72/74 179/71/74
f 144/108/74 145/109/74 181/73/74
f 144/108/74 181/73/74 180/72/74
f 145/109/74 111/75/74 147/39/74
f 145/109/74 147/39/74 181/73/74
f 147/113/75 146/170/75 182/171/75
f 147/113/75 182/171/75 183/172/75
f 146/170/76 148/173/76 184/174/76
f 146/170/76 184/174/76 182/171/76
f 148/173/77 149/175/77 185/176/77
f 148/173/77 185/176/77 184/174/77
f 149/175/78 150/177/78 186/178/78
f 149/175/78 186/178/78 185/176/78
f 150/177/79 151/179/79 187/180/79
f 150/181/79 187/182/79 186/183/79
f 151/184/80 152/185/80 188/186/80
f 151/184/80 188/186/80 187/182/80
f 152/185/81 153/187/81 189/188/81
f 152/185/81 189/188/81 188/186/81
f 153/187/82 154/189/82 190/190/82
f 153/187/82 190/190/82 189/188/82
f 154/189/83 155/131/83 191/191/83
f 154/189/83 191/191/83 190/190/83
f 155/131/84 156/192/84 192/193/84
f 155/131/84 192/193/84 191/191/84
f 156/192/85 157/194/85 193/195/85
f 156/192/85 193/195/85 192/193/85
f 157/194/86 158/196/86 194/197/86
f 157/194/86 194/197/86 193/195/86
f 158/196/87 159/198/87 195/199/87
f 158/196/87 195/199/87 194/197/87
f 159/198/88 160/200/88 196/201/88
f 159/202/88 196/203/88 195/204/88
f 160/205/89 161/206/89 197/207/89
f 160/205/89 197/207/89 196/203/89
f 161/206/90 162/208/90 198/209/90
f 161/206/90 198/209/90 197/207/90
f 162/208/91 163/210/91 199/211/91
f 162/208/91 199/211/91 198/209/91
f 163/210/92 164/151/92 200/212/92
f 163/210/92 200/212/92 199/211/92
f 164/151/93 165/213/93 201/214/93
f 164/151/93 201/214/93 200/212/93
f 165/213/94 166/215/94 202/216/94
f 165/213/94 202/216/94 201/214/94
f 166/215/95 167/217/95 203/218/95
f 166/215/95 203/218/95 202/216/95
f 167/217/96 168/219/96 204/220/96
f 167/217/96 204/220/96 203/218/96
f 168/219/97 169/221/97 205/222/97
f 168/219/97 205/222/97 204/220/97
f 169/198/98 170/196/98 206/197/98
f 169/198/98 206/197/98 205/199/98
f 170/196/99 171/194/99 207/195/99
f 170/196/99 207/195/99 206/197/99
f 171/194/100 172/192/100 208/193/100
f 171/194/100 208/193/100 207/195/100
f 172/192/101 173/131/101 209/191/101
f 172/192/101 209/191/101 208/193/101
f 173/131/102 174/189/102 210/190/102
f 173/131/102 210/190/102 209/191/102
f 174/189/103 175/187/103 211/188/103
f 174/189/103 211/188/103 210/190/103
f 175/187/104 176/185/104 212/186/104
f 175/187/104 212/186/104 211/188/104
f 176/185/105 177/184/105 213/182/105
f 176/185/105 213/182/105 212/186/105
f 177/184/106 178/181/106 214/183/106
f 177/184/106 214/183/106 213/182/106
f 178/223/107 179/224/107 215/225/107
f 178/223/107 215/225/107 214/226/107
f 179/224/108 180/227/108 216/228/108
f 179/224/108 216/228/108 215/225/108
f 180/227/109 181/229/109 217/230/109
f 180/227/109 217/230/109 216/228/109
f 181/229/110 147/113/110 183/172/110
f 181/229/110 183/172/110 217/230/110
f 183/231/74 182/232/74 218/2/74
f 183/231/74 218/2/74 219/3/74
f 182/232/74 184/233/74 220/4/74
f 182/232/74 220/4/74 218/2/74
f 184/233/74 185/234/74 221/5/74
f 184/233/74 221/5/74 220/4/74
f 185/234/74 186/235/74 222/6/74
f 185/234/74 222/6/74 221/5/74
f 186/235/74 187/236/74 223/7/74
f 186/235/74 223/7/74 222/6/74
f 187/236/74 188/237/74 224/8/74
f 187/236/74 224/8/74 223/7/74
f 188/237/74 189/238/74 225/9/74
f 188/237/74 225/9/74 224/8/74
f 189/238/74 190/239/74 226/10/74
f 189/238/74 226/10/74 225/9/74
f 190/239/74 191/240/74 227/11/74
f 190/239/74 227/11/74 226/10/74
f 191/240/74 192/241/74 228/12/74
f 191/240/74 228/12/74 227/11/74
f 192/241/74 193/242/74 229/13/74
f 192/241/74 229/13/74 228/12/74
f 193/242/74 194/243/74 230/14/74
f 193/242/74 230/14/74 229/13/74
f 194/243/74 195/244/74 231/15/74
f 194/243/74 231/15/74 230/14/74
f 195/244/74 196/245/74 232/16/74
f 195/244/74 232/16/74 231/15/74
f 196/245/74 197/246/74 233/17/74
f 196/245/74 233/17/74 232/16/74
f 197/246/74 198/247/74 234/18/74
f 197/246/74 234/18/74 233/17/74
f 198/247/74 199/248/74 235/19/74
f 198/247/74 235/19/74 234/18/74
f 199/248/74 200/249/74 236/20/74
f 199/248/74 236/20/74 235/19/74
f 200/249/74 201/250/74 237/21/74
f 200/249/74 237/21/74 236/20/74
f 201/250/74 202/251/74 238/22/74
f 201/250/74 238/22/74 237/21/74
f 202/251/74 203/252/74 239/23/74
f 202/251/74 239/23/74 238/22/74
f 203/252/74 204/253/74 240/24/74
f 203/252/74 240/24/74 239/23/74
f 204/253/74 205/254/74 241/25/74
f 204/253/74 241/25/74 240/24/74
f 205/254/74 206/255/74 242/26/74
f 205/254/74 242/26/74 241/25/74
f 206/255/74 207/256/74 243/27/74
f 206/255/74 243/27/74 242/26/74
f 207/256/74 208/257/74 244/28/74
f 207/256/74 244/28/74 243/27/74
f 208/257/74 209/258/74 245/29/74
f 208/257/74 245/29/74 244/28/74
f 209/258/74 210/259/74 246/30/74
f 209/258/74 246/30/74 245/29/74
f 210/259/74 211/260/74 247/31/74
f 210/259/74 247/31/74 246/30/74
f 211/260/74 212/261/74 248/32/74
f 211/260/74 248/32/74 247/31/74
f 212/261/74 213/262/74 249/33/74
f 212/261/74 249/33/74 248/32/74
f 213/262/74 214/263/74 250/34/74
f 213/262/74 250/34/74 249/33/74
f 214/263/74 215/264/74 251/35/74
f 214/263/74 251/35/74 250/34/74
f 215/264/74 216/265/74 252/36/74
f 215/264/74 252/36/74 251/35/74
f 216/265/74 217/266/74 253/37/74
f 216/265/74 253/37/74 252/36/74
f 217/266/74 183/231/74 219/3/74
f 217/266/74 219/3/74 253/37/74
f 219/3/111 218/2/111 254/267/111
f 219/3/111 254/267/111 255/268/111
f 218/2/112 220/4/112 256/269/112
f 218/2/112 256/269/112 254/267/112
f 220/4/113 221/5/113 257/270/113
f 220/4/113 257/270/113 256/269/113
f 221/5/114 222/6/114 258/271/114
f 221/5/114 258/271/114 257/270/114
f 222/6/115 223/7/115 259/272/115
f 222/6/115 259/272/115 258/271/115
f 223/7/116 224/8/116 260/273/116
f 223/7/116 260/273/116 259/272/116
f 224/8/117 225/9/117 261/274/117
f 224/8/117 261/274/117 260/273/117
f 225/9/118 226/10/118 262/275/118
f 225/9/118 262/275/118 261/274/118
f 226/10/119 227/11/119 263/276/119
f 226/10/119 263/276/119 262/275/119
f 227/11/120 228/12/120 264/277/120
f 227/11/120 264/277/120 263/276/120
f 228/12/121 229/13/121 265/278/121
f 228/12/121 265/278/121 264/277/121
f 229/13/122 230/14/122 266/279/122
f 229/13/122 266/279/122 265/278/122
f 230/14/123 231/15/123 267/280/123
f 230/14/123 267/280/123 266/279/123
f 231/15/124 232/16/124 268/281/124
f 231/15/124 268/281/124 267/280/124
f 232/16/125 233/17/125 269/282/125
f 232/16/125 269/282/125 268/281/125
f 233/17/126 234/18/126 270/283/126
f 233/17/126 270/283/126 269/282/126
f 234/18/127 235/19/127 271/284/127
f 234/18/127 271/284/127 270/283/127
f 235/19/128 236/20/128 272/285/128
f 235/19/128 272/285/128 271/284/128
f 236/20/129 237/21/129 273/286/129
f 236/20/129 273/286/129 272/285/129
f 237/21/130 238/22/130 274/287/130
f 237/21/130 274/287/130 273/286/130
f 238/22/131 239/23/131 275/288/131
f 238/22/131 275/288/131 274/287/131
f 239/23/132 240/24/132 276/289/132
f 239/23/132 276/289/132 275/288/132
f 240/24/133 241/25/133 277/290/133
f 240/24/133 277/290/133 276/289/133
f 241/25/134 242/26/134 278/291/134
f 241/25/134 278/291/134 277/290/134
f 242/26/135 243/27/135 279/292/135
f 242/26/135 279/292/135 278/291/135
f 243/27/136 244/28/136 280/293/136
f 243/27/136 280/293/136 279/292/136
f 244/28/137 245/29/137 281/294/137
f 244/28/137 281/294/137 280/293/137
f 245/29/138 246/30/138 282/295/138
f 245/29/138 282/295/138 281/294/138
f 246/30/139 247/31/139 283/296/139
f 246/30/139 283/296/139 282/295/139
f 247/31/140 248/32/140 284/297/140
f 247/31/140 284/297/140 283/296/140
f 248/32/141 249/33/141 285/298/141
f 248/32/141 285/298/141 284/297/141
f 249/33/142 250/34/142 286/299/142
f 249/33/142 286/299/142 285/298/142
f 250/34/143 251/35/143 287/300/143
f 250/34/143 287/300/143 286/299/143
f 251/35/144 252/36/144 288/301/144
f 251/35/144 288/301/144 287/300/144
f 252/36/145 253/37/145 289/302/145
f 252/36/145 289/302/145 288/301/145
f 253/37/146 219/3/146 255/268/146
f 253/37/146 255/268/146 289/302/146
f 255/268/147 254/267/147 290/303/147
f 255/268/147 290/303/147 291/304/147
f 254/267/148 256/269/148 292/305/148
f 254/267/148 292/305/148 290/303/148
f 256/269/149 257/270/149 293/306/149
f 256/269/149 293/306/149 292/305/149
f 257/270/150 258/271/150 294/307/150
f 257/270/150 294/307/150 293/306/150
f 258/271/151 259/272/151 295/308/151
f 258/271/151 295/308/151 294/307/151
f 259/272/152 260/273/152 296/309/152
f 259/272/152 296/309/152 295/308/152
f 260/273/153 261/274/153 297/310/153
f 260/273/153 297/310/153 296/309/153
f 261/274/154 262/275/154 298/311/154
f 261/274/154 298/311/154 297/310/154
f 262/275/155 263/276/155 299/312/155
f 262/275/155 299/312/155 298/311/155
f 263/276/156 264/277/156 300/313/156
f 263/276/156 300/313/156 299/312/156
f 264/277/157 265/278/157 301/314/157
f 264/277/157 301/314/157 300/313/157
f 265/278/158 266/279/158 302/315/158
f 265/278/158 302/315/158 301/314/158
f 266/279/159 267/280/159 303/316/159
f 266/279/159 303/316/159 302/315/159
f 267/280/160 268/281/160 304/317/160
f 267/280/160 304/317/160 303/316/160
f 268/281/161 269/282/161 305/318/161
f 268/281/161 305/318/161 304/317/161
f 269/282/162 270/283/162 306/319/162
f 269/282/162 306/319/162 305/318/162
f 270/283/163 271/284/163 307/320/163
f 270/283/163 307/320/163 306/319/163
f 271/284/164 272/285/164 308/321/164
f 271/284/164 308/321/164 307/320/164
f 272/285/165 273/286/165 309/322/165
f 272/285/165 309/322/165 308/321/165
f 273/286/166 274/287/166 310/323/166
f 273/286/166 310/323/166 309/322/166
f 274/287/167 275/288/167 311/324/167
f 274/287/167 311/324/167 310/323/167
f 275/288/168 276/289/168 312/325/168
f 275/288/168 312/325/168 311/324/168
f 276/289/169 277/290/169 313/326/169
f 276/289/169 313/326/169 312/325/169
f 277/290/170 278/291/170 314/327/170
f 277/290/170 314/327/170 313/326/170
f 278/291/171 279/292/171 315/328/171
f 278/291/171 315/328/171 314/327/171
f 279/292/172 280/293/172 316/329/172
f 279/292/172 316/329/172 315/328/172
f 280/293/173 281/294/173 317/330/173
f 280/293/173 317/330/173 316/329/173
f 281/294/174 282/295/174 318/331/174
f 281/294/174 318/331/174 317/330/174
f 282/295/175 283/296/175 319/332/175
f 282/295/175 319/332/175 318/331/175
f 283/296/176 284/297/176 320/333/176
f 283/296/176 320/333/176 319/332/176
f 284/297/177 285/298/177 321/334/177
f 284/297/177 321/334/177 320/333/177
f 285/298/178 286/299/178 322/335/178
f 285/298/178 322/335/178 321/334/178
f 286/299/179 287/300/179 323/336/179
f 286/299/179 323/336/179 322/335/179
f 287/300/180 288/301/180 324/337/180
f 287/300/180 324/337/180 323/336/180
f 288/301/181 289/302/181 325/338/181
f 288/301/181 325/338/181 324/337/181
f 289/302/182 255/268/182 291/304/182
f 289/302/182 291/304/182 325/338/182
f 291/304/74 290/303/74 326/1/74
f 290/303/74 292/305/74 326/1/74
f 292/305/74 293/306/74 326/1/74
f 293/306/74 294/307/74 326/1/74
f 294/307/74 295/308/74 326/1/74
f 295/308/74 296/309/74 326/1/74
f 296/309/74 297/310/74 326/1/74
f 297/310/74 298/311/74 326/1/74
f 298/311/74 299/312/74 326/1/74
f 299/312/74 300/313/74 326/1/74
f 300/313/74 301/314/74 326/1/74
f 301/314/74 302/315/74 326/1/74
f 302/315/74 303/316/74 326/1/74
f 303/316/74 304/317/74 326/1/74
f 304/317/74 305/318/74 326/1/74
f 305/318/74 306/319/74 326/1/74
f 306/319/74 307/320/74 326/1/74
f 307/320/74 308/321/74 326/1/74
f 308/321/74 309/322/74 326/1/74
f 309/322/74 310/323/74 326/1/74
f 310/323/74 311/324/74 326/1/74
f 311/324/74 312/325/74 326/1/74
f 312/325/74 313/326/74 326/1/74
f 313/326/74 314/327/74 326/1/74
f 314/327/74 315/328/74 326/1/74
f 315/328/74 316/329/74 326/1/74
f 316/329/74 317/330/74 326/1/74
f 317/330/74 318/331/74 326/1/74
f 318/331/74 319/332/74 326/1/74
f 319/332/74 320/333/74 326/1/74
f 320/333/74 321/334/74 326/1/74
f 321/334/74 322/335/74 326/1/74
f 322/335/74 323/336/74 326/1/74
f 323/336/74 324/337/74 326/1/74
f 324/337/74 325/338/74 326/1/74
f 325/338/74 291/304/74 326/1/74
f 327/339/183 328/340/183 329/341/183
f 327/339/183 329/341/183 330/342/183
f 331/343/184 332/344/184 333/345/184
f 331/343/184 333/345/184 334/346/184
f 330/347/185 329/348/185 334/349/185
f 330/347/185 334/349/185 333/350/185
f 332/350/186 331/349/186 328/348/186
f 332/350/186 328/348/186 327/347/186
f 332/351/187 327/352/187 330/353/187
f 332/351/187 330/353/187 333/354/187
f 328/352/188 331/351/188 334/354/188
f 328/352/188 334/354/188 329/353/188
f 335/355/189 336/356/189 337/357/189
f 335/355/189 337/357/189 338/358/189
f 336/359/190 339/360/190 340/361/190
f 336/359/190 340/361/190 337/362/190
f 339/360/191 341/363/191 342/364/191
f 339/360/191 342/364/191 340/361/191
f 341/363/192 343/365/192 344/366/192
f 341/363/192 344/366/192 342/364/192
f 343/367/193 345/368/193 346/369/193
f 343/367/193 346/369/193 344/370/193
f 345/368/194 347/371/194 348/372/194
f 345/368/194 348/372/194 346/369/194
f 347/365/195 349/363/195 350/364/195
f 347/365/195 350/364/195 348/366/195
f 349/363/196 351/360/196 352/361/196
f 349/363/196 352/361/196 350/364/196
f 351/360/197 353/359/197 354/362/197
f 351/360/197 354/362/197 352/361/197
f 353/373/198 335/355/198 338/358/198
f 353/373/198 338/358/198 354/374/198
f 338/358/199 337/357/199 355/375/199
f 338/376/199 355/377/199 356/378/199
f 337/379/200 340/380/200 357/381/200
f 337/379/200 357/381/200 355/377/200
f 340/361/201 342/364/201 358/382/201
f 340/361/201 358/382/201 357/383/201
f 342/384/202 344/385/202 359/386/202
f 342/384/202 359/386/202 358/387/202
f 344/370/203 346/369/203 360/388/203
f 344/370/203 360/388/203 359/389/203
f 346/369/204 348/372/204 361/390/204
f 346/369/204 361/390/204 360/388/204
f 348/391/205 350/392/205 362/393/205
f 348/391/205 362/393/205 361/394/205
f 350/364/206 352/361/206 363/383/206
f 350/364/206 363/383/206 362/382/206
f 352/395/207 354/396/207 364/397/207
f 352/395/207 364/397/207 363/398/207
f 354/396/208 338/376/208 356/378/208
f 354/374/208 356/399/208 364/400/208
f 356/378/209 355/377/209 365/401/209
f 355/377/210 357/381/210 365/401/210
f 357/381/211 358/387/211 365/401/211
f 358/387/212 359/386/212 365/401/212
f 359/386/213 360/402/213 365/401/213
f 360/402/214 361/394/214 365/401/214
f 361/394/215 362/393/215 365/401/215
f 362/393/216 363/398/216 365/401/216
f 363/398/217 364/397/217 365/401/217
f 364/397/218 356/378/218 365/401/218
f 366/403/219 367/404/219 368/405/219
f 366/403/219 369/406/219 367/404/219
f 366/403/219 370/407/219 369/406/219
f 366/403/219 371/408/219 370/407/219
f 366/403/219 372/409/219 371/408/219
f 366/403/219 373/410/219 372/409/219
f 366/403/219 374/411/219 373/410/219
f 366/403/219 368/405/219 374/411/219
f 368/412/220 367/413/220 375/414/220
f 368/412/220 375/414/220 376/415/220
f 367/416/221 369/417/221 377/418/221
f 367/416/221 377/418/221 375/419/221
f 369/417/222 370/420/222 378/421/222
f 369/417/222 378/421/222 377/418/222
f 370/422/223 371/423/223 379/424/223
f 370/422/223 379/424/223 378/425/223
f 371/423/224 372/426/224 380/427/224
f 371/423/224 380/427/224 379/424/224
f 372/420/225 373/417/225 381/418/225
f 372/420/225 381/418/225 380/421/225
f 373/417/226 374/416/226 382/419/226
f 373/417/226 382/419/226 381/418/226
f 374/428/227 368/412/227 376/415/227
f 374/428/227 376/415/227 382/429/227
f 376/405/228 375/404/228 383/403/228
f 375/404/228 377/406/228 383/403/228
f 377/406/228 378/407/228 383/403/228
f 378/407/228 379/408/228 383/403/228
f 379/408/228 380/409/228 383/403/228
f 380/409/228 381/410/228 383/403/228
f 381/410/228 382/411/228 383/403/228
f 382/411/228 376/405/228 383/403/228
f 384/430/229 385/431/229 386/432/229
f 384/430/229 386/432/229 387/433/229
f 388/434/230 389/435/230 390/436/230
f 388/434/230 390/436/230 391/437/230
f 387/438/231 386/439/231 391/440/231
f 387/438/231 391/440/231 390/441/231
f 389/442/232 388/443/232 385/444/232
f 389/442/232 385/444/232 384/445/232
f 389/446/233 384/447/233 387/448/233
f 389/446/233 387/448/233 390/449/233
f 385/447/234 388/446/234 391/449/234
f 385/447/234 391/449/234 386/448/234
f 392/450/235 393/451/235 394/452/235
f 392/450/235 394/452/235 395/453/235
f 396/454/236 397/455/236 398/456/236
f 396/454/236 398/456/236 399/457/236
f 395/458/237 394/459/237 399/460/237
f 395/458/237 399/460/237 398/461/237
f 397/461/238 396/460/238 393/459/238
f 397/461/238 393/459/238 392/458/238
f 397/462/239 392/463/239 395/464/239
f 397/462/239 395/464/239 398/465/239
f 393/463/240 396/462/240 399/465/240
f 393/463/240 399/465/240 394/464/240
f 400/466/241 401/467/241 402/468/241
f 400/466/241 402/468/241 403/469/241
f 403/470/242 402/471/242 404/472/242
f 403/470/242 404/472/242 405/473/242
f 405/474/243 404/475/243 406/476/243
f 405/474/243 406/476/243 407/477/243
f 407/478/244 406/479/244 408/480/244
f 407/478/244 408/480/244 409/481/244
f 409/482/245 408/483/245 401/467/245
f 409/482/245 401/467/245 400/466/245
f 401/467/246 410/484/246 411/485/246
f 401/467/246 411/485/246 402/468/246
f 402/471/247 411/486/247 412/487/247
f 402/471/247 412/487/247 404/472/247
f 404/475/248 412/488/248 413/489/248
f 404/475/248 413/489/248 406/476/248
f 406/479/249 413/490/249 414/491/249
f 406/479/249 414/491/249 408/480/249
f 408/483/250 414/492/250 410/484/250
f 408/483/250 410/484/250 401/467/250
f 410/493/251 415/494/251 416/495/251
f 410/493/251 416/495/251 411/496/251
f 411/486/252 416/497/252 417/498/252
f 411/486/252 417/498/252 412/487/252
f 412/499/253 417/500/253 418/501/253
f 412/499/253 418/501/253 413/502/253
f 413/490/254 418/503/254 419/504/254
f 413/490/254 419/504/254 414/491/254
f 414/505/255 419/506/255 415/494/255
f 414/505/255 415/494/255 410/493/255
f 415/494/256 420/507/256 421/508/256
f 415/494/256 421/508/256 416/495/256
f 416/497/257 421/509/257 422/510/257
f 416/497/257 422/510/257 417/498/257
f 417/500/258 422/511/258 423/512/258
f 417/500/258 423/512/258 418/501/258
f 418/503/259 423/513/259 424/514/259
f 418/503/259 424/514/259 419/504/259
f 419/506/260 424/515/260 420/507/260
f 419/506/260 420/507/260 415/494/260
f 420/507/261 425/516/261 426/517/261
f 420/507/261 426/517/261 421/508/261
f 421/509/262 426/518/262 427/519/262
f 421/509/262 427/519/262 422/510/262
f 422/511/263 427/520/263 428/521/263
f 422/511/263 428/521/263 423/512/263
f 423/513/264 428/522/264 429/523/264
f 423/513/264 429/523/264 424/514/264
f 424/515/265 429/524/265 425/516/265
f 424/515/265 425/516/265 420/507/265
f 425/516/266 430/525/266 431/526/266
f 425/516/266 431/526/266 426/517/266
f 426/518/267 431/527/267 432/528/267
f 426/518/267 432/528/267 427/519/267
f 427/520/268 432/529/268 433/530/268
f 427/520/268 433/530/268 428/521/268
f 428/522/269 433/531/269 434/532/269
f 428/522/269 434/532/269 429/523/269
f 429/524/270 434/533/270 430/525/270
f 429/524/270 430/525/270 425/516/270
f 430/484/271 435/467/271 436/468/271
f 430/484/271 436/468/271 431/485/271
f 431/527/272 436/534/272 437/535/272
f 431/527/272 437/535/272 432/528/272
f 432/488/273 437/475/273 438/476/273
f 432/488/273 438/476/273 433/489/273
f 433/531/274 438/536/274 439/537/274
f 433/531/274 439/537/274 434/532/274
f 434/492/275 439/483/275 435/467/275
f 434/492/275 435/467/275 430/484/275
f 435/467/276 440/466/276 441/469/276
f 435/467/276 441/469/276 436/468/276
f 436/534/277 441/538/277 442/539/277
f 436/534/277 442/539/277 437/535/277
f 437/475/278 442/474/278 443/477/278
f 437/475/278 443/477/278 438/476/278
f 438/536/279 443/540/279 444/541/279
f 438/536/279 444/541/279 439/537/279
f 439/483/280 444/482/280 440/466/280
f 439/483/280 440/466/280 435/467/280
f 440/466/281 445/542/281 446/543/281
f 440/466/281 446/543/281 441/469/281
f 441/538/282 446/544/282 447/545/282
f 441/538/282 447/545/282 442/539/282
f 442/474/283 447/546/283 448/547/283
f 442/474/283 448/547/283 443/477/283
f 443/540/284 448/548/284 449/549/284
f 443/540/284 449/549/284 444/541/284
f 444/482/285 449/550/285 445/542/285
f 444/482/285 445/542/285 440/466/285
f 445/542/286 450/551/286 451/552/286
f 445/542/286 451/552/286 446/543/286
f 446/544/287 451/553/287 452/554/287
f 446/544/287 452/554/287 447/545/287
f 447/546/288 452/555/288 453/556/288
f 447/546/288 453/556/288 448/547/288
f 448/548/289 453/557/289 454/558/289
f 448/548/289 454/558/289 449/549/289
f 449/550/290 454/559/290 450/551/290
f 449/550/290 450/551/290 445/542/290
f 450/525/291 455/516/291 456/517/291
f 450/525/291 456/517/291 451/526/291
f 451/553/292 456/560/292 457/561/292
f 451/553/292 457/561/292 452/554/292
f 452/529/293 457/520/293 458/521/293
f 452/529/293 458/521/293 453/530/293
f 453/557/294 458/562/294 459/563/294
f 453/557/294 459/563/294 454/558/294
f 454/533/295 459/524/295 455/516/295
f 454/533/295 455/516/295 450/525/295
f 455/516/296 460/507/296 461/508/296
f 455/516/296 461/508/296 456/517/296
f 456/560/297 461/564/297 462/565/297
f 456/560/297 462/565/297 457/561/297
f 457/520/298 462/511/298 463/512/298
f 457/520/298 463/512/298 458/521/298
f 458/562/299 463/566/299 464/567/299
f 458/562/299 464/567/299 459/563/299
f 459/524/300 464/515/300 460/507/300
f 459/524/300 460/507/300 455/516/300
f 460/507/301 465/494/301 466/495/301
f 460/507/301 466/495/301 461/508/301
f 461/564/302 466/568/302 467/569/302
f 461/564/302 467/569/302 462/565/302
f 462/511/303 467/500/303 468/501/303
f 462/511/303 468/501/303 463/512/303
f 463/566/304 468/570/304 469/571/304
f 463/566/304 469/571/304 464/567/304
f 464/515/305 469/506/305 465/494/305
f 464/515/305 465/494/305 460/507/305
f 465/494/306 470/493/306 471/496/306
f 465/494/306 471/496/306 466/495/306
f 466/568/307 471/572/307 472/573/307
f 466/568/307 472/573/307 467/569/307
f 467/500/308 472/499/308 473/502/308
f 467/500/308 473/502/308 468/501/308
f 468/570/309 473/574/309 474/575/309
f 468/570/309 474/575/309 469/571/309
f 469/506/310 474/505/310 470/493/310
f 469/506/310 470/493/310 465/494/310
f 470/551/311 475/542/311 476/543/311
f 470/551/311 476/543/311 471/552/311
f 471/572/312 476/576/312 477/577/312
f 471/572/312 477/577/312 472/573/312
f 472/555/313 477/546/313 478/547/313
f 472/555/313 478/547/313 473/556/313
f 473/574/314 478/578/314 479/579/314
f 473/574/314 479/579/314 474/575/314
f 474/559/315 479/550/315 475/542/315
f 474/559/315 475/542/315 470/551/315
f 475/542/316 400/466/316 403/469/316
f 475/542/316 403/469/316 476/543/316
f 476/576/317 403/470/317 405/473/317
f 476/576/317 405/473/317 477/577/317
f 477/546/318 405/474/318 407/477/318
f 477/546/318 407/477/318 478/547/318
f 478/578/319 407/478/319 409/481/319
f 478/578/319 409/481/319 479/579/319
f 479/550/320 409/482/320 400/466/320
f 479/550/320 400/466/320 475/542/320
f 480/580/321 481/581/321 482/582/321
f 480/580/321 482/582/321 483/583/321
f 481/581/322 484/584/322 485/585/322
f 481/581/322 485/585/322 482/582/322
f 484/584/323 486/586/323 487/587/323
f 484/584/323 487/587/323 485/585/323
f 486/586/324 488/588/324 489/589/324
f 486/586/324 489/589/324 487/587/324
f 488/588/325 490/590/325 491/591/325
f 488/588/325 491/591/325 489/589/325
f 490/590/326 492/592/326 493/593/326
f 490/590/326 493/593/326 491/591/326
f 492/592/327 494/594/327 495/595/327
f 492/592/327 495/595/327 493/593/327
f 494/594/328 496/596/328 497/597/328
f 494/594/328 497/597/328 495/595/328
f 496/596/329 498/598/329 499/599/329
f 496/596/329 499/599/329 497/597/329
f 498/598/330 480/580/330 483/583/330
f 498/598/330 483/583/330 499/599/330
f 483/583/331 482/582/331 500/600/331
f 482/582/332 485/585/332 500/600/332
f 485/585/333 487/587/333 500/600/333
f 487/587/334 489/589/334 500/600/334
f 489/589/335 491/591/335 500/600/335
f 491/591/336 493/593/336 500/600/336
f 493/593/337 495/595/337 500/600/337
f 495/595/338 497/597/338 500/600/338
f 497/597/339 499/599/339 500/600/339
f 499/599/340 483/583/340 500/600/340
f 501/601/341 502/602/341 503/603/341
f 501/601/341 503/603/341 504/604/341
f 505/605/342 506/606/342 507/607/342
f 505/605/342 507/607/342 508/608/342
f 504/609/343 503/610/343 508/611/343
f 504/609/343 508/611/343 507/612/343
f 506/612/344 505/611/344 502/610/344
f 506/612/344 502/610/344 501/609/344
f 506/613/345 501/614/345 504/615/345
f 506/613/345 504/615/345 507/616/345
f 502/614/346 505/613/346 508/616/346
f 502/614/346 508/616/346 503/615/346
f 509/617/347 510/618/347 511/619/347
f 512/617/348 513/619/348 514/618/348
f 509/617/347 511/619/347 515/620/347
f 512/617/348 516/620/348 513/619/348
f 509/621/349 512/622/349 514/623/349
f 509/621/349 514/623/349 510/624/349
f 510/624/350 514/623/350 513/625/350
f 510/624/350 513/625/350 511/626/350
f 511/626/351 513/625/351 516/627/351
f 511/626/351 516/627/351 515/628/351
f 515/628/352 516/627/352 512/622/352
f 515/628/352 512/622/352 509/621/352
f 517/629/353 518/630/353 519/631/353
f 517/629/353 519/631/353 520/632/353
f 521/633/354 522/634/354 523/635/354
f 521/633/354 523/635/354 524/636/354
f 520/637/355 519/638/355 524/639/355
f 520/637/355 524/639/355 523/640/355
f 522/640/356 521/639/356 518/638/356
f 522/640/356 518/638/356 517/637/356
f 522/641/357 517/642/357 520/643/357
f 522/641/357 520/643/357 523/644/357
f 518/642/358 521/641/358 524/644/358
f 518/642/358 524/644/358 519/643/358
f 525/645/359 526/646/359 527/647/359
f 525/645/359 527/647/359 528/648/359
f 529/649/360 530/650/360 531/651/360
f 529/649/360 531/651/360 532/652/360
f 528/653/361 527/654/361 532/655/361
f 528/653/361 532/655/361 531/656/361
f 530/656/362 529/655/362 526/654/362
f 530/656/362 526/654/362 525/653/362
f 530/657/363 525/658/363 528/659/363
f 530/657/363 528/659/363 531/660/363
f 526/658/364 529/657/364 532/660/364
f 526/658/364 532/660/364 527/659/364
f 533/661/365 534/662/365 535/663/365
f 533/661/365 535/663/365 536/664/365
f 537/665/366 538/666/366 539/667/366
f 537/665/366 539/667/366 540/668/366
f 536/669/367 535/670/367 540/671/367
f 536/669/367 540/671/367 539/672/367
f 538/672/368 537/671/368 534/670/368
f 538/672/368 534/670/368 533/669/368
f 538/673/369 533/674/369 536/675/369
f 538/673/369 536/675/369 539/676/369
f 534/674/370 537/673/370 540/676/370
f 534/674/370 540/676/370 535/675/370
f 541/677/371 542/678/371 543/679/371
f 541/677/371 543/679/371 544/680/371
f 545/681/372 546/682/372 547/683/372
f 545/681/372 547/683/372 548/684/372
f 544/685/373 543/686/373 548/687/373
f 544/685/373 548/687/373 547/688/373
f 546/688/374 545/687/374 542/686/374
f 546/688/374 542/686/374 541/685/374
f 546/689/375 541/690/375 544/691/375
f 546/689/375 544/691/375 547/692/375
f 542/690/376 545/689/376 548/692/376
f 542/690/376 548/692/376 543/691/376
f 549/693/377 550/694/377 551/695/377
f 549/693/377 551/695/377 552/696/377
f 553/697/378 554/698/378 555/699/378
f 553/697/378 555/699/378 556/700/378
f 552/701/379 551/702/379 556/703/379
f 552/701/379 556/703/379 555/704/379
f 554/704/380 553/703/380 550/702/380
f 554/704/380 550/702/380 549/701/380
f 554/705/381 549/706/381 552/707/381
f 554/705/381 552/707/381 555/708/381
f 550/706/382 553/705/382 556/708/382
f 550/706/382 556/708/382 551/707/382
f 557/709/383 558/710/383 559/711/383
f 557/709/383 559/711/383 560/712/383
f 561/713/384 562/714/384 563/715/384
f 561/713/384 563/715/384 564/716/384
f 560/717/385 559/718/385 564/719/385
f 560/717/385 564/719/385 563/720/385
f 562/720/386 561/719/386 558/718/386
f 562/720/386 558/718/386 557/717/386
f 562/721/387 557/722/387 560/723/387
f 562/721/387 560/723/387 563/724/387
f 558/722/388 561/721/388 564/724/388
f 558/722/388 564/724/388 559/723/388
f 565/725/389 566/726/389 567/727/389
f 565/725/389 567/727/389 568/728/389
f 569/729/390 570/730/390 571/731/390
f 569/729/390 571/731/390 572/732/390
f 568/733/391 567/734/391 572/735/391
f 568/733/391 572/735/391 571/736/391
f 570/736/392 569/735/392 566/734/392
f 570/736/392 566/734/392 565/733/392
f 570/737/393 565/738/393 568/739/393
f 570/737/393 568/739/393 571/740/393
f 566/738/394 569/737/394 572/740/394
f 566/738/394 572/740/394 567/739/394
f 573/741/395 574/742/395 575/743/395
f 573/741/395 575/743/395 576/744/395
f 577/745/396 578/746/396 579/747/396
f 577/745/396 579/747/396 580/748/396
f 576/749/397 575/750/397 580/751/397
f 576/749/397 580/751/397 579/752/397
f 578/752/398 577/751/398 574/750/398
f 578/752/398 574/750/398 573/749/398
f 578/753/399 573/754/399 576/755/399
f 578/753/399 576/755/399 579/756/399
f 574/754/400 577/753/400 580/756/400
f 574/754/400 580/756/400 575/755/400
f 581/757/401 582/758/401 583/759/401
f 581/757/401 583/759/401 584/760/401
f 585/761/402 586/762/402 587/763/402
f 585/761/402 587/763/402 588/764/402
f 584/765/403 583/766/403 588/767/403
f 584/765/403 588/767/403 587/768/403
f 586/768/404 585/767/404 582/766/404
f 586/768/404 582/766/404 581/765/404
f 586/769/405 581/770/405 584/771/405
f 586/769/405 584/771/405 587/772/405
f 582/773/406 585/774/406 588/775/406
f 582/773/406 588/775/406 583/776/406
f 589/777/401 590/778/401 591/779/401
f 589/777/401 591/779/401 592/780/401
f 593/781/402 594/782/402 595/783/402
f 593/781/402 595/783/402 596/784/402
f 592/785/407 591/786/407 596/787/407
f 592/785/407 596/787/407 595/788/407
f 594/788/408 593/787/408 590/786/408
f 594/788/408 590/786/408 589/785/408
f 594/789/409 589/790/409 592/791/409
f 594/789/409 592/791/409 595/792/409
f 590/793/410 593/793/410 596/794/410
f 590/793/410 596/794/410 591/794/410
f 597/795/401 598/796/401 599/797/401
f 597/795/401 599/797/401 600/798/401
f 601/799/402 602/800/402 603/801/402
f 601/799/402 603/801/402 604/802/402
f 600/803/407 599/804/407 604/805/407
f 600/803/407 604/805/407 603/806/407
f 602/806/408 601/805/408 598/804/408
f 602/806/408 598/804/408 597/803/408
f 602/807/409 597/808/409 600/809/409
f 602/807/409 600/809/409 603/810/409
f 598/811/410 601/811/410 604/812/410
f 598/811/410 604/812/410 599/812/410
f 605/813/411 606/814/411 607/815/411
f 605/813/411 607/815/411 608/816/411
f 609/817/412 610/818/412 611/819/412
f 609/817/412 611/819/412 612/820/412
f 608/821/413 607/822/413 612/823/413
f 608/821/413 612/823/413 611/824/413
f 610/824/414 609/823/414 606/822/414
f 610/824/414 606/822/414 605/821/414
f 610/825/415 605/826/415 608/827/415
f 610/825/415 608/827/415 611/828/415
f 606/829/416 609/830/416 612/831/416
f 606/829/416 612/831/416 607/832/416
f 613/833/411 614/834/411 615/835/411
f 613/833/411 615/835/411 616/836/411
f 617/837/412 618/838/412 619/839/412
f 617/837/412 619/839/412 620/840/412
f 616/841/417 615/842/417 620/843/417
f 616/841/417 620/843/417 619/844/417
f 618/844/418 617/843/418 614/842/418
f 618/844/418 614/842/418 613/841/418
f 618/845/419 613/845/419 616/846/419
f 618/845/419 616/846/419 619/846/419
f 614/847/420 617/848/420 620/849/420
f 614/847/420 620/849/420 615/850/420
f 621/851/411 622/852/411 623/853/411
f 621/851/411 623/853/411 624/854/411
f 625/855/412 626/856/412 627/857/412
f 625/855/412 627/857/412 628/858/412
f 624/859/417 623/860/417 628/861/417
f 624/859/417 628/861/417 627/862/417
f 626/862/418 625/861/418 622/860/418
f 626/862/418 622/860/418 621/859/418
f 626/863/419 621/863/419 624/864/419
f 626/863/419 624/864/419 627/864/419
f 622/865/420 625/866/420 628/867/420
f 622/865/420 628/867/420 623/868/420
f 629/869/421 630/870/421 631/871/421
f 629/869/421 631/871/421 632/872/421
f 630/873/422 633/874/422 634/875/422
f 630/873/422 634/875/422 631/876/422
f 633/874/423 635/877/423 636/878/423
f 633/874/423 636/878/423 634/875/423
f 635/877/424 637/879/424 638/880/424
f 635/877/424 638/880/424 636/878/424
f 637/870/425 639/869/425 640/872/425
f 637/870/425 640/872/425 638/871/425
f 639/869/426 641/881/426 642/882/426
f 639/869/426 642/882/426 640/872/426
f 641/879/427 643/877/427 644/878/427
f 641/879/427 644/878/427 642/880/427
f 643/877/428 645/874/428 646/875/428
f 643/877/428 646/875/428 644/878/428
f 645/874/429 647/873/429 648/876/429
f 645/874/429 648/876/429 646/875/429
f 647/881/430 629/869/430 632/872/430
f 647/881/430 632/872/430 648/882/430
f 632/883/431 631/884/431 649/885/431
f 632/883/431 649/885/431 650/886/431
f 631/884/432 634/887/432 651/888/432
f 631/884/432 651/888/432 649/885/432
f 634/875/433 636/878/433 652/889/433
f 634/875/433 652/889/433 651/890/433
f 636/891/434 638/892/434 653/893/434
f 636/891/434 653/893/434 652/894/434
f 638/871/435 640/872/435 654/895/435
f 638/892/435 654/896/435 653/893/435
f 640/897/436 642/898/436 655/899/436
f 640/872/436 655/900/436 654/895/436
f 642/898/437 644/901/437 656/902/437
f 642/898/437 656/902/437 655/899/437
f 644/878/438 646/875/438 657/890/438
f 644/878/438 657/890/438 656/889/438
f 646/903/439 648/904/439 658/905/439
f 646/903/439 658/905/439 657/906/439
f 648/904/440 632/883/440 650/886/440
f 648/904/440 650/886/440 658/905/440
f 650/886/441 649/885/441 659/907/441
f 649/885/442 651/888/442 659/907/442
f 651/888/443 652/894/443 659/907/443
f 652/894/444 653/893/444 659/907/444
f 653/893/445 654/896/445 659/907/445
f 654/896/446 655/899/446 659/907/446
f 655/899/447 656/902/447 659/907/447
f 656/902/448 657/906/448 659/907/448
f 657/906/449 658/905/449 659/907/449
f 658/905/450 650/886/450 659/907/450
f 660/908/451 661/909/451 662/910/451
f 660/908/451 662/910/451 663/911/451
f 664/912/452 665/913/452 666/914/452
f 664/912/452 666/914/452 667/915/452
f 663/916/453 662/917/453 667/918/453
f 663/916/453 667/918/453 666/919/453
f 665/920/454 664/921/454 661/922/454
f 665/920/454 661/922/454 660/923/454
f 665/924/455 660/925/455 663/926/455
f 665/924/455 663/926/455 666/927/455
f 661/925/456 664/924/456 667/927/456
f 661/925/456 667/927/456 662/926/456
f 668/928/457 669/929/457 670/930/457
f 668/928/457 670/930/457 671/931/457
f 669/932/458 672/933/458 673/934/458
f 669/932/458 673/934/458 670/935/458
f 672/933/459 674/936/459 675/937/459
f 672/933/459 675/937/459 673/934/459
f 674/936/460 676/938/460 677/939/460
f 674/936/460 677/939/460 675/937/460
f 676/929/461 678/928/461 679/931/461
f 676/929/461 679/931/461 677/930/461
f 678/928/462 680/940/462 681/941/462
f 678/928/462 681/941/462 679/931/462
f 680/938/463 682/936/463 683/937/463
f 680/938/463 683/937/463 681/939/463
f 682/936/464 684/933/464 685/934/464
f 682/936/464 685/934/464 683/937/464
f 684/933/465 686/932/465 687/935/465
f 684/933/465 687/935/465 685/934/465
f 686/940/466 668/928/466 671/931/466
f 686/940/466 671/931/466 687/941/466
f 671/942/467 670/943/467 688/944/467
f 671/942/467 688/944/467 689/945/467
f 670/943/468 673/946/468 690/947/468
f 670/943/468 690/947/468 688/944/468
f 673/934/469 675/937/469 691/948/469
f 673/934/469 691/948/469 690/949/469
f 675/950/470 677/951/470 692/952/470
f 675/950/470 692/952/470 691/953/470
f 677/930/471 679/931/471 693/954/471
f 677/951/471 693/955/471 692/952/471
f 679/956/472 681/957/472 694/958/472
f 679/931/472 694/959/472 693/954/472
f 681/957/473 683/960/473 695/961/473
f 681/957/473 695/961/473 694/958/473
f 683/937/474 685/934/474 696/949/474
f 683/937/474 696/949/474 695/948/474
f 685/962/475 687/963/475 697/964/475
f 685/962/475 697/964/475 696/965/475
f 687/963/476 671/942/476 689/945/476
f 687/963/476 689/945/476 697/964/476
f 689/945/477 688/944/477 698/966/477
f 688/944/478 690/947/478 698/966/478
f 690/947/479 691/953/479 698/966/479
f 691/953/480 692/952/480 698/966/480
f 692/952/481 693/955/481 698/966/481
f 693/955/482 694/958/482 698/966/482
f 694/958/483 695/961/483 698/966/483
f 695/961/484 696/965/484 698/966/484
f 696/965/485 697/964/485 698/966/485
f 697/964/486 689/945/486 698/966/486
f 699/967/487 700/968/487 701/969/487
f 699/967/487 701/969/487 702/970/487
f 703/971/488 704/972/488 705/973/488
f 703/971/488 705/973/488 706/974/488
f 702/975/489 701/976/489 706/977/489
f 702/975/489 706/977/489 705/978/489
f 704/979/490 703/980/490 700/981/490
f 704/979/490 700/981/490 699/982/490
f 704/983/491 699/984/491 702/985/491
f 704/983/491 702/985/491 705/986/491
f 700/984/492 703/983/492 706/986/492
f 700/984/492 706/986/492 701/985/492
f 707/987/493 708/988/493 709/989/493
f 707/987/493 709/989/493 710/990/493
f 711/991/494 712/992/494 713/993/494
f 711/991/494 713/993/494 714/994/494
f 710/995/495 709/996/495 714/997/495
f 710/995/495 714/997/495 713/998/495
f 712/998/496 711/997/496 708/996/496
f 712/998/496 708/996/496 707/995/496
f 712/999/497 707/1000/497 710/1001/497
f 712/999/497 710/1001/497 713/1002/497
f 708/1003/498 711/1004/498 714/1005/498
f 708/1003/498 714/1005/498 709/1006/498
f 715/1007/493 716/1008/493 717/1009/493
f 715/1007/493 717/1009/493 718/1010/493
f 719/1011/494 720/1012/494 721/1013/494
f 719/1011/494 721/1013/494 722/1014/494
f 718/1015/499 717/1016/499 722/1017/499
f 718/1015/499 722/1017/499 721/1018/499
f 720/1018/500 719/1017/500 716/1016/500
f 720/1018/500 716/1016/500 715/1015/500
f 720/1019/501 715/1020/501 718/1021/501
f 720/1019/501 718/1021/501 721/1022/501
f 716/1023/502 719/1023/502 722/1024/502
f 716/1023/502 722/1024/502 717/1024/502
f 723/1025/493 724/1026/493 725/1027/493
f 723/1025/493 725/1027/493 726/1028/493
f 727/1029/494 728/1030/494 729/1031/494
f 727/1029/494 729/1031/494 730/1032/494
f 726/1033/499 725/1034/499 730/1035/499
f 726/1033/499 730/1035/499 729/1036/499
f 728/1036/500 727/1035/500 724/1034/500
f 728/1036/500 724/1034/500 723/1033/500
f 728/1037/501 723/1038/501 726/1039/501
f 728/1037/501 726/1039/501 729/1040/501
f 724/1041/502 727/1041/502 730/1042/502
f 724/1041/502 730/1042/502 725/1042/502
f 731/1043/503 732/1044/503 733/1045/503
f 731/1043/503 733/1045/503 734/1046/503
f 735/1047/504 736/1048/504 737/1049/504
f 735/1047/504 737/1049/504 738/1050/504
f 734/1051/505 733/1052/505 738/1053/505
f 734/1051/505 738/1053/505 737/1054/505
f 736/1054/506 735/1053/506 732/1052/506
f 736/1054/506 732/1052/506 731/1051/506
f 736/1055/507 731/1056/507 734/1057/507
f 736/1055/507 734/1057/507 737/1058/507
f 732/1059/508 735/1060/508 738/1061/508
f 732/1059/508 738/1061/508 733/1062/508
f 739/1063/503 740/1064/503 741/1065/503
f 739/1063/503 741/1065/503 742/1066/503
f 743/1067/504 744/1068/504 745/1069/504
f 743/1067/504 745/1069/504 746/1070/504
f 742/1071/509 741/1072/509 746/1073/509
f 742/1071/509 746/1073/509 745/1074/509
f 744/1074/510 743/1073/510 740/1072/510
f 744/1074/510 740/1072/510 739/1071/510
f 744/1075/511 739/1075/511 742/1076/511
f 744/1075/511 742/1076/511 745/1076/511
f 740/1077/512 743/1078/512 746/1079/512
f 740/1077/512 746/1079/512 741/1080/512
f 747/1081/503 748/1082/503 749/1083/503
f 747/1081/503 749/1083/503 750/1084/503
f 751/1085/504 752/1086/504 753/1087/504
f 751/1085/504 753/1087/504 754/1088/504
f 750/1089/509 749/1090/509 754/1091/509
f 750/1089/509 754/1091/509 753/1092/509
f 752/1092/510 751/1091/510 748/1090/510
f 752/1092/510 748/1090/510 747/1089/510
f 752/1093/511 747/1093/511 750/1094/511
f 752/1093/511 750/1094/511 753/1094/511
f 748/1095/512 751/1096/512 754/1097/512
f 748/1095/512 754/1097/512 749/1098/512
f 755/1099/513 756/1100/513 757/1101/513
f 755/1099/513 757/1101/513 758/1102/513
f 756/1103/514 759/1104/514 760/1105/514
f 756/1103/514 760/1105/514 757/1106/514
f 759/1104/515 761/1107/515 762/1108/515
f 759/1104/515 762/1108/515 760/1105/515
f 761/1107/516 763/1109/516 764/1110/516
f 761/1107/516 764/1110/516 762/1108/516
f 763/1100/517 765/1099/517 766/1102/517
f 763/1100/517 766/1102/517 764/1101/517
f 765/1099/518 767/1111/518 768/1112/518
f 765/1099/518 768/1112/518 766/1102/518
f 767/1109/519 769/1107/519 770/1108/519
f 767/1109/519 770/1108/519 768/1110/519
f 769/1107/520 771/1104/520 772/1105/520
f 769/1107/520 772/1105/520 770/1108/520
f 771/1104/521 773/1103/521 774/1106/521
f 771/1104/521 774/1106/521 772/1105/521
f 773/1111/522 755/1099/522 758/1102/522
f 773/1111/522 758/1102/522 774/1112/522
f 758/1113/523 757/1114/523 775/1115/523
f 758/1102/523 775/1116/523 776/1117/523
f 757/1114/524 760/1118/524 777/1119/524
f 757/1114/524 777/1119/524 775/1115/524
f 760/1105/525 762/1108/525 778/1120/525
f 760/1105/525 778/1120/525 777/1121/525
f 762/1122/526 764/1123/526 779/1124/526
f 762/1122/526 779/1124/526 778/1125/526
f 764/1101/527 766/1102/527 780/1117/527
f 764/1101/527 780/1117/527 779/1116/527
f 766/1102/528 768/1112/528 781/1126/528
f 766/1102/528 781/1126/528 780/1117/528
f 768/1127/529 770/1128/529 782/1129/529
f 768/1127/529 782/1129/529 781/1130/529
f 770/1108/530 772/1105/530 783/1121/530
f 770/1108/530 783/1121/530 782/1120/530
f 772/1131/531 774/1132/531 784/1133/531
f 772/1131/531 784/1133/531 783/1134/531
f 774/1112/532 758/1102/532 776/1117/532
f 774/1132/532 776/1135/532 784/1133/532
f 776/1135/533 775/1115/533 785/1136/533
f 775/1115/534 777/1119/534 785/1136/534
f 777/1119/535 778/1125/535 785/1136/535
f 778/1125/536 779/1124/536 785/1136/536
f 779/1124/537 780/1137/537 785/1136/537
f 780/1137/538 781/1130/538 785/1136/538
f 781/1130/539 782/1129/539 785/1136/539
f 782/1129/540 783/1134/540 785/1136/540
f 783/1134/541 784/1133/541 785/1136/541
f 784/1133/542 776/1135/542 785/1136/542
f 786/1138/543 787/1139/543 788/1140/543
f 786/1138/543 788/1140/543 789/1141/543
f 790/1142/544 791/1143/544 792/1144/544
f 790/1142/544 792/1144/544 793/1145/544
f 789/1146/545 788/1147/545 793/1148/545
f 789/1146/545 793/1148/545 792/1149/545
f 791/1150/546 790/1151/546 787/1152/546
f 791/1150/546 787/1152/546 786/1153/546
f 791/1150/547 786/1153/547 789/1146/547
f 791/1150/547 789/1146/547 792/1149/547
f 787/1152/548 790/1151/548 793/1148/548
f 787/1152/548 793/1148/548 788/1147/548
f 794/1154/549 795/1155/549 796/1156/549
f 794/1154/549 796/1156/549 797/1157/549
f 795/1158/550 798/1159/550 799/1160/550
f 795/1158/550 799/1160/550 796/1161/550
f 798/1159/551 800/1162/551 801/1163/551
f 798/1159/551 801/1163/551 799/1160/551
f 800/1162/552 802/1164/552 803/1165/552
f 800/1162/552 803/1165/552 801/1163/552
f 802/1155/553 804/1154/553 805/1157/553
f 802/1155/553 805/1157/553 803/1156/553
f 804/1154/554 806/1166/554 807/1167/554
f 804/1154/554 807/1167/554 805/1157/554
f 806/1164/555 808/1162/555 809/1163/555
f 806/1164/555 809/1163/555 807/1165/555
f 808/1162/556 810/1159/556 811/1160/556
f 808/1162/556 811/1160/556 809/1163/556
f 810/1159/557 812/1158/557 813/1161/557
f 810/1159/557 813/1161/557 811/1160/557
f 812/1166/558 794/1154/558 797/1157/558
f 812/1166/558 797/1157/558 813/1167/558
f 797/1168/559 796/1169/559 814/1170/559
f 797/1157/559 814/1171/559 815/1172/559
f 796/1169/560 799/1173/560 816/1174/560
f 796/1169/560 816/1174/560 814/1170/560
f 799/1160/561 801/1163/561 817/1175/561
f 799/1160/561 817/1175/561 816/1176/561
f 801/1177/562 803/1178/562 818/1179/562
f 801/1177/562 818/1179/562 817/1180/562
f 803/1156/563 805/1157/563 819/1172/563
f 803/1156/563 819/1172/563 818/1171/563
f 805/1157/564 807/1167/564 820/1181/564
f 805/1157/564 820/1181/564 819/1172/564
f 807/1182/565 809/1183/565 821/1184/565
f 807/1182/565 821/1184/565 820/1185/565
f 809/1163/566 811/1160/566 822/1176/566
f 809/1163/566 822/1176/566 821/1175/566
f 811/1186/567 813/1187/567 823/1188/567
f 811/1186/567 823/1188/567 822/1189/567
f 813/1167/568 797/1157/568 815/1172/568
f 813/1187/568 815/1190/568 823/1188/568
f 815/1190/569 814/1170/569 824/1191/569
f 814/1170/570 816/1174/570 824/1191/570
f 816/1174/571 817/1180/571 824/1191/571
f 817/1180/572 818/1179/572 824/1191/572
f 818/1179/573 819/1192/573 824/1191/573
f 819/1192/574 820/1185/574 824/1191/574
f 820/1185/575 821/1184/575 824/1191/575
f 821/1184/576 822/1189/576 824/1191/576
f 822/1189/577 823/1188/577 824/1191/577
f 823/1188/578 815/1190/578 824/1191/578
f 825/1193/579 826/1194/579 827/1195/579
f 825/1193/579 827/1195/579 828/1196/579
f 829/1197/580 830/1198/580 831/1199/580
f 829/1197/580 831/1199/580 832/1200/580
f 828/1201/581 827/1202/581 832/1203/581
f 828/1201/581 832/1203/581 831/1204/581
f 830/1205/582 829/1206/582 826/1207/582
f 830/1205/582 826/1207/582 825/1208/582
f 830/1205/583 825/1208/583 828/1201/583
f 830/1205/583 828/1201/583 831/1204/583
f 826/1207/584 829/1206/584 832/1203/584
f 826/1207/584 832/1203/584 827/1202/584
