# ProBuilder 4.0.5
# https://unity3d.com/unity/features/worldbuilding/probuilder
# 1/22/2020 8:33:06 PM

mtllib ./Basic_UV_sphere_colored.mtl
o Basic_UV_sphere_colored

g Basic_UV_sphere (1)
v 0 0.9951847 -0.09801725
v 0.009607438 0.9951847 -0.09754527
v -7.988132E-07 0.9999999 7.621451E-07
v 0.001528058 -0.9315516 -0.001975188
v 0.01814699 -0.9182613 -0.1176066
v 0.00644679 -0.9254321 -0.1189377
v 0.01912235 0.9951847 -0.09613386
v 0.02957621 -0.9117151 -0.1159094
v 0.0284531 0.9951847 -0.09379662
v 0.04096211 -0.9048615 -0.1135351
v 0.03750984 0.9951847 -0.09055606
v 0.05261891 -0.8985149 -0.1098728
v 0.04620533 0.9951847 -0.08644339
v 0.06414316 -0.8935333 -0.1046146
v 0.05445584 0.9951847 -0.08149822
v 0.075009 -0.8898692 -0.09780946
v 0.08524833 -0.8867348 -0.08945134
v 0.06218191 0.9951847 -0.07576817
v 0.09471914 -0.8840367 -0.07966413
v 0.06930914 0.9951847 -0.06930842
v 0.07576888 0.9951847 -0.0621812
v 0.10232 -0.8828298 -0.06961561
v 0.08149893 0.9951847 -0.05445512
v 0.1071099 -0.8835363 -0.06199542
v 0.08644409 0.9951847 -0.04620461
v 0.110664 -0.8834752 -0.05725448
v 0.09055676 0.9951847 -0.03750911
v 0.1154985 -0.8806662 -0.05237403
v 0.09379732 0.9951847 -0.02845238
v 0.1215183 -0.8768873 -0.0457792
v 0.1261808 -0.8748614 -0.03851029
v 0.09613455 0.9951847 -0.01912163
v 0.1275012 -0.8758925 -0.03181498
v 0.09754596 0.9951847 -0.009606713
v 0.09801794 0.9951847 7.252827E-07
v 0.1254386 -0.8775949 -0.02386575
v 0.09754595 0.9951847 0.009608163
v 0.1192648 -0.8758082 -0.009845047
v 0.09613454 0.9951847 0.01912308
v 0.1089687 -0.8708489 0.01057363
v 0.09379731 0.9951847 0.02845383
v 0.09822688 -0.8688102 0.03233381
v 0.09082693 -0.8746648 0.05050984
v 0.09055676 0.9951847 0.03751056
v 0.08726125 -0.8881654 0.06389873
v 0.08644409 0.9951847 0.04620605
v 0.08149893 0.9951847 0.05445656
v 0.08425665 -0.9040871 0.07490431
v 0.07576889 0.9951847 0.06218264
v 0.07966086 -0.91743 0.08465261
v 0.06930915 0.9951847 0.06930987
v 0.07502656 -0.9279646 0.09186216
v 0.06218192 0.9951847 0.0757696
v 0.0700423 -0.9358221 0.09656632
v 0.05445584 0.9951847 0.08149965
v 0.06238977 -0.9401539 0.1003422
v 0.05165165 -0.9421386 0.1040618
v 0.04620532 0.9951847 0.08644482
v 0.03750982 0.9951847 0.09055749
v 0.04003469 -0.9428471 0.107281
v 0.02845308 0.9951847 0.09379804
v 0.0289543 -0.9430695 0.1096251
v 0.01912232 0.9951847 0.09613527
v 0.01808345 -0.9444538 0.1111683
v 0.009607404 0.9951847 0.09754667
v 0.007245792 -0.9467416 0.1117861
v -3.773907E-08 0.9951847 0.09801866
v -0.00354289 -0.9502106 0.1114632
v -0.01424863 -0.9558308 0.1104432
v -0.009607481 0.9951847 0.09754668
v -0.02484288 -0.9629403 0.1086471
v -0.0191224 0.9951847 0.09613527
v -0.02827398 0.9889176 0.09320737
v -0.03518842 -0.9691344 0.1057063
v -0.03704357 0.9828122 0.08943168
v -0.04508881 -0.974273 0.1014957
v -0.04542388 0.978352 0.08498272
v -0.05444204 -0.9788621 0.09625015
v -0.0533662 0.9752699 0.07986879
v -0.06331756 -0.9808523 0.09019407
v -0.07161798 -0.981449 0.08336417
v -0.06081334 0.97328 0.0741019
v -0.07925736 -0.9817617 0.0758161
v -0.06735888 0.9671801 0.06735952
v -0.0861929 -0.9819261 0.06762049
v -0.07318649 0.9612648 0.06006324
v -0.07839442 0.9572741 0.05238213
v -0.0923325 -0.9820259 0.05881701
v -0.08293825 0.9548223 0.04433207
v -0.09767206 -0.9820149 0.04949096
v -0.08419573 0.9483585 0.03531646
v -0.1020952 -0.9819739 0.03968708
v -0.08516171 0.9433202 0.02489403
v -0.1055495 -0.9819146 0.0294915
v -0.1080304 -0.9818105 0.01899927
v -0.08621278 0.940899 0.01330524
v -0.1096357 -0.9815243 0.008284801
v -0.0872471 0.9416735 0.000645053
v -0.08625875 0.9416292 -0.01539024
v -0.1102733 -0.9811296 -0.002583772
v -0.08319293 0.9450246 -0.03300104
v -0.1098482 -0.9807082 -0.01350724
v -0.08019085 0.9586037 -0.04976534
v -0.1083728 -0.9802461 -0.02438993
v -0.08241851 0.9555114 -0.03575402
v -0.1058622 -0.9797214 -0.03513737
v -0.08465845 0.9536562 -0.031204
v -0.1024457 -0.9790078 -0.04574657
v -0.0797526 0.9509168 -0.04426405
v -0.09799299 -0.9782487 -0.05604938
v -0.0757601 0.9500998 -0.05105156
v -0.09250329 -0.977466 -0.06592191
v -0.07013565 0.9500244 -0.05880506
v -0.08606642 -0.9765731 -0.07532575
v -0.0787592 -0.9755165 -0.08425704
v -0.06363891 0.9508579 -0.06647549
v -0.07056309 -0.9743508 -0.09257969
v -0.0562785 0.9529777 -0.07394011
v -0.04826574 0.9568849 -0.0808938
v -0.06144022 -0.9732297 -0.1000159
v -0.04063867 0.9627543 -0.08592562
v -0.05149836 -0.9718407 -0.1065211
v -0.03275151 0.9715072 -0.09013207
v -0.0408175 -0.9688328 -0.1119264
v -0.02632925 0.9832562 -0.09326842
v -0.02944979 -0.9606492 -0.1159327
v -0.01756329 -0.946948 -0.1182992
v -0.01909425 0.9937241 -0.09599274
v -0.005509468 -0.9346591 -0.11932
v -0.009607407 0.9951847 -0.09754522
v -0.04853109 0.4034185 -0.7426302
v 0.007626276 0.4008735 -0.7346847
v 0.03613933 0.471734 -0.7025716
v -0.03309093 0.5001159 -0.7324983
v 0 -0.7730108 -0.6343927
v 0.06218145 -0.7730108 -0.6313379
v 0.06930864 -0.7071072 -0.7037014
v 0 -0.7071072 -0.7071064
v -0.06563273 0.3176084 -0.7755138
v -0.01754149 0.3220381 -0.7485297
v 0 -0.83147 -0.5555696
v 0.05445544 -0.83147 -0.5528944
v -0.08712617 0.2126119 -0.8169566
v -0.01019527 0.2113425 -0.7433462
v 7.495096E-08 -0.8819215 -0.4713958
v 0.04620499 -0.8819215 -0.4691262
v -0.06604465 0.10521 -0.8515168
v 0.03737615 0.08551429 -0.806775
v 6.377509E-08 -0.9238798 -0.3826823
v 0.03750956 -0.9238798 -0.38084
v -0.01652254 0.05242714 -0.911722
v 0.08976687 0.07207034 -0.9188862
v 0 0.9807852 -0.1950904
v 0.01912227 0.9807852 -0.194151
v 0.001570416 -0.9528227 -0.2895915
v 0.03085787 -0.9486972 -0.2874354
v -0.006866373 -0.008205563 -0.9314117
v 0.09232733 -0.006739714 -0.9180212
v 7.147556E-09 0.8735931 -0.2650018
v 0.0259173 0.8716596 -0.2631421
v 0.004894046 -0.9477224 -0.1975157
v 0.02461736 -0.9396645 -0.1956104
v -0.01371403 -0.09631768 -0.9273915
v 0.08917834 -0.08961005 -0.9054423
v 8.23279E-08 0.8670055 -0.3591258
v 0.02733222 0.8395864 -0.3473943
v -0.001886337 -0.1961666 -0.9528512
v 0.09434871 -0.191468 -0.9579378
v 7.44151E-08 0.8313904 -0.4443877
v 0.03488447 0.8064624 -0.4346791
v 0 -0.2902851 -0.9569401
v 0.09379663 -0.2902851 -0.9523322
v 4.769798E-09 0.8006601 -0.5349843
v 0.05138208 0.7845421 -0.5216904
v -1.001377E-07 -0.3826838 -0.9238787
v 0.0905561 -0.3826838 -0.9194306
v -2.818565E-05 0.7728648 -0.634272
v 0.0621815 0.7730104 -0.6313385
v 0 -0.4713971 -0.881921
v 0.08644347 -0.4713971 -0.8776743
v -0.0005019729 0.705382 -0.7045967
v 0.06777838 0.6962103 -0.6918119
v 0 -0.5555706 -0.8314693
v 0.08149834 -0.5555706 -0.8274655
v -0.008144408 0.599538 -0.7219864
v 0.0602539 0.5723889 -0.6829061
v 0 -0.6343937 -0.7730101
v 0.07576833 -0.6343937 -0.7692878
v 0.1034761 0.7937998 -0.5202088
v 0.07915741 0.7859272 -0.4264963
v 0.1802401 -0.3826838 -0.9061272
v 0.1860905 -0.289353 -0.9355394
v 0.1237641 0.7730104 -0.6222036
v 0.1720544 -0.4713971 -0.8649751
v 0.1375113 0.705114 -0.6905609
v 0.1622118 -0.5555706 -0.8154929
v 0.1437399 0.5747997 -0.6599606
v 0.150807 -0.6343937 -0.7581569
v 0.1041571 0.4817742 -0.6665681
v 0.1379498 -0.7071072 -0.6935195
v 0.1263547 0.4186734 -0.6717632
v 0.1237641 -0.7730108 -0.622203
v 0.1030727 0.2849157 -0.6683993
v 0.1083864 -0.83147 -0.5448945
v 0.2107486 0.1906349 -0.6870764
v 0.091965 -0.8819215 -0.4623383
v 0.1989995 0.1244307 -0.8599509
v 0.07466038 -0.9238756 -0.3753266
v 0.1955289 0.08698422 -0.9363737
v 0.03806039 0.9807852 -0.1913418
v 0.05946576 -0.9444399 -0.282489
v 0.1935582 -8.234081E-05 -0.9729415
v 0.04804566 0.8118526 -0.2415411
v 0.04377434 -0.9319215 -0.1922182
v 0.1883709 -0.09509929 -0.9470034
v 0.04048309 0.7851403 -0.3326243
v 0.1824746 -0.1860496 -0.9173607
v 0.2051879 0.7068183 -0.6761726
v 0.1841549 0.7730104 -0.6070765
v 0.2413631 -0.5555706 -0.7956665
v 0.2560084 -0.4713971 -0.8439457
v 0.2245514 0.6297528 -0.7283904
v 0.2243932 -0.6343937 -0.7397245
v 0.210285 0.4902562 -0.613261
v 0.2052624 -0.7071072 -0.6766586
v 0.2189509 0.3351626 -0.6274016
v 0.1841548 -0.7730108 -0.6070759
v 0.2351067 0.259535 -0.6866292
v 0.1612736 -0.83147 -0.5316469
v 0.289676 0.1880656 -0.754823
v 0.1368393 -0.8819215 -0.4510979
v 0.2743572 0.1534673 -0.8726039
v 0.1113185 -0.9234216 -0.3658614
v 0.2763744 0.08791888 -0.907817
v 0.05663196 0.9807852 -0.1866899
v 0.08712853 -0.9398719 -0.2751581
v 0.2902849 -2.769968E-07 -0.9569402
v 0.07021175 0.7973415 -0.2314563
v 0.06232935 -0.9229332 -0.1881049
v 0.288804 -0.09798923 -0.9520581
v 0.08267677 0.7403985 -0.3166541
v 0.2653553 -0.18183 -0.8747582
v 0.1218495 0.7863909 -0.4264865
v 0.24915 -0.2718228 -0.8437866
v 0.1545504 0.7968057 -0.5094835
v 0.2681883 -0.3826838 -0.8840973
v 0.3263465 0.541692 -0.6547357
v 0.2977827 0.6402892 -0.7220828
v 0.2705983 -0.7071072 -0.653281
v 0.2958185 -0.6343937 -0.7141681
v 0.3281143 0.3954976 -0.6087985
v 0.2427719 -0.7730108 -0.5861024
v 0.3273105 0.2678972 -0.6561063
v 0.2126076 -0.83147 -0.5132793
v 0.3433127 0.2068416 -0.7663611
v 0.1803958 -0.8819215 -0.4355131
v 0.3475163 0.1602532 -0.8327616
v 0.1470147 -0.9222324 -0.3525206
v 0.3646651 0.08853701 -0.8786747
v 0.07465815 0.9807852 -0.18024
v 0.1139239 -0.9335905 -0.2654447
v 0.3789545 3.290333E-06 -0.9148668
v 0.09407233 0.8103654 -0.2271099
v 0.08102303 -0.9128782 -0.1822881
v 0.380841 -0.09801745 -0.9194306
v 0.1199726 0.7313236 -0.2986086
v 0.3579718 -0.1860678 -0.8642193
v 0.1788323 0.7499192 -0.4103254
v 0.3179881 -0.259021 -0.7792746
v 0.2051882 0.8024525 -0.4953674
v 0.3535537 -0.3826838 -0.8535531
v 0.2427721 0.7730104 -0.5861029
v 0.3374969 -0.4713971 -0.8147886
v 0.2705984 0.7071067 -0.6532815
v 0.3181899 -0.5555706 -0.7681774
v 0.4081644 0.3424744 -0.6815895
v 0.4073662 0.4497681 -0.6997157
v 0.2618941 -0.83147 -0.4899686
v 0.2990511 -0.7730108 -0.5594844
v 0.4152578 0.2367871 -0.730547
v 0.222215 -0.8819215 -0.4157341
v 0.4470345 0.1778193 -0.8250117
v 0.1810911 -0.9201742 -0.3358509
v 0.457677 0.09536992 -0.8560817
v 0.09196533 0.9807852 -0.1720543
v 0.1398311 -0.9229429 -0.252778
v 0.4712808 -2.680319E-07 -0.8817036
v 0.1160205 0.8113474 -0.2170583
v 0.0997733 -0.9032042 -0.1739816
v 0.4691272 -0.09801744 -0.8776743
v 0.1706838 0.7289905 -0.2775
v 0.4595725 -0.1939231 -0.8597988
v 0.2249649 0.8002068 -0.3916274
v 0.4000398 -0.2537419 -0.7392949
v 0.2559244 0.8125157 -0.4788002
v 0.4082166 -0.3667069 -0.7594482
v 0.2990513 0.7730104 -0.5594848
v 0.4157351 -0.4713971 -0.7777848
v 0.3333282 0.7071067 -0.6236125
v 0.3919524 -0.5555706 -0.7332903
v 0.3688802 0.6422639 -0.6903951
v 0.3643949 -0.6343937 -0.6817339
v 0.3837542 0.5348638 -0.6802992
v 0.3333281 -0.7071072 -0.623612
v 0.532506 0.1901097 -0.7981235
v 0.5199562 0.278389 -0.771337
v 0.2132857 -0.9170774 -0.3159628
v 0.2619077 -0.881861 -0.3918699
v 0.5464709 0.09719268 -0.8197322
v 0.1083868 0.9807852 -0.1622117
v 0.1645584 -0.9123679 -0.2372529
v 0.5555707 -2.620396E-07 -0.8314695
v 0.1405986 0.8342592 -0.21042
v 0.1174919 -0.8955019 -0.1632054
v 0.5528954 -0.09801743 -0.8274656
v 0.2113165 0.7698588 -0.2587381
v 0.5448955 -0.1950907 -0.8154929
v 0.2664577 0.8224192 -0.3720531
v 0.5177702 -0.2827076 -0.774897
v 0.3070392 0.8271067 -0.4595159
v 0.5132803 -0.3826838 -0.7681774
v 0.3524505 0.7730104 -0.5274786
v 0.4899696 -0.4713971 -0.7332903
v 0.392848 0.7071067 -0.5879377
v 0.4619401 -0.5555706 -0.6913413
v 0.429462 0.6343932 -0.6427346
v 0.4294619 -0.6343937 -0.6427342
v 0.4626011 0.5564351 -0.6922765
v 0.3928478 -0.7071071 -0.5879372
v 0.4595323 0.4486473 -0.681568
v 0.3524503 -0.7730108 -0.5274782
v 0.490045 0.362381 -0.7234913
v 0.3086585 -0.83147 -0.4619391
v 0.6322596 -2.545157E-07 -0.7704098
v 0.6163381 0.09568799 -0.7510093
v 0.1783681 0.9268684 -0.2173415
v 0.1237645 0.9807852 -0.1508068
v 0.1337802 -0.8893936 -0.1501461
v 0.187265 -0.9028768 -0.2190159
v 0.631339 -0.09801743 -0.7692879
v 0.2388497 0.8434442 -0.2605028
v 0.6222041 -0.1950906 -0.758157
v 0.3015149 0.8388259 -0.3474456
v 0.596607 -0.2851746 -0.723776
v 0.3524506 0.8314695 -0.4294615
v 0.5646265 -0.3686608 -0.6879986
v 0.4024554 0.7730104 -0.4903925
v 0.5594853 -0.4713971 -0.6817339
v 0.4485843 0.7071067 -0.5466008
v 0.5274791 -0.5555706 -0.6427342
v 0.4903932 0.6343932 -0.597545
v 0.490393 -0.6343937 -0.5975446
v 0.5274792 0.5555702 -0.6427345
v 0.4485842 -0.7071071 -0.5466003
v 0.5594854 0.4713967 -0.6817341
v 0.4024551 -0.7730108 -0.4903921
v 0.5861035 0.3826833 -0.7141683
v 0.3524503 -0.83147 -0.4294609
v 0.6009505 0.2884063 -0.7346871
v 0.2990689 -0.8817103 -0.3641297
v 0.6131772 0.194152 -0.7525792
v 0.2433025 -0.9133826 -0.2929536
v 0.6935204 -0.1950906 -0.6935197
v 0.7037023 -0.09801742 -0.7037016
v 0.3288096 0.8588938 -0.3247465
v 0.2692192 0.8858751 -0.2532693
v 0.6579447 -0.2822564 -0.6579438
v 0.3928481 0.8314695 -0.3928474
v 0.6104265 -0.3575796 -0.6104259
v 0.4485844 0.7730104 -0.4485836
v 0.6235244 -0.4713302 -0.6235235
v 0.5000006 0.7071067 -0.4999998
v 0.5879382 -0.5555706 -0.5879372
v 0.5466015 0.6343932 -0.5466008
v 0.5466013 -0.6343936 -0.5466003
v 0.5879384 0.5555702 -0.5879376
v 0.5000004 -0.7071071 -0.4999994
v 0.6191203 0.4685038 -0.620316
v 0.4485841 -0.7730108 -0.4485832
v 0.6312643 0.3791008 -0.6443268
v 0.3928477 -0.83147 -0.3928468
v 0.6019621 0.2728446 -0.6301177
v 0.3333136 -0.8815881 -0.332952
v 0.621798 0.1789862 -0.63467
v 0.2704122 -0.9084691 -0.2666738
v 0.6512994 0.09071782 -0.6512987
v 0.1379503 0.9807852 -0.1379496
v 0.2074986 -0.8942932 -0.1977488
v 0.6826485 -2.423611E-07 -0.6826478
v 0.2020514 0.9419684 -0.2020508
v 0.1489742 -0.8837588 -0.1346351
v 0.6708554 -0.3594743 -0.5505561
v 0.7339412 -0.2880151 -0.6023291
v 0.4903933 0.7730104 -0.4024546
v 0.4294623 0.8314695 -0.3524498
v 0.6773456 -0.4683621 -0.5558823
v 0.5466015 0.7071067 -0.4485835
v 0.6427351 -0.5555705 -0.5274781
v 0.5975457 0.6343932 -0.4903924
v 0.5975456 -0.6343936 -0.490392
v 0.6305808 0.5452401 -0.5177581
v 0.5466013 -0.7071071 -0.4485831
v 0.6087863 0.4469191 -0.5271952
v 0.490393 -0.7730108 -0.4024542
v 0.5942981 0.3420972 -0.5162144
v 0.4294619 -0.83147 -0.3524493
v 0.64301 0.2419521 -0.5246432
v 0.3642099 -0.881012 -0.2984067
v 0.6970537 0.1746639 -0.5642659
v 0.2922446 -0.895776 -0.2355755
v 0.7398797 0.09426986 -0.6072028
v 0.1508075 0.9807852 -0.1237638
v 0.2249017 -0.884809 -0.1735515
v 0.7420416 -0.008460514 -0.5985407
v 0.2227818 0.9429917 -0.1784168
v 0.1620723 -0.8788015 -0.1172715
v 0.769247 -0.09801209 -0.6313038
v 0.289816 0.8945848 -0.231963
v 0.7581578 -0.1950906 -0.6222033
v 0.3569206 0.8607033 -0.2919132
v 0.6913421 -0.5555705 -0.4619391
v 0.7332912 -0.4713971 -0.4899687
v 0.6124724 0.6045229 -0.4092403
v 0.5879384 0.7071068 -0.3928472
v 0.6427351 -0.6343936 -0.429461
v 0.6294014 0.5137852 -0.4364133
v 0.5879382 -0.7071071 -0.3928468
v 0.6086883 0.4252446 -0.4337822
v 0.5274791 -0.7730108 -0.3524494
v 0.6671367 0.3272432 -0.4326236
v 0.4619401 -0.83147 -0.3086575
v 0.7808658 0.2789429 -0.5179452
v 0.3914404 -0.880098 -0.2609632
v 0.802249 0.188685 -0.5303354
v 0.3109694 -0.8849598 -0.2030134
v 0.7859044 0.08997132 -0.5156563
v 0.1622124 0.9807852 -0.1083861
v 0.238372 -0.8755425 -0.14805
v 0.7691479 -2.355216E-07 -0.5139274
v 0.2360512 0.9351903 -0.15679
v 0.1710028 -0.8765265 -0.1011797
v 0.7929577 -0.09392967 -0.5298366
v 0.3064773 0.9006584 -0.2121043
v 0.8154938 -0.1950906 -0.5448948
v 0.3857306 0.8730448 -0.262907
v 0.761878 -0.2779574 -0.5090697
v 0.4619405 0.8314695 -0.308658
v 0.7291712 -0.3632515 -0.487216
v 0.5274794 0.7730104 -0.3524497
v 0.6236129 -0.7071071 -0.3333271
v 0.6817347 -0.6343936 -0.3643939
v 0.731154 0.4376198 -0.373787
v 0.6682648 0.4822546 -0.332309
v 0.5594853 -0.7730108 -0.2990502
v 0.7504578 0.3555991 -0.3980111
v 0.4899695 -0.83147 -0.2618932
v 0.769658 0.2546756 -0.416936
v 0.41491 -0.8794286 -0.2211873
v 0.8155383 0.1704955 -0.4350685
v 0.3249685 -0.872645 -0.1693701
v 0.8194538 0.09151492 -0.4380065
v 0.172055 0.9807852 -0.09196464
v 0.2462438 -0.8661856 -0.1256968
v 0.8819219 -2.191155E-07 -0.4713963
v 0.2452154 0.9349083 -0.134325
v 0.1757755 -0.8756991 -0.09140079
v 0.8776751 -0.09801739 -0.4691263
v 0.2914388 0.8529375 -0.1844556
v 0.864976 -0.1950906 -0.4623386
v 0.3808694 0.814965 -0.2241406
v 0.7577497 -0.2606362 -0.4050248
v 0.48997 0.8314695 -0.2618937
v 0.7642126 -0.3589291 -0.4084795
v 0.5594857 0.7730104 -0.2990506
v 0.7777856 -0.4713971 -0.4157343
v 0.6229686 0.7063759 -0.3329829
v 0.7332911 -0.5555705 -0.3919514
v 0.6376994 0.5879778 -0.3325301
v 0.5132803 -0.83147 -0.2126067
v 0.5861033 -0.7730108 -0.2427711
v 0.7723824 0.217272 -0.2971859
v 0.8030303 0.3662587 -0.3305811
v 0.4338008 -0.87725 -0.1790127
v 0.8133335 0.1583294 -0.3329501
v 0.331658 -0.8507042 -0.1364899
v 0.9194313 0.09801696 -0.3808402
v 0.1802407 0.9807852 -0.07465746
v 0.2518233 -0.8558269 -0.1111698
v 0.9238802 -2.0854E-07 -0.3826829
v 0.255007 0.9364 -0.1073403
v 0.1814387 -0.8709207 -0.08467297
v 0.9194313 -0.09801738 -0.3808401
v 0.2992872 0.8312358 -0.1406155
v 0.8839651 -0.1897988 -0.3660862
v 0.3794676 0.764475 -0.1930738
v 0.8044433 -0.264966 -0.3208865
v 0.5102452 0.8199766 -0.2125665
v 0.851258 -0.382394 -0.3517142
v 0.5861037 0.7730104 -0.2427714
v 0.8147895 -0.471397 -0.3374961
v 0.6251664 0.6707087 -0.2571639
v 0.7681782 -0.5555705 -0.3181889
v 0.6963577 0.5893259 -0.2610713
v 0.7141689 -0.6343936 -0.2958176
v 0.7464884 0.5172157 -0.2663779
v 0.6532819 -0.7071071 -0.2705973
v 0.764423 0.4540068 -0.3022593
v 0.3397516 -0.8356674 -0.1087062
v 0.4477637 -0.8730103 -0.1352468
v 0.9523329 0.09801698 -0.2888863
v 0.9112715 0.1881997 -0.2760083
v 0.1866906 0.9807852 -0.05663127
v 0.2613255 -0.8449896 -0.09697808
v 0.9569409 -1.975252E-07 -0.2902841
v 0.2644316 0.938421 -0.08104292
v 0.1905036 -0.8633912 -0.07563159
v 0.9523329 -0.09801737 -0.2888862
v 0.3135988 0.8327401 -0.105367
v 0.9178362 -0.1889533 -0.2741137
v 0.3791966 0.7318974 -0.1494497
v 0.8835002 -0.2820632 -0.258448
v 0.5280673 0.8071985 -0.1616949
v 0.884098 -0.3826837 -0.2681875
v 0.6070772 0.7730104 -0.1841542
v 0.8439465 -0.471397 -0.2560076
v 0.6455224 0.6509601 -0.1916167
v 0.7956672 -0.5555705 -0.2413622
v 0.7631325 0.6314427 -0.2274923
v 0.7397252 -0.6343936 -0.2243923
v 0.7748545 0.5450028 -0.2339848
v 0.6766593 -0.7071071 -0.2052615
v 0.8535567 0.4840609 -0.2609292
v 0.6070768 -0.7730108 -0.1841539
v 0.8606143 0.3766216 -0.262124
v 0.5316104 -0.8314205 -0.161227
v 0.8867913 0.2768396 -0.2650965
v 0.2747511 0.9445944 -0.05538425
v 0.1913425 0.9807852 -0.0380597
v 0.2001716 -0.8577688 -0.06514905
v 0.2744683 -0.8372165 -0.08112091
v 0.9576903 -0.09555796 -0.187075
v 0.9807859 -1.861772E-07 -0.1950897
v 0.336681 0.8334221 -0.06704284
v 0.924803 -0.1859728 -0.182409
v 0.3917053 0.7248076 -0.07373932
v 0.9251397 -0.2861479 -0.1839747
v 0.5374492 0.7664649 -0.1052341
v 0.9061278 -0.3826837 -0.1802394
v 0.6222043 0.7730104 -0.1237634
v 0.8649759 -0.471397 -0.1720536
v 0.6789961 0.681184 -0.1339476
v 0.8154935 -0.5555705 -0.1622109
v 0.7648612 0.6298259 -0.1607765
v 0.7581576 -0.6343936 -0.1508061
v 0.8109158 0.5573761 -0.1645496
v 0.6935202 -0.7071071 -0.1379489
v 0.8429958 0.4682987 -0.1667936
v 0.6222039 -0.7730107 -0.1237632
v 0.8916138 0.3776295 -0.1767635
v 0.5444211 -0.8308125 -0.1079699
v 0.9385537 0.2902846 -0.1866892
v 0.4560973 -0.8651972 -0.09040707
v 0.9619405 0.1950902 -0.1913413
v 0.3512379 -0.827415 -0.07855534
v 0.976063 0.09801698 -0.1941503
v 0.4130733 0.7340189 -0.01195812
v 0.3520105 0.853938 -0.03466927
v 0.9523329 -0.290285 -0.09379581
v 0.9566045 -0.1879608 -0.09405673
v 0.5384972 0.7641938 -0.05413548
v 0.9194312 -0.3826837 -0.09055542
v 0.6313392 0.7730104 -0.06218079
v 0.877675 -0.471397 -0.08644268
v 0.7041205 0.7025428 -0.06768366
v 0.8274662 -0.5555705 -0.08149746
v 0.809746 0.6496292 -0.07771012
v 0.7692885 -0.6343936 -0.07576745
v 0.8982043 0.5867423 -0.07642638
v 0.7037022 -0.7071071 -0.06930776
v 0.8974912 0.4853292 -0.08949827
v 0.6313388 -0.7730107 -0.06218057
v 0.9191748 0.3826982 -0.09059082
v 0.5518923 -0.8295953 -0.05376387
v 0.9522181 0.2902668 -0.09380253
v 0.4642787 -0.8544764 -0.04587642
v 0.9755111 0.1949565 -0.09612826
v 0.3615901 -0.8178842 -0.0478285
v 1.005543 0.09943376 -0.09897555
v 0.1941517 0.9807852 -0.01912158
v 0.2857063 -0.8370569 -0.06768791
v 0.9887722 -0.00789081 -0.07957906
v 0.2888878 0.9569403 -0.02845226
v 0.2054351 -0.8571972 -0.05497941
v 0.9342743 -0.0670263 -0.07431442
v 0.6343939 0.7730104 6.94026E-07
v 0.5514276 0.8220664 0.0007123538
v 0.8819216 -0.471397 7.678652E-07
v 0.9238799 -0.3826837 6.45531E-07
v 0.7246882 0.7246695 -8.686155E-06
v 0.8314699 -0.5555705 8.449546E-07
v 0.7870523 0.6239006 -0.01074241
v 0.7730107 -0.6343936 8.543511E-07
v 0.8645985 0.5772652 -0.02612333
v 0.7071071 -0.7071071 8.555686E-07
v 0.8805154 0.4726794 -0.004143857
v 0.6341625 -0.7728593 0.0001413771
v 0.9172655 0.381385 -0.0017442
v 0.55429 -0.8282431 0.0006456451
v 0.9472812 0.2881882 -0.0005808471
v 0.4668847 -0.8465621 -0.0018627
v 0.9605747 0.1881112 0.0007661484
v 0.3718001 -0.8179395 -0.01990508
v 0.9940063 0.08446572 0.001138163
v 0.1950911 0.9807852 6.91609E-07
v 0.2906033 -0.844273 -0.05271165
v 0.9941104 -0.01259929 -0.031011
v 0.2902856 0.9569403 7.093528E-07
v 0.2054808 -0.8605489 -0.04530361
v 0.9365394 -0.06131401 -0.0238049
v 0.3707778 0.8951343 7.389563E-07
v 0.980786 -0.1950905 7.051245E-07
v 0.4162314 0.7739242 0.01208255
v 0.9569408 -0.2902849 7.98429E-07
v 0.7567714 0.6302111 0.07227194
v 0.7308459 0.7343681 0.0719517
v 0.7692885 -0.6343936 0.07576916
v 0.8274661 -0.5555705 0.08149914
v 0.8017359 0.5489477 0.06971988
v 0.7037022 -0.7071071 0.06930947
v 0.8660979 0.4681863 0.08210152
v 0.6307414 -0.7726073 0.0624672
v 0.9099226 0.3807097 0.08850587
v 0.5508487 -0.8266896 0.05515529
v 0.9287798 0.2861894 0.09380685
v 0.4608656 -0.8428816 0.04741337
v 0.9025273 0.1826049 0.09172778
v 0.375668 -0.8423477 0.0163661
v 0.8742374 0.06879023 0.06762001
v 0.1941517 0.9807852 0.01912297
v 0.2917071 -0.8517061 -0.0353827
v 0.9503109 -0.0001576748 0.07353844
v 0.2888878 0.9569403 0.02845368
v 0.2000522 -0.8589802 -0.02936602
v 0.9970489 -0.09867604 0.0982015
v 0.3742802 0.9079621 0.03686411
v 0.9760633 -0.1950905 0.09613454
v 0.4487218 0.8435595 0.04419594
v 0.9523329 -0.2902849 0.0937974
v 0.5528957 0.8314695 0.05445621
v 0.9194312 -0.3826837 0.09055671
v 0.6313391 0.7730104 0.06218217
v 0.8776749 -0.471397 0.08644421
v 0.852827 0.4655267 0.1678449
v 0.799846 0.5520448 0.1579731
v 0.6212429 -0.7722294 0.1240358
v 0.6935202 -0.7071071 0.1379506
v 0.9047287 0.383553 0.1787037
v 0.5380147 -0.8197357 0.1083712
v 0.9173309 0.2878646 0.1903167
v 0.4532919 -0.848269 0.09216823
v 0.891515 0.1822323 0.1977856
v 0.3796992 -0.8568677 0.04793299
v 0.9110986 0.07982641 0.2052905
v 0.1913425 0.9807852 0.03806108
v 0.2819591 -0.8426573 -0.004607501
v 0.9905459 -0.001098558 0.1969715
v 0.2784953 0.9360588 0.05539687
v 0.1859019 -0.8490571 0.0007720647
v 0.9760628 -0.09801731 0.1941517
v 0.3566037 0.8777813 0.07093361
v 0.9619405 -0.1950905 0.1913426
v 0.4550711 0.8680559 0.09051997
v 0.9385535 -0.2902849 0.1866907
v 0.5448958 0.8314695 0.1083873
v 0.9061279 -0.3826837 0.1802407
v 0.6222042 0.7730104 0.1237648
v 0.8649758 -0.471397 0.1720551
v 0.7235572 0.7281087 0.1386634
v 0.8154933 -0.5555705 0.1622126
v 0.7297899 0.6376692 0.146593
v 0.7581575 -0.6343936 0.1508078
v 0.9067073 0.2869569 0.279079
v 0.8855429 0.3817391 0.261246
v 0.4457066 -0.8515323 0.1323198
v 0.5214347 -0.8147296 0.1591225
v 0.9292943 0.1900425 0.2939156
v 0.3660034 -0.8468237 0.08418705
v 0.9921152 0.09587179 0.3054832
v 0.1866906 0.9807852 0.05663265
v 0.2581938 -0.8260778 0.0440992
v 0.9570044 -9.549944E-06 0.2903135
v 0.2660314 0.9164465 0.08070046
v 0.1661489 -0.8368956 0.03782434
v 0.9523327 -0.09801731 0.2888877
v 0.3307129 0.8343354 0.1003214
v 0.9385537 -0.1950905 0.2847078
v 0.4419284 0.8639915 0.1340582
v 0.9157352 -0.2902849 0.277786
v 0.5316482 0.8314695 0.1612745
v 0.884098 -0.3826837 0.2681888
v 0.6070771 0.7730105 0.1841555
v 0.8439463 -0.471397 0.2560091
v 0.7152228 0.7455479 0.2046839
v 0.795667 -0.5555705 0.2413638
v 0.701341 0.6326696 0.2207577
v 0.7397251 -0.6343936 0.224394
v 0.768227 0.5444475 0.2338343
v 0.6765666 -0.7070628 0.2052791
v 0.8309755 0.4573649 0.2452769
v 0.6059641 -0.7719578 0.1842624
v 0.9202434 0.09805981 0.3813739
v 0.9309712 0.2001934 0.3961742
v 0.1802407 0.9807852 0.07465883
v 0.2292519 -0.8038538 0.08962024
v 0.3371121 -0.8398674 0.1295967
v 0.92388 -1.173011E-07 0.3826843
v 0.2466667 0.8801449 0.1021734
v 0.1487009 -0.8342417 0.07140073
v 0.919431 -0.09801729 0.3808416
v 0.3079171 0.8046233 0.1275442
v 0.9061281 -0.1950905 0.3753313
v 0.4219472 0.8544469 0.1747769
v 0.8840979 -0.2902849 0.3662061
v 0.5132806 0.8314696 0.2126085
v 0.8535538 -0.3826837 0.3535542
v 0.5861034 0.7730105 0.2427727
v 0.8147893 -0.471397 0.3374975
v 0.6910381 0.7479739 0.286238
v 0.7681779 -0.5555705 0.3181906
v 0.7430452 0.670294 0.3019645
v 0.7141687 -0.6343936 0.2958192
v 0.7115313 0.5343916 0.2920848
v 0.6531166 -0.7070287 0.2706106
v 0.7830169 0.4382234 0.2988302
v 0.5850155 -0.7719549 0.2427487
v 0.8329943 0.3678683 0.3247272
v 0.5049071 -0.8165396 0.2098795
v 0.8897538 0.2918789 0.3713401
v 0.427829 -0.8371537 0.1755056
v 0.8776748 -0.09801728 0.4691277
v 0.8819218 -1.067257E-07 0.4713976
v 0.2908222 0.7961082 0.1554485
v 0.2302774 0.8607561 0.1230865
v 0.1378382 -0.8469569 0.09668259
v 0.864976 -0.1950905 0.46234
v 0.404946 0.8590327 0.2164488
v 0.8439463 -0.2902849 0.4510995
v 0.4899698 0.8314696 0.261895
v 0.8147894 -0.3826836 0.4355146
v 0.5594853 0.7730105 0.2990519
v 0.7777854 -0.471397 0.4157357
v 0.6325729 0.7172664 0.3381179
v 0.7332908 -0.5555705 0.391953
v 0.6946629 0.6349593 0.353741
v 0.6817345 -0.6343936 0.3643955
v 0.6968203 0.5255876 0.3851309
v 0.6232564 -0.7069389 0.3333187
v 0.7147236 0.4339905 0.3909218
v 0.5585127 -0.7720457 0.2989444
v 0.7738104 0.3501475 0.4100936
v 0.4814752 -0.8149461 0.2582831
v 0.867587 0.3005171 0.4629977
v 0.4072287 -0.8388728 0.2179438
v 0.8657389 0.1955582 0.4628403
v 0.3146324 -0.8352098 0.1704836
v 0.877475 0.0980075 0.4690075
v 0.172055 0.9807852 0.091966
v 0.206556 -0.8012868 0.1278109
v 0.7956671 -0.2902849 0.5316486
v 0.8154938 -0.1950905 0.5448962
v 0.4619404 0.8314696 0.3086594
v 0.3804445 0.8560266 0.2542056
v 0.7681781 -0.3826836 0.5132807
v 0.5274791 0.7730105 0.352451
v 0.733291 -0.471397 0.4899701
v 0.587964 0.7070014 0.392564
v 0.6913418 -0.5555705 0.4619407
v 0.6372915 0.6201816 0.4167848
v 0.6426828 -0.6343733 0.4294521
v 0.6927512 0.5414705 0.4551246
v 0.5875888 -0.7069413 0.3928044
v 0.7221434 0.4647031 0.4770603
v 0.5265795 -0.7719554 0.3522506
v 0.7649201 0.3802049 0.5101074
v 0.4464372 -0.8008482 0.3019825
v 0.7956778 0.2905101 0.531175
v 0.3814044 -0.83435 0.2568181
v 0.8150219 0.1950332 0.5444973
v 0.2936981 -0.8420936 0.2049642
v 0.8272924 0.09800609 0.5527663
v 0.1622123 0.9807852 0.1083875
v 0.1893934 -0.8163265 0.1580351
v 0.8314701 -9.669143E-08 0.5555711
v 0.2181785 0.8650162 0.1457829
v 0.1336601 -0.873708 0.1156546
v 0.827466 -0.09801727 0.5528959
v 0.2767174 0.8034602 0.1848974
v 0.6817346 -0.471397 0.5594859
v 0.7141688 -0.3826836 0.5861038
v 0.5460553 0.7063105 0.4476303
v 0.490393 0.7730105 0.4024558
v 0.6427347 -0.5555704 0.5274796
v 0.5786871 0.6048083 0.4619664
v 0.5973858 -0.63433 0.4903449
v 0.6363678 0.5395699 0.5095378
v 0.5463377 -0.7069768 0.4485247
v 0.6735625 0.4635065 0.5489895
v 0.4894071 -0.7717379 0.4021547
v 0.712232 0.3816519 0.5837291
v 0.419903 -0.8075311 0.3469447
v 0.7386882 0.290033 0.6059014
v 0.3567873 -0.8270798 0.2868432
v 0.7575128 0.1949968 0.6215525
v 0.2725901 -0.8543978 0.2373777
v 0.7691568 0.09800798 0.6312194
v 0.1508075 0.9807852 0.1237652
v 0.1812124 -0.856472 0.1851358
v 0.7730108 -8.729499E-08 0.6343942
v 0.208837 0.8905966 0.1713888
v 0.1271825 -0.9000733 0.1337528
v 0.7692884 -0.09801726 0.6313394
v 0.259712 0.8111122 0.2131409
v 0.7581578 -0.1950905 0.6222047
v 0.3618351 0.8757249 0.296951
v 0.7397251 -0.2902849 0.6070776
v 0.4294622 0.8314696 0.3524512
v 0.5464369 -0.6343258 0.5465336
v 0.5879378 -0.5555704 0.5879387
v 0.5694134 0.5245495 0.5648654
v 0.5097877 0.5823222 0.4922097
v 0.4997445 -0.706975 0.4999152
v 0.6195061 0.4669321 0.6189496
v 0.4478148 -0.7716473 0.4481452
v 0.6515449 0.3816876 0.6509438
v 0.3871378 -0.7944854 0.3809169
v 0.675728 0.2900295 0.6753989
v 0.3228908 -0.8162137 0.3139532
v 0.6930289 0.1950116 0.6929186
v 0.2471003 -0.8646209 0.2664848
v 0.703702 0.09801709 0.7037027
v 0.1379502 0.9807852 0.1379509
v 0.1667778 -0.8869209 0.2092677
v 0.7071071 -7.862686E-08 0.7071077
v 0.1917752 0.8955983 0.1914714
v 0.1200798 -0.9206084 0.1489246
v 0.703702 -0.09801725 0.7037027
v 0.2472911 0.8420587 0.2472033
v 0.6935205 -0.1950905 0.6935211
v 0.3331206 0.8813715 0.3331213
v 0.6766591 -0.2902849 0.6766601
v 0.392848 0.8314696 0.3928487
v 0.6532817 -0.3826836 0.6532823
v 0.4485841 0.7730105 0.4485848
v 0.6236127 -0.471397 0.6236135
v 0.4882624 0.6940684 0.4837878
v 0.4016315 -0.7710785 0.4896972
v 0.4482086 -0.7068941 0.5464296
v 0.5851902 0.3821441 0.7127408
v 0.5502269 0.463162 0.6721156
v 0.3477013 -0.7960628 0.4193789
v 0.6066509 0.290155 0.7390156
v 0.2856071 -0.8033392 0.3397699
v 0.6220986 0.1950713 0.7580001
v 0.2201878 -0.8647206 0.2807657
v 0.6313387 0.0980171 0.769289
v 0.1237645 0.9807852 0.1508082
v 0.163912 -0.918224 0.2229008
v 0.6343936 -7.077053E-08 0.7730114
v 0.1657449 0.8469106 0.1845781
v 0.1157595 -0.9367749 0.1583354
v 0.6313387 -0.09801725 0.769289
v 0.2238646 0.8064814 0.2572987
v 0.6222041 -0.1950905 0.7581585
v 0.2990515 0.8819212 0.3643959
v 0.6070766 -0.2902848 0.7397259
v 0.3524505 0.8314696 0.4294629
v 0.5861032 -0.3826836 0.7141693
v 0.4024552 0.7730105 0.4903937
v 0.5594851 -0.4713969 0.6817353
v 0.4366236 0.6910517 0.5320833
v 0.5274786 -0.5555704 0.6427355
v 0.4402848 0.5794062 0.5585144
v 0.4903044 -0.6343552 0.5974989
v 0.5015277 0.5253376 0.6249879
v 0.251162 -0.8031794 0.3603839
v 0.3120338 -0.7979987 0.4496236
v 0.5448956 0.1950903 0.8154944
v 0.531523 0.2902401 0.7954092
v 0.1972299 -0.8807913 0.3016194
v 0.5528951 0.0980171 0.8274667
v 0.1083868 0.9807852 0.162213
v 0.156935 -0.9429618 0.2391036
v 0.5555704 -6.380164E-08 0.8314707
v 0.1385178 0.8355703 0.1962201
v 0.1079073 -0.9456531 0.1648574
v 0.5528951 -0.09801724 0.8274667
v 0.1872502 0.7738447 0.271439
v 0.5448956 -0.1950905 0.8154944
v 0.2618945 0.8819212 0.3919534
v 0.5316476 -0.2902848 0.7956679
v 0.3086587 0.8314696 0.4619411
v 0.5132802 -0.3826836 0.7681785
v 0.3523917 0.7728893 0.5273257
v 0.4899693 -0.4713969 0.7332917
v 0.3849077 0.6969004 0.579915
v 0.4619397 -0.5555704 0.6913425
v 0.4084432 0.6124454 0.6373242
v 0.4293361 -0.6343357 0.6426516
v 0.4488125 0.5479308 0.6885775
v 0.3923984 -0.7068405 0.5876756
v 0.4868748 0.4694849 0.7296304
v 0.3517801 -0.7708731 0.5265716
v 0.5124936 0.3823013 0.7668008
v 0.1610779 0.7826973 0.294158
v 0.1169049 0.8311489 0.2082194
v 0.09233483 -0.9464276 0.171166
v 0.4623395 -0.1950904 0.8649767
v 0.4691269 -0.09801723 0.8776754
v 0.2222153 0.8819212 0.4157362
v 0.4510985 -0.2902848 0.8439471
v 0.2618944 0.8314696 0.4899705
v 0.435514 -0.3826836 0.8147898
v 0.2989053 0.7723866 0.5585979
v 0.4157349 -0.4713969 0.7777861
v 0.331595 0.7035704 0.6211637
v 0.391952 -0.5555704 0.7332916
v 0.365171 0.6339062 0.6868569
v 0.3641995 -0.6342969 0.6815749
v 0.3780671 0.5469573 0.722423
v 0.3330901 -0.7069076 0.6234104
v 0.3996637 0.464495 0.7576544
v 0.2982185 -0.7653852 0.5548026
v 0.4339414 0.3820729 0.8121807
v 0.2769115 -0.7698787 0.455841
v 0.4510598 0.2902681 0.843844
v 0.2213415 -0.8145115 0.3714419
v 0.4623395 0.1950903 0.8649766
v 0.178643 -0.899977 0.3229305
v 0.4691269 0.09801711 0.8776754
v 0.09196531 0.9807852 0.1720557
v 0.1354066 -0.9469311 0.2533779
v 0.4713969 -5.778734E-08 0.8819223
v 0.2126078 0.8314696 0.5132813
v 0.1803961 0.8819212 0.4355152
v 0.3535536 -0.3826836 0.8535542
v 0.3662052 -0.2902848 0.8840986
v 0.2428806 0.7716929 0.5841966
v 0.3374968 -0.4713969 0.81479
v 0.2700785 0.6978536 0.643895
v 0.3181896 -0.5555704 0.7681786
v 0.2925974 0.6198511 0.7039148
v 0.2956296 -0.6342912 0.71398
v 0.3099932 0.5554734 0.7714337
v 0.2703845 -0.7064863 0.6528343
v 0.318603 0.4671241 0.7928709
v 0.2415709 -0.7207943 0.5577279
v 0.3502228 0.381592 0.8472252
v 0.2397018 -0.727941 0.4629997
v 0.3658557 0.2901316 0.882959
v 0.1845377 -0.8123853 0.3969601
v 0.3753307 0.1950903 0.9061287
v 0.143613 -0.8743632 0.3309221
v 0.3808408 0.09801712 0.9194316
v 0.07465813 0.9807852 0.1802413
v 0.106792 -0.9240779 0.2585221
v 0.3826836 -5.278552E-08 0.9238806
v 0.08879964 0.8163404 0.2161378
v 0.07174052 -0.945555 0.1771357
v 0.3808408 -0.09801723 0.9194316
v 0.1267873 0.7670293 0.3020414
v 0.3753307 -0.1950904 0.9061287
v 0.2035801 0.6931698 0.6618219
v 0.1843806 0.7691428 0.6020217
v 0.2413628 -0.5555704 0.7956676
v 0.2560084 -0.4713969 0.8439471
v 0.2202817 0.6215435 0.7275841
v 0.224228 -0.6342903 0.739522
v 0.2287446 0.5480592 0.7821392
v 0.2050652 -0.7062011 0.6760824
v 0.2345671 0.4644298 0.8106651
v 0.1832501 -0.72895 0.588048
v 0.2582122 0.3793056 0.854243
v 0.1747547 -0.674583 0.4757013
v 0.2773345 0.2900685 0.9135935
v 0.134776 -0.8021241 0.4189017
v 0.2847073 0.1950903 0.9385543
v 0.1016104 -0.8461081 0.3354146
v 0.288887 0.09801712 0.9523332
v 0.05663196 0.9807852 0.1866912
v 0.07733681 -0.8935108 0.2586417
v 0.2902848 -4.884437E-08 0.9569414
v 0.06114687 0.8438883 0.2387144
v 0.05283416 -0.9404342 0.1812243
v 0.288887 -0.09801722 0.9523332
v 0.08675019 0.7774897 0.3159013
v 0.2847073 -0.1950904 0.9385543
v 0.1368395 0.8819212 0.4511
v 0.2777851 -0.2902848 0.9157358
v 0.1613106 0.8313987 0.5315394
v 0.2681883 -0.3826836 0.8840984
v 0.158375 0.5422294 0.7871888
v 0.150678 0.6233789 0.74091
v 0.1375914 -0.7050699 0.6925216
v 0.150695 -0.6343058 0.7579864
v 0.1665876 0.4652506 0.8244435
v 0.119109 -0.7059639 0.6035941
v 0.1740721 0.3802699 0.8665327
v 0.07823416 -0.7022196 0.5041974
v 0.1864957 0.2901162 0.9364762
v 0.0827166 -0.8087884 0.4311319
v 0.1913421 0.1950903 0.9619411
v 0.0672359 -0.8408294 0.3418392
v 0.194151 0.09801713 0.9760633
v 0.03806039 0.9807852 0.1913431
v 0.04982493 -0.8665862 0.2569403
v 0.1950904 -4.600183E-08 0.9807863
v 0.04913189 0.88016 0.2598332
v 0.03473826 -0.9385138 0.1845104
v 0.194151 -0.09801722 0.9760633
v 0.0611785 0.831232 0.3432923
v 0.1913421 -0.1950904 0.9619411
v 0.09196513 0.8819212 0.4623404
v 0.1866897 -0.2902848 0.9385539
v 0.1085205 0.8312531 0.5445758
v 0.1802401 -0.3826836 0.9061282
v 0.1247307 0.7688428 0.6161497
v 0.1720544 -0.4713969 0.8649764
v 0.1392889 0.699448 0.6820443
v 0.1622116 -0.5555704 0.8154939
v 0.09190928 0.3832292 0.9134768
v 0.09746617 0.4660208 0.8460352
v 0.004647204 -0.739115 0.5172611
v 0.04178974 -0.6837412 0.5997204
v 0.09382953 0.290238 0.9519182
v 0.04193571 -0.8374513 0.4462653
v 0.09613407 0.1950903 0.9760638
v 0.03383796 -0.844955 0.3485243
v 0.09754524 0.09801713 0.9903935
v 0.01905944 0.9775628 0.1935145
v 0.02429337 -0.8613686 0.2590464
v 0.09801719 -4.428528E-08 0.9951857
v 0.01905472 0.8726294 0.2597197
v 0.01672715 -0.9410935 0.1873374
v 0.09754524 -0.09801722 0.9903935
v 0.02190767 0.8501275 0.3601019
v 0.09613407 -0.1950904 0.9760638
v 0.04620507 0.8819212 0.4691283
v 0.0937965 -0.2902848 0.9523333
v 0.05480567 0.8310505 0.5522756
v 0.09055622 -0.3826836 0.9194316
v 0.06465992 0.7706888 0.6265808
v 0.08644349 -0.4713969 0.8776756
v 0.07539456 0.7002556 0.6906028
v 0.08149823 -0.5555704 0.8274666
v 0.0853637 0.6175082 0.7424181
v 0.07570959 -0.6342893 0.7691554
v 0.09154865 0.536523 0.790669
v 0.06859102 -0.6923863 0.6967211
v 2.42589E-07 0.1950903 0.9807866
v -2.563188E-08 0.2902847 0.9569414
v -0.0004411703 -0.8388066 0.3476676
v -0.0006566576 -0.8753895 0.467992
v 7.122567E-08 0.09801713 0.9951856
v -2.725593E-09 0.9730853 0.1935602
v -0.001104865 -0.8693713 0.2629513
v 1.907161E-08 -4.371126E-08 1.000001
v -0.002521865 0.9024869 0.2715428
v -0.001529863 -0.9439593 0.1886834
v 7.122567E-08 -0.09801722 0.9951856
v -0.00859742 0.8689837 0.3668153
v 2.42589E-07 -0.1950904 0.9807866
v 3.024748E-08 0.8819212 0.4713982
v -7.033536E-08 -0.2902848 0.9569412
v 0.000440477 0.8310429 0.5549635
v 1.829844E-07 -0.3826836 0.9238804
v 0.004038153 0.7682974 0.6268795
v 7.122567E-08 -0.4713969 0.8819222
v 0.01082394 0.6869446 0.6788909
v -4.053304E-08 -0.5555704 0.8314703
v 0.01037687 0.601353 0.7299482
v -8.218233E-05 -0.6341808 0.7727602
v 0.005740628 0.5318632 0.7943859
v -0.0007351121 -0.6986213 0.7027251
v 0.004740397 0.4640411 0.8628271
v -0.02027413 -0.7045314 0.5913954
v 0.0004778746 0.3822 0.9218494
v -0.02042832 -0.7853762 0.52636
v -0.09801714 -4.428528E-08 0.9951857
v -0.09754509 0.09801713 0.9903935
v -0.01639782 0.8856209 0.2676575
v -0.01876178 0.9622954 0.1904922
v -0.01998185 -0.9507282 0.1890654
v -0.02716234 -0.8873835 0.2676122
v -0.09754509 -0.09801722 0.9903935
v -0.03949684 0.8920045 0.3762088
v -0.09613359 -0.1950904 0.9760638
v -0.04620501 0.8819212 0.4691283
v -0.09379663 -0.2902848 0.9523333
v -0.0540879 0.8311003 0.552417
v -0.09055585 -0.3826836 0.9194316
v -0.05830217 0.7651175 0.6202587
v -0.08644334 -0.4713969 0.8776755
v -0.06443655 0.6745849 0.6613919
v -0.0814983 -0.5555704 0.8274665
v -0.08652659 0.5878646 0.7186109
v -0.07583128 -0.6342622 0.7690666
v -0.08821212 0.5351207 0.7951004
v -0.06957076 -0.7063001 0.7030279
v -0.08577586 0.4681298 0.8695096
v -0.06224087 -0.76605 0.6257446
v -0.09038218 0.3825469 0.9188436
v -0.05445583 -0.8200662 0.5451784
v -0.09379661 0.2902847 0.9523335
v -0.04640258 -0.8793562 0.467828
v -0.09613359 0.1950903 0.9760638
v -0.03592081 -0.8714268 0.3593716
v -0.1913416 -0.1950904 0.9619411
v -0.1941509 -0.09801722 0.9760633
v -0.09196506 0.8819212 0.4623404
v -0.07064428 0.8947619 0.3724082
v -0.1866899 -0.2902848 0.9385539
v -0.1080268 0.8311536 0.5445321
v -0.1802398 -0.3826836 0.9061283
v -0.1224369 0.7674867 0.6148078
v -0.1720543 -0.4713969 0.8649763
v -0.1446117 0.6778908 0.658766
v -0.1622117 -0.5555704 0.8154938
v -0.1744536 0.6012358 0.7170683
v -0.1508331 -0.6343402 0.7580267
v -0.162274 0.5421624 0.7872123
v -0.1380186 -0.7069299 0.6932247
v -0.1707202 0.4687724 0.8596165
v -0.1238435 -0.7727339 0.6218694
v -0.18003 0.3825185 0.9055907
v -0.1085744 -0.8309882 0.5443585
v -0.1866899 0.2902847 0.938554
v -0.0921102 -0.8808159 0.4616867
v -0.1913416 0.1950903 0.9619411
v -0.07420769 -0.9120036 0.37054
v -0.1941509 0.09801713 0.9760633
v -0.03705544 0.9548882 0.1862909
v -0.05437503 -0.9081082 0.2700117
v -0.1950904 -4.600183E-08 0.9807863
v -0.04701655 0.8670189 0.2590443
v -0.03868647 -0.962349 0.1884993
v -0.2681879 -0.3826836 0.8840985
v -0.2777852 -0.2902848 0.9157357
v -0.1837696 0.7714455 0.6050811
v -0.1607819 0.8310621 0.5312265
v -0.2560082 -0.4713969 0.843947
v -0.2083478 0.7035771 0.6701298
v -0.2413629 -0.5555704 0.7956675
v -0.2248247 0.6185951 0.7154855
v -0.2243931 -0.6343935 0.7397256
v -0.2324272 0.5275155 0.7540608
v -0.2052992 -0.7070081 0.6764449
v -0.2531414 0.4654158 0.8342063
v -0.1842148 -0.7728833 0.6068434
v -0.2679353 0.3824899 0.8835637
v -0.1614147 -0.8312096 0.5312541
v -0.2777852 0.2902847 0.9157359
v -0.1369495 -0.8816289 0.4508157
v -0.2847069 0.1950903 0.9385543
v -0.1112213 -0.921415 0.3651537
v -0.2888868 0.09801712 0.9523332
v -0.05482911 0.9495621 0.180748
v -0.08164369 -0.9206369 0.2669847
v -0.2902847 -4.884437E-08 0.9569413
v -0.07526475 0.8547258 0.2481156
v -0.05751841 -0.9749265 0.1862288
v -0.2888868 -0.09801722 0.9523332
v -0.1087245 0.9022627 0.3599214
v -0.2847069 -0.1950904 0.9385543
v -0.1368394 0.8819212 0.4511
v -0.3181896 -0.5555704 0.7681784
v -0.3374966 -0.4713969 0.81479
v -0.2932266 0.6298987 0.7064252
v -0.2694236 0.7055299 0.6507411
v -0.2958183 -0.6343935 0.7141693
v -0.310748 0.5342919 0.7356263
v -0.2705981 -0.707107 0.6532826
v -0.3334766 0.4660031 0.8049705
v -0.2427942 -0.772935 0.5859607
v -0.3535298 0.382669 0.8535134
v -0.2126685 -0.831322 0.5130433
v -0.3632244 0.2879217 0.876902
v -0.1804694 -0.8817695 0.4353155
v -0.3753302 0.1950903 0.9061288
v -0.1465762 -0.9224611 0.352827
v -0.3808406 0.09801712 0.9194316
v -0.07189646 0.9445048 0.1735741
v -0.11003 -0.9436018 0.2641137
v -0.3826835 -5.278553E-08 0.9238805
v -0.09912855 0.8539221 0.2393184
v -0.07561312 -0.9778044 0.1802363
v -0.3808406 -0.09801723 0.9194316
v -0.1434429 0.9049281 0.3463025
v -0.3753302 -0.1950904 0.9061288
v -0.180396 0.8819212 0.4355152
v -0.3662053 -0.2902848 0.8840985
v -0.2120624 0.8310722 0.5129353
v -0.3535532 -0.3826836 0.8535542
v -0.2421058 0.7725805 0.5855426
v -0.3333278 -0.707107 0.6236136
v -0.3643946 -0.6343935 0.6817351
v -0.4110492 0.4673413 0.7687731
v -0.3973509 0.5611374 0.7391236
v -0.2990508 -0.7730107 0.5594857
v -0.4272362 0.3770593 0.8007939
v -0.2618941 -0.8314698 0.4899703
v -0.4309399 0.2773122 0.8062325
v -0.2222594 -0.8818007 0.4155692
v -0.4598803 0.1940528 0.8603768
v -0.1805277 -0.9233141 0.3370441
v -0.4691267 0.09801711 0.8776754
v -0.0882109 0.9407452 0.1650317
v -0.1371045 -0.9560789 0.2554369
v -0.4713968 -5.778735E-08 0.8819222
v -0.121144 0.8471773 0.2266453
v -0.09289603 -0.9788906 0.1720907
v -0.4691267 -0.09801723 0.8776754
v -0.1739658 0.8909474 0.3254679
v -0.462339 -0.1950904 0.8649768
v -0.2222152 0.8819212 0.4157361
v -0.4510987 -0.2902848 0.8439469
v -0.2612091 0.8306671 0.4895132
v -0.4355136 -0.3826836 0.8147899
v -0.2982223 0.7724793 0.558971
v -0.4157348 -0.4713969 0.7777861
v -0.3320293 0.7062979 0.6225118
v -0.391952 -0.5555704 0.7332914
v -0.3621083 0.6315425 0.6777815
v -0.3086584 -0.8314698 0.4619409
v -0.3524499 -0.7730107 0.5274795
v -0.503046 0.2753369 0.746158
v -0.50683 0.3756421 0.7566593
v -0.2619019 -0.8818887 0.3919063
v -0.5235459 0.1875865 0.7831817
v -0.2126845 -0.9236692 0.3179348
v -0.5528949 0.0980171 0.8274667
v -0.1033744 0.935428 0.1547114
v -0.1614872 -0.9565024 0.2409417
v -0.5555703 -6.380166E-08 0.8314705
v -0.1410842 0.8371405 0.2111482
v -0.1092417 -0.9792655 0.1621565
v -0.5528949 -0.09801724 0.8274667
v -0.1931933 0.8395136 0.289135
v -0.5448952 -0.1950905 0.8154945
v -0.2561354 0.862528 0.3833345
v -0.5316477 -0.2902848 0.7956676
v -0.3078817 0.8301553 0.4613446
v -0.5132799 -0.3826836 0.7681787
v -0.351599 0.7724954 0.5270637
v -0.4899692 -0.4713969 0.7332917
v -0.3906977 0.7051807 0.5859103
v -0.4619397 -0.5555704 0.6913424
v -0.4113092 0.6095965 0.6176243
v -0.4294615 -0.6343935 0.6427355
v -0.4219183 0.5148805 0.652501
v -0.3928475 -0.707107 0.5879388
v -0.4255414 0.4201454 0.6853289
v -0.2427925 -0.9237985 0.2957168
v -0.299051 -0.8819214 0.3643956
v -0.6313385 0.0980171 0.769289
v -0.6212592 0.1947932 0.7570667
v -0.1189875 0.9429296 0.1449874
v -0.1842966 -0.9565873 0.2240335
v -0.6343934 -7.077054E-08 0.7730113
v -0.1603154 0.8330585 0.1953456
v -0.1245338 -0.9794613 0.1506734
v -0.6313385 -0.09801725 0.769289
v -0.219115 0.8338501 0.2669931
v -0.6222038 -0.1950905 0.7581586
v -0.2848394 0.840009 0.3470786
v -0.6070767 -0.2902848 0.7397256
v -0.3524504 0.8314696 0.4294628
v -0.5861029 -0.3826836 0.7141695
v -0.4018656 0.7726712 0.4901658
v -0.559485 -0.4713969 0.6817353
v -0.4457422 0.7041554 0.5437671
v -0.5274787 -0.5555704 0.6427354
v -0.4605111 0.5974417 0.5615255
v -0.4903926 -0.6343935 0.5975459
v -0.4727693 0.4994906 0.5766016
v -0.4485838 -0.707107 0.546602
v -0.500141 0.3718205 0.6113264
v -0.4024547 -0.7730107 0.4903935
v -0.537595 0.3123954 0.6231194
v -0.3524502 -0.8314698 0.4294627
v -0.5305282 0.2773432 0.659458
v -0.1386415 -0.979579 0.1377558
v -0.2053531 -0.9566432 0.2049531
v -0.7037019 -0.09801725 0.7037026
v -0.7071069 -7.862687E-08 0.7071077
v -0.2440879 0.833366 0.2440887
v -0.1824888 0.8507659 0.1824895
v -0.6935201 -0.1950905 0.6935213
v -0.3166883 0.8378947 0.316689
v -0.6766592 -0.2902849 0.6766598
v -0.3928479 0.8314696 0.3928486
v -0.6532815 -0.3826836 0.6532824
v -0.448584 0.7730105 0.4485847
v -0.6236126 -0.471397 0.6236135
v -0.4933266 0.698676 0.4921789
v -0.5879378 -0.5555704 0.5879385
v -0.5144918 0.6106381 0.4960054
v -0.5466009 -0.6343935 0.5466017
v -0.5332176 0.4918805 0.4892841
v -0.5000001 -0.707107 0.500001
v -0.5816247 0.4569893 0.5804912
v -0.4485836 -0.7730107 0.4485846
v -0.5181956 0.3282593 0.6052312
v -0.3928476 -0.8314698 0.3928486
v -0.506791 0.2647396 0.6100526
v -0.3333279 -0.8819214 0.3333288
v -0.6935201 0.1950903 0.6935212
v -0.2706048 -0.9238276 0.2705322
v -0.7037019 0.09801709 0.7037026
v -0.1333791 0.9482855 0.1333798
v -0.7397251 -0.2902849 0.6070773
v -0.7581576 -0.1950905 0.6222049
v -0.429462 0.8314696 0.3524511
v -0.3482835 0.8429271 0.2858296
v -0.7141685 -0.3826836 0.5861039
v -0.4903928 0.7730105 0.4024557
v -0.6817344 -0.471397 0.5594859
v -0.5081956 0.6674622 0.4214295
v -0.6427346 -0.5555704 0.5274795
v -0.5524482 0.5932369 0.4468409
v -0.5975451 -0.6343935 0.4903934
v -0.5927711 0.5191005 0.4731174
v -0.546601 -0.707107 0.4485848
v -0.5885623 0.4662763 0.4978804
v -0.4903925 -0.7730107 0.4024557
v -0.5240496 0.3339407 0.469062
v -0.4294617 -0.8314698 0.3524511
v -0.5745474 0.2238953 0.5261533
v -0.3643947 -0.8819215 0.2990519
v -0.6949769 0.1547944 0.5903648
v -0.2958183 -0.923871 0.2427615
v -0.7132396 0.08145573 0.590211
v -0.1443601 0.9388543 0.1184739
v -0.2244343 -0.9567345 0.1839345
v -0.7730106 -8.729499E-08 0.6343942
v -0.206446 0.8804001 0.1694265
v -0.1514189 -0.9796858 0.1235252
v -0.7692882 -0.09801726 0.6313393
v -0.2678834 0.8366329 0.2198469
v -0.7332909 -0.471397 0.4899701
v -0.7681777 -0.3826836 0.5132808
v -0.5398388 0.6622362 0.3670893
v -0.5268779 0.7721297 0.3520492
v -0.6913416 -0.5555705 0.4619405
v -0.5813798 0.5949173 0.4120804
v -0.6427347 -0.6343936 0.4294624
v -0.6165322 0.5126572 0.4280257
v -0.5879379 -0.7071071 0.3928485
v -0.6494059 0.4696617 0.4391138
v -0.5274786 -0.7730107 0.3524508
v -0.5943711 0.358529 0.3559088
v -0.4619399 -0.8314699 0.3086593
v -0.6097611 0.2288487 0.3955251
v -0.3919522 -0.8819215 0.261895
v -0.7400384 0.1600251 0.4988193
v -0.3181896 -0.9238797 0.2126085
v -0.7932165 0.08159703 0.5305192
v -0.1529626 0.9248578 0.102207
v -0.2413782 -0.9567787 0.1610987
v -0.8314698 -9.669144E-08 0.5555711
v -0.232496 0.9217821 0.1553495
v -0.1627474 -0.9797863 0.1081209
v -0.8274659 -0.09801727 0.5528957
v -0.3003578 0.8721017 0.2006934
v -0.8154935 -0.1950905 0.5448964
v -0.3845618 0.8652912 0.2569567
v -0.795667 -0.2902849 0.5316483
v -0.4619402 0.8314696 0.3086593
v -0.6817343 -0.6343936 0.3643954
v -0.7332907 -0.5555705 0.3919528
v -0.6411117 0.5015492 0.3730245
v -0.5763557 0.5796738 0.349491
v -0.6236126 -0.7071071 0.3333288
v -0.6582196 0.4273929 0.3598952
v -0.5594848 -0.7730107 0.2990518
v -0.7275943 0.3450809 0.3735336
v -0.4899693 -0.8314699 0.261895
v -0.7241933 0.2499462 0.3728897
v -0.4157349 -0.8819215 0.2222159
v -0.7843317 0.1630868 0.4006356
v -0.3374966 -0.9238797 0.1803967
v -0.8776746 0.09801707 0.4691275
v -0.1603966 0.9143267 0.08573441
v -0.2560057 -0.9567953 0.1366807
v -0.8819215 -1.067257E-07 0.4713976
v -0.256009 0.9569403 0.1368403
v -0.1725137 -0.9798945 0.09169269
v -0.8776746 -0.09801728 0.4691275
v -0.3362643 0.920504 0.1797377
v -0.8649758 -0.1950905 0.4623402
v -0.4157354 0.8819212 0.2222159
v -0.8439462 -0.2902849 0.4510993
v -0.4899697 0.8314696 0.261895
v -0.8147889 -0.3826836 0.4355147
v -0.5594852 0.7730105 0.2990517
v -0.7777853 -0.471397 0.4157358
v -0.5576844 0.6651176 0.3124449
v -0.5861028 -0.7730107 0.2427727
v -0.6532816 -0.7071071 0.270599
v -0.7773378 0.3451746 0.3187642
v -0.7009658 0.4011436 0.2759244
v -0.5132802 -0.8314699 0.2126085
v -0.8884965 0.3096271 0.3945158
v -0.4355139 -0.8819215 0.1803967
v -0.9089695 0.1992205 0.369562
v -0.3535534 -0.9238797 0.1464476
v -0.9194309 0.09801705 0.3808413
v -0.1672187 0.9099248 0.0692649
v -0.2681728 -0.9568237 0.1109598
v -0.9238798 -1.173012E-07 0.3826842
v -0.2681889 0.9569403 0.1110881
v -0.1806302 -0.9799986 0.07439068
v -0.9194309 -0.09801729 0.3808414
v -0.3493759 0.9124145 0.1446543
v -0.9061279 -0.1950905 0.3753314
v -0.4355144 0.8819212 0.1803967
v -0.8840978 -0.2902849 0.3662059
v -0.5020559 0.8132867 0.2079591
v -0.8535534 -0.3826837 0.3535543
v -0.5810363 0.7663277 0.2406738
v -0.8147892 -0.471397 0.3374976
v -0.59434 0.6729441 0.2549724
v -0.7681777 -0.5555705 0.3181904
v -0.577842 0.5648255 0.2483938
v -0.7141685 -0.6343936 0.295819
v -0.6556856 0.4802914 0.2704258
v -0.4510987 -0.8819215 0.1368402
v -0.5316478 -0.8314699 0.1612745
v -0.9403084 0.204027 0.2917025
v -0.9187574 0.2823889 0.2800379
v -0.3662052 -0.9238797 0.1110881
v -0.9523324 0.09801704 0.2888875
v -0.1731466 0.9096311 0.05252411
v -0.2777675 -0.9568675 0.08418704
v -0.9569407 -1.283159E-07 0.2902854
v -0.2757215 0.9498281 0.08363985
v -0.187037 -0.9800361 0.05634443
v -0.9523324 -0.09801731 0.2888875
v -0.35844 0.9019667 0.1093274
v -0.9385535 -0.1950905 0.284708
v -0.4423338 0.8647844 0.1341812
v -0.9157349 -0.2902849 0.2777859
v -0.5094013 0.7966765 0.1545259
v -0.8840976 -0.3826837 0.268189
v -0.5667573 0.7216701 0.1719246
v -0.8439463 -0.471397 0.2560091
v -0.6551081 0.6869059 0.2001333
v -0.7956668 -0.5555705 0.2413636
v -0.6401384 0.5766477 0.1955084
v -0.7397249 -0.6343936 0.2243938
v -0.7092419 0.4870889 0.2189111
v -0.6766591 -0.7071071 0.2052632
v -0.8080931 0.446463 0.2378954
v -0.6070765 -0.7730107 0.1841555
v -0.8544112 0.3555619 0.2487079
v -0.1780078 0.9124336 0.03540862
v -0.2847035 -0.9569304 0.05662197
v -0.3753302 -0.9238797 0.07465879
v -0.9807856 -1.39664E-07 0.1950911
v -0.9760625 0.09801703 0.1941515
v -0.2811133 0.9353705 0.0564185
v -0.1916405 -0.9800865 0.03776414
v -0.9760625 -0.09801731 0.1941516
v -0.3675345 0.9003227 0.07329565
v -0.9619403 -0.1950905 0.1913428
v -0.4429556 0.8449457 0.08811009
v -0.9385532 -0.2902849 0.1866905
v -0.4976596 0.7593904 0.09899133
v -0.9061275 -0.3826837 0.1802408
v -0.5813407 0.7201856 0.1159125
v -0.8649756 -0.471397 0.1720552
v -0.626089 0.6455382 0.1330789
v -0.8154932 -0.5555705 0.1622124
v -0.6452291 0.5613469 0.1422194
v -0.7581573 -0.6343936 0.1508076
v -0.7246357 0.4756585 0.1568413
v -0.6935201 -0.7071071 0.1379506
v -0.8649758 0.4713968 0.1720551
v -0.6222035 -0.7730107 0.1237649
v -0.8288184 0.3452057 0.1887747
v -0.5448954 -0.8314699 0.1083873
v -0.8924351 0.273108 0.1943983
v -0.4623391 -0.8819215 0.09196587
v -0.9589235 0.1946223 0.19133
v -0.3719467 0.8968248 0.03642581
v -0.2851757 0.9026341 0.02635282
v -0.1943987 -0.9801447 0.01882655
v -0.9760631 -0.1950905 0.09613477
v -0.9903926 -0.09801733 0.09754581
v -0.4475957 0.8414429 0.04408505
v -0.9523326 -0.2902849 0.09379727
v -0.5079187 0.7638306 0.05002632
v -0.9194309 -0.3826837 0.09055693
v -0.5705885 0.687614 0.05809645
v -0.8776748 -0.471397 0.08644426
v -0.6350644 0.6454618 0.05542957
v -0.8274659 -0.5555705 0.08149903
v -0.6287917 0.5601662 0.06871012
v -0.7692882 -0.6343936 0.07576903
v -0.6631362 0.461358 0.100233
v -0.703702 -0.7071071 0.06930953
v -0.734589 0.3887814 0.1302646
v -0.6313385 -0.7730107 0.06218231
v -0.80136 0.3242279 0.1220081
v -0.5528953 -0.8314699 0.05445636
v -0.9079881 0.2670372 0.1035358
v -0.4691269 -0.8819215 0.04620588
v -0.9760631 0.1950902 0.09613473
v -0.3808406 -0.9238797 0.0375105
v -0.9903926 0.09801702 0.09754579
v -0.181749 0.9181305 0.01790138
v -0.288887 -0.9569405 0.02845377
v -0.995185 -1.51236E-07 0.09801786
v -0.5063356 0.7577832 7.106598E-07
v -0.4587447 0.8582497 7.279347E-07
v -0.9238796 -0.3826837 8.988507E-07
v -0.9569405 -0.2902849 7.09022E-07
v -0.5735987 0.6778706 -0.00224167
v -0.8819215 -0.471397 8.349203E-07
v -0.6461765 0.6493976 -0.008034915
v -0.8314697 -0.5555705 7.555477E-07
v -0.6416138 0.5840877 -0.02367852
v -0.7730105 -0.6343936 7.574935E-07
v -0.643633 0.4622061 -0.02240101
v -0.7071069 -0.7071071 9.300744E-07
v -0.702436 0.3844493 -0.003751601
v -0.6343933 -0.7730107 8.969525E-07
v -0.7722457 0.3098947 0.0119668
v -0.5555705 -0.8314699 9.225479E-07
v -0.8827273 0.2677719 5.56124E-07
v -0.4713968 -0.8819215 9.173863E-07
v -0.9807858 0.1950902 9.119311E-07
v -0.3826833 -0.9238797 9.670916E-07
v -0.9951847 0.09801701 6.329305E-07
v -0.1843987 0.925438 -0.001342461
v -0.2902848 -0.9569405 8.890764E-07
v -1 -1.629206E-07 6.893185E-07
v -0.2864562 0.8954753 -0.003545787
v -0.1952873 -0.9801957 -0.0002945439
v -0.9951847 -0.1324583 6.604052E-07
v -0.361452 0.8625514 -0.001571584
v -0.9807858 -0.2295315 9.625498E-07
v -0.6453514 0.6391526 -0.06231059
v -0.5606598 0.6737618 -0.06200542
v -0.8274659 -0.5555705 -0.08149751
v -0.8776748 -0.471397 -0.08644258
v -0.6556523 0.589205 -0.06936292
v -0.7692882 -0.6343936 -0.07576751
v -0.6821979 0.4830816 -0.1125551
v -0.703702 -0.7071071 -0.06930766
v -0.7041677 0.411435 -0.09706514
v -0.6313385 -0.7730107 -0.06218052
v -0.7780892 0.319568 -0.07848878
v -0.5528953 -0.8314699 -0.05445451
v -0.8570353 0.2612361 -0.08441006
v -0.4691269 -0.8819215 -0.04620405
v -0.9760631 0.1950902 -0.0961329
v -0.3808406 -0.9238797 -0.03750856
v -0.9903926 0.098017 -0.09754452
v -0.1834401 0.9218561 -0.02395979
v -0.288887 -0.9569405 -0.02845199
v -0.995185 -1.746051E-07 -0.09801646
v -0.2874418 0.8906488 -0.03645243
v -0.1942895 -0.9802363 -0.01941979
v -0.9903926 -0.1324583 -0.09754449
v -0.351024 0.8459893 -0.03724871
v -0.9760631 -0.2295315 -0.09613285
v -0.4604592 0.8656255 -0.04535054
v -0.9523326 -0.290285 -0.09379585
v -0.5207636 0.7831475 -0.05129002
v -0.9194309 -0.3826837 -0.09055513
v -0.7105271 0.4988534 -0.1580384
v -0.6456959 0.5482855 -0.1045632
v -0.6935201 -0.7071071 -0.1379488
v -0.7581574 -0.6343936 -0.1508061
v -0.706535 0.4373299 -0.1893162
v -0.6222036 -0.7730107 -0.1237631
v -0.7886317 0.3327061 -0.1960943
v -0.5448954 -0.8314699 -0.1083855
v -0.8998259 0.2783064 -0.1789859
v -0.462339 -0.8819215 -0.09196403
v -0.9619404 0.1950902 -0.1913409
v -0.3753302 -0.9238797 -0.07465684
v -0.9760625 0.09801698 -0.1941503
v -0.1790058 0.9157225 -0.05315328
v -0.284707 -0.9569405 -0.05663086
v -0.9807855 -1.861772E-07 -0.1950897
v -0.2852171 0.891142 -0.06528287
v -0.1914024 -0.9802671 -0.03836576
v -0.9760625 -0.09801736 -0.1941502
v -0.3426411 0.8434129 -0.06815478
v -0.9619404 -0.1950906 -0.1913409
v -0.4518306 0.861875 -0.08987395
v -0.9385532 -0.290285 -0.1866891
v -0.519099 0.7921053 -0.1032545
v -0.9061276 -0.3826837 -0.1802391
v -0.5854422 0.7247639 -0.1208502
v -0.8649756 -0.471397 -0.1720535
v -0.6111072 0.6347718 -0.1014334
v -0.8154932 -0.5555705 -0.1622109
v -0.8514291 0.367632 -0.2727226
v -0.8007142 0.4512141 -0.2657315
v -0.5316479 -0.8314699 -0.1612727
v -0.6070765 -0.7730108 -0.1841537
v -0.9157352 0.2902846 -0.2777847
v -0.4510986 -0.8819215 -0.1368383
v -0.9385537 0.1950902 -0.2847062
v -0.3662051 -0.9238797 -0.1110861
v -0.9523324 0.09801698 -0.2888862
v -0.1742778 0.9222723 -0.07199163
v -0.2777852 -0.9569405 -0.08426433
v -0.9569405 -1.975252E-07 -0.290284
v -0.2768059 0.8904178 -0.08340665
v -0.1866867 -0.9802427 -0.05696354
v -0.9523324 -0.09801737 -0.2888862
v -0.3393801 0.8533714 -0.1010019
v -0.9385537 -0.1950906 -0.2847061
v -0.4420484 0.8642266 -0.1340932
v -0.9157349 -0.290285 -0.2777844
v -0.522834 0.8176844 -0.1585992
v -0.8840978 -0.3826837 -0.2681872
v -0.5926238 0.7546067 -0.1797698
v -0.8439463 -0.471397 -0.2560075
v -0.599806 0.6557459 -0.158375
v -0.7956669 -0.5555705 -0.2413622
v -0.6156502 0.510431 -0.1486834
v -0.739725 -0.6343936 -0.2243923
v -0.7172982 0.4755123 -0.2289698
v -0.6766592 -0.7071071 -0.2052614
v -0.7681778 -0.5555705 -0.3181889
v -0.8147892 -0.471397 -0.3374959
v -0.6271184 0.5362414 -0.2808533
v -0.555205 0.6395291 -0.2265965
v -0.7141687 -0.6343936 -0.2958176
v -0.7401577 0.5143874 -0.3138491
v -0.6532817 -0.7071071 -0.2705972
v -0.7738928 0.4488376 -0.3215668
v -0.586103 -0.7730108 -0.2427709
v -0.836647 0.3749543 -0.3473183
v -0.5132803 -0.83147 -0.2126067
v -0.884098 0.2902846 -0.3662048
v -0.4355138 -0.8819215 -0.1803948
v -0.9061282 0.1950902 -0.3753296
v -0.3535532 -0.9238797 -0.1464456
v -0.9194308 0.09801696 -0.3808401
v -0.1693608 0.9328189 -0.08720244
v -0.2681881 -0.9569405 -0.1110863
v -0.9238797 -2.0854E-07 -0.3826828
v -0.2681885 0.8966258 -0.09795573
v -0.1801911 -0.980099 -0.07507428
v -0.9194308 -0.09801738 -0.38084
v -0.3414762 0.884647 -0.1388136
v -0.9061282 -0.1950906 -0.3753295
v -0.4336014 0.8780476 -0.1796029
v -0.8840978 -0.290285 -0.3662045
v -0.5132807 0.8314695 -0.2126071
v -0.8535535 -0.3826838 -0.3535525
v -0.583741 0.7700254 -0.2424003
v -0.6236128 -0.7071071 -0.333327
v -0.6817344 -0.6343936 -0.3643939
v -0.7395577 0.4446663 -0.3773027
v -0.6933005 0.5033999 -0.3575065
v -0.5594849 -0.7730108 -0.29905
v -0.794052 0.3722691 -0.4150237
v -0.4899696 -0.83147 -0.2618932
v -0.8439464 0.2902846 -0.4510981
v -0.4157348 -0.8819215 -0.222214
v -0.8649761 0.1950902 -0.4623383
v -0.3374965 -0.9238797 -0.1803947
v -0.8776746 0.09801695 -0.4691262
v -0.1648705 0.9345313 -0.09359326
v -0.2560083 -0.9569405 -0.1368384
v -0.8819215 -2.191155E-07 -0.4713961
v -0.2530815 0.92305 -0.1317565
v -0.1719484 -0.9798883 -0.09249835
v -0.8776746 -0.09801739 -0.4691262
v -0.3343298 0.9087577 -0.1766998
v -0.8649761 -0.1950906 -0.4623383
v -0.4157352 0.8819212 -0.2222144
v -0.8439462 -0.290285 -0.4510978
v -0.48997 0.8314695 -0.2618937
v -0.8147892 -0.3826838 -0.4355129
v -0.5440159 0.7516372 -0.2907819
v -0.7777854 -0.4713971 -0.4157341
v -0.540564 0.6288943 -0.3002933
v -0.7332908 -0.5555705 -0.3919513
v -0.610463 0.5408641 -0.3555999
v -0.4619401 -0.83147 -0.3086575
v -0.5274788 -0.7730108 -0.3524491
v -0.7774866 0.2836516 -0.5194994
v -0.6772223 0.3325399 -0.4415927
v -0.391952 -0.8819215 -0.2618931
v -0.8154939 0.1950902 -0.5448945
v -0.3181895 -0.9238798 -0.2126065
v -0.8274658 0.09801694 -0.5528944
v -0.156543 0.935156 -0.1064591
v -0.241363 -0.9569405 -0.1612727
v -0.8314698 -2.291497E-07 -0.5555696
v -0.2373021 0.9327169 -0.1589625
v -0.1620319 -0.9796665 -0.1090352
v -0.8274658 -0.0980174 -0.5528943
v -0.3152277 0.9152779 -0.2106277
v -0.8154939 -0.1950906 -0.5448945
v -0.3919525 0.8819212 -0.2618936
v -0.7956669 -0.290285 -0.5316468
v -0.4530019 0.8153804 -0.3026854
v -0.768178 -0.3826838 -0.5132791
v -0.5074635 0.7436778 -0.3390755
v -0.733291 -0.4713971 -0.4899685
v -0.5348713 0.64539 -0.3640371
v -0.6913418 -0.5555705 -0.461939
v -0.5874361 0.5761621 -0.4084243
v -0.6427348 -0.6343936 -0.4294609
v -0.6264327 0.504708 -0.4070723
v -0.5879381 -0.7071071 -0.3928467
v -0.6678901 0.4349759 -0.4297586
v -0.2958181 -0.9238798 -0.2427707
v -0.3643946 -0.8819215 -0.2990501
v -0.7692882 0.09801693 -0.6313378
v -0.758158 0.1950901 -0.6222031
v -0.1448038 0.9373105 -0.122699
v -0.2243932 -0.9569405 -0.1841538
v -0.7730106 -2.385462E-07 -0.6343926
v -0.220123 0.9324588 -0.1814306
v -0.1505311 -0.9793338 -0.124583
v -0.7692882 -0.09801741 -0.6313378
v -0.2910945 0.909125 -0.2388944
v -0.758158 -0.1950906 -0.6222031
v -0.3604147 0.8692474 -0.2954099
v -0.739725 -0.290285 -0.6070758
v -0.4035753 0.7813501 -0.331205
v -0.7141688 -0.3826838 -0.5861021
v -0.4617256 0.7278216 -0.3789277
v -0.6817346 -0.4713971 -0.5594842
v -0.531902 0.6878996 -0.4402663
v -0.6427348 -0.5555705 -0.527478
v -0.558529 0.6047683 -0.4703133
v -0.5975453 -0.6343936 -0.4903919
v -0.5772396 0.5128253 -0.487151
v -0.5466012 -0.7071071 -0.448583
v -0.6126544 0.4379497 -0.5174987
v -0.4903927 -0.7730108 -0.4024539
v -0.6377126 0.3410674 -0.5360531
v -0.4294619 -0.83147 -0.3524493
v -0.7263121 0.2850209 -0.5960684
v -0.1991931 0.9248399 -0.2009655
v -0.1312387 0.9412872 -0.1382662
v -0.1375484 -0.9789025 -0.1389855
v -0.2052623 -0.9569405 -0.2052615
v -0.7037019 -0.09801742 -0.7037011
v -0.7071069 -2.472143E-07 -0.7071061
v -0.2645645 0.9032781 -0.2645638
v -0.6935207 -0.1950906 -0.6935195
v -0.3237844 0.8444647 -0.322377
v -0.6766591 -0.290285 -0.6766583
v -0.3559119 0.7532929 -0.3559112
v -0.6532817 -0.3826838 -0.6532807
v -0.4294669 0.7400671 -0.4294662
v -0.6236128 -0.4713971 -0.6236118
v -0.4989886 0.7052767 -0.499238
v -0.5879379 -0.5555706 -0.5879371
v -0.5352135 0.6206323 -0.5293159
v -0.546601 -0.6343936 -0.5466002
v -0.5750439 0.541851 -0.5714898
v -0.5000002 -0.7071071 -0.4999993
v -0.6071216 0.45946 -0.6091015
v -0.4485838 -0.7730108 -0.4485829
v -0.6345031 0.3712275 -0.6428089
v -0.3928477 -0.83147 -0.3928468
v -0.6766592 0.2902845 -0.6766586
v -0.3333278 -0.8819215 -0.333327
v -0.6935207 0.1950901 -0.6935195
v -0.2705979 -0.9238798 -0.270597
v -0.7037019 0.09801693 -0.7037011
v -0.2890589 0.8410823 -0.3534148
v -0.2355474 0.8963852 -0.2870146
v -0.6070766 -0.290285 -0.7397242
v -0.6222044 -0.1950906 -0.7581569
v -0.3256736 0.7682992 -0.3968337
v -0.5861032 -0.3826838 -0.7141677
v -0.3933656 0.7555518 -0.4793167
v -0.5594851 -0.4713971 -0.6817337
v -0.4428064 0.6971175 -0.540441
v -0.5274788 -0.5555706 -0.6427339
v -0.4599425 0.5888696 -0.5412177
v -0.4903927 -0.6343937 -0.5975445
v -0.4967426 0.509304 -0.5786998
v -0.448584 -0.7071071 -0.5466002
v -0.544661 0.4439448 -0.6373202
v -0.4024548 -0.7730108 -0.4903917
v -0.5853708 0.3747801 -0.6998189
v -0.3524503 -0.83147 -0.4294609
v -0.6070767 0.2902845 -0.7397245
v -0.2990508 -0.8819215 -0.3643937
v -0.6222044 0.1950901 -0.758157
v -0.2427716 -0.9238798 -0.2958172
v -0.6313385 0.09801692 -0.7692875
v -0.1160279 0.9481475 -0.1529029
v -0.1841547 -0.9569405 -0.2243923
v -0.6343935 -2.550706E-07 -0.7730098
v -0.1721857 0.9004182 -0.2148305
v -0.1231993 -0.9784493 -0.1520571
v -0.6313385 -0.09801743 -0.7692875
v -0.3524502 0.7730104 -0.5274783
v -0.2972456 0.8007244 -0.4448588
v -0.4899694 -0.4713971 -0.7332901
v -0.5132802 -0.3826838 -0.7681769
v -0.3715141 0.6687067 -0.5560095
v -0.4619398 -0.5555706 -0.6913409
v -0.386888 0.5715038 -0.5790181
v -0.4294616 -0.6343937 -0.6427341
v -0.3800802 0.4578862 -0.5681741
v -0.3928476 -0.7071071 -0.5879371
v -0.4154482 0.4002047 -0.5743279
v -0.35245 -0.7730108 -0.5274778
v -0.4608185 0.3434633 -0.659558
v -0.3086585 -0.83147 -0.4619391
v -0.5130383 0.2790923 -0.7646513
v -0.2618939 -0.8819215 -0.3919512
v -0.5319199 0.1880973 -0.7925576
v -0.2126074 -0.9238798 -0.3181886
v -0.5487204 0.09621836 -0.8180861
v -0.1028971 0.9554874 -0.1634499
v -0.1612736 -0.9569405 -0.2413621
v -0.5555704 -2.620395E-07 -0.8314689
v -0.1507919 0.8952268 -0.2259753
v -0.1075999 -0.9778166 -0.1637624
v -0.552895 -0.09801743 -0.8274652
v -0.2054407 0.8847736 -0.3075795
v -0.5448958 -0.1950907 -0.8154929
v -0.2581674 0.8605275 -0.3849103
v -0.5316477 -0.2902851 -0.7956661
v -0.3057758 0.5323403 -0.5720655
v -0.3112296 0.6602278 -0.5822691
v -0.3643946 -0.6343937 -0.6817337
v -0.3919521 -0.5555706 -0.73329
v -0.3148765 0.4583893 -0.5772384
v -0.3333279 -0.7071072 -0.6236118
v -0.3375249 0.3960298 -0.5862015
v -0.2990509 -0.7730108 -0.559484
v -0.3637221 0.2971207 -0.6333959
v -0.2618941 -0.83147 -0.4899686
v -0.4362746 0.2466777 -0.7693669
v -0.2222148 -0.8819215 -0.4157339
v -0.4503129 0.1578538 -0.7916038
v -0.1803956 -0.9238798 -0.3374956
v -0.4427641 0.08182855 -0.8003487
v -0.08914494 0.9535156 -0.1702243
v -0.1368393 -0.9569405 -0.2560074
v -0.4478052 -0.006164483 -0.8221349
v -0.1273644 0.8897482 -0.2376592
v -0.09084836 -0.9768028 -0.1740985
v -0.4691268 -0.09801744 -0.8776739
v -0.1784275 0.8677575 -0.3195851
v -0.4623397 -0.1950907 -0.8649752
v -0.2222151 0.8819211 -0.4157345
v -0.4510987 -0.2902851 -0.8439454
v -0.2618943 0.8314695 -0.4899693
v -0.435514 -0.3826838 -0.8147882
v -0.299051 0.7730104 -0.5594845
v -0.4157349 -0.4713971 -0.7777845
v -0.2791759 0.4096692 -0.6078525
v -0.2531976 0.4663525 -0.6025161
v -0.2427718 -0.7730108 -0.5861021
v -0.2705981 -0.7071072 -0.6532808
v -0.3153423 0.3326325 -0.6311565
v -0.2126077 -0.83147 -0.5132794
v -0.3676581 0.2462827 -0.7020645
v -0.1803956 -0.8819215 -0.4355129
v -0.3686289 0.1419651 -0.7852024
v -0.1464465 -0.9238798 -0.3535523
v -0.373364 0.07164078 -0.8311453
v -0.07223616 0.959299 -0.1781632
v -0.1110086 -0.9568586 -0.268185
v -0.365673 -0.00919154 -0.8229468
v -0.1029167 0.883202 -0.2452618
v -0.07305256 -0.9752196 -0.1829122
v -0.3586343 -0.102757 -0.8238378
v -0.1458144 0.8470553 -0.3269392
v -0.3701268 -0.1965679 -0.8898696
v -0.1803959 0.8819211 -0.4355135
v -0.3662053 -0.2902851 -0.8840969
v -0.2126078 0.8314695 -0.51328
v -0.3535535 -0.3826838 -0.8535526
v -0.2427718 0.7730104 -0.5861026
v -0.3374968 -0.4713971 -0.8147883
v -0.2529615 0.6610196 -0.6107027
v -0.3181897 -0.5555706 -0.768177
v -0.2453729 0.5279834 -0.5921518
v -0.2958182 -0.6343937 -0.7141678
v -0.2882477 0.237051 -0.6912695
v -0.2713556 0.364827 -0.6477373
v -0.1368392 -0.8819215 -0.4510976
v -0.1612736 -0.83147 -0.531647
v -0.2781188 0.1334314 -0.7781549
v -0.111087 -0.9238798 -0.3662041
v -0.2791733 0.04506816 -0.7950635
v -0.05554616 0.9721717 -0.1855399
v -0.08405328 -0.9566952 -0.2777638
v -0.2752966 -0.03251058 -0.8256956
v -0.07780573 0.8820779 -0.2534093
v -0.05439284 -0.9720635 -0.1898864
v -0.2619745 -0.1138008 -0.8479444
v -0.1059073 0.8298637 -0.3340478
v -0.2717896 -0.1950766 -0.8920283
v -0.1344631 0.8625602 -0.4419342
v -0.2743096 -0.2877035 -0.9022523
v -0.1612737 0.8314695 -0.5316477
v -0.2681882 -0.3826838 -0.8840968
v -0.1841547 0.7730104 -0.6070762
v -0.2560083 -0.4713971 -0.8439454
v -0.1992545 0.68641 -0.6568535
v -0.2413629 -0.5555706 -0.7956661
v -0.1906103 0.5503927 -0.6298038
v -0.224393 -0.6343937 -0.7397242
v -0.1983856 0.4859168 -0.6328468
v -0.2052623 -0.7071072 -0.6766583
v -0.2183309 0.4239823 -0.6323947
v -0.1841546 -0.7730108 -0.6070756
v -0.1718276 0.03933215 -0.8064676
v -0.1797215 0.1279461 -0.7954657
v -0.03789298 0.9778255 -0.1907923
v -0.05629519 -0.9564566 -0.2846425
v -0.07465773 -0.9238798 -0.3753291
v -0.1706432 -0.044058 -0.8343313
v -0.05246751 0.8865718 -0.2637713
v -0.03498706 -0.9654995 -0.1947816
v -0.1701106 -0.1181418 -0.8984358
v -0.06883653 0.8367354 -0.3464654
v -0.1808767 -0.1911367 -0.9135631
v -0.08977959 0.8609634 -0.4513519
v -0.1808058 -0.2837673 -0.9083735
v -0.1083865 0.8314695 -0.5448952
v -0.1802401 -0.3826838 -0.9061266
v -0.123764 0.7730104 -0.6222032
v -0.1720544 -0.4713971 -0.8649747
v -0.1376179 0.7058545 -0.6918811
v -0.1622117 -0.5555706 -0.8154925
v -0.1393365 0.6002255 -0.7017379
v -0.1508067 -0.6343937 -0.7581566
v -0.1450834 0.5146641 -0.689476
v -0.1379497 -0.7071072 -0.6935192
v -0.1747582 0.4498094 -0.6776339
v -0.123764 -0.7730108 -0.6222027
v -0.2043146 0.3543031 -0.6765374
v -0.1083864 -0.83147 -0.5448946
v -0.1940959 0.22646 -0.7365161
v -0.09196486 -0.8819215 -0.462338
v -0.09172251 -0.1046489 -0.941617
v -0.07317033 -0.03516113 -0.8912808
v -0.03461102 0.8564572 -0.3546758
v -0.02589935 0.8710554 -0.2629597
v -0.01508959 -0.9567066 -0.1973793
v -0.09112129 -0.1898123 -0.9270113
v -0.04423705 0.8443603 -0.4491467
v -0.09125303 -0.2871584 -0.9357746
v -0.05430195 0.8291261 -0.5513369
v -0.09055614 -0.3826838 -0.91943
v -0.06218136 0.7730104 -0.6313381
v -0.08644342 -0.4713971 -0.8776739
v -0.06933437 0.7058719 -0.7016478
v -0.08149825 -0.5555706 -0.8274652
v -0.07523654 0.6221686 -0.7429452
v -0.0757681 -0.6343937 -0.7692875
v -0.09022103 0.5319641 -0.7503519
v -0.06930859 -0.7071072 -0.7037012
v -0.1191094 0.436281 -0.7189374
v -0.06218139 -0.7730108 -0.6313376
v -0.1251121 0.3270216 -0.738167
v -0.05445541 -0.83147 -0.5528945
v -0.1206013 0.2238165 -0.7961217
v -0.04620488 -0.8819215 -0.4691259
v -0.09900606 0.1305841 -0.8351344
v -0.03750945 -0.9238798 -0.3808396
v -0.07379375 0.04624543 -0.8508544
v -0.01912223 0.9807852 -0.194151
v -0.02778094 -0.9556128 -0.2886873

vt 0.7499999 0.96875
vt 0.7343748 0.96875
vt 0.7421879 1
vt 0.7421873 0
vt 0.7343748 0.03124964
vt 0.7499999 0.03124964
vt 0.7187496 0.96875
vt 0.7265627 1
vt 0.7265621 0
vt 0.7187496 0.03124964
vt 0.7031245 0.96875
vt 0.7109375 1
vt 0.7109369 0
vt 0.7031245 0.03124964
vt 0.6874994 0.96875
vt 0.6953123 1
vt 0.6953117 0
vt 0.6874993 0.03124964
vt 0.6718743 0.96875
vt 0.6796871 1
vt 0.6796865 0
vt 0.6718743 0.03124964
vt 0.6562492 0.96875
vt 0.6640619 1
vt 0.6640614 0
vt 0.6562492 0.03124988
vt 0.6484362 0
vt 0.640624 0.03124988
vt 0.640624 0.96875
vt 0.6484367 1
vt 0.6328111 0
vt 0.6249989 0.03124988
vt 0.6249989 0.96875
vt 0.6328115 1
vt 0.6093738 0.96875
vt 0.6171863 1
vt 0.617186 0
vt 0.6093739 0.03124988
vt 0.5937487 0.96875
vt 0.6015611 1
vt 0.6015608 0
vt 0.5937488 0.03124988
vt 0.5781237 0.96875
vt 0.585936 1
vt 0.5859357 0
vt 0.5781237 0.03124988
vt 0.5624986 0.96875
vt 0.5703108 1
vt 0.5703106 0
vt 0.5624987 0.03124988
vt 0.5468736 0.96875
vt 0.5546857 1
vt 0.5546855 0
vt 0.5468736 0.03124988
vt 0.5390605 0
vt 0.5312486 0.03124988
vt 0.5312485 0.96875
vt 0.5390605 1
vt 0.5234354 0
vt 0.5156236 0.03124988
vt 0.5156235 0.96875
vt 0.5234354 1
vt 0.4999985 0.96875
vt 0.5078104 1
vt 0.5078104 0
vt 0.4999986 0.03124988
vt 0.4843735 0.96875
vt 0.4921853 1
vt 0.4921854 0
vt 0.4843736 0.03124988
vt 0.4687485 0.96875
vt 0.4765602 1
vt 0.4765604 0
vt 0.4687486 0.03124988
vt 0.4531236 0.9687496
vt 0.4609352 1
vt 0.4609355 0
vt 0.4531236 0.03124988
vt 0.4453105 0
vt 0.4374987 0.03124988
vt 0.4374986 0.9687496
vt 0.4453102 1
vt 0.4296856 0
vt 0.4218737 0.03125024
vt 0.4218737 0.9687496
vt 0.4296852 1
vt 0.4062487 0.9687496
vt 0.4140603 1
vt 0.4140607 0
vt 0.4062488 0.03125024
vt 0.3906238 0.9687496
vt 0.3984353 1
vt 0.3984358 0
vt 0.3906239 0.03125024
vt 0.3749989 0.9687496
vt 0.3828104 1
vt 0.382811 0
vt 0.374999 0.03125024
vt 0.359374 0.9687496
vt 0.3671855 1
vt 0.3671861 0
vt 0.359374 0.03125024
vt 0.3437491 0.9687496
vt 0.3515606 1
vt 0.3515612 0
vt 0.3437492 0.03125024
vt 0.3359364 0
vt 0.3281243 0.03125024
vt 0.3281242 0.9687496
vt 0.3359357 1
vt 0.3124993 0.9687496
vt 0.3203109 1
vt 0.3203115 0
vt 0.3124994 0.03125024
vt 0.2968745 0.9687496
vt 0.304686 1
vt 0.3046867 0
vt 0.2968745 0.03125024
vt 0.2812496 0.9687496
vt 0.2890612 1
vt 0.2890619 0
vt 0.2812496 0.03125024
vt 0.2656247 0.9687496
vt 0.2734364 1
vt 0.2734371 0
vt 0.2656247 0.03125024
vt 0.2499998 0.9687496
vt 0.2578115 1
vt 0.2578123 0
vt 0.2499999 0.03125024
vt 0.2421875 0
vt 0.234375 0.03125024
vt 0.2343749 0.9687496
vt 0.2421868 1
vt 0.2265626 0
vt 0.2187501 0.03125024
vt 0.2187501 0.9687496
vt 0.226562 1
vt 0.2031252 0.9687496
vt 0.2109372 1
vt 0.2109378 0
vt 0.2031252 0.03125024
vt 0.1875003 0.9687496
vt 0.1953124 1
vt 0.195313 0
vt 0.1875004 0.03125024
vt 0.1718754 0.9687496
vt 0.1796876 1
vt 0.1796882 0
vt 0.1718755 0.03125024
vt 0.1562505 0.9687496
vt 0.1640628 1
vt 0.1640634 0
vt 0.1562506 0.03125024
vt 0.1484385 0
vt 0.1406257 0.03125024
vt 0.1406257 0.9687496
vt 0.148438 1
vt 0.1328137 0
vt 0.1250008 0.03125024
vt 0.1250008 0.9687496
vt 0.1328132 1
vt 0.1171888 0
vt 0.1093759 0.03125024
vt 0.1093758 0.9687496
vt 0.1171884 1
vt 0.09375095 0.9687496
vt 0.1015636 1
vt 0.101564 0
vt 0.09375098 0.03125024
vt 0.07812598 0.9687496
vt 0.08593875 1
vt 0.08593911 0
vt 0.07812604 0.03125024
vt 0.06250104 0.9687496
vt 0.0703139 1
vt 0.07031417 0
vt 0.06250113 0.03124988
vt 0.0468761 0.9687496
vt 0.05468905 1
vt 0.05468923 0
vt 0.04687616 0.03124988
vt 0.03906432 0
vt 0.03125119 0.03124988
vt 0.0312511 0.9687496
vt 0.03906417 1
vt 0.02343935 0
vt 0.01562622 0.03124988
vt 0.01562613 0.96875
vt 0.02343923 1
vt 1.132488E-06 0.96875
vt 0.007814348 1
vt 0.007814378 0
vt 1.221895E-06 0.03124988
vt 0.9843761 0.96875
vt 0.9921893 0
vt 0.9843762 0.03124988
vt 1.000001 0.03124988
vt 0.9687511 0.96875
vt 0.9765644 1
vt 0.9765643 0
vt 0.9687512 0.03124988
vt 0.9531261 0.96875
vt 0.9609394 1
vt 0.9609393 0
vt 0.9531261 0.03124988
vt 0.937501 0.96875
vt 0.9453144 1
vt 0.9453142 0
vt 0.9375011 0.03124988
vt 0.921876 0.96875
vt 0.9296894 1
vt 0.9296892 0
vt 0.921876 0.03124988
vt 0.9062509 0.96875
vt 0.9140644 1
vt 0.914064 0
vt 0.906251 0.03124988
vt 0.8906258 0.96875
vt 0.8984393 1
vt 0.8984389 0
vt 0.8906259 0.03124988
vt 0.8828138 0
vt 0.8750008 0.03124988
vt 0.8750007 0.96875
vt 0.8828143 1
vt 0.8671887 0
vt 0.8593757 0.03124988
vt 0.8593756 0.96875
vt 0.8671892 1
vt 0.8437505 0.96875
vt 0.851564 1
vt 0.8515636 0
vt 0.8437506 0.03124988
vt 0.8281254 0.96875
vt 0.8359389 1
vt 0.8359384 0
vt 0.8281255 0.03124988
vt 0.8125004 0.96875
vt 0.8203138 1
vt 0.8203132 0
vt 0.8125004 0.03124964
vt 0.7968752 0.96875
vt 0.8046886 1
vt 0.8046881 0
vt 0.7968752 0.03124964
vt 0.7890629 0
vt 0.7812501 0.03124964
vt 0.7812501 0.96875
vt 0.7890635 1
vt 0.7734377 0
vt 0.765625 0.03124964
vt 0.765625 0.96875
vt 0.7734383 1
vt 0.7578131 1
vt 0.7578125 0
vt 0.7499999 0.6562501
vt 0.7343749 0.65625
vt 0.7343749 0.6875
vt 0.7499999 0.6875
vt 0.7499999 0.2187499
vt 0.7343749 0.2187499
vt 0.7343749 0.2499999
vt 0.7499999 0.2499999
vt 0.7499999 0.625
vt 0.7343749 0.625
vt 0.7499999 0.1874998
vt 0.7343749 0.1874998
vt 0.7499999 0.59375
vt 0.7343749 0.59375
vt 0.7499998 0.1562498
vt 0.7343749 0.1562498
vt 0.7499999 0.5625
vt 0.7343749 0.5625
vt 0.7499998 0.1249996
vt 0.7343748 0.1249998
vt 0.7499999 0.53125
vt 0.7343749 0.53125
vt 0.7499999 0.9375001
vt 0.7343748 0.9375001
vt 0.7499999 0.09374982
vt 0.7343748 0.09374982
vt 0.7499999 0.4999999
vt 0.7343749 0.4999999
vt 0.7499999 0.90625
vt 0.7343748 0.90625
vt 0.7499999 0.06249982
vt 0.7343748 0.06249982
vt 0.7499999 0.4687499
vt 0.7343749 0.4687499
vt 0.7499999 0.875
vt 0.7343748 0.875
vt 0.7499999 0.4374999
vt 0.7343749 0.4374999
vt 0.7499999 0.84375
vt 0.7343749 0.84375
vt 0.7499999 0.4062499
vt 0.7343749 0.4062499
vt 0.7499999 0.8125
vt 0.7343749 0.8125
vt 0.7499999 0.3749998
vt 0.7343749 0.3749999
vt 0.7499999 0.78125
vt 0.7343749 0.78125
vt 0.7499999 0.3437499
vt 0.7343749 0.3437499
vt 0.7499999 0.7500001
vt 0.7343749 0.7500001
vt 0.7499999 0.3124999
vt 0.7343749 0.3124999
vt 0.7499999 0.71875
vt 0.7343749 0.71875
vt 0.7499999 0.2812499
vt 0.7343749 0.2812499
vt 0.7187498 0.8125
vt 0.7187498 0.84375
vt 0.7187499 0.3749999
vt 0.7187499 0.4062499
vt 0.7187498 0.78125
vt 0.7187499 0.3437499
vt 0.7187498 0.7500001
vt 0.7187499 0.3124999
vt 0.7187499 0.71875
vt 0.7187499 0.2812499
vt 0.7187499 0.6875
vt 0.7187498 0.2499999
vt 0.7187499 0.65625
vt 0.7187498 0.2187499
vt 0.7187499 0.625
vt 0.7187498 0.1874998
vt 0.7187499 0.59375
vt 0.7187498 0.1562498
vt 0.7187499 0.5625
vt 0.7187498 0.1249998
vt 0.7187499 0.53125
vt 0.7187498 0.9375001
vt 0.7187498 0.09374982
vt 0.7187499 0.4999999
vt 0.7187498 0.90625
vt 0.7187498 0.06249982
vt 0.7187499 0.4687499
vt 0.7187498 0.875
vt 0.7187499 0.4374999
vt 0.7031248 0.7500001
vt 0.7031248 0.78125
vt 0.7031248 0.3124999
vt 0.7031248 0.3437499
vt 0.7031248 0.71875
vt 0.7031248 0.2812499
vt 0.7031248 0.6875
vt 0.7031248 0.2499999
vt 0.7031248 0.65625
vt 0.7031248 0.2187499
vt 0.7031248 0.625
vt 0.7031248 0.1874998
vt 0.7031248 0.59375
vt 0.7031248 0.1562498
vt 0.7031249 0.5625
vt 0.7031248 0.1249998
vt 0.7031249 0.53125
vt 0.7031247 0.9375001
vt 0.7031248 0.09374982
vt 0.7031248 0.4999999
vt 0.7031248 0.90625
vt 0.7031247 0.06249982
vt 0.7031249 0.4687499
vt 0.7031248 0.875
vt 0.7031249 0.4374999
vt 0.7031248 0.84375
vt 0.7031249 0.4062499
vt 0.7031248 0.8125
vt 0.7031249 0.3749999
vt 0.6874998 0.6875
vt 0.6874998 0.71875
vt 0.6874998 0.2499999
vt 0.6874998 0.2812499
vt 0.6874998 0.65625
vt 0.6874998 0.2187499
vt 0.6874998 0.625
vt 0.6874998 0.1874998
vt 0.6874998 0.59375
vt 0.6874998 0.1562498
vt 0.6874998 0.5625
vt 0.6874998 0.1249998
vt 0.6874998 0.53125
vt 0.6874996 0.9375001
vt 0.6874997 0.09374982
vt 0.6874998 0.4999999
vt 0.6874997 0.90625
vt 0.6874996 0.06249982
vt 0.6874998 0.4687499
vt 0.6874998 0.875
vt 0.6874998 0.4374999
vt 0.6874998 0.84375
vt 0.6874998 0.4062499
vt 0.6874998 0.8125
vt 0.6874998 0.3749999
vt 0.6874998 0.78125
vt 0.6874998 0.3437499
vt 0.6874998 0.75
vt 0.6874998 0.3124999
vt 0.6718748 0.625
vt 0.6718748 0.65625
vt 0.6718748 0.1874998
vt 0.6718748 0.2187499
vt 0.6718748 0.59375
vt 0.6718748 0.1562498
vt 0.6718748 0.5625
vt 0.6718747 0.1249998
vt 0.6718748 0.53125
vt 0.6718746 0.9374999
vt 0.6718746 0.09374982
vt 0.6718748 0.4999999
vt 0.6718746 0.90625
vt 0.6718746 0.06249982
vt 0.6718748 0.4687499
vt 0.6718747 0.875
vt 0.6718748 0.4374999
vt 0.6718748 0.84375
vt 0.6718748 0.4062499
vt 0.6718748 0.8125
vt 0.6718748 0.3749999
vt 0.6718748 0.78125
vt 0.6718748 0.3437499
vt 0.6718748 0.75
vt 0.6718748 0.3124999
vt 0.6718748 0.71875
vt 0.6718748 0.2812499
vt 0.6718748 0.6875
vt 0.6718748 0.2499999
vt 0.6562498 0.5625
vt 0.6562498 0.59375
vt 0.6562497 0.1249998
vt 0.6562497 0.1562498
vt 0.6562498 0.53125
vt 0.6562495 0.9374999
vt 0.6562496 0.09374982
vt 0.6562498 0.4999999
vt 0.6562496 0.90625
vt 0.6562495 0.06249982
vt 0.6562498 0.4687499
vt 0.6562497 0.875
vt 0.6562498 0.4374999
vt 0.6562497 0.84375
vt 0.6562498 0.4062499
vt 0.6562498 0.8124999
vt 0.6562498 0.3749999
vt 0.6562498 0.78125
vt 0.6562498 0.3437499
vt 0.6562498 0.75
vt 0.6562498 0.3124999
vt 0.6562498 0.71875
vt 0.6562498 0.2812499
vt 0.6562498 0.6875
vt 0.6562498 0.2499999
vt 0.6562498 0.65625
vt 0.6562498 0.2187499
vt 0.6562498 0.625
vt 0.6562498 0.1874999
vt 0.6406248 0.4999999
vt 0.6406248 0.53125
vt 0.6406246 0.90625
vt 0.6406245 0.9374999
vt 0.6406245 0.06249982
vt 0.6406246 0.09374982
vt 0.6406248 0.4687499
vt 0.6406246 0.875
vt 0.6406248 0.4374999
vt 0.6406247 0.84375
vt 0.6406248 0.4062499
vt 0.6406248 0.8124999
vt 0.6406248 0.3749999
vt 0.6406248 0.78125
vt 0.6406248 0.3437499
vt 0.6406248 0.75
vt 0.6406248 0.3124999
vt 0.6406248 0.71875
vt 0.6406248 0.2812499
vt 0.6406248 0.6875
vt 0.6406248 0.2499999
vt 0.6406248 0.65625
vt 0.6406248 0.2187499
vt 0.6406248 0.625
vt 0.6406248 0.1874999
vt 0.6406248 0.59375
vt 0.6406247 0.1562498
vt 0.6406248 0.5625
vt 0.6406246 0.1249998
vt 0.6249998 0.4374999
vt 0.6249998 0.4687499
vt 0.6249997 0.84375
vt 0.6249996 0.875
vt 0.6249998 0.4062499
vt 0.6249997 0.8124999
vt 0.6249998 0.3749999
vt 0.6249998 0.78125
vt 0.6249998 0.34375
vt 0.6249998 0.7499999
vt 0.6249998 0.3124999
vt 0.6249998 0.7187499
vt 0.6249998 0.2812499
vt 0.6249998 0.6875
vt 0.6249998 0.2499999
vt 0.6249998 0.65625
vt 0.6249998 0.2187499
vt 0.6249998 0.625
vt 0.6249997 0.1874999
vt 0.6249998 0.59375
vt 0.6249997 0.1562499
vt 0.6249998 0.5625
vt 0.6249996 0.1249999
vt 0.6249998 0.53125
vt 0.6249994 0.9374999
vt 0.6249996 0.09374982
vt 0.6249998 0.4999999
vt 0.6249996 0.9062499
vt 0.6249994 0.06249982
vt 0.6093748 0.3749999
vt 0.6093748 0.4062499
vt 0.6093747 0.7812499
vt 0.6093747 0.8124999
vt 0.6093748 0.34375
vt 0.6093748 0.7499999
vt 0.6093748 0.3124999
vt 0.6093748 0.7187499
vt 0.6093748 0.2812499
vt 0.6093748 0.6875
vt 0.6093748 0.2499999
vt 0.6093748 0.65625
vt 0.6093747 0.2187499
vt 0.6093748 0.625
vt 0.6093747 0.1874999
vt 0.6093748 0.59375
vt 0.6093746 0.1562499
vt 0.6093748 0.5625
vt 0.6093746 0.1249999
vt 0.6093748 0.53125
vt 0.6093744 0.9374999
vt 0.6093745 0.09374982
vt 0.6093748 0.4999999
vt 0.6093745 0.9062499
vt 0.6093744 0.06249982
vt 0.6093748 0.4687499
vt 0.6093746 0.8749999
vt 0.6093748 0.4375
vt 0.6093746 0.8437499
vt 0.5937498 0.3124999
vt 0.5937498 0.34375
vt 0.5937498 0.7187499
vt 0.5937497 0.7499999
vt 0.5937498 0.2812499
vt 0.5937498 0.6875
vt 0.5937497 0.2499999
vt 0.5937498 0.65625
vt 0.5937497 0.2187499
vt 0.5937498 0.625
vt 0.5937497 0.1874999
vt 0.5937498 0.59375
vt 0.5937496 0.1562499
vt 0.5937498 0.5624999
vt 0.5937496 0.1249999
vt 0.5937498 0.53125
vt 0.5937493 0.9374999
vt 0.5937495 0.09374994
vt 0.5937498 0.4999999
vt 0.5937495 0.9062499
vt 0.5937493 0.06249982
vt 0.5937498 0.4687499
vt 0.5937496 0.8749999
vt 0.5937498 0.4375
vt 0.5937496 0.8437499
vt 0.5937498 0.4062499
vt 0.5937496 0.8124999
vt 0.5937498 0.3749999
vt 0.5937497 0.7812499
vt 0.5781247 0.2499999
vt 0.5781248 0.2812499
vt 0.5781248 0.65625
vt 0.5781248 0.6875
vt 0.5781247 0.2187499
vt 0.5781248 0.625
vt 0.5781246 0.1874999
vt 0.5781248 0.59375
vt 0.5781246 0.1562499
vt 0.5781248 0.5624999
vt 0.5781246 0.1249999
vt 0.5781248 0.53125
vt 0.5781243 0.9374999
vt 0.5781245 0.09374994
vt 0.5781248 0.4999999
vt 0.5781245 0.9062499
vt 0.5781243 0.06249994
vt 0.5781248 0.4687499
vt 0.5781246 0.8749999
vt 0.5781248 0.4375
vt 0.5781246 0.8437499
vt 0.5781248 0.4062499
vt 0.5781246 0.8124999
vt 0.5781248 0.3749999
vt 0.5781247 0.7812499
vt 0.5781248 0.34375
vt 0.5781247 0.7499999
vt 0.5781248 0.3124999
vt 0.5781248 0.7187499
vt 0.5624996 0.1874999
vt 0.5624997 0.2187499
vt 0.5624998 0.59375
vt 0.5624998 0.625
vt 0.5624996 0.15625
vt 0.5624998 0.5624999
vt 0.5624996 0.1249999
vt 0.5624998 0.53125
vt 0.5624993 0.9374999
vt 0.5624995 0.09374994
vt 0.5624998 0.4999999
vt 0.5624995 0.9062499
vt 0.5624993 0.06249994
vt 0.5624998 0.4687499
vt 0.5624996 0.8749999
vt 0.5624998 0.4375
vt 0.5624996 0.8437498
vt 0.5624998 0.4062499
vt 0.5624996 0.8124999
vt 0.5624998 0.3749999
vt 0.5624997 0.7812499
vt 0.5624998 0.34375
vt 0.5624997 0.7499999
vt 0.5624998 0.3124999
vt 0.5624997 0.7187499
vt 0.5624997 0.2812499
vt 0.5624998 0.6875
vt 0.5624997 0.2499999
vt 0.5624998 0.65625
vt 0.5468746 0.125
vt 0.5468746 0.15625
vt 0.5468748 0.53125
vt 0.5468748 0.5624999
vt 0.5468742 0.9374999
vt 0.5468745 0.09374994
vt 0.5468748 0.4999999
vt 0.5468745 0.9062499
vt 0.5468743 0.06249994
vt 0.5468748 0.4687499
vt 0.5468745 0.8749998
vt 0.5468748 0.4375
vt 0.5468746 0.8437498
vt 0.5468748 0.4062499
vt 0.5468746 0.8124998
vt 0.5468748 0.3749999
vt 0.5468747 0.7812499
vt 0.5468748 0.34375
vt 0.5468747 0.7499999
vt 0.5468748 0.3124999
vt 0.5468748 0.7187499
vt 0.5468747 0.2812499
vt 0.5468748 0.6874999
vt 0.5468747 0.2499999
vt 0.5468748 0.6562499
vt 0.5468747 0.21875
vt 0.5468748 0.625
vt 0.5468746 0.1875
vt 0.5468748 0.59375
vt 0.5312495 0.9062498
vt 0.5312492 0.9374998
vt 0.5312492 0.06249994
vt 0.5312495 0.09374994
vt 0.5312498 0.4687499
vt 0.5312498 0.4999999
vt 0.5312495 0.8749998
vt 0.5312498 0.4375
vt 0.5312496 0.8437498
vt 0.5312498 0.4062499
vt 0.5312496 0.8124998
vt 0.5312498 0.3749999
vt 0.5312497 0.7812499
vt 0.5312498 0.34375
vt 0.5312497 0.7499999
vt 0.5312498 0.3124999
vt 0.5312498 0.7187499
vt 0.5312497 0.2812499
vt 0.5312498 0.6875
vt 0.5312497 0.2499999
vt 0.5312498 0.6562499
vt 0.5312497 0.21875
vt 0.5312498 0.625
vt 0.5312496 0.1875
vt 0.5312498 0.59375
vt 0.5312496 0.15625
vt 0.5312498 0.5624999
vt 0.5312496 0.125
vt 0.5312498 0.53125
vt 0.5156246 0.8437498
vt 0.5156245 0.8749998
vt 0.5156248 0.4062499
vt 0.5156248 0.4375
vt 0.5156246 0.8124998
vt 0.5156248 0.3749999
vt 0.5156247 0.7812499
vt 0.5156248 0.34375
vt 0.5156247 0.7499999
vt 0.5156248 0.3124999
vt 0.5156247 0.7187499
vt 0.5156247 0.2812499
vt 0.5156248 0.6874999
vt 0.5156247 0.2499999
vt 0.5156248 0.6562499
vt 0.5156247 0.21875
vt 0.5156248 0.625
vt 0.5156246 0.1875
vt 0.5156248 0.59375
vt 0.5156246 0.1562501
vt 0.5156248 0.5624999
vt 0.5156246 0.125
vt 0.5156248 0.53125
vt 0.5156242 0.9374998
vt 0.5156244 0.09375006
vt 0.5156248 0.4999999
vt 0.5156244 0.9062498
vt 0.5156242 0.06249994
vt 0.5156248 0.4687499
vt 0.4999997 0.7812499
vt 0.4999996 0.8124998
vt 0.4999998 0.34375
vt 0.4999998 0.375
vt 0.4999997 0.7499999
vt 0.4999997 0.3124999
vt 0.4999997 0.7187499
vt 0.4999997 0.2812499
vt 0.4999997 0.6874999
vt 0.4999997 0.25
vt 0.4999997 0.6562499
vt 0.4999997 0.21875
vt 0.4999998 0.625
vt 0.4999996 0.1875
vt 0.4999998 0.5937499
vt 0.4999996 0.1562501
vt 0.4999998 0.5624999
vt 0.4999996 0.125
vt 0.4999998 0.53125
vt 0.4999992 0.9374998
vt 0.4999994 0.09375006
vt 0.4999998 0.4999999
vt 0.4999994 0.9062498
vt 0.4999992 0.06249994
vt 0.4999998 0.4687499
vt 0.4999995 0.8749998
vt 0.4999998 0.4375
vt 0.4999996 0.8437498
vt 0.4999998 0.4062499
vt 0.4843747 0.7187499
vt 0.4843747 0.7499999
vt 0.4843747 0.2812499
vt 0.4843747 0.3124999
vt 0.4843747 0.6874999
vt 0.4843747 0.25
vt 0.4843747 0.6562499
vt 0.4843747 0.21875
vt 0.4843748 0.6249999
vt 0.4843746 0.1875001
vt 0.4843748 0.5937499
vt 0.4843746 0.1562501
vt 0.4843748 0.5624999
vt 0.4843746 0.1250001
vt 0.4843748 0.53125
vt 0.4843742 0.9374998
vt 0.4843744 0.09375006
vt 0.4843748 0.4999999
vt 0.4843744 0.9062498
vt 0.4843742 0.06249994
vt 0.4843748 0.4687499
vt 0.4843745 0.8749997
vt 0.4843748 0.4375
vt 0.4843746 0.8437498
vt 0.4843748 0.4062499
vt 0.4843746 0.8124998
vt 0.4843748 0.375
vt 0.4843747 0.7812498
vt 0.4843748 0.34375
vt 0.4687497 0.6562499
vt 0.4687497 0.6874999
vt 0.4687497 0.21875
vt 0.4687497 0.2500001
vt 0.4687498 0.6249999
vt 0.4687496 0.1875001
vt 0.4687498 0.5937499
vt 0.4687496 0.1562501
vt 0.4687498 0.5624999
vt 0.4687496 0.1250001
vt 0.4687498 0.53125
vt 0.4687492 0.9374998
vt 0.4687494 0.09375006
vt 0.4687498 0.4999999
vt 0.4687494 0.9062496
vt 0.4687492 0.06249994
vt 0.4687498 0.4687499
vt 0.4687495 0.8749997
vt 0.4687498 0.4375
vt 0.4687496 0.8437498
vt 0.4687498 0.4062499
vt 0.4687496 0.8124998
vt 0.4687498 0.375
vt 0.4687497 0.7812498
vt 0.4687498 0.34375
vt 0.4687497 0.7499999
vt 0.4687497 0.3124999
vt 0.4687497 0.7187499
vt 0.4687497 0.2812499
vt 0.4531248 0.5937499
vt 0.4531248 0.6249999
vt 0.4531246 0.1562501
vt 0.4531246 0.1875001
vt 0.4531248 0.5624999
vt 0.4531246 0.1250001
vt 0.4531248 0.53125
vt 0.4531243 0.9374998
vt 0.4531245 0.09375006
vt 0.4531248 0.4999999
vt 0.4531244 0.9062496
vt 0.4531243 0.06249994
vt 0.4531248 0.4687499
vt 0.4531246 0.8749997
vt 0.4531248 0.4375
vt 0.4531246 0.8437497
vt 0.4531248 0.40625
vt 0.4531246 0.8124998
vt 0.4531248 0.375
vt 0.4531247 0.7812498
vt 0.4531248 0.34375
vt 0.4531247 0.7499999
vt 0.4531247 0.3124999
vt 0.4531247 0.7187499
vt 0.4531247 0.2812501
vt 0.4531248 0.6874999
vt 0.4531247 0.2500001
vt 0.4531247 0.6562499
vt 0.4531247 0.21875
vt 0.4374998 0.53125
vt 0.4374998 0.5624999
vt 0.4374993 0.9374998
vt 0.4374995 0.09375018
vt 0.4374996 0.1250001
vt 0.4374998 0.4999999
vt 0.4374995 0.9062496
vt 0.4374993 0.06250018
vt 0.4374998 0.4687499
vt 0.4374996 0.8749996
vt 0.4374998 0.4375
vt 0.4374996 0.8437497
vt 0.4374998 0.40625
vt 0.4374996 0.8124998
vt 0.4374998 0.375
vt 0.4374997 0.7812498
vt 0.4374998 0.34375
vt 0.4374997 0.7499998
vt 0.4374997 0.3124999
vt 0.4374997 0.7187499
vt 0.4374997 0.2812501
vt 0.4374998 0.6874999
vt 0.4374997 0.2500001
vt 0.4374998 0.6562499
vt 0.4374997 0.21875
vt 0.4374998 0.6249999
vt 0.4374997 0.1875001
vt 0.4374998 0.5937499
vt 0.4374996 0.1562501
vt 0.4218748 0.46875
vt 0.4218748 0.4999999
vt 0.4218746 0.8749996
vt 0.4218745 0.9062496
vt 0.4218743 0.06250018
vt 0.4218748 0.4375
vt 0.4218746 0.8437497
vt 0.4218748 0.40625
vt 0.4218747 0.8124997
vt 0.4218748 0.375
vt 0.4218747 0.7812498
vt 0.4218748 0.3437501
vt 0.4218747 0.7499998
vt 0.4218747 0.3124999
vt 0.4218748 0.7187499
vt 0.4218747 0.2812501
vt 0.4218748 0.6874999
vt 0.4218747 0.2500001
vt 0.4218748 0.6562499
vt 0.4218747 0.21875
vt 0.4218748 0.6249999
vt 0.4218747 0.1875001
vt 0.4218748 0.5937499
vt 0.4218746 0.1562501
vt 0.4218748 0.5624999
vt 0.4218746 0.1250001
vt 0.4218748 0.53125
vt 0.4218743 0.9374998
vt 0.4218745 0.09375018
vt 0.4062498 0.40625
vt 0.4062498 0.4375
vt 0.4062497 0.8124997
vt 0.4062497 0.8437496
vt 0.4062498 0.375
vt 0.4062497 0.7812498
vt 0.4062498 0.3437501
vt 0.4062497 0.7499998
vt 0.4062498 0.3125001
vt 0.4062498 0.7187499
vt 0.4062498 0.2812501
vt 0.4062498 0.6874999
vt 0.4062497 0.2500001
vt 0.4062498 0.6562499
vt 0.4062497 0.21875
vt 0.4062498 0.6249999
vt 0.4062497 0.1875001
vt 0.4062498 0.5937499
vt 0.4062496 0.1562502
vt 0.4062498 0.5624999
vt 0.4062496 0.1250001
vt 0.4062498 0.5312499
vt 0.4062493 0.9374998
vt 0.4062495 0.09375018
vt 0.4062498 0.4999999
vt 0.4062495 0.9062496
vt 0.4062493 0.06250018
vt 0.4062498 0.46875
vt 0.4062496 0.8749996
vt 0.3906248 0.3437501
vt 0.3906248 0.375
vt 0.3906248 0.7499998
vt 0.3906247 0.7812498
vt 0.3906248 0.3125001
vt 0.3906248 0.7187499
vt 0.3906248 0.2812501
vt 0.3906248 0.6874999
vt 0.3906248 0.2500001
vt 0.3906248 0.6562499
vt 0.3906247 0.2187501
vt 0.3906248 0.6249999
vt 0.3906247 0.1875001
vt 0.3906248 0.5937499
vt 0.3906247 0.1562502
vt 0.3906248 0.5624999
vt 0.3906246 0.1250001
vt 0.3906248 0.5312499
vt 0.3906243 0.9374996
vt 0.3906246 0.09375018
vt 0.3906248 0.4999999
vt 0.3906246 0.9062495
vt 0.3906244 0.06250018
vt 0.3906248 0.46875
vt 0.3906246 0.8749996
vt 0.3906248 0.4375
vt 0.3906247 0.8437496
vt 0.3906248 0.40625
vt 0.3906247 0.8124996
vt 0.3749998 0.2812501
vt 0.3749998 0.3125001
vt 0.3749998 0.6874999
vt 0.3749998 0.7187498
vt 0.3749998 0.2500002
vt 0.3749998 0.6562499
vt 0.3749998 0.2187501
vt 0.3749998 0.6249999
vt 0.3749997 0.1875001
vt 0.3749998 0.5937499
vt 0.3749997 0.1562502
vt 0.3749998 0.5624999
vt 0.3749997 0.1250001
vt 0.3749998 0.5312499
vt 0.3749994 0.9374996
vt 0.3749996 0.09375018
vt 0.3749998 0.4999999
vt 0.3749996 0.9062495
vt 0.3749994 0.06250018
vt 0.3749998 0.46875
vt 0.3749996 0.8749996
vt 0.3749998 0.4375
vt 0.3749997 0.8437496
vt 0.3749998 0.40625
vt 0.3749997 0.8124996
vt 0.3749998 0.375
vt 0.3749997 0.7812498
vt 0.3749998 0.3437501
vt 0.3749998 0.7499998
vt 0.3593748 0.2187502
vt 0.3593748 0.2500002
vt 0.3593748 0.6249999
vt 0.3593748 0.6562499
vt 0.3593748 0.1875001
vt 0.3593748 0.5937499
vt 0.3593747 0.1562502
vt 0.3593748 0.5624999
vt 0.3593747 0.1250001
vt 0.3593748 0.5312499
vt 0.3593745 0.9374996
vt 0.3593746 0.09375018
vt 0.3593748 0.4999999
vt 0.3593746 0.9062495
vt 0.3593745 0.06250018
vt 0.3593748 0.46875
vt 0.3593747 0.8749995
vt 0.3593748 0.4375
vt 0.3593747 0.8437496
vt 0.3593748 0.40625
vt 0.3593748 0.8124996
vt 0.3593748 0.375
vt 0.3593748 0.7812498
vt 0.3593748 0.3437501
vt 0.3593748 0.7499998
vt 0.3593748 0.3125001
vt 0.3593748 0.7187498
vt 0.3593748 0.2812501
vt 0.3593748 0.6874999
vt 0.3437497 0.1562503
vt 0.3437498 0.1875001
vt 0.3437498 0.5624999
vt 0.3437498 0.5937499
vt 0.3437497 0.1250001
vt 0.3437498 0.5312499
vt 0.3437495 0.9374996
vt 0.3437496 0.09375018
vt 0.3437498 0.4999999
vt 0.3437497 0.9062495
vt 0.3437495 0.06250018
vt 0.3437498 0.46875
vt 0.3437497 0.8749995
vt 0.3437498 0.4375
vt 0.3437498 0.8437496
vt 0.3437498 0.40625
vt 0.3437498 0.8124996
vt 0.3437498 0.375
vt 0.3437498 0.7812498
vt 0.3437498 0.3437501
vt 0.3437498 0.7499998
vt 0.3437498 0.3125001
vt 0.3437498 0.7187498
vt 0.3437498 0.2812501
vt 0.3437498 0.6874999
vt 0.3437498 0.2500002
vt 0.3437498 0.6562499
vt 0.3437498 0.2187502
vt 0.3437498 0.6249999
vt 0.3281248 0.8749995
vt 0.3281247 0.9062495
vt 0.3281246 0.06250018
vt 0.3281249 0.4375
vt 0.3281248 0.46875
vt 0.3281248 0.8437495
vt 0.3281248 0.40625
vt 0.3281248 0.8124996
vt 0.3281249 0.375
vt 0.3281248 0.7812498
vt 0.3281248 0.3437501
vt 0.3281248 0.7499998
vt 0.3281248 0.3125001
vt 0.3281248 0.7187498
vt 0.3281248 0.2812501
vt 0.3281248 0.6874999
vt 0.3281248 0.2500002
vt 0.3281248 0.6562499
vt 0.3281248 0.2187502
vt 0.3281248 0.6249999
vt 0.3281248 0.1875002
vt 0.3281248 0.5937499
vt 0.3281248 0.1562503
vt 0.3281249 0.5624999
vt 0.3281248 0.1250003
vt 0.3281248 0.5312499
vt 0.3281246 0.9374996
vt 0.3281247 0.09375036
vt 0.3281248 0.4999999
vt 0.3124998 0.8124996
vt 0.3124998 0.8437495
vt 0.3124999 0.375
vt 0.3124998 0.40625
vt 0.3124998 0.7812498
vt 0.3124999 0.3437501
vt 0.3124998 0.7499998
vt 0.3124998 0.3125001
vt 0.3124998 0.7187498
vt 0.3124998 0.2812501
vt 0.3124998 0.6874999
vt 0.3124998 0.2500002
vt 0.3124998 0.6562499
vt 0.3124998 0.2187502
vt 0.3124999 0.6249999
vt 0.3124998 0.1875002
vt 0.3124998 0.5937499
vt 0.3124998 0.1562503
vt 0.3124999 0.5624999
vt 0.3124998 0.1250003
vt 0.3124999 0.5312499
vt 0.3124996 0.9374996
vt 0.3124997 0.09375036
vt 0.3124999 0.4999999
vt 0.3124998 0.9062495
vt 0.3124996 0.06250018
vt 0.3124999 0.46875
vt 0.3124998 0.8749995
vt 0.3124999 0.4375
vt 0.2968748 0.7499998
vt 0.2968748 0.7812497
vt 0.2968748 0.3125001
vt 0.2968749 0.3437501
vt 0.2968748 0.7187498
vt 0.2968748 0.2812501
vt 0.2968748 0.6874999
vt 0.2968748 0.2500002
vt 0.2968748 0.6562499
vt 0.2968748 0.2187502
vt 0.2968749 0.6249999
vt 0.2968748 0.1875002
vt 0.2968748 0.5937499
vt 0.2968748 0.1562503
vt 0.2968749 0.5624999
vt 0.2968748 0.1250003
vt 0.2968749 0.5312499
vt 0.2968747 0.9374996
vt 0.2968748 0.09375036
vt 0.2968749 0.4999999
vt 0.2968748 0.9062495
vt 0.2968747 0.06250018
vt 0.2968749 0.46875
vt 0.2968748 0.8749995
vt 0.2968749 0.4375
vt 0.2968748 0.8437495
vt 0.2968748 0.40625
vt 0.2968748 0.8124996
vt 0.2968749 0.375
vt 0.2812499 0.6874999
vt 0.2812499 0.7187498
vt 0.2812499 0.2500002
vt 0.2812499 0.2812501
vt 0.2812499 0.6562499
vt 0.2812499 0.2187502
vt 0.2812499 0.6249999
vt 0.2812499 0.1875002
vt 0.2812499 0.5937499
vt 0.2812498 0.1562503
vt 0.2812499 0.5624999
vt 0.2812499 0.1250003
vt 0.2812499 0.5312499
vt 0.2812498 0.9374996
vt 0.2812498 0.09375036
vt 0.2812499 0.4999999
vt 0.2812498 0.9062495
vt 0.2812498 0.06250018
vt 0.2812499 0.46875
vt 0.2812498 0.8749995
vt 0.2812499 0.4375
vt 0.2812499 0.8437495
vt 0.2812499 0.40625
vt 0.2812499 0.8124996
vt 0.2812499 0.375
vt 0.2812499 0.7812497
vt 0.2812499 0.3437501
vt 0.2812499 0.7499998
vt 0.2812499 0.3125001
vt 0.2656249 0.6249999
vt 0.2656249 0.6562499
vt 0.2656249 0.1875002
vt 0.2656249 0.2187502
vt 0.2656249 0.5937499
vt 0.2656249 0.1562503
vt 0.2656249 0.5624999
vt 0.2656249 0.1250003
vt 0.2656249 0.5312499
vt 0.2656248 0.9374996
vt 0.2656249 0.09375036
vt 0.2656249 0.4999999
vt 0.2656249 0.9062495
vt 0.2656248 0.06250018
vt 0.2656249 0.46875
vt 0.2656249 0.8749995
vt 0.2656249 0.4375
vt 0.2656249 0.8437495
vt 0.2656249 0.40625
vt 0.2656249 0.8124996
vt 0.2656249 0.375
vt 0.2656249 0.7812498
vt 0.2656249 0.3437501
vt 0.2656249 0.7499998
vt 0.2656249 0.3125001
vt 0.2656249 0.7187498
vt 0.2656249 0.2812501
vt 0.2656249 0.6874998
vt 0.2656249 0.2500002
vt 0.2499999 0.5624999
vt 0.2499999 0.5937499
vt 0.2499999 0.1250003
vt 0.2499999 0.1562503
vt 0.2499999 0.5312499
vt 0.2499999 0.9374996
vt 0.2499999 0.09375036
vt 0.2499999 0.4999999
vt 0.2499999 0.9062495
vt 0.2499999 0.06250018
vt 0.2499999 0.46875
vt 0.2499999 0.8749995
vt 0.2499999 0.4375
vt 0.2499999 0.8437495
vt 0.2499999 0.40625
vt 0.2499999 0.8124996
vt 0.2499999 0.375
vt 0.2499999 0.7812497
vt 0.2499999 0.3437501
vt 0.2499999 0.7499998
vt 0.2499999 0.3125001
vt 0.2499999 0.7187498
vt 0.2499999 0.2812501
vt 0.2499999 0.6874999
vt 0.2499999 0.2500002
vt 0.2499999 0.6562499
vt 0.2499999 0.2187502
vt 0.2499999 0.6249999
vt 0.2499999 0.1875002
vt 0.2343749 0.4999999
vt 0.2343749 0.5312499
vt 0.234375 0.9062495
vt 0.2343749 0.9374996
vt 0.2343749 0.06250018
vt 0.2343749 0.09375036
vt 0.2343749 0.46875
vt 0.2343749 0.8749995
vt 0.2343749 0.4375
vt 0.2343749 0.8437495
vt 0.2343749 0.40625
vt 0.2343749 0.8124996
vt 0.2343749 0.375
vt 0.2343749 0.7812498
vt 0.2343749 0.3437501
vt 0.2343749 0.7499998
vt 0.2343749 0.3125001
vt 0.2343749 0.7187498
vt 0.2343749 0.2812501
vt 0.2343749 0.6874999
vt 0.2343749 0.2500002
vt 0.2343749 0.6562499
vt 0.2343749 0.2187502
vt 0.2343749 0.6249999
vt 0.2343749 0.1875002
vt 0.2343749 0.5937499
vt 0.2343749 0.1562503
vt 0.2343749 0.5624999
vt 0.2343749 0.1250003
vt 0.2187499 0.4375
vt 0.2187499 0.46875
vt 0.2187499 0.8437495
vt 0.21875 0.8749995
vt 0.2187499 0.40625
vt 0.2187499 0.8124996
vt 0.2187499 0.375
vt 0.2187499 0.7812498
vt 0.2187499 0.3437501
vt 0.2187499 0.7499998
vt 0.2187499 0.3125001
vt 0.2187499 0.7187498
vt 0.2187499 0.2812501
vt 0.2187499 0.6874999
vt 0.2187499 0.2500002
vt 0.2187499 0.6562499
vt 0.2187499 0.2187502
vt 0.2187499 0.6249999
vt 0.2187499 0.1875002
vt 0.2187499 0.5937499
vt 0.2187499 0.1562503
vt 0.2187499 0.5624999
vt 0.21875 0.1250003
vt 0.2187499 0.5312499
vt 0.21875 0.9374996
vt 0.21875 0.09375036
vt 0.2187499 0.4999999
vt 0.21875 0.9062495
vt 0.21875 0.06250018
vt 0.203125 0.375
vt 0.2031249 0.40625
vt 0.203125 0.7812498
vt 0.203125 0.8124996
vt 0.2031249 0.3437501
vt 0.2031249 0.7499998
vt 0.2031249 0.3125001
vt 0.2031249 0.7187498
vt 0.2031249 0.2812501
vt 0.2031249 0.6874999
vt 0.203125 0.2500002
vt 0.2031249 0.6562499
vt 0.203125 0.2187502
vt 0.2031249 0.6249999
vt 0.203125 0.1875002
vt 0.2031249 0.5937499
vt 0.203125 0.1562503
vt 0.203125 0.5624999
vt 0.203125 0.1250003
vt 0.2031249 0.5312499
vt 0.2031251 0.9374996
vt 0.203125 0.09375036
vt 0.2031249 0.4999999
vt 0.2031251 0.9062495
vt 0.2031251 0.06250018
vt 0.2031249 0.46875
vt 0.203125 0.8749995
vt 0.203125 0.4375
vt 0.203125 0.8437495
vt 0.1874999 0.3125001
vt 0.1874999 0.3437501
vt 0.1874999 0.7187498
vt 0.1875 0.7499998
vt 0.1874999 0.2812501
vt 0.1874999 0.6874999
vt 0.1875 0.2500002
vt 0.1874999 0.6562499
vt 0.1875 0.2187502
vt 0.1874999 0.6249999
vt 0.1875 0.1875002
vt 0.1874999 0.5937499
vt 0.1875 0.1562503
vt 0.1875 0.5624999
vt 0.1875001 0.1250003
vt 0.1874999 0.5312499
vt 0.1875001 0.9374996
vt 0.1875001 0.09375036
vt 0.1874999 0.4999999
vt 0.1875001 0.9062495
vt 0.1875001 0.06250018
vt 0.1874999 0.46875
vt 0.1875 0.8749995
vt 0.1875 0.4375
vt 0.1875 0.8437496
vt 0.1874999 0.40625
vt 0.1875 0.8124996
vt 0.1875 0.375
vt 0.1875 0.7812498
vt 0.171875 0.2500002
vt 0.1718749 0.2812501
vt 0.1718749 0.6562499
vt 0.1718749 0.6874999
vt 0.171875 0.2187501
vt 0.171875 0.6249999
vt 0.171875 0.1875002
vt 0.1718749 0.5937499
vt 0.171875 0.1562502
vt 0.171875 0.5624999
vt 0.1718751 0.1250001
vt 0.171875 0.5312499
vt 0.1718752 0.9374996
vt 0.1718751 0.09375018
vt 0.1718749 0.4999999
vt 0.1718751 0.9062495
vt 0.1718752 0.06250018
vt 0.171875 0.46875
vt 0.1718751 0.8749995
vt 0.171875 0.4375
vt 0.171875 0.8437496
vt 0.1718749 0.40625
vt 0.171875 0.8124996
vt 0.171875 0.375
vt 0.171875 0.7812498
vt 0.171875 0.3437501
vt 0.171875 0.7499998
vt 0.1718749 0.3125001
vt 0.171875 0.7187498
vt 0.15625 0.1875001
vt 0.15625 0.2187501
vt 0.1562499 0.5937499
vt 0.15625 0.6249999
vt 0.1562501 0.1562502
vt 0.15625 0.5624999
vt 0.1562501 0.1250001
vt 0.15625 0.5312499
vt 0.1562502 0.9374996
vt 0.1562501 0.09375018
vt 0.15625 0.4999999
vt 0.1562502 0.9062495
vt 0.1562503 0.06250018
vt 0.15625 0.46875
vt 0.1562501 0.8749996
vt 0.15625 0.4375
vt 0.1562501 0.8437496
vt 0.1562499 0.40625
vt 0.15625 0.8124996
vt 0.15625 0.375
vt 0.15625 0.7812498
vt 0.15625 0.3437501
vt 0.15625 0.7499998
vt 0.15625 0.3125001
vt 0.15625 0.7187498
vt 0.15625 0.2812501
vt 0.15625 0.6874999
vt 0.15625 0.2500002
vt 0.15625 0.6562499
vt 0.1406251 0.1250001
vt 0.1406251 0.1562502
vt 0.140625 0.5312499
vt 0.140625 0.5624999
vt 0.1406253 0.9374996
vt 0.1406251 0.09375018
vt 0.140625 0.4999999
vt 0.1406252 0.9062495
vt 0.1406253 0.06250018
vt 0.140625 0.46875
vt 0.1406251 0.8749996
vt 0.140625 0.4375
vt 0.1406251 0.8437496
vt 0.1406249 0.40625
vt 0.1406251 0.8124996
vt 0.140625 0.375
vt 0.140625 0.7812498
vt 0.140625 0.3437501
vt 0.140625 0.7499998
vt 0.140625 0.3125001
vt 0.140625 0.7187499
vt 0.140625 0.2812501
vt 0.140625 0.6874999
vt 0.140625 0.2500001
vt 0.140625 0.6562499
vt 0.1406251 0.2187501
vt 0.140625 0.6249999
vt 0.1406251 0.1875001
vt 0.140625 0.5937499
vt 0.1250004 0.06250018
vt 0.1250002 0.09375018
vt 0.125 0.4687499
vt 0.125 0.4999999
vt 0.1250001 0.8749996
vt 0.1250002 0.9062496
vt 0.125 0.4375
vt 0.1250001 0.8437496
vt 0.125 0.40625
vt 0.125 0.8124997
vt 0.125 0.375
vt 0.125 0.7812498
vt 0.125 0.3437501
vt 0.125 0.7499998
vt 0.125 0.3124999
vt 0.125 0.7187499
vt 0.125 0.2812501
vt 0.125 0.6874999
vt 0.125 0.2500001
vt 0.125 0.6562499
vt 0.125 0.21875
vt 0.125 0.6249999
vt 0.125 0.1875001
vt 0.125 0.5937499
vt 0.1250001 0.1562502
vt 0.125 0.5624999
vt 0.1250001 0.1250001
vt 0.125 0.53125
vt 0.1250004 0.9374996
vt 0.109375 0.40625
vt 0.109375 0.4375
vt 0.1093751 0.8124997
vt 0.1093751 0.8437497
vt 0.109375 0.375
vt 0.109375 0.7812498
vt 0.109375 0.3437501
vt 0.109375 0.7499998
vt 0.109375 0.3124999
vt 0.109375 0.7187499
vt 0.109375 0.2812501
vt 0.109375 0.6874999
vt 0.109375 0.2500001
vt 0.109375 0.6562499
vt 0.1093751 0.21875
vt 0.109375 0.6249999
vt 0.1093751 0.1875001
vt 0.109375 0.5937499
vt 0.1093751 0.1562501
vt 0.109375 0.5624999
vt 0.1093751 0.1250001
vt 0.109375 0.53125
vt 0.1093754 0.9374998
vt 0.1093752 0.09375018
vt 0.109375 0.4999999
vt 0.1093752 0.9062496
vt 0.1093754 0.06250018
vt 0.109375 0.4687499
vt 0.1093751 0.8749996
vt 0.09375003 0.3437501
vt 0.09375003 0.375
vt 0.09375003 0.7499998
vt 0.09375006 0.7812498
vt 0.09375003 0.3124999
vt 0.09375003 0.7187499
vt 0.09375003 0.2812499
vt 0.09375 0.6874999
vt 0.09375006 0.2500001
vt 0.09375003 0.6562499
vt 0.09375006 0.21875
vt 0.09375 0.625
vt 0.09375012 0.1875001
vt 0.09375 0.5937499
vt 0.09375012 0.1562501
vt 0.09375003 0.5624999
vt 0.09375018 0.1250001
vt 0.09375 0.53125
vt 0.09375042 0.9374998
vt 0.09375027 0.09375018
vt 0.09375 0.4999999
vt 0.09375027 0.9062496
vt 0.09375045 0.06250018
vt 0.09375 0.4687499
vt 0.09375018 0.8749996
vt 0.09375003 0.4375
vt 0.09375012 0.8437497
vt 0.09375 0.4062499
vt 0.09375012 0.8124997
vt 0.07812503 0.2812499
vt 0.07812503 0.3124999
vt 0.07812503 0.6874999
vt 0.07812503 0.7187499
vt 0.07812506 0.2500001
vt 0.07812503 0.6562499
vt 0.07812509 0.21875
vt 0.07812503 0.625
vt 0.07812509 0.1875001
vt 0.078125 0.5937499
vt 0.07812515 0.1562501
vt 0.07812503 0.5624999
vt 0.07812521 0.1250001
vt 0.078125 0.53125
vt 0.07812545 0.9374998
vt 0.07812524 0.09375018
vt 0.078125 0.4999999
vt 0.07812524 0.9062496
vt 0.07812548 0.06249994
vt 0.078125 0.4687499
vt 0.07812521 0.8749997
vt 0.07812503 0.4375
vt 0.07812515 0.8437497
vt 0.078125 0.4062499
vt 0.07812509 0.8124998
vt 0.07812503 0.3749999
vt 0.07812506 0.7812498
vt 0.07812503 0.34375
vt 0.07812503 0.7499998
vt 0.06250009 0.21875
vt 0.06250006 0.25
vt 0.06250003 0.625
vt 0.06250003 0.6562499
vt 0.06250012 0.1875001
vt 0.06249997 0.5937499
vt 0.06250012 0.1562501
vt 0.06250006 0.5624999
vt 0.06250021 0.1250001
vt 0.06249997 0.53125
vt 0.06250048 0.9374998
vt 0.0625003 0.09375018
vt 0.06249997 0.4999999
vt 0.0625003 0.9062496
vt 0.06250051 0.06249994
vt 0.06249997 0.4687499
vt 0.06250021 0.8749997
vt 0.06250006 0.4375
vt 0.06250018 0.8437498
vt 0.06249997 0.4062499
vt 0.06250009 0.8124998
vt 0.06250003 0.3749999
vt 0.06250006 0.7812499
vt 0.06250003 0.34375
vt 0.06250006 0.7499999
vt 0.06250003 0.3124999
vt 0.06250003 0.7187499
vt 0.06250003 0.2812499
vt 0.06250003 0.6874999
vt 0.04687518 0.1562501
vt 0.04687512 0.1875001
vt 0.04687506 0.5624999
vt 0.04687497 0.59375
vt 0.04687524 0.1250001
vt 0.04687497 0.53125
vt 0.04687551 0.9374998
vt 0.04687533 0.09375006
vt 0.046875 0.4999999
vt 0.04687533 0.9062496
vt 0.04687551 0.06249994
vt 0.04687497 0.4687499
vt 0.04687524 0.8749997
vt 0.04687506 0.4375
vt 0.04687518 0.8437498
vt 0.046875 0.4062499
vt 0.04687512 0.8124998
vt 0.04687506 0.3749999
vt 0.04687509 0.7812499
vt 0.046875 0.34375
vt 0.04687506 0.7499999
vt 0.046875 0.3124999
vt 0.04687506 0.7187499
vt 0.046875 0.2812499
vt 0.046875 0.6874999
vt 0.04687509 0.25
vt 0.046875 0.6562499
vt 0.04687509 0.21875
vt 0.046875 0.625
vt 0.03125051 0.9374998
vt 0.0312503 0.09375006
vt 0.03125024 0.125
vt 0.03125 0.4999999
vt 0.03125 0.53125
vt 0.0312503 0.9062498
vt 0.03125054 0.06249994
vt 0.03125 0.4687499
vt 0.03125024 0.8749998
vt 0.03125003 0.4375
vt 0.03125015 0.8437498
vt 0.03125 0.4062499
vt 0.03125012 0.8124998
vt 0.03125003 0.3749999
vt 0.03125009 0.7812499
vt 0.03125003 0.34375
vt 0.03125003 0.7499999
vt 0.03125 0.3124999
vt 0.03125003 0.7187499
vt 0.03125003 0.2812499
vt 0.03125003 0.6875
vt 0.03125009 0.25
vt 0.03125003 0.6562499
vt 0.03125009 0.21875
vt 0.03125003 0.625
vt 0.03125012 0.1875001
vt 0.03125 0.59375
vt 0.03125015 0.1562501
vt 0.03125003 0.5624999
vt 0.01562524 0.8749998
vt 0.0156253 0.9062498
vt 0.01562554 0.06249994
vt 0.01562503 0.4375
vt 0.015625 0.4687499
vt 0.01562518 0.8437498
vt 0.015625 0.4062499
vt 0.01562512 0.8124998
vt 0.01562503 0.3749999
vt 0.01562509 0.7812499
vt 0.01562503 0.34375
vt 0.01562503 0.7499999
vt 0.01562503 0.3124999
vt 0.01562503 0.7187499
vt 0.01562503 0.2812499
vt 0.01562503 0.6875
vt 0.01562509 0.2499999
vt 0.01562503 0.6562499
vt 0.01562509 0.2187499
vt 0.01562503 0.625
vt 0.01562512 0.1875001
vt 0.015625 0.59375
vt 0.01562515 0.15625
vt 0.01562503 0.5624999
vt 0.01562527 0.125
vt 0.015625 0.53125
vt 0.01562554 0.9374998
vt 0.0156253 0.09375006
vt 0.015625 0.4999999
vt 1.192093E-07 0.8124998
vt 1.788139E-07 0.8437498
vt 2.980232E-08 0.3749999
vt 0 0.4062499
vt 5.960464E-08 0.7812499
vt 2.980232E-08 0.34375
vt 5.960464E-08 0.7499999
vt 2.980232E-08 0.3124999
vt 2.980232E-08 0.7187499
vt 2.980232E-08 0.2812499
vt 2.980232E-08 0.6875
vt 5.960464E-08 0.2499999
vt 2.980232E-08 0.6562499
vt 1.192093E-07 0.2187499
vt 2.980232E-08 0.625
vt 1.490116E-07 0.1875001
vt 0 0.59375
vt 1.788139E-07 0.15625
vt 2.980232E-08 0.5624999
vt 2.682209E-07 0.125
vt 0 0.53125
vt 5.364418E-07 0.9374998
vt 3.278255E-07 0.09375006
vt 0 0.4999999
vt 3.278255E-07 0.9062498
vt 5.662441E-07 0.06249994
vt 0 0.4687499
vt 2.682209E-07 0.8749998
vt 2.980232E-08 0.4375
vt 1 0.7499999
vt 0.984375 0.7499999
vt 0.9843751 0.78125
vt 1 0.7812499
vt 1 0.3124999
vt 0.984375 0.3124999
vt 0.984375 0.34375
vt 1 0.34375
vt 1 0.7187499
vt 0.984375 0.7187499
vt 1 0.2812499
vt 0.984375 0.2812499
vt 1 0.6875
vt 0.984375 0.6875
vt 1 0.2499999
vt 0.9843751 0.2499999
vt 1 0.6562499
vt 0.984375 0.65625
vt 1 0.2187499
vt 0.9843751 0.2187499
vt 1 0.625
vt 0.984375 0.625
vt 1 0.1875001
vt 0.9843751 0.1875
vt 1 0.59375
vt 0.9843749 0.59375
vt 1 0.15625
vt 0.9843751 0.15625
vt 1 0.5624999
vt 0.984375 0.5624999
vt 1 0.125
vt 0.9843752 0.1249999
vt 1 0.53125
vt 0.984375 0.53125
vt 1.000001 0.9374998
vt 0.9843755 0.9374998
vt 1.000001 0.96875
vt 1 0.09375006
vt 0.9843753 0.09374994
vt 1 0.4999999
vt 0.984375 0.4999999
vt 1 0.9062498
vt 0.9843753 0.9062498
vt 1.000001 0.06249994
vt 0.9843755 0.06249994
vt 1 0.4687499
vt 0.984375 0.4687499
vt 1 0.8749998
vt 0.9843752 0.8749998
vt 1 0.4375
vt 0.984375 0.4375
vt 1 0.8437498
vt 0.9843751 0.8437499
vt 1 0.4062499
vt 0.984375 0.4062499
vt 1 0.8124998
vt 0.9843751 0.8124998
vt 1 0.3749999
vt 0.984375 0.3749999
vt 0.96875 0.6875
vt 0.96875 0.71875
vt 0.9687501 0.2499999
vt 0.96875 0.2812499
vt 0.96875 0.65625
vt 0.9687501 0.2187499
vt 0.96875 0.625
vt 0.9687501 0.1875
vt 0.96875 0.59375
vt 0.9687501 0.1562499
vt 0.96875 0.5624999
vt 0.9687502 0.1249999
vt 0.96875 0.53125
vt 0.9687505 0.9374999
vt 0.9687503 0.09374994
vt 0.96875 0.4999999
vt 0.9687503 0.9062498
vt 0.9687505 0.06249994
vt 0.96875 0.4687499
vt 0.9687502 0.8749999
vt 0.96875 0.4375
vt 0.9687501 0.8437499
vt 0.96875 0.4062499
vt 0.9687501 0.8124999
vt 0.96875 0.3749999
vt 0.9687501 0.78125
vt 0.96875 0.34375
vt 0.96875 0.7499999
vt 0.96875 0.3124999
vt 0.953125 0.625
vt 0.953125 0.65625
vt 0.9531251 0.1875
vt 0.9531251 0.2187499
vt 0.953125 0.59375
vt 0.9531251 0.1562499
vt 0.953125 0.5624999
vt 0.9531252 0.1249999
vt 0.953125 0.53125
vt 0.9531255 0.9374999
vt 0.9531252 0.09374994
vt 0.953125 0.4999999
vt 0.9531252 0.9062499
vt 0.9531255 0.06249994
vt 0.953125 0.4687499
vt 0.9531252 0.8749999
vt 0.953125 0.4375
vt 0.9531251 0.8437499
vt 0.953125 0.4062499
vt 0.9531251 0.8124999
vt 0.953125 0.3749999
vt 0.9531251 0.78125
vt 0.953125 0.3437499
vt 0.953125 0.7499999
vt 0.953125 0.3124999
vt 0.953125 0.71875
vt 0.953125 0.2812499
vt 0.953125 0.6875
vt 0.9531251 0.2499999
vt 0.9375 0.3124999
vt 0.9375 0.3437499
vt 0.9375 0.71875
vt 0.9375 0.7499999
vt 0.9375 0.2812499
vt 0.9375 0.6875001
vt 0.9375001 0.2499999
vt 0.9375 0.65625
vt 0.9375001 0.2187499
vt 0.9375 0.6250001
vt 0.9375001 0.1875
vt 0.9375 0.59375
vt 0.9375001 0.1562499
vt 0.9375 0.5624999
vt 0.9375002 0.1249998
vt 0.9375 0.53125
vt 0.9375005 0.9374999
vt 0.9375002 0.09374994
vt 0.9375 0.4999999
vt 0.9375002 0.9062499
vt 0.9375005 0.06249982
vt 0.9375 0.4687499
vt 0.9375002 0.8749999
vt 0.9375 0.4375
vt 0.9375001 0.84375
vt 0.9375 0.4062499
vt 0.9375001 0.8124999
vt 0.9375 0.3749999
vt 0.9375001 0.78125
vt 0.921875 0.2499999
vt 0.921875 0.2812499
vt 0.921875 0.65625
vt 0.921875 0.6875001
vt 0.921875 0.2187499
vt 0.921875 0.6250001
vt 0.9218751 0.1874999
vt 0.921875 0.59375
vt 0.9218751 0.1562498
vt 0.921875 0.5625
vt 0.9218752 0.1249998
vt 0.921875 0.53125
vt 0.9218754 0.9374999
vt 0.9218752 0.09374994
vt 0.921875 0.4999999
vt 0.9218752 0.9062499
vt 0.9218755 0.06249982
vt 0.921875 0.4687499
vt 0.9218751 0.875
vt 0.921875 0.4375
vt 0.9218751 0.84375
vt 0.921875 0.4062499
vt 0.9218751 0.8124999
vt 0.921875 0.3749999
vt 0.921875 0.78125
vt 0.921875 0.3437499
vt 0.921875 0.7499999
vt 0.921875 0.3124999
vt 0.921875 0.71875
vt 0.9062501 0.1874999
vt 0.90625 0.2187499
vt 0.90625 0.59375
vt 0.90625 0.6250001
vt 0.9062501 0.1562498
vt 0.90625 0.5625
vt 0.9062501 0.1249998
vt 0.90625 0.53125
vt 0.9062504 0.9374999
vt 0.9062502 0.09374994
vt 0.90625 0.4999999
vt 0.9062502 0.9062499
vt 0.9062505 0.06249982
vt 0.90625 0.4687499
vt 0.9062501 0.875
vt 0.90625 0.4375
vt 0.9062501 0.84375
vt 0.90625 0.4062499
vt 0.9062501 0.8124999
vt 0.90625 0.3749999
vt 0.90625 0.78125
vt 0.90625 0.3437499
vt 0.90625 0.75
vt 0.90625 0.3124999
vt 0.90625 0.71875
vt 0.90625 0.2812499
vt 0.90625 0.6875001
vt 0.90625 0.2499999
vt 0.90625 0.65625
vt 0.8906251 0.1249998
vt 0.8906251 0.1562498
vt 0.8906249 0.53125
vt 0.890625 0.5625
vt 0.8906254 0.9374999
vt 0.8906252 0.09374982
vt 0.8906249 0.4999999
vt 0.8906252 0.9062499
vt 0.8906254 0.06249982
vt 0.8906249 0.4687499
vt 0.8906251 0.875
vt 0.890625 0.4374999
vt 0.8906251 0.84375
vt 0.8906249 0.4062499
vt 0.890625 0.8124999
vt 0.890625 0.3749999
vt 0.890625 0.7812501
vt 0.890625 0.3437499
vt 0.890625 0.75
vt 0.890625 0.3124999
vt 0.890625 0.7187501
vt 0.890625 0.2812499
vt 0.890625 0.6875001
vt 0.890625 0.2499999
vt 0.890625 0.65625
vt 0.890625 0.2187499
vt 0.890625 0.6250001
vt 0.8906251 0.1874999
vt 0.8906249 0.59375
vt 0.8750002 0.9062499
vt 0.8750004 0.9374999
vt 0.8750004 0.06249982
vt 0.8750002 0.09374982
vt 0.8749999 0.4687499
vt 0.8749999 0.4999999
vt 0.8750001 0.875
vt 0.875 0.4374999
vt 0.8750001 0.84375
vt 0.8749999 0.4062499
vt 0.875 0.8124999
vt 0.875 0.3749999
vt 0.875 0.7812501
vt 0.875 0.3437499
vt 0.875 0.75
vt 0.875 0.3124999
vt 0.875 0.7187501
vt 0.8749999 0.2812499
vt 0.8749999 0.6875001
vt 0.875 0.2499999
vt 0.875 0.65625
vt 0.875 0.2187498
vt 0.875 0.6250001
vt 0.8750001 0.1874999
vt 0.8749999 0.59375
vt 0.875 0.1562498
vt 0.875 0.5625
vt 0.8750001 0.1249998
vt 0.8749999 0.53125
vt 0.859375 0.8437501
vt 0.8593751 0.875
vt 0.8593749 0.4062499
vt 0.859375 0.4374999
vt 0.859375 0.8124999
vt 0.859375 0.3749999
vt 0.859375 0.7812501
vt 0.859375 0.3437499
vt 0.859375 0.75
vt 0.859375 0.3124998
vt 0.8593749 0.7187501
vt 0.8593749 0.2812499
vt 0.8593749 0.6875001
vt 0.859375 0.2499999
vt 0.859375 0.6562501
vt 0.859375 0.2187498
vt 0.859375 0.6250001
vt 0.859375 0.1874999
vt 0.8593749 0.59375
vt 0.859375 0.1562498
vt 0.859375 0.5625
vt 0.8593751 0.1249998
vt 0.8593749 0.53125
vt 0.8593752 0.9374999
vt 0.8593751 0.09374982
vt 0.8593749 0.4999999
vt 0.8593751 0.90625
vt 0.8593754 0.06249982
vt 0.8593749 0.4687499
vt 0.84375 0.7812501
vt 0.84375 0.8124999
vt 0.8437499 0.3437499
vt 0.84375 0.3749999
vt 0.8437499 0.7500001
vt 0.84375 0.3124998
vt 0.8437499 0.7187501
vt 0.8437499 0.2812499
vt 0.8437499 0.6875001
vt 0.84375 0.2499999
vt 0.84375 0.6562501
vt 0.84375 0.2187498
vt 0.8437499 0.6250001
vt 0.84375 0.1874999
vt 0.8437499 0.59375
vt 0.84375 0.1562498
vt 0.84375 0.5625
vt 0.8437501 0.1249996
vt 0.8437499 0.53125
vt 0.8437502 0.9375001
vt 0.8437501 0.09374982
vt 0.8437499 0.4999999
vt 0.8437501 0.90625
vt 0.8437502 0.06249982
vt 0.8437499 0.4687499
vt 0.8437501 0.875
vt 0.84375 0.4374999
vt 0.84375 0.8437501
vt 0.8437499 0.4062499
vt 0.8281249 0.7187501
vt 0.8281249 0.7500001
vt 0.8281249 0.2812498
vt 0.8281249 0.3124998
vt 0.8281249 0.6875001
vt 0.828125 0.2499999
vt 0.8281249 0.6562501
vt 0.828125 0.2187498
vt 0.8281249 0.6250001
vt 0.828125 0.1874998
vt 0.8281249 0.59375
vt 0.828125 0.1562498
vt 0.828125 0.5625
vt 0.828125 0.1249996
vt 0.8281249 0.53125
vt 0.8281251 0.9375001
vt 0.8281251 0.09374982
vt 0.8281249 0.4999999
vt 0.8281251 0.90625
vt 0.8281252 0.06249982
vt 0.8281249 0.4687499
vt 0.828125 0.875
vt 0.828125 0.4374999
vt 0.828125 0.8437501
vt 0.8281249 0.4062499
vt 0.828125 0.8125
vt 0.828125 0.3749999
vt 0.8281249 0.7812501
vt 0.8281249 0.3437499
vt 0.8124999 0.6562501
vt 0.8124999 0.6875001
vt 0.8124999 0.2187498
vt 0.8124999 0.2499999
vt 0.8124999 0.6250001
vt 0.8125 0.1874998
vt 0.8124999 0.59375
vt 0.8124999 0.1562498
vt 0.8125 0.5625
vt 0.8125 0.1249996
vt 0.8124999 0.53125
vt 0.8125001 0.9375001
vt 0.8125 0.09374982
vt 0.8124999 0.4999999
vt 0.8125 0.90625
vt 0.8125001 0.06249982
vt 0.8124999 0.4687499
vt 0.8125 0.875
vt 0.8125 0.4374999
vt 0.8125 0.8437501
vt 0.8124999 0.4062499
vt 0.8124999 0.8125
vt 0.8124999 0.3749999
vt 0.8124999 0.7812501
vt 0.8124999 0.3437498
vt 0.8124999 0.7500001
vt 0.8124999 0.3124998
vt 0.8124999 0.7187501
vt 0.8124999 0.2812498
vt 0.7968749 0.59375
vt 0.7968749 0.6250001
vt 0.7968749 0.1562498
vt 0.7968749 0.1874998
vt 0.796875 0.5625
vt 0.796875 0.1249996
vt 0.7968749 0.53125
vt 0.796875 0.9375001
vt 0.796875 0.09374982
vt 0.7968749 0.4999999
vt 0.796875 0.90625
vt 0.7968751 0.06249982
vt 0.7968749 0.4687499
vt 0.796875 0.8750001
vt 0.796875 0.4374999
vt 0.7968749 0.8437501
vt 0.7968749 0.4062499
vt 0.7968749 0.8125
vt 0.7968749 0.3749998
vt 0.7968749 0.7812501
vt 0.7968749 0.3437498
vt 0.7968749 0.7500001
vt 0.7968749 0.3124998
vt 0.7968749 0.7187501
vt 0.7968749 0.2812498
vt 0.7968749 0.6875001
vt 0.7968749 0.2499998
vt 0.7968749 0.6562501
vt 0.7968749 0.2187498
vt 0.7812499 0.53125
vt 0.7812499 0.5625
vt 0.78125 0.9375001
vt 0.7812499 0.09374982
vt 0.7812499 0.1249996
vt 0.7812499 0.4999999
vt 0.7812499 0.90625
vt 0.78125 0.06249982
vt 0.7812499 0.4687499
vt 0.7812499 0.8750001
vt 0.7812499 0.4374999
vt 0.7812499 0.8437501
vt 0.7812499 0.4062499
vt 0.7812499 0.8125
vt 0.7812499 0.3749998
vt 0.7812499 0.7812501
vt 0.7812499 0.3437498
vt 0.7812499 0.7500001
vt 0.7812499 0.3124998
vt 0.7812499 0.7187501
vt 0.7812499 0.2812498
vt 0.7812499 0.6875001
vt 0.7812499 0.2499998
vt 0.7812499 0.6562501
vt 0.7812499 0.2187498
vt 0.7812499 0.6250001
vt 0.7812499 0.1874998
vt 0.7812499 0.59375
vt 0.7812499 0.1562498
vt 0.7656249 0.4687499
vt 0.7656249 0.4999999
vt 0.7656249 0.8750001
vt 0.7656249 0.90625
vt 0.765625 0.06249982
vt 0.7656249 0.4374999
vt 0.7656249 0.8437501
vt 0.7656249 0.4062499
vt 0.7656249 0.8125
vt 0.7656249 0.3749998
vt 0.7656249 0.7812501
vt 0.7656249 0.3437498
vt 0.7656249 0.7500001
vt 0.7656249 0.3124998
vt 0.7656249 0.7187501
vt 0.7656249 0.2812498
vt 0.7656249 0.6875001
vt 0.7656249 0.2499998
vt 0.7656249 0.6562501
vt 0.7656249 0.2187498
vt 0.7656249 0.6250001
vt 0.7656249 0.1874999
vt 0.7656249 0.59375
vt 0.7656249 0.1562498
vt 0.7656249 0.5625
vt 0.7656249 0.1249996
vt 0.7656249 0.53125
vt 0.7656249 0.9375001
vt 0.7656249 0.09374982

vn -1.189768E-07 0.9987954 -0.04906742
vn 0.004809452 0.9987954 -0.04883111
vn 0.02828455 0.9995989 0.00138944
vn 0.524273 -0.8512532 -0.02249024
vn 0.009572571 0.9987954 -0.04812453
vn 0.4999078 -0.8656372 -0.02764536
vn 0.01424349 0.9987954 -0.04695449
vn 0.5188251 -0.8546207 -0.0210703
vn 0.01877721 0.9987954 -0.04533226
vn 0.4867343 -0.8727763 -0.03675734
vn 0.02313012 0.9987954 -0.04327345
vn 0.4244141 -0.9023304 -0.07531577
vn 0.02726025 0.9987954 -0.04079791
vn 0.3764448 -0.9197372 -0.1112323
vn 0.3785227 -0.9190897 -0.1095195
vn 0.3754048 -0.9200583 -0.1120884
vn 0.03112784 0.9987954 -0.03792947
vn 0.3765532 -0.9197417 -0.1108271
vn 0.03469566 0.9987954 -0.03469575
vn 0.03792933 0.9987954 -0.03112791
vn 0.3463742 -0.9258975 -0.150793
vn 0.04079773 0.9987954 -0.02726029
vn 0.2743745 -0.9262692 -0.2583486
vn 0.04327322 0.9987954 -0.02313014
vn 0.3011099 -0.9293219 -0.2137602
vn 0.04533197 0.9987954 -0.01877725
vn 0.436667 -0.8957831 0.08303407
vn 0.04695415 0.9987954 -0.01424352
vn 0.4437549 -0.8899854 0.1049161
vn 0.4115391 -0.9113374 -0.009977004
vn 0.04812415 0.9987954 -0.009572617
vn 0.3530705 -0.9117135 -0.2100469
vn 0.04883068 0.9987954 -0.004809521
vn 0.04906695 0.9987954 -9.985712E-08
vn 0.3828268 -0.9186708 -0.09740348
vn 0.04883068 0.9987954 0.004809303
vn 0.424828 -0.855486 0.2960824
vn 0.04812416 0.9987954 0.009572381
vn 0.4130581 -0.8150732 0.4062495
vn 0.04695417 0.9987954 0.01424328
vn 0.4429634 -0.8456033 0.2978899
vn 0.5542844 -0.8312624 -0.04209028
vn 0.04533199 0.9987954 0.01877701
vn 0.6523669 -0.6135556 -0.4449348
vn 0.04327324 0.9987954 0.02312991
vn 0.04079775 0.9987954 0.02726006
vn 0.6721203 -0.5026492 -0.5436891
vn 0.03792936 0.9987954 0.03112768
vn 0.6488714 -0.5817837 -0.4904014
vn 0.03469567 0.9987954 0.03469554
vn 0.6372678 -0.6060844 -0.4759742
vn 0.03112784 0.9987954 0.03792927
vn 0.6070203 -0.6547095 -0.450424
vn 0.02726024 0.9987954 0.04079772
vn 0.3598216 -0.8872553 -0.2886287
vn 0.1264428 -0.979382 -0.1575529
vn 0.02313011 0.9987954 0.04327327
vn 0.01877722 0.9987954 0.04533207
vn 0.02926213 -0.9931648 -0.1129919
vn 0.01424347 0.9987954 0.04695431
vn -0.001667358 -0.9947567 -0.1022556
vn 0.009572539 0.9987954 0.04812435
vn 0.1073552 -0.9859288 -0.1281372
vn 0.004809437 0.9987954 0.04883094
vn 0.196914 -0.9704489 -0.1394764
vn 1.804443E-08 0.9987954 0.04906724
vn 0.3068676 -0.9412345 -0.1411019
vn 0.4704358 -0.8738608 -0.122708
vn -0.004809445 0.9987954 0.048831
vn 0.565917 -0.8186895 -0.09739291
vn -0.007208364 0.9987925 0.04859461
vn -0.5489503 0.8331283 -0.06745829
vn -0.5495676 0.832702 -0.06769624
vn 0.5335111 -0.8385117 -0.1107425
vn -0.5501845 0.8322752 -0.06793414
vn 0.4972774 -0.857778 -0.1301231
vn 0.4994245 -0.8567405 -0.1287273
vn -0.4612045 0.8870558 -0.02054978
vn 0.4951264 -0.8588089 -0.1315178
vn -0.3797268 0.924526 0.03254522
vn 0.3599202 -0.9040942 -0.2303717
vn 0.300909 -0.9128875 -0.2758444
vn 0.2961242 -0.9131556 -0.2801023
vn -0.3158296 0.9452944 0.0816701
vn 0.3056815 -0.9125819 -0.2715751
vn -0.5793704 0.7991055 -0.1605002
vn -0.3925119 0.9197446 -0.002071537
vn -0.5713965 0.8003708 -0.1814184
vn 0.3220163 -0.9119654 -0.2542136
vn -0.5748762 0.7966537 -0.1867091
vn -0.5212295 0.8489042 -0.08764389
vn 0.3422408 -0.9114439 -0.2283444
vn -0.4775468 0.8786041 0.001956571
vn 0.3569609 -0.9112453 -0.2054525
vn -0.5956927 0.6898102 -0.4114754
vn 0.3740222 -0.9112267 -0.1725489
vn -0.5878734 0.7483257 -0.3072678
vn 0.3883814 -0.9112741 -0.1368915
vn 0.3983383 -0.9114112 -0.1032289
vn -0.5737737 0.810569 -0.1173096
vn 0.4020425 -0.9117056 -0.08458572
vn -0.5527244 0.8278388 0.09580465
vn -0.5555853 0.8306562 -0.03654101
vn -0.5611582 0.826194 0.01161568
vn 0.4049793 -0.9125538 -0.05689769
vn -0.5667312 0.8217317 0.05977238
vn 0.4053888 -0.9139366 -0.01948591
vn -0.6102603 0.6654933 0.4297686
vn 0.4023686 -0.9153434 0.0156809
vn 0.4540603 -0.8824984 -0.1225795
vn 0.4972045 -0.8661429 -0.05083343
vn 0.5070034 -0.8556426 -0.1040352
vn 0.3941318 -0.9173371 0.05614774
vn 0.3964549 -0.9168061 0.0478534
vn -0.03406064 -0.3131164 0.9491037
vn 0.3917793 -0.9177999 0.06443791
vn -0.3616623 0.8758315 -0.3195614
vn -0.3619771 0.8758861 -0.3190548
vn 0.3794902 -0.9201798 0.09620952
vn -0.3622918 0.8759404 -0.3185481
vn 0.3630677 -0.9228285 0.1287218
vn -0.3842942 0.8773707 -0.2872953
vn 0.3489203 -0.9249048 0.1510158
vn 0.3371233 -0.926676 0.1661909
vn -0.4114371 0.8755189 -0.2533496
vn 0.319677 -0.9293607 0.1846487
vn -0.4561183 0.8662812 -0.2037472
vn -0.5258366 0.8399717 -0.1339519
vn 0.2815194 -0.9347941 0.2165798
vn 0.287739 -0.9339029 0.2122063
vn -0.6263002 0.7784902 -0.04124302
vn 0.2752832 -0.9356304 0.2209407
vn -0.6897684 0.7036066 0.170755
vn -0.518105 0.8501969 0.09344727
vn -0.7299634 0.6816732 0.04974956
vn 0.3490011 -0.9201428 0.177582
vn -0.8502829 0.50467 0.1494231
vn 0.5937964 -0.8034261 0.04372871
vn 0.7517563 -0.6584449 -0.03622966
vn -0.8015478 0.5855287 0.1211502
vn 0.7126893 -0.701063 -0.02417709
vn -0.1573873 0.9869779 -0.03322155
vn -0.002410771 0.9987925 -0.0490673
vn 0.6111913 -0.7913271 -0.01569963
vn 0.2769229 0.1946882 -0.9173409
vn 0.1466858 0.3587421 -0.9218391
vn 0.4071601 0.03063432 -0.9128429
vn 0.03297371 -0.7405489 -0.671193
vn 0.3278322 0.1674785 -0.9297724
vn 0.4895532 -0.003152821 -0.8719676
vn 0.1468968 0.3282939 -0.9330832
vn 0.02925245 -0.802864 -0.5954441
vn 0.5743831 0.1279858 -0.7887735
vn 0.6913953 0.01205724 -0.722376
vn 0.4573709 0.2439144 -0.8551711
vn 0.02524631 -0.8574561 -0.5139374
vn 0.5357528 0.4376557 -0.7060229
vn 0.4197006 0.5300846 -0.7367915
vn 0.651805 0.345227 -0.6752543
vn 0.02099594 -0.9037901 -0.4274604
vn 0.08218337 0.9376175 -0.3378152
vn -0.1912015 0.9600172 -0.2044721
vn 0.3479235 0.8279994 -0.4397342
vn -1.590275E-07 0.9891764 -0.1467308
vn 0.01438211 0.9891764 -0.1460243
vn 0.08371854 -0.9562492 -0.2703374
vn 0.1528454 -0.957759 -0.2435899
vn 0.01459165 -0.9547396 -0.2970849
vn 0.008151688 0.1416015 -0.9704185
vn 0.1338717 -0.006528018 -0.9909772
vn -0.1175683 0.2897309 -0.9498598
vn 0.07062694 0.5409824 -0.837529
vn 0.1001403 0.5361399 -0.8381681
vn 0.04111362 0.5458249 -0.8368899
vn 0.2508842 -0.9564304 0.08280971
vn 0.3660595 -0.92337 0.1157075
vn 0.1357089 -0.9894907 0.04991187
vn 0.1750634 -0.1050651 -0.9767556
vn 0.2157472 -0.1545455 -0.9641415
vn 0.1343797 -0.05558458 -0.9893697
vn 0.4415726 0.8824753 -0.1620216
vn 0.7366682 0.6360295 -0.2297527
vn 0.07917932 0.9944278 -0.06959762
vn 0.4775994 -0.8421438 0.2503846
vn 0.4200752 -0.8600892 0.2894533
vn 0.3733838 -0.8900257 0.2616081
vn 0.4386331 -0.8720016 0.217288
vn 0.05784558 0.3587832 -0.9175151
vn -0.06912424 0.4542461 -0.8881903
vn 0.1848154 0.2633202 -0.9468399
vn 0.6723969 0.6910266 -0.2478691
vn 0.6075783 0.7586013 -0.2353137
vn 0.7372155 0.6234519 -0.2604245
vn -0.002901534 -0.007298916 -0.9973922
vn 0.04898817 -0.05684009 -0.9971807
vn -0.05479123 0.04224226 -0.9976038
vn 0.4714453 0.8392965 -0.212511
vn 0.3347336 0.926846 -0.1700294
vn 0.6081571 0.751747 -0.2549927
vn 0.04620263 -0.3365329 -0.9405375
vn 0.1755599 0.948555 -0.1785559
vn 0.002593213 0.9945382 -0.1043404
vn 0.3485266 0.9025717 -0.2527714
vn 0.04436374 -0.4271322 -0.9031001
vn 0.127574 0.6670082 -0.7249082
vn 0.2241965 0.6129309 -0.7576619
vn 0.03095143 0.7210854 -0.6921544
vn 0.04210025 -0.5136473 -0.8569679
vn 0.3335963 0.02652988 -0.9243624
vn 0.4663451 -0.09162118 -0.8798453
vn 0.2008476 0.1446809 -0.9688795
vn 0.03942835 -0.5952364 -0.8025827
vn 0.4542497 0.02283387 -0.8882878
vn 0.4215908 0.07554471 -0.9036338
vn 0.4869085 -0.02987697 -0.8729418
vn 0.03637645 -0.6711149 -0.7404603
vn 0.13842 0.9888576 -0.0547758
vn -0.1758707 0.9837176 0.0370014
vn 0.4378681 0.8879644 -0.1406795
vn 0.1558042 -0.3206892 -0.9339882
vn 0.1397118 -0.3055758 -0.9418619
vn 0.1718965 -0.3358025 -0.9261144
vn -0.07080824 0.9793165 -0.1568929
vn 0.02879747 0.9805517 -0.1941364
vn -0.170414 0.9780813 -0.1196494
vn 0.1326718 -0.4271346 -0.8944015
vn 0.01928427 0.6596819 -0.7433493
vn -0.07659185 0.6996666 -0.7103522
vn 0.1151604 0.6196971 -0.7763462
vn 0.1258948 -0.513647 -0.8487149
vn 0.1460186 -0.140894 -0.9692228
vn 0.2647858 -0.2084286 -0.9415126
vn 0.02725132 -0.0733594 -0.9969331
vn 0.1179052 -0.5952364 -0.7948533
vn 0.3694932 -0.008788738 -0.9117805
vn 0.479402 -0.1424806 -0.8659521
vn 0.2595844 0.1249031 -0.9576091
vn 0.1087792 -0.671115 -0.7333293
vn 0.4300699 0.2233453 -0.8747324
vn 0.09860346 -0.740549 -0.6647289
vn 0.5045044 -0.02582515 -0.8630227
vn 0.4183073 0.2128982 -0.8830025
vn 0.4977427 -0.05348461 -0.865674
vn 0.4675596 0.005971337 -0.8839414
vn 0.08747558 -0.802864 -0.5897096
vn 0.4231733 0.2530808 -0.8699853
vn -0.0160977 0.7673733 -0.6409984
vn 0.07550161 -0.8574556 -0.5089885
vn -0.03490083 0.7754436 -0.6304516
vn -0.3357245 0.9022571 -0.2705942
vn 0.0628583 -0.9038021 -0.423309
vn -0.249531 0.901418 -0.3383649
vn -0.194868 0.8842462 -0.424423
vn -0.304194 0.9185898 -0.2523068
vn 0.02862573 0.9891764 -0.1439114
vn 0.1068713 -0.966618 -0.2197241
vn 0.1759243 -0.9667948 -0.18536
vn 0.03781831 -0.9664413 -0.2540883
vn -0.3231004 0.1736058 -0.9303048
vn -0.4641388 0.3519042 -0.8128582
vn -0.1609066 -0.01605964 -0.9868389
vn 0.5746184 0.4042665 -0.7116054
vn 0.8898898 0.1774752 -0.4202365
vn 0.1238944 0.5357617 -0.8352302
vn 0.2339893 -0.9539579 0.1462912
vn 0.3395169 -0.9218532 0.1868554
vn 0.1284617 -0.9860625 0.1057271
vn -0.4275028 -0.1691552 -0.8854436
vn -0.3871812 -0.2230769 -0.8946102
vn -0.4678243 -0.1152335 -0.8762771
vn 0.95751 0.2545696 -0.1206684
vn 0.9706121 0.1969128 -0.1383384
vn 0.9444078 0.3122263 -0.1029983
vn 0.4387087 -0.8451361 0.3054171
vn 0.3792489 -0.8783215 0.2910697
vn 0.0483071 0.06595362 -0.9966526
vn 0.4136138 -0.3062586 -0.8573968
vn -0.3310754 0.418948 -0.8455008
vn 0.76364 0.6391064 0.09163479
vn 0.2674792 0.9098246 0.3172918
vn 0.8141793 0.5685006 0.1179797
vn 0.9723165 0.2336237 -0.00452973
vn 0.2974147 0.06142209 -0.9372334
vn 0.174471 0.1765735 -0.9687009
vn 0.4203584 -0.05372927 -0.905766
vn 0.1464187 0.7255724 -0.6719007
vn 0.1232271 0.7350862 -0.6666808
vn 0.1696102 0.7160586 -0.6771207
vn 0.2084775 -0.5136468 -0.8322884
vn -0.3133593 0.05467702 -0.9480593
vn -0.2410057 -0.2207173 -0.9450926
vn -0.3047422 0.02492258 -0.9521087
vn 0.2082879 -0.2141405 -0.9543374
vn 0.1952467 -0.5952365 -0.7794691
vn -0.2526012 -0.1907799 -0.9485755
vn 0.3944662 -0.6085752 -0.6885002
vn 0.1801339 -0.671115 -0.7191359
vn 0.4647536 0.1638139 -0.8672013
vn 0.5059689 0.1063141 -0.8559747
vn 0.4235382 0.2213137 -0.8784279
vn 0.163283 -0.740549 -0.6518632
vn 0.2050988 0.2897798 -0.9348594
vn 0.09324418 0.480444 -0.8720544
vn 0.1532181 0.2827564 -0.9468753
vn 0.3655692 -0.08693781 -0.9267151
vn 0.1448555 -0.802864 -0.5782959
vn -0.3959257 0.1458553 -0.906625
vn -0.6299575 0.2275271 -0.7425529
vn -0.1269096 0.05129561 -0.990587
vn 0.1250275 -0.8574556 -0.4991372
vn -0.07897067 0.909343 -0.4084835
vn -0.3148109 0.9085789 -0.2745515
vn 0.1100746 -0.9050329 -0.4107816
vn 0.11617 -0.9062548 -0.4064562
vn 0.1039791 -0.903811 -0.415107
vn -0.05384295 0.7237366 -0.6879725
vn 0.2910529 0.4596904 -0.8390309
vn -0.3873515 0.8347181 -0.3914134
vn 0.04259365 0.9891764 -0.1404126
vn 0.1294724 -0.9747676 -0.1652156
vn 0.1937603 -0.9730777 -0.1248063
vn 0.06518449 -0.9764575 -0.205625
vn 0.2238019 0.4312296 -0.8673101
vn 0.1409505 0.4997929 -0.8545993
vn 0.3066533 0.3626663 -0.8800209
vn 0.3797995 0.2638703 -0.8721299
vn 0.5270342 0.2380997 -0.8158085
vn 0.2325648 0.2896409 -0.9284512
vn 0.2442993 -0.9337878 0.2172099
vn 0.3682933 -0.8873082 0.2775684
vn 0.1203053 -0.9802674 0.1568514
vn 0.05292411 -0.1584856 -0.9739589
vn -0.0516099 -0.04891691 -0.9974685
vn 0.1574581 -0.2680542 -0.9504492
vn 0.6779614 0.6721451 -0.2802849
vn 0.7456841 0.599206 -0.2913888
vn 0.6102387 0.745084 -0.269181
vn 0.3984679 -0.8603728 0.314463
vn 0.4360318 -0.8380167 0.328031
vn 0.360904 -0.8827289 0.3008951
vn 0.1605135 -0.5235133 -0.8367611
vn 0.3604345 -0.6847743 -0.6333807
vn -0.05663646 -0.3060599 -0.950326
vn -0.01012023 0.9236264 0.3831603
vn 0.3412243 0.8721614 0.3505714
vn 0.670693 -0.05121078 -0.7399651
vn 0.5927843 0.05709381 -0.8033349
vn 0.6712495 -0.07816574 -0.7370985
vn 0.4436052 0.170364 -0.8798809
vn -0.04447514 0.9945936 0.08734316
vn -0.07810593 0.9925251 0.09377263
vn -0.01084434 0.996662 0.08091369
vn 0.5903747 0.08441503 -0.8027028
vn 0.2260318 0.3669321 -0.9023693
vn 0.02009367 0.9764661 -0.2116214
vn 0.05527334 0.9737826 -0.2206632
vn -0.015086 0.9791496 -0.2025796
vn 0.2196999 -0.4271348 -0.8770905
vn 0.05852512 -0.6047752 -0.7867496
vn -0.03969155 -0.5714027 -0.8197094
vn 0.1567418 -0.6381479 -0.7537898
vn 0.2497545 -0.6711149 -0.6980169
vn -0.02740239 -0.1171393 -0.9927374
vn 0.3103467 -0.2815508 -0.9079725
vn -0.361088 0.06464288 -0.9302885
vn 0.2263908 -0.7405491 -0.6327198
vn 0.2689097 0.3333324 -0.9036465
vn 0.04298772 0.4740316 -0.8794578
vn 0.2008409 -0.802864 -0.5613129
vn -0.1198002 0.7937971 -0.5962666
vn -0.1557668 0.6331089 -0.7582281
vn -0.2058088 0.7717309 -0.6017258
vn 0.1499206 0.7400499 -0.6556293
vn 0.1733493 -0.8574556 -0.4844789
vn 0.2249571 0.8042623 -0.5500512
vn -0.07395679 0.9095577 -0.4089437
vn 0.1564084 -0.9087981 -0.3863642
vn 0.1702493 -0.9115537 -0.3742793
vn 0.1425674 -0.9060424 -0.398449
vn 0.3258791 0.5038857 -0.7945053
vn 0.2552946 0.5638719 -0.7854126
vn 0.3964636 0.4438995 -0.803598
vn 0.05615137 0.9891764 -0.1355615
vn 0.1653204 -0.9769789 -0.09478793
vn 0.2401897 -0.9700853 -0.03525991
vn 0.09045111 -0.9838725 -0.1543159
vn 0.3302584 0.4517434 -0.8248953
vn 0.3925838 0.4016003 -0.8274026
vn 0.267933 0.5018865 -0.8223879
vn 0.1777572 0.2574849 -0.9376768
vn 0.02904841 0.2681431 -0.9629411
vn 0.326466 0.2468268 -0.9124125
vn 0.2487712 -0.913923 0.2918963
vn 0.3544845 -0.864786 0.3556483
vn 0.1430578 -0.96306 0.2281444
vn 0.3809209 -0.0005864538 -0.9217944
vn 0.3337214 0.05025075 -0.9413314
vn 0.4281204 -0.05142366 -0.9022574
vn 0.07098447 0.7815887 -0.6197422
vn 0.4476707 0.6760809 -0.5852396
vn -0.3166486 0.7665637 -0.5586712
vn 0.372187 -0.8717903 0.3185188
vn 0.3737863 -0.8708088 0.3193363
vn 0.3705877 -0.8727717 0.3177014
vn 0.1554633 -0.6182173 -0.757975
vn 0.07037426 -0.5429816 -0.8367905
vn 0.2405524 -0.6934529 -0.6791595
vn 0.2295035 0.8729944 0.3793012
vn 0.4271412 0.8281643 0.3628971
vn 0.03186577 0.9178244 0.3957054
vn 0.332433 -0.59601 -0.7309311
vn 0.5183776 -0.7539593 -0.403522
vn 0.09106525 -0.3386938 -0.9364793
vn 0.1247271 0.9084271 0.3990029
vn -0.2242376 0.8586451 0.4609186
vn 0.4577157 0.8418503 0.2859797
vn 0.4407224 0.4572817 -0.7488511
vn 0.2808569 0.5522537 -0.7849427
vn 0.6005879 0.3623098 -0.7127593
vn 0.02899118 0.9629076 -0.2592435
vn 0.09684741 0.9577881 -0.2706707
vn -0.03886505 0.9680271 -0.2478164
vn 0.3046117 -0.4271349 -0.8513327
vn 0.2234498 0.7385896 -0.6360295
vn 0.2191407 0.7403364 -0.6355151
vn 0.2277589 0.7368429 -0.636544
vn 0.2890523 -0.5136468 -0.8078462
vn 0.1120864 0.6470996 -0.7351589
vn -0.04127193 0.7085627 -0.7044399
vn 0.2654447 0.5856364 -0.7658779
vn 0.2707084 -0.5952364 -0.7565782
vn -0.5249817 0.02710694 -0.8506817
vn -0.1541574 -0.1657039 -0.9740522
vn -0.7961083 0.21477 -0.5657609
vn 0.2548918 -0.8028641 -0.5389243
vn 0.2581028 0.4202897 -0.8699077
vn -0.2493424 0.5961908 -0.7631414
vn 0.2200017 -0.8574557 -0.4651547
vn -0.07806634 0.8218411 -0.563621
vn -0.1031729 0.827805 -0.5514474
vn -0.05295974 0.8158773 -0.5757946
vn 0.1961447 -0.9153544 -0.3503769
vn 0.2163738 -0.9192743 -0.3288116
vn 0.1759156 -0.9114344 -0.3719422
vn 0.08271135 0.450937 -0.877206
vn 0.1939018 0.3677553 -0.9094823
vn -0.02847913 0.5341187 -0.8449296
vn 0.06916834 0.9891764 -0.129405
vn 0.2130785 -0.9641648 0.0195483
vn 0.3224095 -0.9377862 0.1288761
vn 0.1037475 -0.9905433 -0.08977956
vn 0.2563063 0.3429174 -0.8995464
vn 0.3237078 0.2882803 -0.9011701
vn 0.1889048 0.3975546 -0.8979227
vn 0.3989688 0.2863276 -0.871034
vn 0.3881142 0.2876583 -0.8755684
vn 0.4098235 0.2849969 -0.8664995
vn 0.2574731 -0.9019139 0.3435804
vn 0.2916448 -0.8823619 0.3692974
vn 0.2233014 -0.9214658 0.3178633
vn 0.3823583 0.00187826 -0.9214746
vn 0.4270926 -0.04650448 -0.9030111
vn 0.337624 0.050261 -0.9399382
vn 0.2901649 0.6899375 -0.6629604
vn 0.3059966 0.68689 -0.6592027
vn 0.2743333 0.6929849 -0.6667181
vn 0.300893 -0.9085693 0.2877769
vn 0.2755313 -0.922553 0.2701453
vn 0.3262547 -0.8945856 0.3054085
vn 0.1987696 -0.3884254 -0.8997868
vn 0.02836052 -0.1858874 -0.9821616
vn 0.3539039 -0.5611143 -0.7482665
vn -0.4177325 0.9010888 0.1163542
vn -0.6333227 0.7665989 0.1059641
vn -0.4105467 0.9036142 0.1221996
vn -0.01885941 0.9878144 0.154489
vn 0.09788723 -0.8319227 -0.5004336
vn 0.2251904 -0.9124358 -0.3416872
vn -0.02941594 -0.7514096 -0.65918
vn -0.5124829 0.8508103 0.1161159
vn -0.213566 0.9749708 0.0618188
vn -0.7561977 0.6350046 0.1579055
vn 0.6280881 0.3768394 -0.6808065
vn 0.8430169 0.153016 -0.5156631
vn 0.3355504 0.554099 -0.7618269
vn 0.04663887 0.9282839 -0.3474806
vn 0.1696683 0.9178903 -0.358734
vn -0.07639059 0.9386775 -0.3362272
vn 0.6881132 -0.08383618 -0.7207438
vn 0.420114 0.1857507 -0.8882571
vn 0.8373708 -0.3389562 -0.4288577
vn 0.2873183 0.7405485 -0.6074834
vn 0.3668429 -0.5136472 -0.7756241
vn 0.2674614 0.7495393 -0.605151
vn 0.2480005 0.75769 -0.6036568
vn 0.2869222 0.7413886 -0.6066452
vn 0.3435624 -0.5952362 -0.7264011
vn -0.02329339 -0.3253247 -0.9453154
vn -0.416717 -0.1421123 -0.8978591
vn 0.3745699 -0.4465299 -0.8125935
vn 0.3169697 -0.6711149 -0.6701753
vn -0.5778626 -0.1639538 -0.7692488
vn -0.7375492 -0.05100848 -0.6733642
vn -0.418176 -0.2768992 -0.8651333
vn 0.2873181 -0.7405488 -0.607483
vn -0.1345843 0.5407475 -0.8303488
vn 0.2437252 0.3131633 -0.9178926
vn -0.4856302 0.6587889 -0.5745959
vn 0.2290562 -0.9244481 -0.3018085
vn 0.2548319 -0.9291515 -0.2678396
vn 0.2032805 -0.9197448 -0.3357774
vn 0.2955838 0.3157046 -0.8976827
vn 0.3609633 0.2623703 -0.8949119
vn 0.2302044 0.3690388 -0.9004534
vn 0.08151913 0.9891764 -0.1220022
vn 0.1764239 -0.9676096 0.1152741
vn 0.2638462 -0.9392487 0.2195385
vn 0.08900165 -0.9959705 0.01100981
vn 0.431844 0.2197448 -0.8685951
vn 0.5061585 0.1499537 -0.849304
vn 0.3575295 0.2895359 -0.887886
vn 0.2405519 0.308715 -0.9202335
vn -0.02890811 0.3066574 -0.9513808
vn 0.4923114 0.2880564 -0.8213726
vn 0.1932444 -0.9233994 0.331605
vn 0.1968216 -0.9214375 0.3349836
vn 0.1896672 -0.9253613 0.3282264
vn 0.512439 -0.04776001 -0.8573925
vn 0.513485 -0.04900998 -0.8566977
vn 0.5113931 -0.04651003 -0.8580873
vn -0.1680411 0.4944212 -0.8512617
vn -0.1186297 0.5092646 -0.8523945
vn -0.2174525 0.4795779 -0.850129
vn 0.2209867 -0.9462073 0.2330066
vn 0.1930722 -0.958881 0.2080154
vn 0.2489011 -0.9335338 0.2579977
vn 0.4786817 -0.1761841 -0.8590215
vn 0.4543451 -0.1458322 -0.878808
vn 0.5030182 -0.206536 -0.8392351
vn -0.517719 0.8440859 0.1395918
vn -0.6271785 0.7708356 0.1116215
vn -0.09460638 -0.6938241 -0.7139031
vn -0.3436484 -0.3051199 -0.8881484
vn 0.1774698 -0.9136 -0.3658407
vn -0.3545792 0.9269825 -0.05101292
vn -0.2512293 0.9657555 -0.06480818
vn -0.457929 0.8882093 -0.03721767
vn -0.1718283 0.04482433 -0.9747798
vn -0.09209711 -0.06265648 -0.9937767
vn -0.2515594 0.1523051 -0.9557829
vn 0.1051208 0.8565758 -0.47192
vn 0.2839721 0.8336024 -0.4737793
vn -0.07373045 0.8795491 -0.4700607
vn 0.2239386 -0.1418105 -0.9642308
vn 0.4648457 -0.427135 -0.7755476
vn -0.05616852 0.1683376 -0.9841278
vn 0.3454785 0.7405483 -0.5763964
vn 0.441101 -0.5136471 -0.7359324
vn 0.4237166 0.7125655 -0.5500847
vn 0.5126273 0.6662621 -0.5415791
vn 0.334806 0.7588689 -0.5585902
vn 0.4131075 -0.5952363 -0.6892284
vn 0.2239387 0.1781118 -0.9581897
vn 0.1338515 0.113203 -0.9845145
vn 0.2104982 0.2591017 -0.9426329
vn 0.6192212 0.01195303 -0.7851256
vn 0.3811318 -0.671115 -0.6358799
vn 0.06913887 0.03373409 -0.9970365
vn 0.2026743 0.1577716 -0.9664528
vn 0.3454785 -0.7405486 -0.5763959
vn -0.09301256 0.04520218 -0.9946383
vn -0.4875492 0.2360531 -0.84058
vn 0.3215978 -0.1554041 -0.9340366
vn 0.3064885 -0.8028641 -0.5113453
vn -0.4716144 0.3268125 -0.8184878
vn -0.4506529 0.3152682 -0.8351754
vn -0.4925758 0.3383569 -0.8018002
vn 0.2651092 -0.8576953 -0.4405389
vn 0.2656832 -0.8579351 -0.4397269
vn 0.2645353 -0.8574557 -0.4413508
vn 0.6487285 0.2018321 -0.7299834
vn 0.602506 0.2536738 -0.7567273
vn 0.694951 0.1499905 -0.7032396
vn -0.06804097 0.3692588 -0.9268324
vn -0.6615546 0.2161389 -0.7180734
vn 0.5540012 0.3675542 -0.746985
vn 0.1369886 -0.945143 0.2961529
vn 0.1276507 -0.9499552 0.2851147
vn 0.1463265 -0.9403308 0.307191
vn 0.6088849 -0.03184294 -0.7922503
vn 0.5956343 -0.01478705 -0.8031195
vn 0.6221355 -0.04889883 -0.7813811
vn -0.4568845 0.1358258 -0.8788057
vn -0.4373373 0.1423417 -0.887961
vn -0.4764317 0.12931 -0.8696503
vn 0.1760625 -0.9660785 0.1889296
vn 0.158254 -0.9737155 0.1638101
vn 0.1749348 -0.967014 0.1851532
vn 0.1929128 -0.9589345 0.2079164
vn 0.5892671 -0.1465571 -0.7945346
vn -0.6488632 0.7022514 -0.2929497
vn -0.2668224 0.9329013 -0.2418698
vn -0.8999869 0.3299128 -0.284923
vn 0.5012938 -0.457469 -0.7329764
vn 0.4820783 -0.4286137 -0.7641274
vn 0.5205092 -0.4863242 -0.7018254
vn -0.1899402 0.9611565 -0.1098713
vn -0.02586281 0.9941115 -0.1052295
vn -0.3540176 0.9282016 -0.1145131
vn 0.697494 -0.2681773 -0.6645171
vn 0.7204133 -0.2652726 -0.6408081
vn 0.6931862 -0.2923782 -0.6587927
vn 0.5405235 -0.0805613 -0.837463
vn 0.3017939 0.8173903 -0.4875061
vn 0.3551335 0.8028638 -0.4788422
vn 0.2484542 0.8319169 -0.49617
vn 0.7240714 -0.2413227 -0.6461299
vn 0.593859 -0.07854485 -0.8007261
vn 0.4003119 0.7405481 -0.539758
vn 0.5111111 -0.5136471 -0.6891531
vn 0.441624 0.6711144 -0.5954608
vn 0.4786749 -0.5952364 -0.6454177
vn 0.4829856 0.6012406 -0.6364806
vn 0.4925334 0.595557 -0.6346044
vn 0.4734379 0.6069244 -0.6383568
vn 0.4416238 -0.6711149 -0.5954605
vn -0.09033053 0.3901919 -0.9162918
vn 0.2837984 0.1628517 -0.9449537
vn 0.4003115 -0.7405486 -0.5397577
vn -0.0384603 0.3779415 -0.9227363
vn 0.01743745 0.3479359 -0.9373561
vn -0.09435805 0.4079472 -0.9081165
vn 0.3551333 -0.8028641 -0.4788419
vn 0.1817204 0.3815402 -0.9063138
vn 0.3726991 0.2530046 -0.8927956
vn -0.01892154 0.4897867 -0.8716369
vn 0.3072811 -0.8584555 -0.4106413
vn 0.3084649 -0.8590283 -0.408558
vn 0.3060974 -0.8578827 -0.4127246
vn 0.4144137 0.2702246 -0.8658506
vn 0.4707357 0.2231016 -0.8536004
vn 0.3580917 0.3173476 -0.8781007
vn 0.2466656 -0.9355677 -0.2476501
vn 0.2726374 -0.9400858 -0.2047129
vn 0.2206937 -0.9310496 -0.2905873
vn 0.5825297 0.1386833 -0.7788938
vn 0.7013224 0.01115032 -0.712757
vn 0.4637371 0.2662163 -0.8450306
vn 0.0930849 0.9891764 -0.1134244
vn 0.1153999 -0.9702896 0.1808163
vn 0.1787197 -0.9461593 0.2698921
vn 0.05208013 -0.9944201 0.09174043
vn 0.6643075 -0.146557 -0.7329505
vn -0.4507774 0.727087 -0.5178263
vn -0.2099757 0.8439437 -0.4936286
vn -0.6590211 0.5577154 -0.5046233
vn 0.6258765 -0.4636914 -0.6241543
vn 0.6448222 -0.4993523 -0.5786636
vn 0.6069309 -0.4280305 -0.6696451
vn -0.09942476 0.9568506 -0.273041
vn 0.1890764 0.9595469 -0.2086138
vn -0.3792371 0.8705343 -0.3136068
vn 0.671623 -0.568844 -0.4499796
vn 0.6971181 -0.6416141 -0.3199339
vn 0.6461278 -0.496074 -0.5800253
vn 0.4003582 0.8028637 -0.4417273
vn 0.7635788 0.04344901 -0.6148379
vn 0.6638126 0.160543 -0.7304648
vn 0.8633451 -0.07364491 -0.4992111
vn 0.4512898 0.7405481 -0.4979216
vn 0.5770609 -0.5130092 -0.6354692
vn 0.5766964 -0.5124074 -0.636286
vn 0.5774254 -0.513611 -0.6346523
vn 0.4978628 0.6711144 -0.5493068
vn 0.5396318 -0.5952364 -0.5953915
vn 0.5396319 0.595236 -0.5953918
vn 0.4978629 -0.6711147 -0.5493064
vn 0.6122792 0.4859675 -0.6218431
vn 0.6483592 0.4582887 -0.6079488
vn 0.5761991 0.5136462 -0.6357374
vn 0.4512897 -0.7405485 -0.4979212
vn 0.7391645 0.3373249 -0.5684916
vn 0.8188717 0.2499934 -0.5166744
vn 0.6594572 0.4246565 -0.6203088
vn 0.4003579 -0.8028641 -0.441727
vn 0.9526561 -0.01590218 -0.3036338
vn 0.9610986 -0.2716918 -0.0497302
vn 0.8204001 0.2419542 -0.5180752
vn 0.3446959 -0.8593427 -0.3777713
vn 0.3454556 -0.8597869 -0.3760676
vn 0.3439361 -0.8588985 -0.379475
vn 0.9844239 0.1677693 -0.01765238
vn 0.9769762 0.2086356 -0.04459473
vn 0.9918716 0.1269031 0.009289966
vn 0.2548704 -0.9475185 -0.1796251
vn 0.2846924 -0.9516035 -0.1157619
vn 0.2250483 -0.9434335 -0.2434884
vn 0.9428229 0.1916256 -0.1814496
vn 0.8885032 0.3523398 -0.2939707
vn 0.9971426 0.03091136 -0.06892855
vn 0.1037542 0.9891764 -0.1037543
vn 0.06293011 -0.9696025 0.2235677
vn 0.1011075 -0.9522365 0.2881368
vn 0.02475274 -0.9869685 0.1589986
vn 0.8543885 0.3219973 -0.3818147
vn 0.7843287 0.4266555 -0.4503261
vn 0.9244484 0.2173391 -0.3133033
vn 0.20137 0.792963 -0.5750301
vn -0.159326 0.5518654 -0.8185717
vn 0.1232923 0.8489999 -0.5138075
vn 0.3568129 0.8471712 -0.3936819
vn 0.1069453 -0.9583911 0.2642616
vn 0.0991165 -0.9624913 0.2525598
vn 0.1147741 -0.9542908 0.2759635
vn 0.7548858 0.138245 -0.6034538
vn 0.6426318 0.2903334 -0.7090351
vn 0.8671398 -0.01384342 -0.4978724
vn -0.08181347 0.4857486 -0.8702613
vn -0.3338722 0.3856012 -0.8601401
vn 0.1408816 -0.9809042 0.1340872
vn 0.1574118 -0.9748439 0.1578
vn 0.4327813 -0.7036763 -0.5562665
vn 0.4537927 -0.7496556 -0.4817556
vn 0.4117698 -0.6576971 -0.6307774
vn 0.4417271 0.8028638 -0.4003583
vn 0.7378763 0.1187966 -0.6607409
vn 0.7785508 0.07687163 -0.6228557
vn 0.6972018 0.1607215 -0.698626
vn 0.4979217 0.740548 -0.4512899
vn 0.6717052 -0.4828887 -0.5597687
vn 0.6593197 -0.4562958 -0.5975714
vn 0.6840907 -0.5094815 -0.5219659
vn 0.549307 0.6711144 -0.4978626
vn 0.595392 -0.5952361 -0.5396315
vn 0.697494 0.5106993 -0.4813766
vn 0.799596 0.4261625 -0.4231214
vn 0.5953919 0.595236 -0.5396318
vn 0.5493068 -0.6711148 -0.4978624
vn 0.9726297 0.1203701 -0.1987521
vn 0.9735633 -0.2212542 0.05675493
vn 0.7946855 0.4400879 -0.4180879
vn 0.4979216 -0.7405483 -0.4512895
vn 0.9746978 -0.004399038 0.1895951
vn 0.9630838 -0.1072487 0.2469156
vn 0.9863118 0.09845066 0.1322747
vn 0.441727 -0.8028641 -0.4003578
vn 0.9984192 0.04970125 -0.02624721
vn 0.7412913 0.5411307 -0.3970701
vn 0.993575 0.1131593 -0.001947722
vn 0.9499799 -0.2343725 0.2064164
vn 0.3809429 -0.8614386 -0.3357729
vn 0.383354 -0.863221 -0.3284647
vn 0.3785318 -0.8596563 -0.3430811
vn 0.7641436 0.4852345 -0.4250083
vn 0.5076776 0.7019215 -0.4995695
vn 0.2722631 -0.946035 -0.01379429
vn 0.3249126 -0.9333125 0.1528379
vn 0.2196136 -0.9587575 -0.1804264
vn 0.4982533 0.4617728 -0.7073341
vn 0.344799 0.5784857 -0.7392346
vn 0.1134243 0.9891764 -0.09308501
vn 0.1159095 -0.9478675 0.2968368
vn 0.1001335 -0.9529182 0.2862166
vn 0.1100574 -0.9503931 0.2909299
vn 0.1185809 -0.9456689 0.3027354
vn 0.6392994 0.2050106 -0.7411255
vn 0.8149497 -0.03164278 -0.5786672
vn 0.3912481 0.4184465 -0.8196508
vn 0.282037 0.9200798 -0.2715884
vn 0.2721205 0.9210601 -0.2785655
vn 0.2919535 0.9190995 -0.2646114
vn 0.1116336 -0.9633793 0.2437995
vn 0.1011632 -0.980742 0.1670657
vn 0.1255018 -0.9577754 0.2586804
vn 0.1300277 -0.9513409 0.2793622
vn 0.7334216 0.3557597 -0.5703602
vn 0.6707025 0.4259226 -0.6072463
vn 0.7961406 0.2855968 -0.533474
vn 0.2927808 0.832319 -0.453468
vn 0.1860212 0.833357 -0.5204922
vn 0.3995405 0.8312811 -0.3864439
vn 0.1318806 -0.9841521 0.09919191
vn 0.1011815 -0.9939448 0.04284804
vn 0.1625797 -0.9743595 0.1555358
vn 0.7331666 -0.1462819 -0.6641296
vn 0.7333231 -0.146553 -0.6638971
vn 0.1126584 0.933147 -0.3116068
vn 0.2415041 0.9353861 -0.2583188
vn -0.01618735 0.9309079 -0.3648949
vn 0.5941242 -0.4041665 -0.680167
vn 0.54633 -0.3088854 -0.7785329
vn 0.6419184 -0.4994477 -0.5818012
vn 0.2024135 0.95738 -0.2052393
vn 0.2191801 0.955247 -0.1986534
vn 0.1856469 0.9595131 -0.2118251
vn 0.6784964 -0.4850816 -0.549487
vn 0.6891531 -0.513648 -0.5111102
vn 0.6678396 -0.4565154 -0.5878638
vn 0.8278319 0.4857696 -0.2805751
vn 0.9655935 0.2449081 -0.08746058
vn 0.5954608 0.6711145 -0.4416238
vn 0.6454184 -0.5952358 -0.4786746
vn 0.9584715 0.2593119 0.01827976
vn 0.9840394 0.1607096 0.07641226
vn 0.9329037 0.3579141 -0.03985275
vn 0.5954607 -0.6711148 -0.4416236
vn 0.9737459 -0.2193712 -0.05954175
vn 0.9720435 -0.2289471 -0.05210201
vn 0.9754483 -0.2097953 -0.06698149
vn 0.539758 -0.7405484 -0.4003115
vn 0.9353853 0.1481192 -0.3211154
vn 0.3438913 0.6772949 -0.6503924
vn 0.935057 0.1544897 -0.3190632
vn 0.9896399 -0.1400816 -0.03146419
vn 0.4788421 -0.8028641 -0.3551331
vn 0.3174001 0.6525567 -0.6880602
vn 0.6355729 0.6973012 -0.3313882
vn 0.4084501 -0.8656123 -0.2893688
vn 0.4110285 -0.8682889 -0.2777227
vn 0.4058717 -0.8629357 -0.3010148
vn 0.09887131 0.3261776 -0.9132016
vn 0.2774668 0.1948779 -0.9407628
vn -0.07972416 0.4574772 -0.8856402
vn 0.1699212 -0.9729657 0.063075
vn 0.2030265 -0.9582079 0.2015385
vn 0.136816 -0.9877235 -0.07538845
vn 0.6300721 0.1956089 -0.751496
vn 0.8694383 -0.2104267 -0.4469873
vn 0.1923046 0.5400499 -0.8193687
vn 0.1220021 0.9891764 -0.08151923
vn 0.1096991 -0.9399521 0.3231966
vn 0.09612363 -0.9544183 0.28257
vn 0.9173267 -0.09998878 -0.3667089
vn 0.9417343 -0.1808407 -0.2836075
vn 0.8929191 -0.01913692 -0.4498103
vn 0.4150101 0.8882965 -0.1204463
vn 0.520112 0.8540266 -0.01104924
vn 0.3099082 0.9225665 -0.2298434
vn 0.1487699 -0.9828411 0.1090443
vn 0.152014 -0.959914 0.2354926
vn 0.901408 0.3276606 -0.2728425
vn 0.9335752 0.2754753 -0.2292394
vn 0.8692407 0.3798459 -0.3164455
vn 0.3630319 0.9033705 -0.228319
vn 0.7019866 0.6770413 0.2209747
vn 0.413495 0.8966423 -0.1582859
vn 0.5605821 0.8268375 -0.04568814
vn 0.08073632 -0.9911556 -0.02225019
vn 0.03785938 -0.9925475 -0.1158274
vn 0.1236133 -0.9897637 0.07132697
vn 0.9075687 0.06637245 -0.4146248
vn 0.7873797 0.0541555 -0.614085
vn 0.8750453 0.06410658 -0.479777
vn 0.9665204 -0.1310825 -0.2205806
vn 0.08155429 0.9099563 -0.4040094
vn 0.04179029 0.9037426 -0.4260315
vn 0.1213183 0.91617 -0.3819874
vn 0.7988858 -0.4662798 -0.3799534
vn 0.680354 -0.7296027 -0.06927007
vn 0.76596 -0.4709379 -0.4376331
vn 0.7612114 -0.3191197 -0.5645528
vn 0.1827526 0.9080925 -0.3323792
vn 0.3416278 0.9050386 -0.2533684
vn 0.02387746 0.9111465 -0.41139
vn 0.7060241 -0.5858858 -0.3978287
vn 0.6574243 -0.4134938 -0.6299334
vn 0.6939386 -0.707919 -0.1315292
vn 0.4788421 0.8028638 -0.3551334
vn 0.7492167 0.06112286 -0.6590315
vn 0.7626445 0.04547762 -0.6452172
vn 0.7357888 0.07676809 -0.6728457
vn 0.5397583 0.7405478 -0.400312
vn 0.6358805 -0.6711147 -0.3811314
vn 0.6942876 0.3715506 -0.6163723
vn 0.4930698 0.6715727 -0.553057
vn 0.6843497 0.3666755 -0.6302496
vn 0.8901575 -0.220098 -0.3989693
vn 0.5763963 -0.7405485 -0.3454783
vn 0.3364568 0.2815816 -0.8943256
vn 0.26423 0.329855 -0.9062992
vn 0.4086836 0.2333082 -0.8823519
vn 0.5113455 -0.802864 -0.3064885
vn 0.9764764 0.1583202 0.1463851
vn 0.6515725 0.7032926 -0.2843111
vn 0.4270131 -0.8699214 -0.2466085
vn 0.4280597 -0.8718756 -0.2379028
vn 0.4259664 -0.8679673 -0.2553142
vn 0.9202899 0.3452562 0.06357654
vn 0.8749552 0.4832874 -0.02977724
vn 0.9656245 0.2072251 0.1569303
vn 0.07716372 -0.9728859 0.145221
vn 0.1034923 -0.9471519 0.303632
vn 0.05083518 -0.9986199 -0.01318993
vn 0.9418097 -0.06270324 -0.2836699
vn 0.9158819 0.0601707 -0.3969127
vn 0.9677374 -0.1855772 -0.1704272
vn 0.1294049 0.9891764 -0.06916843
vn 0.1168455 -0.9301136 0.3481893
vn 0.1115461 -0.938952 0.3254633
vn 0.6983522 0.1888609 -0.6903881
vn 0.6845059 0.311985 -0.6588756
vn 0.7180049 0.1978056 -0.6673393
vn 0.9049238 -0.175981 -0.3874837
vn 0.4217603 0.882368 -0.2042482
vn 0.4497002 0.8763737 -0.1724496
vn 0.3938203 0.8883622 -0.2360468
vn 0.1409304 -0.9899061 0.01497727
vn 0.1862564 -0.9688956 0.1629413
vn 0.4615167 0.09832946 -0.8606132
vn 0.5805281 -0.04398236 -0.8130515
vn 0.3425054 0.2406413 -0.908175
vn 0.8012977 0.09014927 0.5914348
vn 0.718296 0.6339692 0.28659
vn 0.1067309 -0.9932531 -0.01549423
vn 0.09007164 -0.9944314 -0.05470992
vn 0.1233901 -0.9920746 0.02372146
vn 0.8484672 -0.1465552 -0.5085519
vn 0.7391735 0.05071966 -0.6716025
vn 0.5490931 0.3536311 0.7505996
vn 0.5143841 0.4458842 0.7325272
vn 0.5838021 0.261378 0.768672
vn 0.5746876 -0.803264 0.156528
vn 0.6564382 -0.7429596 -0.1307665
vn 0.3011919 0.8392044 0.4527906
vn -0.1239764 0.9894989 0.07430848
vn 0.6219654 0.3980373 0.6743332
vn 0.9762385 -0.1381825 -0.166925
vn 0.7602289 0.2535082 -0.5981519
vn 0.9724658 -0.1389585 -0.1870847
vn 0.9373938 -0.3356067 0.09306483
vn 0.5113453 0.8028639 -0.3064888
vn 0.8807909 0.09027167 -0.4588087
vn 0.8498279 0.1354169 -0.5093672
vn 0.911754 0.04512645 -0.4082502
vn 0.583348 0.7371323 -0.3409705
vn 0.5902996 0.7337165 -0.3364618
vn 0.5763965 0.740548 -0.3454792
vn 0.7359321 -0.5136479 -0.4411005
vn 0.8908404 0.1965517 -0.3851401
vn 0.9506306 0.1171762 -0.287352
vn 0.8310502 0.2759272 -0.4829283
vn 0.6892289 -0.5952359 -0.4131074
vn 0.9304718 0.2587549 -0.2591251
vn 0.9264845 0.2673002 -0.2649095
vn 0.934459 0.2502097 -0.2533406
vn 0.5389243 -0.802864 -0.254892
vn 0.9236227 0.01999933 -0.3827807
vn 0.9712238 -0.2201557 -0.09086094
vn 0.7419509 0.2572513 -0.619137
vn 0.4435099 -0.8772476 -0.1814025
vn 0.4438175 -0.8829269 -0.1531863
vn 0.4432023 -0.8715685 -0.2096187
vn 0.8616918 0.4946477 0.1018925
vn 0.8410804 0.5346798 0.08186046
vn 0.8823033 0.4546156 0.1219245
vn -0.01160813 -0.9469356 0.3212134
vn 0.01375484 -0.8330204 0.5530711
vn -0.03618897 -0.9970483 0.06771294
vn 0.7779492 0.5497261 -0.3042967
vn 0.5684536 0.6676359 -0.4807522
vn 0.764406 0.5398698 -0.3524545
vn 0.99845 0.04848243 0.02733362
vn 0.1355614 0.9891764 -0.05615152
vn 0.2154001 -0.8321271 0.511045
vn 0.215396 -0.8323039 0.510759
vn 0.2154042 -0.8319504 0.5113311
vn 0.902903 0.04901053 -0.4270411
vn 0.7022665 0.3191732 -0.6363569
vn 0.4320264 0.8782898 -0.2048414
vn 0.4317305 0.8783495 -0.2052096
vn 0.4323224 0.87823 -0.2044732
vn 0.3279015 -0.8509125 0.4060235
vn 0.3214342 -0.8785161 0.3533971
vn 0.3343688 -0.8233089 0.4586499
vn 0.9029031 -0.0490105 -0.427041
vn 0.8318434 0.4916045 -0.1390778
vn 0.924016 0.3816314 0.0234924
vn 0.7396708 0.6015776 -0.3016479
vn 0.2838226 -0.9021115 0.3195581
vn 0.2678086 -0.925603 0.2674653
vn 0.2998366 -0.8786202 0.371651
vn 0.9031253 -0.2622806 -0.2910417
vn 0.9120221 -0.378006 -0.1591453
vn 0.8942286 -0.1465553 -0.4229381
vn 0.6211937 0.6138288 0.4871678
vn 0.7016577 0.3591607 0.6153699
vn 0.48621 0.8146237 0.316209
vn 0.5192723 -0.8181736 -0.194738
vn 0.5377745 -0.7722877 -0.3381867
vn 0.50077 -0.8640594 -0.05128918
vn -0.06150846 0.7627521 0.6437591
vn -0.3242593 0.8831223 0.3390441
vn 0.2120911 0.5078491 0.8349291
vn 0.7990232 0.2401329 -0.5512696
vn 0.7571732 0.2535338 -0.6020043
vn 0.5352209 0.8242171 -0.1428683
vn 0.4514048 0.8664017 -0.2134985
vn 0.6190369 0.7820325 -0.07223803
vn 0.7468575 -0.1506451 -0.6476958
vn 0.8278295 -0.4017456 -0.3915338
vn 0.5648902 0.1208267 -0.8162719
vn 0.8192502 0.5672219 -0.08419172
vn 0.9321089 0.3373859 0.1316956
vn 0.6144971 0.7334332 -0.2906353
vn 0.775624 -0.5136477 -0.3668424
vn 0.8840079 0.3808572 -0.2710681
vn 0.6274911 0.5741625 -0.5259204
vn 0.9919074 0.123523 0.02935553
vn 0.7264014 -0.5952362 -0.3435619
vn 0.6179538 0.3049054 -0.7019703
vn 0.483271 0.3935181 -0.7820439
vn 0.7526365 0.2162927 -0.6218969
vn 0.670176 -0.6711144 -0.3169693
vn 0.7521129 0.4735717 -0.4583186
vn 0.4843523 0.6684084 -0.5644758
vn 0.6074835 -0.7405484 -0.2873182
vn 0.7398521 0.4035069 -0.5226051
vn 0.6548458 0.4772586 -0.5860044
vn 0.8248585 0.3297552 -0.4592058
vn -0.1779518 -0.9078519 0.3302739
vn -0.1678945 -0.8456771 0.5065981
vn -0.1880091 -0.9700268 0.1539498
vn 0.8498805 0.4303852 -0.3040918
vn 0.5472529 0.655081 -0.5209444
vn 0.1404125 0.9891764 -0.0425938
vn 0.1841066 -0.8606404 0.4716198
vn 0.1770652 -0.8358033 0.5196928
vn 0.191148 -0.8854775 0.4235468
vn 0.9404127 0.04901051 -0.3364847
vn 0.4323253 0.8811067 -0.1887867
vn 0.4139329 0.8842353 -0.2163038
vn 0.4507177 0.8779781 -0.1612696
vn 0.3380439 -0.8524886 0.398153
vn 0.3380019 -0.8616132 0.3786519
vn 0.3380859 -0.8433641 0.4176541
vn 0.9404127 -0.04901059 -0.3364846
vn 0.8215334 0.4567282 -0.3410876
vn 0.8155878 0.4601829 -0.3507822
vn 0.8274791 0.4532735 -0.331393
vn 0.306698 -0.8904601 0.3276869
vn 0.2926042 -0.9201583 0.2601757
vn 0.3207918 -0.8607619 0.395198
vn 0.8687314 -0.3833101 -0.313633
vn 0.8687528 -0.3809676 -0.3164369
vn 0.8687101 -0.3856527 -0.310829
vn 0.743036 0.6681736 0.03796734
vn 0.8524727 0.4163116 0.316188
vn 0.5200503 0.8179269 -0.2460554
vn 0.6121113 -0.5872736 -0.5295558
vn 0.5402703 -0.329509 -0.7742944
vn 0.6034593 -0.7678114 -0.2151802
vn -0.3214479 0.8121173 0.4658885
vn -0.3991515 0.8464385 0.3524485
vn -0.2437443 0.7777963 0.5793285
vn 0.9299226 0.04090026 -0.3654738
vn 0.8075335 0.2409464 -0.5383628
vn 0.4480102 0.884158 -0.05213236
vn 0.3624848 0.9229208 -0.1296988
vn 0.5335356 0.845395 0.02543408
vn 0.8513834 -0.4148518 -0.3203822
vn 0.8513334 -0.4271336 -0.3046119
vn 0.8514334 -0.40257 -0.3361526
vn 0.9018238 0.3411972 -0.2546494
vn 0.9315397 0.3054907 -0.1972546
vn 0.8721078 0.3769037 -0.3120441
vn 0.807846 -0.5136479 -0.2890515
vn 0.3892044 0.8117235 -0.435459
vn 0.2589836 0.9122858 -0.3172726
vn 0.4076455 0.8406491 -0.3565589
vn 0.7513766 0.6589547 -0.03481001
vn 0.7565787 -0.5952361 -0.2707076
vn 0.4978952 0.213586 -0.8405244
vn 0.6787461 0.1461002 -0.7196933
vn 0.2912228 0.2699949 -0.9177647
vn 0.6980174 -0.6711144 -0.2497541
vn 0.2633156 0.5568234 -0.7823637
vn 0.1746997 0.5780334 -0.797093
vn 0.3519316 0.5356132 -0.7676344
vn 0.6327206 -0.7405485 -0.2263903
vn 0.5595803 0.1559146 -0.8139781
vn 0.525973 -0.01442777 -0.8503788
vn 0.5436671 0.2419888 -0.8036588
vn 0.2704088 0.401414 -0.875069
vn 0.5612404 -0.8030908 -0.2001346
vn 0.5611677 -0.8033175 -0.1994288
vn 0.5613132 -0.802864 -0.2008404
vn 0.5287207 -0.107495 -0.8419615
vn 0.2261536 0.08822824 -0.9700878
vn 0.4367666 -0.8919327 -0.103629
vn 0.431242 -0.9008321 -0.05031585
vn 0.4422911 -0.8830332 -0.1569422
vn 0.214991 0.381482 -0.8990274
vn 0.4365843 0.2277189 -0.8703668
vn -0.02241885 0.5071802 -0.8615483
vn 0.3811014 0.8867362 -0.2259368
vn 0.3141274 0.8865499 -0.3396366
vn 0.4480754 0.8869223 -0.1122371
vn 0.3034472 -0.9291273 0.2111806
vn 0.3034147 -0.9276525 0.2177159
vn 0.3034797 -0.9306021 0.2046453
vn 0.9695033 -0.1436427 -0.1439912
vn 0.970141 -0.2382749 -0.0452942
vn 0.9688656 -0.04901055 -0.2426882
vn 0.7664922 0.4642497 -0.4431907
vn 0.7532834 0.4680783 -0.4620246
vn 0.7797011 0.4604212 -0.4243568
vn 0.2713304 -0.9449044 0.1691239
vn 0.2585826 -0.9606032 0.1018649
vn 0.2840782 -0.9292055 0.2363828
vn 0.9345514 -0.3520332 -0.05017815
vn 0.9370703 -0.3439446 -0.06001082
vn 0.9320325 -0.3601217 -0.04034548
vn 0.7770914 0.5355747 -0.258905
vn 0.8846697 0.4545628 -0.1035966
vn 0.6695132 0.6165868 -0.4142134
vn 0.9416093 -0.1791172 -0.2851121
vn 0.8730312 0.01055507 -0.4875501
vn 0.933296 -0.3541627 -0.05939199
vn -0.2790702 0.8777168 0.3895292
vn -0.1002001 0.7989212 0.5930301
vn -0.4357218 0.8866321 0.1550156
vn 0.9119873 -0.07219233 -0.3617074
vn 0.9511132 -0.1965322 -0.2382409
vn 0.8728613 0.05214753 -0.4851739
vn 0.2079969 0.9424773 0.2616746
vn -0.07301097 0.9971634 0.01828814
vn 0.4596371 0.7547201 0.4681145
vn 0.8770913 -0.4271334 -0.2196995
vn 0.8073333 0.3969731 -0.4366066
vn 0.6391409 0.463367 -0.6138321
vn 0.923771 0.3051309 -0.2313922
vn 0.8322878 -0.5136482 -0.2084767
vn 0.5150068 0.8571538 0.007428549
vn 0.2771604 0.9291242 -0.2447659
vn 0.7794697 -0.5952359 -0.1952465
vn 0.8717281 0.4235991 -0.24628
vn 0.8362359 0.5284701 -0.1463859
vn 0.9078419 0.3301088 -0.2585562
vn 0.990457 0.1359948 -0.02236767
vn 0.7191363 -0.6711146 -0.180134
vn 0.816608 0.5597941 -0.1406484
vn 0.9322267 0.3515424 -0.08585645
vn 0.6518639 -0.7405484 -0.1632831
vn 0.9540927 0.2835799 -0.09638127
vn 0.8248743 0.4758654 -0.3051794
vn 0.5761166 -0.8057874 -0.1368396
vn 0.5744765 -0.8082983 -0.128959
vn 0.5777566 -0.8032765 -0.1447202
vn 0.8101894 0.346271 -0.4393342
vn 0.7108772 0.4440146 -0.5454398
vn 0.9095015 0.2485275 -0.3332284
vn 0.3983592 -0.91244 -5.053655E-05
vn 0.3768796 -0.9218227 0.09057879
vn 0.4198388 -0.9030573 -0.09067987
vn 0.8021317 0.2560377 -0.5376396
vn 0.8271194 0.2282992 -0.5135689
vn 0.7771439 0.2837764 -0.5617102
vn -0.2768421 -0.915459 0.2828555
vn -0.2818849 -0.8926596 0.3517096
vn -0.2717994 -0.9382582 0.2140013
vn 0.8618292 0.2823079 -0.3658276
vn 0.9595575 0.1465543 -0.2403563
vn 0.7641008 0.4180615 -0.4912989
vn 0.1439113 0.9891764 -0.02862584
vn 0.1260164 -0.9458398 0.2872683
vn 0.1058481 -0.9247436 0.3655753
vn 0.1461848 -0.966936 0.2089612
vn 0.9688655 0.04901068 -0.242688
vn 0.7836512 0.3827877 -0.4689691
vn 0.8592423 0.3707738 -0.352462
vn 0.7080602 0.3948016 -0.5854762
vn 0.9485207 -0.01610016 -0.314333
vn 0.9561092 -0.04065373 -0.2901768
vn 0.9409323 0.008453401 -0.3384892
vn -0.2509481 0.9663082 0.001511665
vn -0.2184182 0.9746838 0.04780102
vn -0.2834779 0.9579327 -0.04477769
vn 0.933935 -0.266109 -0.2147576
vn 0.9314802 -0.3365307 -0.1381724
vn 0.9363898 -0.1956873 -0.2913429
vn -0.08016458 0.9961228 0.02975994
vn -0.0933406 0.9955379 0.0138456
vn -0.06698857 0.9967077 0.04567428
vn 0.894402 -0.4271336 -0.1326718
vn 0.7219273 0.5962593 -0.2835231
vn 0.606184 0.6606647 -0.44279
vn 0.8376705 0.5318539 -0.1242563
vn 0.8487145 -0.513648 -0.1258946
vn 0.3748571 0.8332857 -0.406314
vn 0.3789561 0.8328948 -0.4033342
vn 0.3707581 0.8336767 -0.4092939
vn 0.7948539 -0.5952357 -0.1179054
vn 0.5824088 0.5491351 -0.5755231
vn 0.4473471 0.6160129 -0.6483893
vn 0.7174705 0.4822575 -0.5026568
vn 0.7333297 -0.6711146 -0.1087791
vn 0.7264115 0.1600702 -0.6535927
vn 0.8080078 0.06972735 -0.5850312
vn 0.644815 0.2504131 -0.7221543
vn 0.6647295 -0.7405485 -0.09860312
vn 0.8093392 0.3165106 -0.445136
vn 0.9298071 0.1997383 -0.3091333
vn 0.6888713 0.433283 -0.5811387
vn 0.5788117 -0.8120053 -0.07367694
vn 0.5747669 -0.8160482 -0.06089567
vn 0.5828565 -0.8079624 -0.08645822
vn 0.8795958 0.4079506 -0.2149317
vn 0.9312513 0.3376703 -0.1369295
vn 0.8279402 0.478231 -0.2929339
vn 0.320624 -0.9381372 0.07328255
vn 0.2835122 -0.942882 0.1749125
vn 0.3577358 -0.9333924 -0.02834736
vn 0.9606485 0.2405065 -0.1389269
vn 0.9615161 0.2383223 -0.1367092
vn 0.9597809 0.2426907 -0.1411447
vn -0.3077739 -0.8921503 0.3258435
vn -0.3172706 -0.8702532 0.376827
vn -0.2982771 -0.9140474 0.2748601
vn 0.9453883 0.2208045 -0.2130433
vn 0.9114359 0.2950985 -0.2867081
vn 0.9793407 0.1465104 -0.1393786
vn 0.1460242 0.9891764 -0.01438219
vn 0.2123157 -0.9771298 0.01179901
vn 0.3716892 -0.8624429 -0.3435685
vn 0.2036037 -0.9779343 0.04679738
vn 0.1137918 -0.9591082 0.2591582
vn 0.9682417 -0.05954681 -0.1877973
vn 0.9826016 -0.1678953 -0.07940527
vn 0.9538817 0.04880171 -0.2961892
vn 0.2864931 0.9167998 -0.2782082
vn 0.1687895 0.8594373 -0.4825737
vn 0.3873194 0.9201536 -0.05745336
vn 0.229779 -0.9638961 -0.1221162
vn 0.2329782 -0.970236 -0.0660539
vn 0.2265798 -0.9575562 -0.1781784
vn 0.922713 -0.3705268 0.1063509
vn 0.9894473 -0.1433027 -0.02140968
vn 0.8817219 -0.4568653 0.1176461
vn 0.9670164 -0.2407075 -0.08330155
vn 0.6797332 0.4450525 -0.5826677
vn 0.6669797 0.4448213 -0.5977225
vn 0.6924867 0.4452837 -0.5676129
vn 0.1925324 -0.9741343 -0.1182944
vn 0.1580664 -0.9646592 -0.2108254
vn 0.1810748 -0.9712684 -0.1544329
vn 0.2069029 -0.9769689 -0.05217966
vn 0.9982004 -0.0513734 -0.0309313
vn 0.9188349 0.2228325 -0.3257116
vn 0.2163696 0.883934 -0.4145416
vn 0.5086456 0.8606132 -0.02498791
vn -0.127342 0.6971249 -0.70555
vn 0.9030992 -0.427134 -0.04436603
vn 0.5787726 0.7849687 -0.221012
vn 0.4333012 0.809425 -0.3963345
vn 0.6938596 0.7193031 -0.03408675
vn 0.8569677 -0.5136477 -0.04209958
vn 0.6746174 0.7377079 0.02604392
vn 0.7855899 0.4398307 0.4351981
vn 0.3825419 0.8375453 -0.3901019
vn 0.8025832 -0.5952358 -0.03942769
vn 0.5159873 0.7178129 0.4670895
vn 0.5200109 0.7062238 0.4804544
vn 0.5119637 0.7294019 0.4537245
vn 0.7404609 -0.6711143 -0.0363761
vn 0.8962333 0.05779177 0.3813241
vn 0.9568047 0.191575 0.2186865
vn 0.835662 -0.07599144 0.5439616
vn 0.6702148 -0.7415254 -0.03074585
vn 0.6692362 -0.7425022 -0.02851816
vn 0.6711934 -0.7405486 -0.03297354
vn 0.9410699 0.2866577 0.1224725
vn 0.9271281 0.3738793 0.02545013
vn 0.9550117 0.199436 0.2194949
vn 0.574025 -0.8186349 -0.01445261
vn 0.569792 -0.8217755 -0.004686618
vn 0.5782581 -0.8154943 -0.0242186
vn 0.9458518 0.3212243 0.04117569
vn 0.9500868 0.3067061 0.05715358
vn 0.9416168 0.3357424 0.0251978
vn 0.2360538 -0.9641637 0.0869619
vn 0.1979584 -0.9667129 0.1621067
vn 0.2741493 -0.9616145 0.01181706
vn 0.9741939 0.1839072 0.1083796
vn 0.9782182 0.1320952 0.1601249
vn 0.9701696 0.2357192 0.05663437
vn -0.319252 -0.9351235 0.1478947
vn -0.3055564 -0.945816 0.1098508
vn -0.3329477 -0.924431 0.1859386
vn 0.9411978 0.2975503 0.1597939
vn 0.9402341 0.3038304 0.1537758
vn 0.9421614 0.29127 0.1658119
vn 0.1467307 0.9891764 -9.742939E-08
vn 0.4437012 -0.7419775 -0.5025918
vn 0.3671415 -0.8767266 -0.3107371
vn 0.9899437 -0.05059304 -0.006303855
vn 0.9937404 0.03608366 -0.1057254
vn 0.9861471 -0.1372698 0.09311771
vn 0.2429621 0.9699623 -0.01193611
vn 0.148023 -0.9057657 -0.3970865
vn 0.119436 -0.9854482 -0.1209409
vn 0.1449809 -0.8981251 -0.4151528
vn 0.1447813 -0.8720443 -0.4675223
vn 0.6850797 -0.7180592 -0.04412383
vn 0.6490353 -0.7586431 0.05669079
vn 0.7211241 -0.6774753 -0.1449385
vn 0.6838861 0.5651387 -0.4614304
vn 0.3763782 0.4901699 -0.7861761
vn 0.8507588 0.5238917 -0.04179557
vn 0.2324588 -0.9651434 0.120254
vn 0.1712628 -0.9716361 -0.1630712
vn 0.9581909 0.231126 -0.1429878
vn 0.9370883 0.2707222 -0.2203974
vn 0.9792935 0.1915298 -0.06557827
vn 0.7610577 0.2439389 -0.5947878
vn 0.8125001 0.252303 -0.5255346
vn 0.7096153 0.2355747 -0.6640411
vn 0.9679335 -0.1418574 -0.1496505
vn 0.9689311 -0.2427071 -0.04760034
vn 0.966936 -0.0410076 -0.2517006
vn -0.3439292 0.5990729 -0.7230659
vn -0.07882319 0.860526 -0.503271
vn -0.3303412 0.550662 -0.7665807
vn -0.3816816 0.4989425 -0.7780588
vn 0.9405382 -0.3365309 -0.04620543
vn 0.9134638 0.3965967 0.09107624
vn 0.9197804 0.2299189 0.3180273
vn 0.8346838 0.5318132 -0.1430997
vn 0.8025831 -0.5952358 0.03942845
vn 0.6872178 0.6174405 0.3827519
vn 0.7830954 0.488133 0.3853409
vn 0.66265 0.6463059 0.3783959
vn 0.5297703 0.8381923 0.1295263
vn 0.7404611 -0.6711141 0.03637657
vn 0.8024862 0.4543873 0.3867142
vn 0.7598876 0.630093 0.1598552
vn 0.6673352 -0.7438653 0.03620934
vn 0.6654585 -0.7453867 0.03954231
vn 0.6692119 -0.742344 0.03287637
vn 0.900779 0.4114062 0.1237999
vn 0.889275 0.4510602 0.07572765
vn 0.912283 0.3717521 0.1718723
vn 0.5627701 -0.8251691 0.046658
vn 0.5559155 -0.8291616 0.05872773
vn 0.5696247 -0.8211767 0.03458827
vn 0.954378 0.2544255 0.135984
vn 0.9602052 0.2023612 0.1924994
vn 0.9485508 0.3064899 0.07946869
vn 0.1861643 -0.9796897 0.06730939
vn 0.1684892 -0.9812234 0.09387212
vn 0.2038395 -0.978156 0.04074666
vn 0.9295598 -0.04569512 0.3658286
vn 0.8282675 -0.2202577 0.5152277
vn 0.9722412 0.1317487 0.1933632
vn -0.0514743 -0.9567339 -0.2863748
vn 0.1996327 -0.802949 -0.5616223
vn -0.2942185 -0.9550824 0.03539886
vn 0.6929051 -0.01194078 0.7209297
vn 0.7200519 0.2834393 0.6333935
vn 0.6936689 -0.01808149 0.7200669
vn 0.8062679 0.2619705 0.5303804
vn 0.1460241 0.9891764 0.01438202
vn 0.3917429 -0.7883546 -0.4604338
vn 0.3355681 -0.8578006 -0.3893227
vn 0.4479177 -0.7189086 -0.531545
vn 0.7176862 0.2895605 0.6333097
vn 0.6519156 0.7352225 0.1856177
vn 0.242962 0.9699623 0.01193588
vn 0.08673403 -0.9551596 0.2831027
vn 0.1211697 -0.988075 -0.0950027
vn 0.965197 -0.2614761 -0.005004332
vn 0.9860886 0.03639876 -0.1621862
vn 0.9727845 -0.2315783 0.007867018
vn 0.6307691 -0.6941338 0.3468553
vn 0.5514707 0.7991081 -0.1486596
vn 0.4941903 0.8054188 -0.3272254
vn 0.6087511 0.7927974 0.02990622
vn 0.2821346 -0.8952898 0.3447551
vn 0.2597799 -0.93203 0.2526547
vn 0.9850813 0.008884352 -0.17186
vn 0.9757844 -0.2134171 0.04793745
vn 0.703344 0.3359542 -0.6264518
vn 0.3217746 0.2685709 -0.9079266
vn 0.9235919 0.3262817 -0.2012918
vn 0.9689312 -0.2427068 0.04760059
vn 0.2614593 0.9549628 -0.140303
vn -0.05909051 0.773779 -0.6306935
vn 0.9405382 -0.336531 0.04620551
vn 0.5483093 0.8264171 -0.06657524
vn 0.5954444 0.8028637 0.02925238
vn 0.5011741 0.8499705 -0.1624028
vn 0.9030992 -0.4271342 0.04436645
vn 0.4213389 0.8985122 -0.06597936
vn 0.3708167 0.9156564 -0.1551398
vn 0.4718611 0.8813681 0.02318107
vn 0.8569677 -0.5136476 0.04210032
vn 0.8092986 0.5757225 0.07036009
vn 0.8361918 0.5286964 0.14582
vn 0.7824054 0.6227486 -0.005099828
vn 0.65704 -0.7469467 0.1017034
vn 0.6543472 -0.7487924 0.1055446
vn 0.6597328 -0.745101 0.0978623
vn 0.8610337 0.4946322 0.09085058
vn 0.8425726 0.5376567 0.03157013
vn 0.8794948 0.4516077 0.150131
vn 0.5020739 -0.8463839 0.1560839
vn 0.4515482 -0.8642311 0.2218308
vn 0.5525995 -0.8285366 0.09033705
vn 0.9809854 0.1707142 0.08212908
vn 0.9830727 0.1433227 0.1141342
vn 0.9788982 0.1981057 0.05012393
vn 0.2446797 -0.9578248 0.0540185
vn 0.3285591 -0.9427082 -0.05788032
vn 0.1608003 -0.9729413 0.1659173
vn 0.9650692 -0.2378706 0.1090566
vn 0.9681715 -0.2295637 0.09972172
vn 0.9619668 -0.2461776 0.1183914
vn 0.2004809 -0.9392295 -0.2786672
vn 0.3542745 -0.8315777 -0.4277477
vn 0.03516641 -0.9929071 -0.1135727
vn 0.9948451 -0.05084698 -0.08773704
vn 0.949882 0.1620598 -0.2673215
vn 0.960617 -0.2597063 0.09883142
vn 0.1439113 0.9891764 0.02862567
vn 0.06138678 -0.9901071 -0.1261722
vn -0.2458759 -0.9482468 0.2009302
vn 0.3561783 -0.8308187 -0.4276416
vn 0.6739551 0.7030919 -0.2262495
vn 0.6851257 0.6950292 -0.2180301
vn 0.6627845 0.7111547 -0.2344688
vn 0.2548427 0.8958986 0.3638968
vn 0.2401627 0.7202351 0.6508327
vn 0.2406222 0.9699623 0.03569291
vn 0.08370511 -0.9324313 0.3515185
vn 0.08861494 -0.9397958 0.3300471
vn 0.9934204 0.107145 -0.04044549
vn 0.9655688 -0.1504645 0.21222
vn 0.8911556 0.3507208 -0.2878135
vn 0.3235629 0.651131 0.6851557
vn 0.3204784 0.6203753 0.7158408
vn 0.3266475 0.6818866 0.6544708
vn 0.3446605 -0.8754152 0.3389058
vn 0.2886943 -0.8658425 0.4086224
vn 0.9664217 -0.1793915 0.177668
vn 0.9784961 -0.1465535 0.1451463
vn 0.9543474 -0.2122295 0.2101897
vn 0.3824445 0.9115756 0.150884
vn 0.180134 0.8591315 -0.4790039
vn 0.4163117 0.5625265 0.7143168
vn 0.9595998 -0.2427067 0.1423435
vn 0.3673429 0.928488 0.05449034
vn 0.2689979 0.9373744 -0.22129
vn 0.9314802 -0.3365308 0.1381722
vn 0.5897099 0.8028637 0.08747546
vn 0.8944017 -0.4271343 0.1326719
vn 0.3714616 0.9231122 0.09042085
vn 0.3859518 0.9136111 0.1278899
vn 0.3569714 0.9326133 0.05295173
vn 0.8487145 -0.5136478 0.1258954
vn 0.9505868 0.1668443 0.2295376
vn 0.9388136 0.09375657 0.3314194
vn 0.96236 0.239932 0.1276558
vn 0.7948538 -0.5952357 0.1179062
vn 0.8111441 0.5468818 0.1279825
vn 0.7743121 0.6327788 -0.005625133
vn 0.8479761 0.4609848 0.2615902
vn 0.7333301 -0.671114 0.1087797
vn 0.9629272 0.1958308 0.1723689
vn 0.9642203 0.2374761 0.1178312
vn 0.9616342 0.1541856 0.2269066
vn 0.3581288 -0.9210608 0.09690107
vn 0.4345341 -0.9006114 0.008895698
vn 0.2817234 -0.9415102 0.1849064
vn 0.9899599 -0.03790938 -0.1361703
vn 0.9148886 0.1562383 -0.3722477
vn 0.9669641 -0.2283017 0.1133963
vn -0.0153235 -0.9756683 0.07367387
vn -0.1776203 -0.9635909 0.1998588
vn 0.1469733 -0.9877456 -0.05251109
vn 0.801877 0.2653686 -0.494653
vn 0.6874436 0.3827787 -0.6171724
vn 0.9163104 0.1479585 -0.3721337
vn 0.1404125 0.9891764 0.04259364
vn -0.2447219 -0.951259 0.1869956
vn -0.2555455 -0.9464159 0.1974674
vn -0.2338982 -0.956102 0.1765238
vn 0.973469 0.1634442 -0.1601382
vn 0.8729281 -0.3699681 0.3179939
vn 0.5646446 0.6113347 -0.5544784
vn 0.4035064 0.8168399 0.4122561
vn 0.3306673 0.6600861 0.6744964
vn 0.4365406 0.8930147 0.1093479
vn 0.1903479 -0.9266633 0.3241336
vn 0.0802377 -0.9192894 0.3853165
vn 0.9494463 -0.099235 0.2893116
vn 0.9688318 -0.04971206 0.24268
vn 0.9300609 -0.1487579 0.3359432
vn 0.31532 0.541829 0.7790985
vn 0.2763488 0.4617561 0.8428597
vn 0.3065667 0.5367895 0.7860494
vn 0.3499301 0.6490825 0.675456
vn 0.4929095 -0.8609686 0.1255911
vn 0.3450817 -0.8680543 0.3569317
vn 0.9595576 -0.1465533 0.2403567
vn -0.200591 0.8704346 0.4495628
vn -0.2608539 0.9653113 0.01137226
vn -0.09927827 0.5974286 0.7957529
vn 0.941027 -0.2427069 0.235715
vn 0.3281948 0.933372 0.1339353
vn 0.31824 0.9446527 0.07971481
vn 0.3381496 0.9220912 0.1881557
vn 0.9134517 -0.3365307 0.2288079
vn 0.5782964 0.8028637 0.1448558
vn 0.8770907 -0.4271344 0.2197001
vn 0.3346107 0.9259573 -0.05718867
vn 0.2781869 0.9367654 -0.2123265
vn 0.3910345 0.9151491 0.09794916
vn 0.8322878 -0.5136479 0.2084775
vn 0.9623257 0.006549475 0.2291522
vn 0.9331715 -0.06440783 0.3536138
vn 0.99148 0.07750677 0.1046906
vn 0.7794698 -0.5952356 0.195247
vn 0.7153889 0.6113648 0.3373155
vn 0.7174299 0.5971097 0.3588234
vn 0.7133479 0.6256199 0.3158075
vn 0.7186483 -0.6714829 0.1807059
vn 0.7181597 -0.671852 0.1812775
vn 0.7191368 -0.6711138 0.1801343
vn 0.7668169 0.5502708 0.3249743
vn 0.7620136 0.585443 0.2767519
vn 0.7716201 0.5150986 0.3731967
vn 0.6416015 -0.7492752 0.1640988
vn 0.6401539 -0.750146 0.165783
vn 0.6430491 -0.7484044 0.1624146
vn 0.7847005 0.5701529 0.2371839
vn 0.7757677 0.6006134 0.1935152
vn 0.7936333 0.5396925 0.2808526
vn 0.43163 -0.8836381 0.1698408
vn 0.3891115 -0.8956379 0.2154643
vn 0.4741484 -0.8716384 0.1242172
vn 0.9176205 0.1719139 0.358355
vn 0.8468837 -0.1151728 0.5191563
vn 0.9071554 0.2196936 0.3588924
vn 0.8337961 0.5478615 -0.06805739
vn 0.1355615 0.9891764 0.05615132
vn -0.2896853 -0.9502937 0.1141241
vn -0.3766876 -0.9040732 0.2018861
vn -0.1976402 -0.9799715 0.02437532
vn 0.8421725 -0.1618869 0.5143327
vn 0.9405767 0.03938974 0.3372891
vn 0.4502102 0.6570946 0.6045969
vn 0.2362514 0.3982526 0.8863295
vn 0.5776607 0.7896753 0.2066905
vn 0.4588746 -0.8873211 0.04577387
vn 0.1864001 -0.9148058 0.3583088
vn 0.9402763 -0.04936506 0.3368135
vn 0.9404125 -0.04901145 0.3364853
vn 0.9401401 -0.04971867 0.3371418
vn 0.4092529 0.6280894 0.6618275
vn 0.2798383 0.4634681 0.8407661
vn 0.6690874 -0.7032071 -0.2404615
vn 0.5015947 -0.8596202 0.09724195
vn 0.931378 -0.1465531 0.3332525
vn -0.3999517 0.8717592 0.2829744
vn -0.4056121 0.9139191 0.0151857
vn -0.3648866 0.7655073 0.5299587
vn 0.9133914 -0.2427073 0.3268172
vn 0.2227979 0.9447401 0.2024475
vn 0.2134017 0.973976 0.07635635
vn 0.2321942 0.9155043 0.3285387
vn 0.886626 -0.3365305 0.3172404
vn 0.5613135 0.8028635 0.2008415
vn 0.851333 -0.4271344 0.3046119
vn 0.2242494 0.9724336 0.05905614
vn 0.2179477 0.9753101 0.03561968
vn 0.230551 0.9695572 0.0824926
vn 0.8078457 -0.5136479 0.2890522
vn 0.9679611 0.1946001 -0.1586884
vn 0.9905598 0.1307709 0.04111366
vn 0.9722408 0.1750463 -0.1552632
vn 0.9552743 -0.07681539 0.2855704
vn 0.7565788 -0.5952354 0.2707088
vn 0.9847437 0.1599574 0.06850957
vn 0.9086539 -0.08029357 0.4097574
vn 0.6970025 -0.6720908 0.2499619
vn 0.6965703 -0.6723846 0.2503773
vn 0.6974348 -0.671797 0.2495466
vn 0.5718166 0.4847074 0.6615279
vn 0.5677411 0.469456 0.6762255
vn 0.5758922 0.4999587 0.6468303
vn 0.6229033 -0.749674 0.2235622
vn 0.6232179 -0.7495024 0.2232614
vn 0.5389738 0.5632948 0.6237053
vn 0.5454508 0.602088 0.5830724
vn 0.5324969 0.5245015 0.6643381
vn 0.4291807 -0.8933634 0.1306501
vn 0.4470437 -0.887227 0.1139301
vn 0.4113176 -0.8994998 0.1473701
vn 0.778668 0.4844212 0.3987634
vn 0.764197 0.6361313 0.106489
vn 0.708537 0.2800789 0.6477122
vn 0.2498685 -0.9203588 0.2245174
vn 0.09363034 -0.932363 0.3491882
vn 0.4061066 -0.9083546 0.09984657
vn 0.9356778 0.3222913 0.0539392
vn 0.9161538 0.3971122 -0.05444345
vn 0.9552016 0.2474703 0.1623218
vn -0.1168703 -0.971314 0.1819806
vn -0.03568958 -0.9909888 0.1291022
vn -0.1980509 -0.9516391 0.2348591
vn 0.9029028 -0.04901157 0.4270413
vn 0.4835066 0.7094741 0.5127063
vn 0.4202353 0.6328856 0.6502754
vn 0.7181306 -0.5054448 -0.478345
vn 0.675931 -0.6726099 -0.3011864
vn 0.8942288 -0.1465528 0.4229388
vn -0.3902802 0.9139827 -0.1109821
vn -0.3453465 0.9090728 -0.2330718
vn -0.3752035 0.9161827 -0.1408243
vn -0.4096933 0.911816 0.02725693
vn 0.8769595 -0.2427077 0.414771
vn 0.247567 0.9652736 0.05575989
vn 0.2487728 0.9613885 0.1176605
vn 0.2463612 0.9691586 -0.006140679
vn 0.8512619 -0.3365304 0.4026171
vn 0.5389251 0.8028634 0.2548925
vn 0.8173765 -0.4271342 0.3865903
vn 0.2087304 0.8950414 0.3941224
vn 0.2021815 0.7258486 0.6574698
vn 0.1948193 0.9765014 0.09214275
vn 0.7756236 -0.5136483 0.3668428
vn 0.4482957 0.4685952 0.7610121
vn 0.4509374 0.4826818 0.7507821
vn 0.445654 0.4545086 0.7712421
vn 0.7264017 -0.5952353 0.343563
vn 0.9846043 0.06588908 0.1619043
vn 0.9191021 -0.08210113 0.385371
vn 0.6679546 -0.6730856 0.3174734
vn 0.6667209 -0.6738523 0.3184436
vn 0.6691884 -0.6723189 0.316503
vn 0.8184929 0.4101476 0.4023035
vn 0.7842942 0.1906206 0.5903782
vn 0.7833378 0.5949213 0.1801402
vn 0.5995007 -0.7482771 0.2840297
vn 0.6014953 -0.7472725 0.2824663
vn 0.597506 -0.7492818 0.285593
vn 0.6190489 0.5900542 0.5166517
vn 0.620383 0.5622401 0.5468191
vn 0.6177148 0.6178683 0.4864845
vn 0.4002238 -0.892949 0.2052043
vn 0.3854678 -0.8970509 0.2161347
vn 0.4149798 -0.8888472 0.1942739
vn 0.5033534 0.819632 0.2735665
vn 0.6291787 0.6951728 0.3476619
vn 0.5356131 0.8153813 0.2197086
vn 0.51644 0.6937128 0.5020479
vn 0.2318168 -0.9659427 0.1089087
vn 0.2618199 -0.9610816 0.08816027
vn 0.2018137 -0.9708039 0.1296572
vn 0.8545154 0.2295063 0.4659722
vn 0.7151588 -0.01363962 0.6988288
vn 0.8804246 0.4421824 0.1712521
vn -0.01778255 -0.9967527 0.02533478
vn -0.07599553 -0.9945405 0.0715105
vn 0.04043042 -0.998965 -0.02084095
vn 0.8001959 -0.01943593 0.5586249
vn 0.8904756 0.1346103 0.4346645
vn 0.7099162 -0.1734822 0.6825855
vn 0.129405 0.9891764 0.06916826
vn -0.281215 -0.9564565 -0.07395592
vn -0.2646576 -0.9598705 -0.09276205
vn -0.2977724 -0.9530425 -0.0551498
vn 0.9003918 0.04526715 0.4326321
vn 0.9027956 0.05137446 0.4269903
vn 0.8979881 0.03915983 0.4382739
vn 0.6261821 0.5228913 0.578343
vn 0.4736547 0.4291569 0.7690744
vn 0.7358603 0.5808446 0.3480359
vn 0.7101892 -0.6429503 -0.2867859
vn 0.4524913 -0.8893839 0.06517485
vn 0.8320819 -0.2427078 0.498731
vn 0.2044827 0.9638702 0.165652
vn 0.2086936 0.9699486 0.1250859
vn 0.2002718 0.9577918 0.206218
vn 0.8076994 -0.3365303 0.4841166
vn 0.5113465 0.8028632 0.3064889
vn 0.775548 -0.4271341 0.4648459
vn 0.4676245 0.7789854 0.3991221
vn 0.4561287 0.728528 0.5110708
vn 0.4791202 0.8294427 0.2871733
vn 0.7359318 -0.5136483 0.4411008
vn 0.5821152 0.5308719 0.6147357
vn 0.5754828 0.5061674 0.6423504
vn 0.5887477 0.5555763 0.587121
vn 0.6889108 -0.5954573 0.4133188
vn 0.6885927 -0.5956792 0.4135294
vn 0.689229 -0.5952353 0.4131081
vn 0.8438557 0.4188016 0.3354291
vn 0.8321917 0.5492205 -0.07624796
vn 0.6980368 0.2102247 0.6845073
vn 0.6338021 -0.67353 0.3803316
vn 0.6340703 -0.6733744 0.38016
vn 0.6335338 -0.6736856 0.3805033
vn 0.9575459 0.2481348 -0.08768871
vn 0.9339094 0.3036474 -0.1887099
vn 0.9811825 0.1926222 0.01333243
vn 0.5695823 -0.7474111 0.3419832
vn 0.5691833 -0.7475989 0.3422371
vn 0.8579054 0.4762948 -0.1528645
vn 0.89891 0.4351693 -0.05087754
vn 0.8169008 0.5174202 -0.2548515
vn 0.2379249 -0.90934 0.3018243
vn 0.0970154 -0.921858 0.3751877
vn 0.3788344 -0.8968222 0.2284609
vn 0.6103718 0.3733906 0.6985883
vn 0.6662727 0.6871297 0.2897125
vn 0.1836572 -0.9203749 0.3307521
vn 0.272835 -0.9179294 0.2880394
vn 0.0944794 -0.9228204 0.3734648
vn 0.7565926 0.112714 0.6190901
vn 0.8242517 0.2386447 0.5134763
vn 0.6889336 -0.01321665 0.724704
vn 0.03781785 -0.9890894 -0.01939906
vn 0.1492646 -0.9831366 -0.1056525
vn -0.07362887 -0.9950423 0.06685434
vn 0.8447211 0.1424345 0.515774
vn 0.8480431 0.1505496 0.5080921
vn 0.841399 0.1343194 0.5234558
vn 0.1220022 0.9891764 0.08151907
vn -0.09720327 -0.9150232 -0.3741723
vn -0.01643918 -0.8914083 -0.4529026
vn -0.1779674 -0.9386382 -0.295442
vn 0.8566455 0.05129721 0.513349
vn 0.7767111 0.4885121 0.3924604
vn 0.8016607 0.4955418 0.3343328
vn 0.7517614 0.4814823 0.450588
vn 0.7810355 -0.4584666 -0.4240185
vn 0.708443 -0.6535438 -0.2664374
vn 0.8566977 -0.04901167 0.5134851
vn 0.6642776 0.7251582 0.1772893
vn 0.6715589 0.7276042 0.140003
vn 0.6569964 0.7227123 0.2145756
vn 0.7144204 -0.4840657 -0.5052562
vn 0.7158613 -0.4791113 -0.5079319
vn 0.8484675 -0.1465526 0.5085521
vn -0.226251 0.9000688 -0.3724064
vn -0.29107 0.9031914 -0.3154732
vn 0.7262508 -0.4271342 0.5386243
vn 0.5392483 0.7356844 0.4097431
vn 0.5376592 0.7320421 0.4183741
vn 0.5408373 0.7393267 0.401112
vn 0.6891526 -0.5136482 0.5111108
vn 0.6051579 0.4059892 0.6563299
vn 0.5372917 0.2848534 0.7938364
vn 0.6730239 0.5271251 0.5188235
vn 0.6444393 -0.5961307 0.478879
vn 0.6437073 -0.5966114 0.4792658
vn 0.6451713 -0.5956501 0.4784922
vn 0.4124665 0.6787214 0.5932524
vn 0.4458717 0.7502258 0.4882209
vn 0.3790613 0.6072168 0.6982838
vn 0.5942401 -0.6725966 0.4410103
vn 0.5954467 -0.6719337 0.4403956
vn 0.5930336 -0.6732596 0.441625
vn 0.6481329 0.4987975 0.5619463
vn 0.6754085 0.571807 0.4656824
vn 0.6208574 0.425788 0.6582102
vn 0.5316131 -0.7486194 0.3961662
vn 0.5291413 -0.7497149 0.3974129
vn 0.5340848 -0.7475238 0.3949195
vn 0.6935197 0.5358024 0.4815862
vn 0.6928387 0.5332964 0.485355
vn 0.6942007 0.5383084 0.4778174
vn 0.3135441 -0.9350421 0.1372273
vn 0.3939532 -0.9140368 0.09663084
vn 0.233135 -0.9560474 0.1778238
vn 0.7487895 0.3680244 0.5506883
vn 0.7430922 0.3522702 0.5689637
vn 0.7544869 0.3837786 0.5324129
vn 0.2212118 -0.9367946 0.1842679
vn 0.04277876 -0.962436 0.2681175
vn 0.3996448 -0.9111532 0.1004183
vn 0.7737643 0.2438692 0.5845988
vn 0.776082 0.2491338 0.579335
vn 0.7714466 0.2386047 0.5898625
vn 0.1706328 -0.9841166 0.04897798
vn 0.3658266 -0.923862 -0.1124708
vn -0.03612934 -0.9776511 0.2071062
vn 0.793054 0.1522645 0.5898092
vn 0.7938732 0.1539422 0.5882747
vn 0.7922348 0.1505868 0.5913439
vn 0.1134244 0.9891764 0.0930849
vn 0.1937935 -0.7896714 -0.5821194
vn 0.4191025 -0.565122 -0.7106266
vn -0.05432516 -0.921276 -0.3850964
vn 0.8022822 0.05101792 0.5947608
vn 0.8021697 0.05081591 0.5949299
vn 0.818891 0.5510875 0.1603747
vn 0.7974738 0.5999742 0.0637696
vn 0.8322585 0.5205827 0.1906293
vn 0.6945837 0.502181 0.5151384
vn 0.7767175 -0.4748641 -0.41378
vn 0.7812908 -0.4615183 -0.4202206
vn 0.8022422 -0.04901147 0.5949836
vn 0.7889589 0.614445 -0.001051597
vn 0.7770657 0.6269511 0.05568741
vn 0.697017 -0.5388178 -0.4716745
vn 0.6819022 -0.5698761 -0.4585309
vn 0.7121318 -0.5077595 -0.484818
vn 0.7945352 -0.1465526 0.5892675
vn -0.1063037 0.8973282 -0.4283707
vn -0.1314243 0.8700169 -0.4751823
vn 0.7791911 -0.2427078 0.5778876
vn 0.4020021 0.9153551 0.02278572
vn 0.3629092 0.8921067 0.2691517
vn 0.4158634 0.8811515 -0.2250104
vn 0.7563584 -0.3365303 0.5609538
vn 0.4788429 0.8028631 0.3551339
vn 0.5945698 -0.5966038 0.5390275
vn 0.5944629 -0.5966708 0.5390713
vn 0.5946767 -0.5965368 0.5389838
vn 0.1672102 0.7468287 0.621144
vn 0.2173936 0.8430459 0.4919486
vn 0.1170268 0.6506116 0.7503394
vn 0.5486617 -0.6719052 0.4975074
vn 0.548692 -0.6718892 0.4974955
vn 0.4768125 0.677307 0.5237317
vn 0.5122012 0.7809119 0.3575282
vn 0.4414238 0.5737022 0.6899353
vn 0.490291 -0.7495623 0.4447145
vn 0.6685909 0.5014288 0.5460957
vn 0.6558068 0.4686244 0.5918686
vn 0.681375 0.5342332 0.5003228
vn 0.1273489 -0.9337271 0.2959587
vn -0.02231271 -0.9403152 0.3395723
vn 0.2770104 -0.9271392 0.252345
vn 0.6943511 0.3516052 0.6278924
vn 0.6939842 0.3508487 0.6287219
vn 0.6947181 0.3523618 0.6270629
vn -0.0299881 -0.9414312 0.3358587
vn -0.03251172 -0.9411011 0.3365586
vn -0.02746448 -0.9417612 0.3351589
vn 0.7180305 0.2498554 0.6496181
vn 0.7183524 0.2504675 0.6490268
vn 0.7177085 0.2492433 0.6502094
vn 0.2739358 -0.9203881 0.279007
vn 0.4816406 -0.8685604 0.1167266
vn 0.04646313 -0.9057984 0.4211536
vn 0.7332155 0.1541759 0.6622875
vn 0.1037543 0.9891764 0.1037542
vn 0.36149 -0.8522454 -0.3781569
vn 0.5474307 -0.6635974 -0.5098607
vn 0.143916 -0.9663152 -0.2133613
vn 0.740639 0.04992017 0.670045
vn 0.7400604 0.04901098 0.6707522
vn 0.7412176 0.05082936 0.6693377
vn 0.6093845 0.6467103 0.4524373
vn 0.6490023 0.6541321 0.3884676
vn 0.5697668 0.6392884 0.516407
vn 0.7730832 -0.5519905 -0.3092171
vn 0.7927651 -0.515039 -0.3259729
vn 0.7534014 -0.5889421 -0.2924612
vn 0.7400606 -0.04901107 0.670752
vn 0.7861465 0.5723174 -0.2332951
vn 0.7648054 0.6379912 0.08966466
vn 0.6726606 -0.5856518 -0.4519801
vn 0.6644704 -0.5985418 -0.447467
vn 0.6808507 -0.5727618 -0.4564933
vn 0.732951 -0.1465526 0.664308
vn -0.1594395 0.9482461 -0.2746058
vn -0.04857622 0.875553 -0.4806738
vn 0.7187961 -0.2427081 0.6514791
vn 0.3985929 0.8735211 0.2684611
vn 0.3772212 0.860705 0.3418932
vn 0.4199645 0.8863371 0.195029
vn 0.6977329 -0.3365304 0.6323891
vn 0.4417279 0.8028632 0.4003587
vn 0.6699594 -0.4271337 0.6072159
vn 0.436511 0.629131 0.612083
vn 0.3678963 0.5266542 0.7663469
vn 0.5051256 0.7316076 0.457819
vn 0.6357366 -0.5136485 0.576198
vn 0.4143836 0.204205 0.8818474
vn 0.3597022 0.1388275 0.9226815
vn 0.469065 0.2695825 0.8410133
vn 0.4390905 -0.7510491 0.4930584
vn 0.4352766 -0.7525986 0.4940946
vn 0.4429046 -0.7494996 0.4920222
vn 0.5467989 0.5080692 0.6615359
vn 0.5705844 0.5514054 0.608593
vn 0.5230136 0.464733 0.7144789
vn 0.1846994 -0.9651732 0.1830734
vn 0.2124441 -0.9607457 0.1784241
vn 0.1569547 -0.9696006 0.1877228
vn 0.6377378 0.3483307 0.6869761
vn 0.6360658 0.3454701 0.6899788
vn 0.6394098 0.3511913 0.6839735
vn 0.001846626 -0.9658838 0.1841818
vn -0.175526 -0.9585312 0.2245186
vn 0.1792192 -0.9732363 0.1438451
vn 0.6554823 0.249788 0.7127041
vn 0.6549175 0.2488673 0.7135462
vn 0.656047 0.2507087 0.711862
vn 0.2093158 -0.8014668 0.5602122
vn 0.5102391 -0.7638731 0.3951632
vn 0.2141521 -0.8029002 0.5563183
vn 0.1360668 -0.7940176 0.5924709
vn 0.6660755 0.1514498 0.7303341
vn 0.6641173 0.1484571 0.7327406
vn 0.6680336 0.1544426 0.7279276
vn 0.09308501 0.9891764 0.1134243
vn 0.5791639 -0.7936592 -0.1862104
vn 0.8069943 -0.2963544 -0.5108172
vn 0.1170106 -0.9698587 0.2137349
vn 0.6707519 0.04901099 0.7400606
vn 0.05015894 0.46257 0.8851627
vn -0.4191683 0.09628632 0.9027883
vn 0.5016926 0.6647604 0.5535323
vn 0.79891 -0.3739546 -0.4613141
vn 0.7693325 -0.4622742 -0.4409422
vn 0.8284874 -0.2856349 -0.4816859
vn 0.6707519 -0.04901081 0.7400606
vn -0.5437186 0.3641181 0.7362034
vn -0.4988173 0.5242906 0.6901454
vn -0.5886198 0.2039456 0.7822614
vn 0.6592255 -0.5696137 -0.4794513
vn 0.6024207 -0.6551151 -0.4559752
vn 0.7160303 -0.4841123 -0.5029274
vn 0.6643082 -0.1465524 0.7329509
vn -0.5789299 0.8148478 0.02937839
vn -0.3316515 0.865021 -0.3764915
vn -0.6939839 0.5785681 0.4285385
vn 0.6514789 -0.2427085 0.7187961
vn 0.3485321 0.8591859 0.3745233
vn 0.3455568 0.8574551 0.3812628
vn 0.3515075 0.8609167 0.3677837
vn 0.6323884 -0.3365307 0.6977335
vn 0.4003589 0.8028632 0.4417277
vn 0.6072158 -0.4271332 0.6699598
vn 0.5559609 0.5523339 0.6211232
vn 0.5534839 0.5492246 0.6261052
vn 0.5584379 0.5554432 0.6161411
vn 0.5761976 -0.5136487 0.6357368
vn 0.6695842 0.1869696 0.7187815
vn 0.6733231 0.1911628 0.7142078
vn 0.6658453 0.1827764 0.7233552
vn 0.5394377 -0.5963209 0.5944813
vn 0.539935 -0.5960194 0.5943325
vn 0.5389403 -0.5966224 0.5946301
vn 0.3441524 0.8550122 0.3878499
vn 0.3459127 0.8581693 0.3793281
vn 0.342392 0.851855 0.3963718
vn 0.4963329 -0.6727632 0.5486705
vn 0.494594 -0.6736469 0.5491599
vn 0.4980718 -0.6718795 0.5481811
vn 0.4018567 0.7591798 0.508428
vn 0.3903108 0.7304839 0.5604021
vn 0.4134025 0.7878757 0.4564539
vn 0.05019466 -0.9976329 0.03642379
vn 0.02135312 -0.9988286 0.0434201
vn 0.07903619 -0.9964373 0.02942748
vn 0.5803129 0.2472994 0.7759334
vn 0.5790452 0.245494 0.777457
vn 0.5815806 0.2491048 0.7744099
vn 0.7123469 -0.6284274 0.3124754
vn 0.4502487 -0.7678049 0.4557978
vn 0.5899768 0.1475207 0.7938281
vn 0.5892673 0.1465522 0.7945354
vn 0.5906863 0.1484892 0.7931207
vn 0.08151922 0.9891764 0.1220021
vn 0.7973678 -0.6012869 -0.05156131
vn 0.6594968 -0.7340825 0.1618234
vn 0.7552411 -0.6547419 0.0303944
vn 0.6298154 -0.7703154 0.09973311
vn 0.5949833 0.04901115 0.8022423
vn 0.4173436 0.3182036 0.8343952
vn 0.2795904 0.2735398 0.9203289
vn 0.5550969 0.3628674 0.7484615
vn 0.6612911 -0.6218319 -0.3847579
vn 0.5630714 -0.7511378 -0.3445905
vn 0.7595108 -0.492526 -0.4249252
vn 0.5949833 -0.04901096 0.8022423
vn -0.2016307 0.7329633 0.6308204
vn -0.2928523 0.6373545 0.7127529
vn -0.1104092 0.8285721 0.5488879
vn 0.4328305 -0.8190131 -0.3578922
vn 0.3435141 -0.8837811 -0.3176932
vn 0.5221469 -0.7542452 -0.3980911
vn 0.5892674 -0.1465522 0.7945353
vn -0.5385706 0.7956411 -0.2773029
vn -0.299294 0.8011761 -0.5182084
vn -0.5100364 0.8052935 -0.3022669
vn -0.6744553 0.7369071 -0.04558456
vn 0.5778873 -0.2427086 0.779191
vn 0.3065223 0.8574551 0.4132975
vn 0.5609533 -0.3365311 0.7563585
vn 0.354333 0.8023127 0.4803531
vn 0.3535318 0.8017623 0.4818634
vn 0.3551341 0.8028631 0.4788429
vn 0.5386246 -0.4271328 0.7262514
vn 0.5327643 0.5836436 0.6070739
vn 0.5701925 0.6183192 0.5408899
vn 0.4953361 0.5489679 0.673258
vn 0.5111103 -0.5136489 0.6891524
vn 0.825507 0.3022617 0.4766299
vn 0.8997047 0.3874193 0.2010917
vn 0.6781046 0.1903001 0.7099013
vn 0.477948 -0.5962425 0.6450273
vn 0.4783298 -0.5960168 0.6449532
vn 0.6753854 0.701529 0.1426117
vn 0.6700903 0.6711686 0.3170357
vn 0.6806805 0.7318893 -0.03181225
vn 0.4391904 -0.6737955 0.5942314
vn 0.438592 -0.6740919 0.5943376
vn 0.4397887 -0.673499 0.5941252
vn 0.6102298 0.647351 0.4258905
vn 0.5783019 0.5805517 0.5731724
vn 0.6421578 0.7141503 0.2786086
vn 0.390154 -0.7527196 0.5302754
vn 0.3892483 -0.7530819 0.5304276
vn 0.3910598 -0.7523573 0.5301232
vn 0.5605803 0.5051168 0.6510738
vn 0.530619 0.4595689 0.7122077
vn 0.5905415 0.5506646 0.5899399
vn 0.1959296 -0.9555375 0.2170909
vn 0.2329995 -0.9486259 0.2140561
vn 0.1588596 -0.9624491 0.2201256
vn 0.5616055 0.3474343 0.7509204
vn 0.5627951 0.3491587 0.7492328
vn 0.5604159 0.3457099 0.7526079
vn 0.3259976 0.8520414 0.4095741
vn 0.4836392 0.8450873 0.2278607
vn 0.1494745 0.8096461 0.5675654
vn 0.07198402 -0.9903814 -0.1181651
vn 0.04243161 -0.9963973 -0.07342886
vn 0.02601043 -0.9955446 -0.0906324
vn 0.01176912 -0.9955809 -0.09316618
vn 0.5085521 -0.1465518 0.8484676
vn -0.3034286 0.8072498 -0.5062398
vn -0.2652337 0.7999733 -0.538232
vn 0.4987305 -0.2427089 0.8320818
vn 0.2645361 0.8574551 0.4413517
vn 0.4841161 -0.3365312 0.8076994
vn 0.3032973 0.7993113 0.5187045
vn 0.2992885 0.7969416 0.5247002
vn 0.307306 0.801681 0.512709
vn 0.4648461 -0.4271324 0.7755488
vn 0.4377604 0.6667597 0.5949533
vn 0.4883646 0.7025666 0.5175906
vn 0.3871562 0.6309526 0.672316
vn 0.4411005 -0.5136488 0.7359315
vn 0.6196821 0.6060441 0.4705495
vn 0.6930212 0.6424494 0.3270786
vn 0.5463429 0.5696388 0.6140203
vn 0.4118983 -0.5968577 0.6885492
vn 0.4111384 -0.5973001 0.6886202
vn 0.4126582 -0.5964152 0.6884781
vn 0.5670653 0.5636908 0.6005744
vn 0.3836827 0.5648109 0.7305998
vn 0.5121908 0.5761791 0.6369287
vn 0.6796469 0.6672933 0.3046306
vn 0.380734 -0.6729141 0.6342104
vn 0.3827912 -0.6719037 0.6340475
vn 0.3786768 -0.6739246 0.6343732
vn 0.3016816 0.4987385 0.8065538
vn 0.2527421 0.4353536 0.8640535
vn 0.3506211 0.5621233 0.7490542
vn 0.2787462 -0.7738847 0.5649769
vn 0.2173471 -0.7946416 0.5668375
vn 0.3401452 -0.7531276 0.5631163
vn 0.3222505 0.5283092 0.7723484
vn 0.3929353 0.6154276 0.6832647
vn 0.2515657 0.4411909 0.8614321
vn -0.2660126 -0.9121521 0.3117945
vn -0.08736478 -0.9562979 0.2790369
vn -0.2859953 -0.9252262 0.2493253
vn 0.06229506 -0.9509376 0.303046
vn 0.4741545 0.3568575 0.8047862
vn 0.4802996 0.3646821 0.7976961
vn 0.4680095 0.3490329 0.8118762
vn -0.06613789 -0.9364447 0.3445244
vn 0.4117754 -0.889259 0.1991467
vn 0.4992925 0.2446822 0.8311654
vn 0.4985919 0.2437877 0.8318495
vn 0.4999931 0.2455767 0.8304812
vn 0.8133938 -0.5354337 0.2273792
vn 0.6592811 -0.6456936 0.3852638
vn 0.508552 0.146552 0.8484676
vn 0.0691684 0.9891764 0.1294049
vn 0.3840618 -0.8581874 0.3406037
vn 0.5994238 -0.7645904 0.2368384
vn 0.5134847 0.04901132 0.8566979
vn 0.4566555 0.2863835 0.8412652
vn 0.4219214 0.2788148 0.8626961
vn 0.4913896 0.2939523 0.8198343
vn 0.0910664 -0.9934193 -0.04263151
vn 0.03893453 -0.9988899 -0.0265155
vn 0.1431983 -0.9879488 -0.05874752
vn 0.5134847 -0.04901111 0.8566979
vn 0.2200021 0.857455 0.4651557
vn 0.4026169 -0.3365309 0.8512617
vn 0.2524835 0.793461 0.553691
vn 0.2465176 0.7903038 0.5609357
vn 0.2584494 0.7966181 0.5464462
vn 0.3865907 -0.4271325 0.8173772
vn 0.2443712 0.6876468 0.680742
vn 0.2056772 0.6599671 0.7225927
vn 0.2830652 0.7153265 0.6388913
vn 0.3668424 -0.5136487 0.7756234
vn 0.1223046 0.6697833 0.7262387
vn 0.06370419 0.6200729 0.7819535
vn 0.1809051 0.7194936 0.6705239
vn 0.3427733 -0.5973016 0.7250773
vn 0.4755276 0.6946231 0.539789
vn 0.3206552 0.5683659 0.7577205
vn 0.3129963 -0.6736022 0.6695364
vn 0.3095992 -0.6752579 0.6694588
vn 0.3163934 -0.6719465 0.669614
vn 0.4758011 0.3490301 0.7918474
vn 0.3924077 0.2528238 0.8843621
vn 0.5591944 0.4452364 0.6993326
vn -0.1833823 -0.8647649 0.467496
vn -0.5825065 -0.7590752 0.2906734
vn 0.2527368 -0.7959998 0.5500075
vn 0.3203962 0.6007113 0.7321289
vn 0.3092066 0.5888571 0.746752
vn 0.3315857 0.6125655 0.7175057
vn -0.6727933 -0.7237625 0.1153097
vn -0.7408907 -0.6684679 0.06505091
vn -0.6046959 -0.779057 0.1655684
vn 0.3706095 0.3778118 0.8481723
vn 0.3832613 0.392224 0.8362243
vn 0.3579576 0.3633997 0.8601203
vn -0.06439689 -0.6903455 0.7206081
vn 0.170823 -0.7003934 0.693014
vn -0.08065618 -0.7161275 0.6932935
vn -0.5168197 -0.5679051 0.6406099
vn 0.4089043 0.249004 0.877913
vn 0.4134932 0.2543541 0.8742582
vn 0.4043153 0.2436539 0.8815678
vn 0.08379221 -0.6465163 0.7582846
vn -0.258725 -0.7246261 0.6387318
vn 0.4229386 0.1465517 0.8942289
vn 0.05615143 0.9891764 0.1355614
vn -0.3693715 -0.6582439 0.6550917
vn -0.4005619 -0.6474807 0.64832
vn -0.3381811 -0.6690071 0.6618633
vn 0.4270412 0.04901145 0.9029029
vn 0.2848914 0.2532883 0.9244901
vn 0.5220571 0.2534551 0.8143812
vn 0.3278932 0.2537379 0.9100016
vn 0.4106656 0.2782882 0.8682795
vn -0.2818048 -0.9173015 0.2813254
vn 0.02941063 -0.9695343 0.2431836
vn -0.5645472 -0.7723864 0.2910426
vn 0.4270412 -0.04901124 0.9029029
vn -0.2429266 0.7884151 0.5650214
vn -0.2344171 0.7947339 0.5598629
vn -0.251436 0.7820964 0.5701798
vn -0.0376318 -0.9991293 0.01801211
vn -0.07669596 -0.996976 -0.01250922
vn 0.4229386 -0.1465515 0.8942289
vn -0.3612282 0.7844454 -0.4895137
vn -0.2671316 0.7807938 -0.5648023
vn -0.4553249 0.7880969 -0.4142251
vn 0.4147707 -0.2427091 0.8769593
vn 0.1759296 0.6470113 0.7414795
vn 0.1590298 0.6351371 0.7558507
vn 0.1928294 0.6588856 0.7271083
vn 0.2890515 -0.5136487 0.8078454
vn 0.2005044 0.6584376 0.7228643
vn 0.2407073 0.6862842 0.6863482
vn 0.1603015 0.6305909 0.7593804
vn 0.2701496 -0.5973448 0.7551148
vn 0.138764 0.6662372 0.7199516
vn 0.05062169 0.5990778 0.799089
vn 0.2269063 0.7333967 0.6408141
vn 0.2462588 -0.6762325 0.6943055
vn 0.2440591 -0.6773126 0.6940337
vn 0.2484586 -0.6751524 0.6945772
vn 0.1451429 0.2864534 0.9450359
vn 0.1855356 0.328776 0.9260036
vn 0.1047502 0.2441308 0.9640682
vn 0.1378544 -0.9719973 0.1623682
vn 0.2317715 -0.9542049 0.1891426
vn 0.04393719 -0.9897898 0.1355939
vn 0.104213 0.5184278 0.8449813
vn 0.05569221 0.4671979 0.8823969
vn 0.1527338 0.5696579 0.8075656
vn -0.2636036 -0.9562718 -0.1267172
vn -0.1537852 -0.9539274 -0.2576287
vn -0.1891162 -0.9709664 -0.1464897
vn 0.1740909 -0.9821907 0.07066595
vn 0.1645569 0.4725024 0.8504465
vn 0.2677324 0.5726931 0.7748173
vn 0.06138153 0.3723117 0.9260757
vn 0.01738166 -0.4951188 0.8686514
vn 0.2763463 -0.4619396 0.84276
vn -0.2427794 -0.4942169 0.8347501
vn 0.3205354 0.2591148 0.9110795
vn 0.3249477 0.2638961 0.9081673
vn 0.3161232 0.2543334 0.9139916
vn -0.4256041 -0.7198636 0.5483225
vn -0.15702 -0.7709452 0.6172423
vn 0.3332525 0.1465517 0.9313782
vn 0.04259367 0.9891764 0.1404125
vn -0.4888386 -0.6220776 0.5978512
vn -0.6008738 -0.5811647 0.5488153
vn -0.3768034 -0.6629905 0.6468871
vn 0.3364848 0.04901155 0.9404126
vn 0.7514412 0.2558931 0.6081569
vn 0.5593035 0.2508858 0.790086
vn -0.3942578 -0.762046 0.51366
vn -0.109154 -0.8343806 0.5402724
vn -0.6449726 -0.6232421 0.4422439
vn 0.3364848 -0.04901132 0.9404126
vn 0.5812855 0.7521759 0.3103845
vn 0.3809407 0.759636 0.5271026
vn 0.7309652 0.6791557 0.06661314
vn 0.05000478 -0.9975402 0.04912118
vn -0.1406232 -0.9881579 0.06139233
vn 0.3332525 -0.1465514 0.9313782
vn -0.1111042 0.786189 -0.599416
vn -0.1976293 0.8098553 -0.5523377
vn -0.02457917 0.7625228 -0.6464942
vn 0.3268165 -0.2427091 0.9133911
vn 0.1725662 0.8571928 0.4852217
vn 0.1717829 0.8569306 0.4859635
vn 0.1733495 0.857455 0.48448
vn 0.3172399 -0.3365307 0.8866261
vn 0.1808287 0.7774279 0.601374
vn 0.1569217 0.7651288 0.6244624
vn 0.2047358 0.7897271 0.5782857
vn 0.3046123 -0.4271325 0.8513337
vn 0.09337787 0.5484376 0.8251052
vn 0.02110082 0.4967928 0.8676125
vn 0.1656549 0.6000824 0.7825979
vn 0.170322 -0.6816978 0.7114587
vn 0.1613276 -0.6861227 0.7093722
vn 0.1793164 -0.677273 0.7135453
vn 0.1119994 0.3845667 0.9109465
vn 0.183137 0.4440213 0.8771008
vn 0.0408619 0.325112 0.9447922
vn -0.1388799 -0.9570896 0.1580719
vn -0.3200087 -0.9443612 0.07600262
vn 0.04224885 -0.9698181 0.2401411
vn 0.1566376 0.4682831 0.8689677
vn 0.1341614 0.4492775 0.8832612
vn 0.1791139 0.4872886 0.8546742
vn 0.2362101 -0.9625024 -0.1333937
vn -0.08293875 -0.9588952 -0.271369
vn 0.1588452 0.5929227 0.7879131
vn 0.1923594 0.6179418 0.7623291
vn 0.125331 0.5679037 0.8134971
vn 0.3143371 -0.5057037 0.8006891
vn 0.2574119 -0.5390304 0.8019884
vn 0.3712623 -0.4723771 0.7993898
vn 0.2350871 0.2634279 0.9355954
vn 0.2344416 0.2627683 0.9359433
vn 0.2357327 0.2640875 0.9352475
vn 0.06417035 -0.9155304 0.3696275
vn -0.07825142 -0.9339616 0.3487009
vn 0.2065921 -0.8970993 0.3905542
vn 0.2403568 0.1465518 0.9595578
vn 0.03569473 0.9891507 0.1425013
vn -0.3539971 -0.7795866 0.5166534
vn -0.3161754 -0.7218806 0.615566
vn -0.3727051 -0.8037803 0.4637111
vn -0.03049153 -0.8461428 0.5320832
vn 0.2426883 0.04901148 0.9688654
vn 0.6979967 0.336454 0.6321386
vn 0.9608083 0.2202725 0.1683074
vn 0.2273863 0.3524706 0.9077774
vn -0.2941701 -0.6900245 0.6613094
vn 0.05104848 -0.7139342 0.6983494
vn 0.2426883 -0.04901125 0.9688654
vn 0.9302284 0.358754 0.03281286
vn 0.9168262 0.3878153 0.09502092
vn 0.9436305 0.3296928 -0.02939519
vn 0.1331316 -0.9898395 0.04993576
vn 0.02012535 -0.9980454 0.05916332
vn 0.2403568 -0.1465515 0.9595578
vn 0.2313857 0.8077698 -0.5421886
vn -0.09260567 0.9245238 -0.3697024
vn 0.5210502 0.5711805 -0.6342394
vn 0.2357146 -0.2427092 0.9410264
vn 0.12353 0.8563349 0.5014236
vn 0.1217967 0.8557975 0.5027683
vn 0.1252634 0.8568723 0.5000789
vn 0.2288073 -0.3365307 0.9134518
vn 0.1490527 0.7633667 0.6285166
vn 0.1456799 0.7617751 0.6312497
vn 0.1524255 0.7649583 0.6257836
vn 0.2196998 -0.4271323 0.8770918
vn 0.226087 0.6637053 0.7093556
vn 0.2773277 0.6915283 0.6669917
vn 0.1748462 0.6358824 0.7517195
vn 0.2084767 -0.5136491 0.8322872
vn 0.2211187 0.6514594 0.7211838
vn 0.1634031 0.6189609 0.7682362
vn 0.2788342 0.6839579 0.6741313
vn 0.1951932 -0.5971115 0.778047
vn 0.1955125 -0.5969226 0.7781119
vn 0.1948739 -0.5973005 0.7779821
vn 0.3497618 0.49978 0.7836426
vn 0.4281681 0.5533005 0.7145143
vn 0.2713556 0.4462595 0.852771
vn 0.1038037 -0.9683635 0.226929
vn 0.6235772 -0.6371379 0.4529974
vn 0.03591266 -0.9648505 0.2603339
vn -0.2790145 -0.9570576 0.07868713
vn 0.2840486 0.4864244 0.8011173
vn 0.152513 0.3802509 0.912222
vn 0.4155843 0.592598 0.6900125
vn 0.4623262 -0.4309814 0.7677015
vn 0.5332997 -0.3528444 0.7688252
vn 0.3913526 -0.5091184 0.7665777
vn 0.150557 0.2549085 0.9550941
vn 0.1421951 0.2467081 0.9586008
vn 0.1589189 0.2631088 0.9515874
vn 0.3855847 -0.9144371 0.1230002
vn 0.1350882 -0.988718 0.06471321
vn 0.6084489 -0.7746246 0.1724725
vn 0.1451465 0.1465522 0.9784963
vn -0.06056019 0.9800267 0.1688227
vn -0.1426756 0.9709027 0.1923315
vn 0.02155522 0.9891507 0.1453138
vn -0.006116815 -0.958046 0.2252121
vn -0.180783 -0.9637798 0.1960765
vn 0.1685494 -0.9523121 0.2543477
vn 0.1465541 0.04901103 0.9879877
vn -0.06840006 0.5469689 0.8343538
vn 0.397588 0.5565841 0.7294778
vn -0.06509597 0.5470837 0.8345428
vn -0.0009375915 0.5626039 0.826726
vn 0.06257581 -0.6890841 0.7219746
vn 0.2107792 -0.6790231 0.7032067
vn 0.08925982 -0.6891778 0.7190734
vn -0.08404984 -0.6982442 0.7109083
vn 0.1465541 -0.0490108 0.9879877
vn 0.1506245 0.9139628 0.3768078
vn 0.4874269 0.8548744 0.1777772
vn -0.2097567 0.8299791 0.5168527
vn 0.1788085 -0.982308 0.04651948
vn 0.2088785 -0.9768205 0.04681284
vn 0.1487386 -0.9877955 0.04622613
vn 0.1451465 -0.146552 0.9784963
vn 0.09708057 0.9163584 -0.3514886
vn -0.04026531 0.9616107 -0.2714467
vn 0.2344265 0.871106 -0.4315305
vn 0.1423431 -0.2427092 0.9595992
vn 0.07328811 0.8548946 0.5135888
vn 0.07063978 0.8541201 0.515256
vn 0.07593645 0.8556692 0.5119216
vn 0.1381722 -0.3365307 0.9314803
vn 0.1099698 0.7692777 0.6288203
vn 0.1306332 0.7779281 0.6146241
vn 0.08930635 0.7606274 0.6430165
vn 0.1326724 -0.4271323 0.8944026
vn 0.1247223 0.6873767 0.7150905
vn 0.1060411 0.6776344 0.7277135
vn 0.1434036 0.6971189 0.7024675
vn 0.125895 -0.513649 0.8487138
vn 0.04205982 0.573343 0.81321
vn -0.02787017 0.5281019 0.8487235
vn 0.1119898 0.618584 0.7776965
vn 0.1179122 -0.596774 0.7936985
vn 0.1180985 -0.5966609 0.7937559
vn -0.01162858 0.5027028 0.864224
vn 0.001026191 0.5118969 0.8590462
vn -0.02428336 0.4935086 0.8694018
vn 0.001808234 -0.7283517 0.6741811
vn -0.1034581 -0.7709096 0.628486
vn 0.1070745 -0.6857939 0.7198762
vn 0.1258269 0.5240894 0.8263967
vn 0.2420676 0.6117435 0.753109
vn 0.009586298 0.4364354 0.8996845
vn -0.2268076 -0.9720594 0.01868799
vn -0.2757812 -0.9611738 -0.009465515
vn -0.177834 -0.982945 0.04684149
vn 0.04976403 0.2447651 0.9682997
vn 0.04760076 0.2427073 0.968931
vn 0.05192729 0.2468229 0.9676683
vn 0.281882 -0.9460775 -0.1596239
vn 0.3511955 -0.9239075 -0.1518441
vn 0.3424436 -0.9264068 -0.1565332
vn 0.6657339 -0.7461862 0.002130215
vn 0.04853804 0.1465525 0.9880113
vn -0.1068896 0.9667507 0.1997276
vn -0.2226099 0.9498295 0.2197012
vn 0.008830823 0.9836718 0.1797541
vn 0.07836602 -0.9606591 0.2664447
vn 0.3290615 -0.8890848 0.3181928
vn -0.177866 -0.9643638 0.1958725
vn 0.04900878 0.04901068 0.9975951
vn 0.8088609 0.4226524 0.4087897
vn 0.4006307 0.5557454 0.7284518
vn 0.3157365 -0.6994805 0.641122
vn 0.3303013 -0.657041 0.6776416
vn 0.04900878 -0.04901044 0.9975951
vn 0.6866489 0.6667049 0.2047637
vn 0.5483506 0.7773345 0.3083222
vn 0.8249472 0.5560753 0.1012052
vn 0.2311085 -0.968093 0.06140271
vn 0.3035023 -0.9503275 0.0690216
vn 0.1587148 -0.9858584 0.05378382
vn 0.04853804 -0.1465522 0.9880113
vn 0.2242827 0.9446154 -0.2395806
vn -0.00600725 0.9924772 -0.1222813
vn 0.4390784 0.8314964 -0.340329
vn 0.04760054 -0.2427092 0.9689306
vn 0.02555722 0.8539163 0.5197824
vn 0.04620581 -0.3365304 0.9405383
vn 0.002240294 0.7652 0.6428484
vn -0.02644735 0.7525961 0.6579511
vn 0.03092794 0.7778037 0.6277458
vn 0.04436643 -0.4271327 0.9030998
vn -0.1383097 0.5882213 0.7829614
vn -0.2538206 0.5058967 0.824405
vn -0.02279884 0.6705458 0.7415177
vn 0.04209962 -0.5136489 0.856967
vn -0.2490197 0.494526 0.8327131
vn -0.2455433 0.4975605 0.8319507
vn -0.2524962 0.4914916 0.8334756
vn 0.03830016 -0.5973166 0.8010893
vn 0.03722355 -0.5979934 0.8006362
vn 0.03937677 -0.5966399 0.8015424
vn -0.1245182 0.5813505 0.7871497
vn -0.005179731 0.6801257 0.7330772
vn -0.2438567 0.4825754 0.8412222
vn 0.07620358 -0.7559648 0.6474878
vn 0.1238605 -0.7307971 0.6712631
vn 0.02854666 -0.7811324 0.6237124
vn 0.05614535 0.6613489 0.7433753
vn 0.1117659 0.7050446 0.7003003
vn 0.0005248207 0.6176533 0.7864503
vn 0.198924 -0.9693435 -0.05790734
vn 0.3182966 -0.947975 -0.005538181
vn 0.07955147 -0.9907121 -0.1102765
vn 0.09723482 0.6013091 0.792051
vn 0.06771273 0.5812709 0.8108878
vn 0.1267569 0.6213473 0.7732141
vn 0.8216848 -0.3581938 0.4433185
vn 0.5665709 -0.657218 0.4970529
vn 0.06506674 0.3691085 0.9268715
vn 0.05013325 0.3559991 0.9331405
vn 0.08000023 0.382218 0.9206027
vn 0.6630852 -0.2760568 0.6957806
vn 0.3911619 -0.5915197 0.7050508
vn 0.6716254 -0.2703207 0.6898159
vn 0.6860722 -0.2365607 0.688
vn -0.04900878 0.04901073 0.9975951
vn -0.5985321 0.5697185 0.5403319
vn -0.7222794 0.4794039 0.4984821
vn -0.4747849 0.6600332 0.5821817
vn 0.4188712 -0.7022187 0.5757046
vn 0.4691462 -0.6480709 0.5999216
vn -0.04900878 -0.04901049 0.9975951
vn -0.1357326 0.9864493 0.09216463
vn 0.3079793 0.950541 0.04025415
vn -0.1183698 0.9777195 0.1733579
vn -0.7800073 0.604238 0.1627423
vn 0.4004754 -0.9107848 0.07876036
vn 0.4561029 -0.8852915 0.09071431
vn 0.3448479 -0.9362781 0.06680641
vn -0.04853803 -0.1465524 0.9880113
vn 0.2941107 0.9555447 -0.02081533
vn -0.005281417 0.9941905 0.1075048
vn -0.04760054 -0.2427089 0.9689306
vn -0.02444359 0.854094 0.5195425
vn -0.02334258 0.8543846 0.5191165
vn -0.0255446 0.8538033 0.5199686
vn -0.04620581 -0.3365307 0.9405382
vn -0.06983967 0.7341819 0.6737399
vn -0.1097441 0.7159285 0.6894944
vn -0.02993523 0.7524354 0.6579854
vn -0.04436673 -0.4271328 0.9030997
vn -0.1931753 0.4707437 0.8553821
vn -0.2700773 0.4133894 0.8695788
vn -0.1162733 0.5280979 0.8411855
vn -0.04210024 -0.5136489 0.856967
vn -0.223258 0.5333344 0.8133417
vn -0.1734587 0.5727873 0.8011409
vn -0.2730572 0.4938816 0.8255426
vn -0.03887624 -0.5975934 0.8008559
vn -0.03842094 -0.5972932 0.8011021
vn -0.03933154 -0.5978937 0.8006098
vn -0.07245696 0.7489698 0.6417524
vn 0.03283488 0.822468 0.5678628
vn -0.1777488 0.6754715 0.715642
vn 0.02288588 -0.702677 0.7075848
vn 0.07798868 -0.6699971 0.7382558
vn -0.03221693 -0.7353569 0.6769138
vn 0.05629709 0.725879 0.6845487
vn 0.08263291 0.7419838 0.6653059
vn 0.02996128 0.7097743 0.7037917
vn 0.5592781 -0.7951574 0.2343771
vn 0.8506197 -0.3738475 0.3697082
vn 0.1109491 -0.9932694 0.03325707
vn 0.02964235 0.5400659 0.8378128
vn -0.02671976 0.5003139 0.8654317
vn 0.08600446 0.5798179 0.810194
vn 0.7966607 -0.4256887 0.4179457
vn 0.7517532 -0.511834 0.4158042
vn 0.8415682 -0.3395434 0.4200873
vn -0.03781576 0.3495003 0.9361058
vn -0.04610254 0.342347 0.9384418
vn -0.02952899 0.3566536 0.9337698
vn 0.06618861 -0.7885858 0.6113521
vn 0.4023114 -0.5879049 0.7017928
vn -0.04760056 0.2427069 0.9689311
vn 0.6789021 -0.7341317 0.01193887
vn 0.4072487 -0.9011894 -0.1483443
vn -0.04853803 0.1465526 0.9880113
vn -0.2716156 0.9315867 0.241601
vn -0.5131572 0.8237777 0.2409564
vn -0.01107025 0.9742168 0.225342
vn 0.6399045 -0.7326483 0.2154412
vn 0.581057 -0.7906586 0.1929555
vn 0.698752 -0.6746381 0.2379268
vn -0.1451462 -0.1465522 0.9784963
vn 0.02684068 0.9906364 0.124736
vn -0.02026412 0.9904177 0.1366094
vn 0.07394547 0.9908552 0.1128626
vn -0.1423428 -0.2427086 0.9595994
vn -0.07524088 0.8546023 0.5138019
vn -0.07422464 0.854861 0.5135206
vn -0.07625712 0.8543437 0.5140833
vn -0.1381719 -0.3365311 0.9314802
vn -0.06475799 0.7300559 0.6791537
vn -0.02928327 0.7437574 0.6678079
vn -0.1002327 0.7163545 0.6904995
vn -0.132672 -0.4271328 0.8944024
vn -0.03641566 0.4294922 0.9018698
vn -0.01111331 0.4426574 0.8966219
vn -0.06171801 0.4163269 0.9071177
vn -0.125895 -0.5136488 0.8487139
vn 0.03511323 0.5683035 0.8208318
vn 0.07480378 0.5850677 0.8075272
vn -0.004577323 0.5515392 0.8341363
vn -0.1169913 -0.5967747 0.7938337
vn -0.1162977 -0.596289 0.794301
vn -0.117685 -0.5972605 0.7933663
vn 0.05923161 0.7909583 0.6047001
vn 0.004194504 0.7652374 0.6437345
vn 0.1142687 0.8166792 0.5656657
vn -0.1026912 -0.6746339 0.7309561
vn -0.09888167 -0.6723512 0.7335981
vn -0.1065008 -0.6769166 0.7283142
vn -0.03871034 0.7239364 0.6872171
vn -0.07681554 0.7047012 0.7053336
vn -0.0006051378 0.7431716 0.6691006
vn -0.02145395 -0.7616403 0.6431904
vn 0.03645174 -0.7310159 0.6813861
vn -0.07935964 -0.7922647 0.6049948
vn -0.1125213 0.4891061 0.8646914
vn -0.1286634 0.4772356 0.8693054
vn -0.09637927 0.5009767 0.8600774
vn 0.1009707 -0.8017065 0.5861542
vn 0.1474285 -0.7764983 0.6126298
vn 0.05451293 -0.8269147 0.5596787
vn -0.1376911 0.3422975 0.9294479
vn 0.05329878 -0.8184105 0.5605426
vn -0.04104986 -0.859336 0.5097611
vn 0.1476474 -0.777485 0.6113242
vn -0.1423429 0.2427066 0.9595999
vn 0.4305353 -0.8891922 0.1548433
vn 0.7281451 -0.5919385 0.3455626
vn 0.04108995 -0.9967766 -0.06890487
vn -0.1451462 0.1465524 0.9784963
vn -0.236904 0.9171184 0.3205779
vn -0.4349694 0.8562586 0.2786085
vn -0.2874438 0.907705 0.305692
vn -0.04879 0.9430984 0.3289146
vn 0.6740631 -0.7180349 0.1363421
vn 0.6084312 -0.7885463 0.08947751
vn 0.739695 -0.6475235 0.1832068
vn -0.1465544 0.04901089 0.9879877
vn -0.4685792 0.6104167 0.6386117
vn -0.4816506 0.5833285 0.6540187
vn -0.4359817 0.6189138 0.6533495
vn -0.4087587 0.6410993 0.6495445
vn 0.3787393 -0.7231057 0.5776457
vn 0.4484474 -0.6925176 0.565079
vn -0.1465544 -0.04901066 0.9879877
vn -0.1937272 0.9619433 -0.1927039
vn 0.09826913 0.9536452 -0.2844362
vn -0.2941681 0.932892 -0.2077922
vn -0.4812703 0.8630866 -0.1531676
vn 0.5330235 -0.8404691 0.09669415
vn 0.5426528 -0.8339527 0.1002531
vn 0.5233942 -0.8469854 0.09313524
vn -0.2288076 -0.336531 0.9134516
vn -0.1055466 0.7659901 0.6310656
vn -0.04744466 0.7844123 0.6184224
vn -0.1636486 0.7475681 0.6437088
vn -0.2196997 -0.4271329 0.8770915
vn 0.1302595 0.5339241 0.8354384
vn 0.362094 0.5733145 0.7349818
vn -0.1100926 0.4596203 0.8812655
vn -0.2084771 -0.5136489 0.8322872
vn 0.2325226 0.4652271 0.8464433
vn 0.1265317 0.447857 0.8851066
vn 0.3385134 0.4825971 0.80778
vn -0.1943299 -0.5957431 0.7793105
vn -0.1936031 -0.5951946 0.7799109
vn -0.1950568 -0.5962915 0.77871
vn -0.1180615 0.6264285 0.770486
vn -0.458884 0.3787153 0.8037413
vn 0.24385 0.7622443 0.5996005
vn -0.1782563 -0.6726567 0.7181627
vn -0.318122 0.7286812 0.5914913
vn -0.2068 0.7985462 0.5652942
vn -0.429444 0.6588163 0.6176884
vn -0.1610803 -0.7409667 0.6519362
vn -0.1605432 -0.740681 0.6523936
vn -0.1616173 -0.7412525 0.6514788
vn -0.2417644 0.5012303 0.8296818
vn -0.206674 0.5273798 0.8241094
vn -0.2768548 0.4750808 0.8352542
vn -0.1407787 -0.804215 0.5774239
vn -0.1399928 -0.8038878 0.5780712
vn -0.1415646 -0.8045421 0.5767767
vn -0.2283919 0.34231 0.911406
vn -0.1129721 -0.8587168 0.4997777
vn -0.1067877 -0.8567578 0.5045418
vn -0.1191566 -0.860676 0.4950137
vn -0.2357151 0.2427066 0.941027
vn 0.0490908 -0.9124394 0.3836178
vn 0.1568417 -0.8768905 0.4543826
vn -0.05866013 -0.9479883 0.3128529
vn -0.2403566 0.1465522 0.9595578
vn -0.4307099 0.8694277 0.2420422
vn -0.5453182 0.8066986 0.2277398
vn 0.324578 -0.9384677 0.06267471
vn 0.4042148 -0.9074572 0.114594
vn 0.2449413 -0.9694782 0.01075544
vn -0.2426881 0.04901087 0.9688655
vn -0.3862032 0.5993744 0.70114
vn -0.4379107 0.5938463 0.6749672
vn 0.235948 -0.8310044 0.5037459
vn 0.3647092 -0.7281586 0.5803207
vn -0.2426881 -0.04901064 0.9688655
vn 0.2790529 0.910952 -0.3038023
vn -0.004751391 0.9518795 -0.3064353
vn 0.5202638 -0.8488832 0.08797284
vn 0.4963502 -0.8648386 0.07543591
vn 0.5441775 -0.8329277 0.1005098
vn -0.2403566 -0.146552 0.9595578
vn 0.04260671 0.9768553 0.1870419
vn -0.05073242 0.9779599 0.2025349
vn 0.1359458 0.9757507 0.1715489
vn -0.235715 -0.2427086 0.9410266
vn -0.1273149 0.8545178 0.5035757
vn -0.1285435 0.85421 0.5037873
vn -0.1260862 0.8548256 0.503364
vn -0.2890518 -0.5136489 0.8078451
vn -0.1285511 0.5438511 0.8188021
vn -0.008243822 0.5945557 0.8040121
vn -0.2488584 0.4931465 0.8335922
vn -0.2707083 -0.5952353 0.756579
vn -0.1237551 0.355974 0.92305
vn -0.1909695 0.3185768 0.9284607
vn -0.05654072 0.3933713 0.9176394
vn -0.2481171 -0.6718572 0.697884
vn -0.2469577 -0.6710365 0.6990864
vn -0.2492766 -0.672678 0.6966817
vn -0.1505166 0.7637023 0.6215419
vn -0.228987 0.7300518 0.6438861
vn -0.07204621 0.7973528 0.5991976
vn -0.2241413 -0.7411453 0.6328218
vn -0.2247221 -0.7414833 0.6322202
vn -0.2235605 -0.7408073 0.6334234
vn -0.2832764 0.5299177 0.7993241
vn -0.2793704 0.5326076 0.798925
vn -0.2871825 0.5272278 0.7997231
vn -0.1984119 -0.8037049 0.5609726
vn -0.1977812 -0.8034186 0.5616059
vn -0.1990425 -0.8039911 0.5603395
vn -0.35813 0.30026 0.8817666
vn -0.4056839 0.2579634 0.8768554
vn -0.310576 0.3425566 0.8866777
vn -0.1704546 -0.8573462 0.485698
vn -0.1706326 -0.857406 0.4855299
vn -0.3630219 0.2815045 0.8861952
vn -0.3189227 0.3222132 0.8913287
vn -0.407121 0.2407958 0.8810618
vn -0.1235191 -0.9111302 0.3929301
vn -0.1131899 -0.9087211 0.4017635
vn -0.1338483 -0.9135394 0.3840967
vn -0.3332524 0.1465527 0.931378
vn -0.3957522 0.8897689 0.2273576
vn -0.5336289 0.8249314 0.1863551
vn 0.3104734 -0.9259092 0.2151704
vn 0.5511906 -0.7314913 0.4013843
vn 0.02926474 -0.9995713 0.0008942407
vn -0.3364848 0.04901076 0.9404126
vn -0.4595346 0.6039025 0.6512524
vn -0.4204224 0.5973567 0.682942
vn 0.0195045 -0.9229758 0.3843631
vn 0.2570374 -0.824111 0.5047501
vn -0.3364848 -0.04901054 0.9404126
vn 0.1549812 0.919867 -0.3563742
vn 0.2073212 0.9136305 -0.34971
vn 0.1026412 0.9261035 -0.3630385
vn 0.2907086 -0.9435518 0.04791694
vn 0.4162842 -0.9011525 0.1209608
vn 0.165133 -0.9859511 -0.02512693
vn -0.3332524 -0.1465524 0.931378
vn -0.04376395 0.9746401 0.2167271
vn -0.0781702 0.9727075 0.2184708
vn -0.009357706 0.9765728 0.2149834
vn -0.3268169 -0.2427085 0.9133911
vn -0.1748672 0.8541631 0.489721
vn -0.1744996 0.8542538 0.4896939
vn -0.1752349 0.8540723 0.4897481
vn -0.3172401 -0.3365309 0.886626
vn -0.1905814 0.7963476 0.5738263
vn -0.1761059 0.8008944 0.5723239
vn -0.205057 0.7918007 0.5753287
vn -0.3046122 -0.4271329 0.8513336
vn -0.1986933 0.7190371 0.6658632
vn -0.1879249 0.7229993 0.6647978
vn -0.2094617 0.7150749 0.6669285
vn -0.3169705 -0.6711127 0.6701772
vn -0.087264 0.5266732 0.8455768
vn -0.3946726 0.3288457 0.8579592
vn -0.09220653 0.5039996 0.8587678
vn -0.07083559 0.5024758 0.8616846
vn -0.2861177 -0.7409889 0.6075116
vn -0.2853582 -0.7404941 0.6084728
vn -0.2868771 -0.7414836 0.6065505
vn -0.455097 0.4486385 0.7571867
vn -0.5599666 0.3643181 0.7441167
vn -0.3502273 0.5329588 0.7702568
vn -0.2518485 -0.8031347 0.5399494
vn -0.2511011 -0.8027551 0.5408627
vn -0.2525958 -0.8035144 0.539036
vn -0.650526 0.1576515 0.7317761
vn -0.7253468 0.06430157 0.6853738
vn -0.5757053 0.2510015 0.7781784
vn -0.2174781 -0.8578917 0.4655336
vn -0.2186801 -0.8583365 0.4641522
vn -0.2162761 -0.8574468 0.4669149
vn -0.5502545 0.4435678 0.671401
vn -0.3886715 0.5934439 0.704811
vn -0.7118374 0.2936917 0.6379911
vn -0.1685712 -0.9074253 0.3847221
vn -0.1601658 -0.9052781 0.3934697
vn -0.1769766 -0.9095725 0.3759746
vn -0.445565 0.1729093 0.8775361
vn -0.418927 0.1998819 0.8857468
vn -0.4722029 0.1459367 0.8693255
vn -0.3381421 0.9083718 0.2460092
vn -0.4361474 0.8763343 0.2044834
vn 0.08543409 -0.9129872 0.3365583
vn 0.2410665 -0.8494785 0.4693326
vn -0.07019835 -0.9764959 0.2037839
vn -0.4270416 0.04901048 0.9029028
vn -0.615361 0.5666538 0.5479363
vn -0.5176045 0.5958564 0.6140363
vn 0.09928849 -0.9131386 0.344993
vn -0.05132151 -0.9698532 0.2382245
vn 0.2498985 -0.856424 0.4517616
vn -0.4270416 -0.04901026 0.9029028
vn -0.06225944 0.8935444 -0.4428588
vn -0.1013586 0.8884318 -0.4476776
vn -0.02316033 0.8986571 -0.4380399
vn 0.2110653 -0.9582829 0.08025373
vn 0.3513067 -0.9192266 0.1777804
vn 0.07082393 -0.9973392 -0.01727293
vn -0.4229386 -0.1465527 0.8942288
vn -0.2401156 0.9457835 0.06354371
vn -0.03760346 0.9961249 0.0795057
vn -0.4426276 0.8954421 0.04758174
vn -0.414771 -0.2427085 0.8769593
vn -0.2266334 0.8530865 0.4699584
vn -0.2309384 0.8520064 0.469843
vn -0.2223284 0.8541666 0.4700737
vn -0.4026169 -0.3365307 0.8512618
vn -0.2591742 0.8027062 0.537102
vn -0.2557671 0.8038121 0.5370932
vn -0.2625812 0.8016003 0.5371108
vn -0.3865904 -0.4271328 0.8173771
vn -0.2834574 0.730126 0.6216044
vn -0.2711631 0.7350965 0.6213725
vn -0.2957517 0.7251555 0.6218364
vn -0.3668424 -0.5136489 0.7756231
vn -0.2980326 0.6330659 0.7141906
vn -0.2815755 0.641123 0.7139163
vn -0.3144896 0.6250088 0.714465
vn -0.3435627 -0.5952354 0.7264016
vn -0.07575881 0.4798808 0.8740566
vn -0.3554198 0.3320062 0.8737555
vn -0.3064897 -0.8028623 0.5113472
vn -0.5598601 -0.01927211 0.8188466
vn -0.6349346 -0.1040983 0.7655204
vn -0.4847856 0.06555413 0.8721729
vn -0.262979 -0.8579819 0.441256
vn -0.2621661 -0.8576419 0.4424016
vn -0.2637919 -0.8583219 0.4401105
vn -0.6252635 0.4947744 0.5884075
vn -0.7216244 0.4053628 0.5611945
vn -0.5289025 0.584186 0.6156206
vn -0.2129623 -0.9052406 0.3676533
vn -0.2104157 -0.904525 0.3708902
vn -0.2155089 -0.9059561 0.3644164
vn -0.6217654 0.3574351 0.6968844
vn -0.4658381 0.3389645 0.8173726
vn -0.5683801 0.3579212 0.740835
vn -0.7657387 0.1846957 0.6160614
vn -0.4415267 0.8797545 0.1759959
vn -0.4328229 0.883136 0.180928
vn -0.4502304 0.876373 0.1710639
vn -0.1611787 -0.9422107 0.2936889
vn -0.1594117 -0.9418976 0.2956633
vn -0.1629456 -0.9425238 0.2917145
vn -0.5134851 0.04901015 0.8566977
vn -0.667825 0.5464249 0.5054002
vn -0.6286204 0.5634888 0.5360192
vn -0.1065735 -0.9719046 0.2098623
vn -0.1057421 -0.9718227 0.2106639
vn -0.1074049 -0.9719865 0.2090607
vn -0.5134851 -0.04900995 0.8566977
vn -0.4371209 0.7737672 -0.4584861
vn -0.4794712 0.7799262 -0.4022715
vn -0.4068337 0.7758694 -0.4821958
vn -0.09992886 0.8888788 -0.4471114
vn 0.08049341 -0.9915012 0.06085971
vn 0.1432822 -0.983196 0.113118
vn 0.01770462 -0.9998062 0.008601427
vn -0.508552 -0.1465528 0.8484675
vn -0.5084851 0.7746206 -0.3760395
vn -0.1894202 0.9171533 -0.3506418
vn -0.4987307 -0.2427083 0.8320819
vn -0.4117278 0.8780865 0.2438119
vn -0.1764303 0.9450723 0.2751558
vn -0.6219781 0.7576829 0.1976358
vn -0.4841161 -0.3365304 0.8076997
vn -0.3083838 0.805321 0.5062821
vn -0.3027146 0.8071612 0.5068083
vn -0.314053 0.8034809 0.5057559
vn -0.4648456 -0.4271331 0.7755487
vn -0.3611815 0.7298349 0.5802258
vn -0.3750036 0.7239735 0.5789946
vn -0.3473594 0.7356964 0.581457
vn -0.4411003 -0.5136489 0.7359316
vn -0.5949186 0.5842469 0.5520212
vn -0.8845568 0.3444548 0.3144998
vn -0.6187179 0.5077265 0.5995013
vn -0.4141711 0.6429666 0.6442485
vn -0.4131077 -0.5952356 0.689229
vn -0.865178 0.42362 0.2683525
vn -0.9677796 0.1750487 0.180999
vn -0.3811328 -0.6711128 0.6358816
vn -0.9773669 0.1380851 0.1478213
vn -0.9887265 0.08136905 0.1256942
vn -0.9660073 0.1948012 0.1699484
vn -0.3454781 -0.7405495 0.576395
vn -0.7070661 0.6658611 0.2380892
vn -0.2046367 0.9180504 0.3395691
vn -0.9787565 0.1963794 0.05891299
vn -0.2520616 -0.9044497 0.3441402
vn -0.25114 -0.9041554 0.3455888
vn -0.2529832 -0.9047441 0.3426915
vn -0.587895 0.161341 0.7926843
vn -0.4036746 0.3343502 0.85162
vn -0.1445659 0.9228447 0.3570129
vn 0.1233267 0.8716245 0.4744061
vn -0.3997119 0.8926967 0.2081415
vn -0.1965578 -0.9423353 0.2708668
vn -0.1969164 -0.9424021 0.2703744
vn -0.1961992 -0.9422686 0.2713592
vn -0.5949835 0.04901036 0.8022423
vn -0.4313972 0.5414212 0.7216366
vn -0.3213186 0.5130103 0.7959741
vn -0.380603 0.5364494 0.7532352
vn -0.2347359 0.5502023 0.8013591
vn -0.1353147 -0.9719957 0.1921092
vn -0.1334604 -0.9718219 0.1942948
vn -0.1371691 -0.9721695 0.1899237
vn -0.5949835 -0.04901017 0.8022422
vn -0.1202595 0.9866219 -0.1100622
vn -0.1212331 0.9864664 -0.1103927
vn -0.119286 0.9867774 -0.1097316
vn 0.0131524 -0.9990051 0.03629036
vn 0.02884468 -0.9982222 0.05215583
vn -0.002539889 -0.9997881 0.02042489
vn -0.5892673 -0.1465525 0.7945353
vn -0.1546267 0.9344002 -0.279531
vn -0.3032021 0.8983301 -0.3179173
vn -0.006051404 0.9704702 -0.2411448
vn -0.5778872 -0.2427085 0.7791913
vn -0.3181068 0.9478915 0.01759339
vn -0.02803738 0.9963788 0.08026865
vn -0.5794132 0.8136965 -0.04667265
vn -0.5609537 -0.3365301 0.7563587
vn -0.3405851 0.8033085 0.4883607
vn -0.3539124 0.7991244 0.4859487
vn -0.3272577 0.8074927 0.4907727
vn -0.5386242 -0.4271333 0.7262514
vn -0.4212865 0.7172877 0.5547575
vn -0.4358331 0.7109091 0.551958
vn -0.4067399 0.7236663 0.557557
vn -0.5111099 -0.5136487 0.6891527
vn -0.6635492 0.2873453 0.6772398
vn -0.7572752 0.2078377 0.6191428
vn -0.5698232 0.3668528 0.735337
vn -0.4786747 -0.5952358 0.6454183
vn -0.7908376 0.242951 0.5559626
vn -0.8334077 0.184481 0.5209591
vn -0.7482676 0.301421 0.5909662
vn -0.4416249 -0.6711129 0.5954619
vn -0.7974482 0.2634108 0.5386155
vn -0.7634907 0.3167627 0.5627996
vn -0.8314057 0.210059 0.5144315
vn -0.4003111 -0.7405494 0.5397568
vn -0.700103 0.7122217 -0.05095074
vn -0.8495054 0.5249209 -0.05290174
vn -0.5105102 0.8586364 -0.04607484
vn -0.3551347 -0.8028623 0.4788438
vn -0.9554108 0.03008242 0.277338
vn -0.9451942 0.122999 0.3024552
vn -0.9656275 -0.06283421 0.2522209
vn -0.3060243 -0.8575628 0.4134427
vn -0.3057611 -0.8574341 0.4139044
vn -0.3062874 -0.8576915 0.412981
vn -0.5692414 0.6498897 0.5035945
vn -0.09793326 0.802907 0.5880044
vn -0.8967189 0.3326643 0.2919411
vn -0.1556725 -0.9718633 0.1767643
vn -0.1548406 -0.9717778 0.177967
vn -0.1565045 -0.9719488 0.1755615
vn -0.670752 -0.04901061 0.7400605
vn 0.1611159 0.9519644 0.2603948
vn -0.1424289 0.9806151 0.1345653
vn 0.4471323 0.8197462 0.357895
vn -0.003864076 -0.9994926 0.02960107
vn 0.003137194 -0.9992644 0.03822047
vn -0.01086535 -0.9997208 0.02098167
vn -0.6643082 -0.1465519 0.732951
vn 0.01281183 0.9980035 -0.05930392
vn -0.003506255 0.99783 -0.06574954
vn 0.02912991 0.998177 -0.0528583
vn -0.6514788 -0.2427088 0.7187961
vn -0.06615394 0.9967883 0.03581176
vn -0.0400381 0.9982211 0.04417508
vn -0.09226977 0.9953556 0.02744844
vn -0.6323888 -0.3365301 0.6977334
vn -0.39852 0.8008657 0.4469493
vn -0.3933316 0.8025958 0.4484754
vn -0.4037084 0.7991356 0.4454232
vn -0.607216 -0.4271331 0.6699597
vn -0.5306495 0.6762371 0.5050341
vn -0.5964975 0.6417366 0.4820423
vn -0.4648016 0.7107376 0.5280259
vn -0.5761979 -0.5136488 0.6357365
vn -0.7322789 0.2070354 0.6487586
vn -0.7348058 0.2047601 0.6466326
vn -0.7297522 0.2093108 0.6508845
vn -0.5396318 -0.5952359 0.595392
vn -0.7801769 0.14492 0.6037311
vn -0.8222248 0.09791642 0.5606771
vn -0.738129 0.1919236 0.6467851
vn -0.4978634 -0.671113 0.5493081
vn -0.1933483 0.6727159 0.7141917
vn -0.552348 0.651482 0.5200796
vn -0.2658942 0.6998085 0.6629993
vn -0.7936271 0.3121825 0.5222051
vn -0.4512887 -0.7405494 0.4979206
vn -0.9428846 -0.2111571 0.2576458
vn -0.4437611 -0.37507 -0.8138787
vn -0.09919284 0.2534765 0.9622424
vn -0.4003596 -0.8028623 0.4417287
vn -0.5572794 -0.5383114 -0.6321871
vn -0.9028736 -0.1913271 -0.3849845
vn -0.04397609 -0.7232949 -0.6891376
vn -0.3455561 -0.8574556 0.3812622
vn -0.6306024 0.7656946 -0.1266977
vn -0.4692212 0.8758511 -0.1127663
vn -0.6495549 0.7235925 -0.2334356
vn -0.8143029 0.3321922 -0.4759822
vn -0.2865772 -0.904144 0.3168544
vn -0.2863618 -0.9040624 0.3172821
vn -0.2867926 -0.9042256 0.3164267
vn -0.6578187 0.1540123 0.7371832
vn -0.6643084 0.1465518 0.7329508
vn -0.651329 0.1614728 0.7414155
vn -0.28468 0.9524946 0.1082184
vn 0.07330178 0.9370288 0.341473
vn -0.2236439 -0.9423766 0.2488163
vn -0.2233765 -0.9423196 0.2492726
vn -0.2239114 -0.9424335 0.24836
vn -0.670752 0.04901078 0.7400605
vn -0.1095258 0.4905181 0.8645207
vn -0.2688583 0.5041869 0.820677
vn -0.718796 -0.2427086 0.651479
vn -0.02094333 0.9929188 0.09758107
vn -0.0804584 0.9940868 0.0729231
vn 0.03857173 0.9917508 0.122239
vn -0.6977334 -0.3365305 0.6323885
vn -0.4417283 0.8028629 0.4003589
vn -0.6699599 -0.4271329 0.6072159
vn -0.823705 0.4577158 0.3346736
vn -0.8818048 0.4013843 0.2476104
vn -0.8276354 0.4452021 0.3417816
vn -0.567398 0.6431151 0.514259
vn -0.6357366 -0.5136489 0.5761977
vn -0.8780075 0.4135555 0.2409867
vn -0.737323 0.565895 0.3689411
vn -0.5953921 -0.5952356 0.5396321
vn -0.4881234 0.2566983 0.8341711
vn -0.08107107 0.3718564 0.9247433
vn -0.8038204 0.09349753 0.5874785
vn -0.5493076 -0.6711131 0.4978637
vn -0.9959831 -0.04238095 0.07887643
vn -0.6036753 0.6613295 0.4452183
vn -0.4979205 -0.7405494 0.4512888
vn -0.8978327 -0.4397095 0.02319595
vn -0.8969628 -0.4416474 0.02013433
vn -0.8987026 -0.4377717 0.02625756
vn -0.4417287 -0.8028623 0.4003595
vn -0.9564896 0.1980229 0.2142771
vn -0.8501203 0.3829007 0.3615004
vn -0.9413014 0.2098779 0.2643914
vn -0.9841162 -0.1740318 0.03504676
vn -0.3812623 -0.8574556 0.3455559
vn -0.5873279 0.7566497 -0.2872753
vn -0.4966104 0.8426872 -0.2079816
vn -0.3163977 -0.9039404 0.2877213
vn -0.3161245 -0.9038107 0.2884291
vn -0.3166708 -0.9040701 0.2870136
vn -0.9819216 0.171454 0.01030063
vn -0.9693505 0.241289 0.04625272
vn -0.9944927 0.101619 -0.02565146
vn -0.4760848 0.8445933 -0.2413452
vn -0.4503176 0.8662589 -0.216355
vn -0.5018519 0.8229278 -0.2663354
vn -0.2466035 -0.9422349 0.2266694
vn -0.2461811 -0.9421252 0.227585
vn -0.247026 -0.9423447 0.2257537
vn -0.8607467 0.3953507 0.3206445
vn -0.5485665 0.6722164 0.497192
vn -0.9962327 0.03732755 0.07827514
vn -0.310938 0.7120775 0.6294944
vn 0.01614049 0.788168 0.6152483
vn -0.37563 0.645712 0.6647993
vn -0.8057149 0.5343879 0.2554469
vn -0.172058 -0.971824 0.1611021
vn -0.1718073 -0.9717936 0.161553
vn -0.1723088 -0.9718543 0.1606512
vn -0.7400606 -0.04901102 0.670752
vn 0.08595774 0.8228598 0.5617053
vn -0.2896073 0.8689216 0.4013761
vn -0.01243667 -0.9996179 0.02468447
vn -0.01338474 -0.9996045 0.02473111
vn -0.01503436 -0.999643 0.02208645
vn -0.01493451 -0.9996698 0.02090867
vn -0.732951 -0.1465517 0.6643082
vn 0.1066625 0.9934191 0.04081047
vn 0.1143937 0.9924284 0.04471966
vn 0.09893119 0.9944097 0.03690129
vn -0.7262515 -0.4271326 0.5386246
vn -0.8240883 0.2013171 0.525613
vn -0.8588688 0.1675385 0.4840198
vn -0.789308 0.2350957 0.5672062
vn -0.6891524 -0.5136489 0.5111104
vn -0.6442147 0.6185844 0.4333292
vn -0.5535144 0.6711429 0.493142
vn -0.7349151 0.5660259 0.3735163
vn -0.6454185 -0.5952353 0.478675
vn -0.7290181 0.4827604 0.4636019
vn -0.824521 0.4247979 0.3737806
vn -0.6335151 0.5407229 0.5534232
vn -0.5954616 -0.6711134 0.4416246
vn -0.7487903 0.3733091 0.5476801
vn -0.5507323 0.5766969 0.603419
vn -0.8841742 0.1386752 0.4461
vn -0.5397568 -0.7405494 0.4003111
vn -0.682034 -0.5247465 0.4767617
vn -0.7297551 -0.6028581 0.3225207
vn -0.6343129 -0.4466349 0.6310027
vn -0.4788437 -0.8028624 0.3551346
vn -0.9456497 0.1923298 0.2622133
vn -0.8244939 0.3931917 0.4069522
vn -0.4132969 -0.8574557 0.3065216
vn -0.3757665 0.9066851 0.1802645
vn -0.320796 0.9234223 0.2106681
vn -0.4307371 0.8899478 0.149861
vn -0.3436334 -0.9038108 0.2550336
vn -0.3436742 -0.9038369 0.2548859
vn -0.7069127 0.4204611 0.5687591
vn -0.4826267 0.5891729 0.648033
vn -0.8710742 0.2159882 0.4411108
vn -0.4917666 0.8199083 -0.2623198
vn -0.5601755 0.7508778 -0.3498369
vn -0.4233577 0.8889388 -0.1748026
vn -0.2688182 -0.9420916 0.2004989
vn -0.2686025 -0.9420204 0.2011225
vn -0.2690338 -0.9421628 0.1998752
vn -0.5753755 0.5729986 0.5620312
vn -0.7009702 0.488232 0.5198752
vn -0.4497807 0.6577652 0.6041873
vn -0.2158421 0.8846258 0.4133392
vn 0.4566941 0.5304363 0.7141902
vn -0.7441382 0.6476495 -0.1637326
vn -0.1877917 -0.971767 0.1428328
vn -0.1872623 -0.9716899 0.1440533
vn -0.1883212 -0.9718441 0.1416122
vn -0.8022422 -0.04901128 0.5949836
vn 0.2291436 0.5220523 0.8149343
vn 0.1332801 0.5626233 0.8158991
vn 0.325007 0.4814813 0.8139694
vn -0.01829197 -0.9996597 0.01859853
vn -0.0180123 -0.9996476 0.01949957
vn -0.7945352 -0.1465516 0.5892678
vn 0.3432301 0.7982322 0.4667538
vn 0.2095517 0.8827741 0.4204733
vn 0.4769085 0.7136903 0.5130344
vn -0.7791909 -0.2427086 0.5778877
vn -0.03080388 0.9466478 0.3207943
vn -0.2746454 0.9397233 0.2036906
vn 0.2152931 0.8842588 0.4144094
vn -0.7563584 -0.3365312 0.5609534
vn -0.4877479 0.7995257 0.3503531
vn -0.4966523 0.7961887 0.3455721
vn -0.4788435 0.8028628 0.355134
vn -0.689229 -0.5952355 0.4131079
vn -0.8548809 0.5184473 0.01977357
vn -0.8871912 0.4510842 0.09703051
vn -0.8758329 0.4818646 0.026894
vn -0.8807409 0.4685794 0.06876653
vn -0.6358813 -0.6711134 0.3811322
vn -0.8914193 0.4417228 0.1012552
vn -0.9738311 0.2269162 -0.01272983
vn -0.5763952 -0.7405494 0.345478
vn -0.3312698 -0.3576857 0.87311
vn 0.1251047 0.05866012 0.9904078
vn -0.6566668 -0.6326097 0.4106017
vn -0.5113471 -0.8028625 0.3064899
vn -0.04919444 0.1332171 0.967685
vn -0.1964505 -0.01365819 0.9804186
vn 0.09806163 0.2800924 0.9549513
vn -0.4413509 -0.8574557 0.2645358
vn -0.3715522 0.7785961 0.5057044
vn -0.432054 0.7432837 0.5107432
vn -0.3742807 0.7762957 0.5072266
vn 0.03413575 0.8113104 0.5836182
vn -0.3670871 -0.9037901 0.2200237
vn -0.4786531 0.7581097 0.4429004
vn -0.5821491 0.5376325 0.609962
vn -0.4862002 0.8497401 -0.1483162
vn -0.5522408 0.7928671 -0.2576662
vn -0.4201595 0.9066132 -0.03896616
vn -0.2877426 -0.9420008 0.1727384
vn -0.2876858 -0.9419745 0.1729764
vn -0.694554 0.263124 0.6695972
vn -0.8566977 0.04901137 0.5134851
vn -0.4653817 0.4518437 0.7610893
vn 0.1670918 0.9836132 0.067714
vn 0.5631164 0.6471485 0.5139052
vn -0.3073207 0.8586348 -0.410244
vn -0.2016038 -0.971604 0.1238423
vn -0.2009538 -0.971481 0.1258657
vn -0.2022538 -0.9717271 0.1218188
vn -0.8566977 -0.04901126 0.5134851
vn 0.1834839 0.5278471 0.828764
vn 0.2100235 0.5154798 0.8307651
vn 0.1569442 0.5402144 0.8267629
vn -0.02151205 -0.9997081 0.01099315
vn -0.02013471 -0.9996851 0.01497312
vn -0.8484676 -0.1465518 0.5085521
vn 0.1465745 0.7590016 0.6343756
vn -0.1308863 0.8433653 0.521156
vn 0.4098293 0.6010751 0.6861113
vn -0.8320819 -0.2427086 0.4987307
vn -0.2527968 0.8669517 0.3708633
vn -0.4413522 0.8574549 0.2645359
vn -0.06424142 0.8764485 0.4771907
vn -0.8076992 -0.3365315 0.4841163
vn -0.5108322 0.799094 0.3168378
vn -0.5023588 0.8022988 0.3224162
vn -0.5193056 0.795889 0.3112594
vn -0.7755488 -0.4271321 0.4648465
vn -0.8940325 0.09630233 0.4149525
vn -0.9499896 0.02280547 0.3114477
vn -0.8380754 0.1697992 0.5184572
vn -0.7359313 -0.5136492 0.4411006
vn -0.9039995 0.4198273 0.08080827
vn -0.7277276 0.6301059 0.2708856
vn -0.6074824 -0.7405493 0.2873181
vn -0.572145 0.7437188 0.2710766
vn -0.4053898 0.8360859 0.3696206
vn -0.7389002 0.6513517 0.1725327
vn -0.5389259 -0.8028625 0.2548934
vn -0.2699854 0.357481 0.8940442
vn 0.3136388 0.5954352 0.7396537
vn -0.7399253 -0.03099984 0.6719744
vn -0.4651546 -0.8574557 0.220002
vn -0.04778403 0.007747224 0.9988276
vn -0.2825197 -0.1613321 0.9455974
vn 0.191086 0.1761563 0.9656371
vn -0.3868856 -0.9037902 0.1829832
vn -0.8951231 0.1397132 0.4233614
vn -0.5232401 0.5099307 0.6827813
vn -0.525097 0.8155799 -0.2431103
vn -0.4087187 0.9112952 -0.04989845
vn -0.5379038 0.7830855 -0.3121483
vn -0.5860193 0.6950232 -0.4165622
vn -0.3034084 -0.9419115 0.144034
vn -0.30334 -0.941857 0.1445341
vn -0.3034769 -0.9419659 0.1435338
vn -0.902903 0.04901137 0.427041
vn 0.2920439 0.9159649 -0.2535515
vn 0.3575991 0.9184319 -0.1691319
vn 0.2264886 0.9134979 -0.3379711
vn -0.2133468 -0.9714276 0.1039627
vn -0.2129618 -0.9713212 0.105747
vn -0.2137318 -0.971534 0.1021784
vn -0.902903 -0.04901127 0.427041
vn -0.411645 0.900713 0.06985809
vn -0.486921 0.8732311 -0.01937442
vn -0.3363691 0.9281949 0.1590906
vn -0.02210174 -0.9997388 0.005813494
vn -0.02102584 -0.9997282 0.01006661
vn -0.8942289 -0.1465521 0.4229386
vn -0.3667078 0.920778 0.04825876
vn -0.2812412 0.9503735 0.1330169
vn -0.4521743 0.8911824 -0.03649938
vn -0.8769594 -0.2427085 0.4147707
vn -0.5973395 0.7691085 0.07698918
vn -0.7295229 0.6807622 -0.06602367
vn -0.4651561 0.8574549 0.220002
vn -0.8512616 -0.3365313 0.4026167
vn -0.57778 0.8031487 -0.009152537
vn -0.4849634 0.8709287 0.07933219
vn -0.6705966 0.7353687 -0.09763727
vn -0.8173773 -0.4271319 0.386591
vn -0.876196 0.1132471 0.4447834
vn -0.8136179 0.1995258 0.546091
vn -0.9387742 0.02696843 0.3434759
vn -0.7756229 -0.5136492 0.3668427
vn -0.9421802 0.1309288 0.3084705
vn -0.9875432 -0.1529408 0.03698113
vn -0.7495109 0.3943282 0.5317318
vn -0.7264014 -0.5952357 0.3435628
vn -0.7593731 0.6469564 -0.05703522
vn -0.7396142 0.6721612 -0.03420772
vn -0.7791321 0.6217517 -0.07986271
vn -0.6701765 -0.6711136 0.3169702
vn -0.9008623 0.3500653 0.1814606
vn -0.8281869 0.4923993 0.2676735
vn -0.9735377 0.2077313 0.09524774
vn -0.4844786 -0.8574558 0.1733494
vn -0.9225867 0.2127638 0.2985276
vn -0.879253 0.2972233 0.3722531
vn -0.9659203 0.1283043 0.224802
vn -0.4029581 -0.9037901 0.1441806
vn -0.9265392 0.1170516 0.3562139
vn -0.9370691 0.09738253 0.3352884
vn -0.9160094 0.1367207 0.3771394
vn -0.3283148 0.9392837 0.09977695
vn -0.4302047 0.894389 -0.122442
vn -0.3163337 -0.9417673 0.1140463
vn -0.3163016 -0.9416752 0.1148953
vn -0.3163657 -0.9418594 0.1131974
vn -0.9404125 0.04901164 0.336485
vn 0.3156999 0.9160727 -0.2276797
vn 0.2642043 0.9135541 -0.3092164
vn 0.3671956 0.9185911 -0.146143
vn -0.2231076 -0.9713904 0.08138599
vn -0.22309 -0.9713815 0.08153928
vn -0.9404125 -0.04901157 0.336485
vn -0.5148008 0.8512965 -0.0994397
vn -0.5240272 0.8438853 -0.1151219
vn -0.5055745 0.8587078 -0.08375745
vn -0.02177127 -0.9997616 0.001642958
vn -0.0210904 -0.999755 0.006717193
vn -0.9313781 -0.1465519 0.3332526
vn -0.4216992 0.8804311 -0.2090004
vn -0.4533138 0.8554791 -0.2503242
vn -0.3900846 0.9053831 -0.1676766
vn -0.9133911 -0.2427087 0.3268168
vn -0.7313021 0.6704779 -0.1239777
vn -0.7245548 0.6800876 -0.1118082
vn -0.7380494 0.6608683 -0.1361472
vn -0.886626 -0.336531 0.3172399
vn -0.6749852 0.6606508 -0.3285354
vn -0.6307863 0.7474667 -0.2083316
vn -0.6745371 0.6598175 -0.3311202
vn -0.5559409 0.812353 -0.1761032
vn -0.851334 -0.4271319 0.3046124
vn -0.7622156 0.6360929 0.1200551
vn -0.6340424 0.7535539 -0.1736281
vn -0.7767938 0.6297402 -0.004304027
vn -0.960163 0.09664004 -0.2621979
vn -0.8078452 -0.513649 0.2890518
vn -0.668371 -0.1339253 0.7312979
vn -0.6556435 -0.1202839 0.7454283
vn -0.6810985 -0.1475667 0.7171673
vn -0.7565787 -0.5952359 0.2707082
vn -0.4916328 0.581871 0.6463578
vn -0.5296162 0.5722623 0.6261169
vn -0.4536494 0.5914797 0.6665987
vn -0.698018 -0.6711136 0.2497548
vn -0.3415583 0.5154292 0.7859203
vn -0.338125 0.5117427 0.7898043
vn -0.3526276 0.4934698 0.7950731
vn -0.6097696 0.3965237 0.6862579
vn -0.6327195 -0.7405491 0.2263912
vn -0.3196478 0.5300278 0.7854271
vn -0.9700061 0.05833045 0.235978
vn -0.5613146 -0.8028626 0.2008422
vn -0.462363 0.8709566 0.1662973
vn -0.7424923 0.6688245 0.03713311
vn -0.1193462 0.9546272 0.272843
vn -0.3172069 0.9254021 0.03466034
vn -0.239416 0.9450228 0.2227371
vn -0.3949978 0.9057815 -0.1534164
vn -0.3264663 -0.9415537 0.08303495
vn -0.326544 -0.9414139 0.08431377
vn -0.3263887 -0.9416933 0.08175611
vn -0.9688655 0.04901201 0.242688
vn 0.247284 0.9414985 -0.2289786
vn 0.09565451 0.8711426 -0.4816229
vn 0.37622 0.9254524 0.04467905
vn -0.2296505 -0.9714363 0.05976693
vn -0.2296467 -0.9714228 0.06000062
vn -0.9688655 -0.04901196 0.242688
vn -0.4565513 0.85434 -0.1278688
vn -0.3669041 0.9289019 0.05022541
vn -0.5461985 0.7797781 -0.305963
vn -0.02047691 -0.9997666 -0.006876608
vn -0.02019012 -0.9997893 0.003691659
vn -0.9595579 -0.1465516 0.2403566
vn -0.5096743 0.8505356 -0.1296964
vn -0.6015587 0.7366143 -0.3090734
vn -0.3904729 0.9188709 0.05663186
vn -0.9410264 -0.2427088 0.2357149
vn -0.7500243 0.5363421 -0.3605618
vn -0.7745354 0.4370852 -0.4572214
vn -0.7255132 0.635599 -0.2639023
vn -0.9134516 -0.336531 0.2288079
vn -0.6012586 0.7807668 -0.1699737
vn -0.6308009 0.7522143 -0.1904306
vn -0.8770918 -0.4271321 0.2197001
vn -0.7272363 0.6515096 -0.2160153
vn -0.6425256 0.7332323 -0.2225562
vn -0.8322873 -0.5136488 0.2084771
vn -0.9857162 0.05761457 -0.1582535
vn -0.9952143 0.06318256 -0.07454089
vn -0.9886894 0.05978624 -0.1375462
vn -0.935379 -0.1129381 -0.3351286
vn -0.7794695 -0.595236 0.195247
vn -0.7638289 0.6382064 -0.01959656
vn -0.7277277 0.6836912 0.0545777
vn -0.79993 0.5927216 -0.09377083
vn -0.7191372 -0.6711134 0.1801347
vn -0.1994575 0.9693024 0.1437685
vn 0.009162717 0.9377437 0.3472071
vn -0.3909433 0.9175927 -0.07202069
vn -0.6518631 -0.7405491 0.1632834
vn -0.8948861 -0.3001691 -0.3302687
vn -0.9721876 0.06097162 0.2261277
vn -0.5782977 -0.8028626 0.1448561
vn -0.746475 0.5579425 -0.3516093
vn -0.7285071 0.6201039 -0.2911162
vn -0.7644429 0.4957809 -0.4121024
vn -0.4991367 -0.8574559 0.1250273
vn -0.8866565 0.4468592 -0.1189839
vn -0.7620617 0.6424003 0.08114032
vn -0.9280741 0.2093983 -0.3079463
vn -0.4151499 -0.9037902 0.1039896
vn -0.9671018 0.1414553 0.2054124
vn -0.9548227 0.1763837 0.2391703
vn -0.9793808 0.1065269 0.1716545
vn -0.2510741 0.882796 -0.3970301
vn -0.258747 0.8585268 -0.4426982
vn -0.1908789 0.8738202 -0.4472172
vn -0.0103212 0.9645492 -0.263701
vn -0.01656368 -0.9996635 -0.01995632
vn -0.01755799 -0.9998419 -0.002781775
vn -0.9784964 -0.1465516 0.1451462
vn -0.5916846 0.8061582 -0.003717041
vn -0.5908375 0.8067883 -0.001920855
vn -0.5925317 0.8055283 -0.005513226
vn -0.9595994 -0.2427086 0.1423431
vn -0.8010181 0.57587 0.1302128
vn -0.7630227 0.6095172 0.2151398
vn -0.8390134 0.542223 0.04528575
vn -0.9314802 -0.3365309 0.1381723
vn -0.7163008 0.5425184 -0.4388473
vn -0.6006702 0.7854812 -0.1490453
vn -0.8944026 -0.4271323 0.1326724
vn -0.5479425 0.8341766 0.0625167
vn -0.7313576 0.6602494 -0.1708415
vn -0.848714 -0.5136487 0.1258951
vn -0.9708691 -0.1049374 -0.2154098
vn -0.9964358 0.06525073 -0.05346119
vn -0.7948536 -0.5952361 0.1179056
vn -0.7835549 0.3621554 -0.5048616
vn -0.677165 0.0006210172 -0.7358309
vn -0.7368594 0.6529346 -0.1752561
vn -0.7333306 -0.6711133 0.1087795
vn -0.2932425 0.5273194 -0.7974603
vn -0.5564414 0.2974584 -0.7758166
vn -0.2519963 0.5632718 -0.786907
vn -0.06216009 0.9495458 -0.3074064
vn -0.6647286 -0.7405491 0.09860354
vn -0.5914014 0.2490627 -0.7669498
vn -0.5901916 0.6683688 -0.4527217
vn -0.5897114 -0.8028626 0.08747596
vn -0.6086181 0.7596099 -0.2292961
vn -0.4755847 0.8793781 0.02265191
vn -0.6835161 0.5672837 -0.4593417
vn -0.5089879 -0.857456 0.07550146
vn -0.7442213 0.6578348 0.1108259
vn -0.7266695 0.6737627 0.1341466
vn -0.7617731 0.641907 0.08750525
vn -0.4233436 -0.9037902 0.06279706
vn -0.9734952 0.1617468 0.1601951
vn -0.9784964 0.1465515 0.145146
vn -0.9684941 0.1769422 0.1752441
vn -0.2231936 0.9416849 0.209346
vn -0.169077 0.9260292 0.3374653
vn -0.2773102 0.9573407 0.08122673
vn -0.3335261 -0.9414313 0.0496726
vn -0.3334934 -0.9414536 0.04946909
vn -0.9879878 0.04901201 0.1465538
vn 0.05833666 0.9586379 -0.2785858
vn 0.2583259 0.9335303 0.2485736
vn -0.2346712 -0.9714006 0.03618323
vn -0.234753 -0.9713438 0.03717829
vn -0.2345895 -0.9714574 0.03518818
vn -0.9879878 -0.04901197 0.1465538
vn -0.8356471 0.5234239 0.1664973
vn -0.9008293 0.4267223 -0.08009145
vn -0.7082877 0.5811797 0.4006977
vn -0.9405383 -0.3365305 0.04620585
vn -0.7680957 0.6346132 -0.08300234
vn -0.7624864 0.6436398 -0.06589597
vn -0.7737051 0.6255866 -0.1001087
vn -0.9030999 -0.4271325 0.0443668
vn -0.4559005 0.8773907 0.0071594
vn -0.3709075 0.9206165 0.1220356
vn -0.5408936 0.834165 -0.1077168
vn -0.8569672 -0.5136486 0.0421003
vn -0.9867332 -0.07101049 0.1409571
vn -0.9890133 -0.0960177 0.1123977
vn -0.9844531 -0.04600327 0.1695164
vn -0.8025829 -0.595236 0.03942877
vn -0.9778615 0.206379 0.0345641
vn -0.9874976 0.01471495 -0.1569455
vn -0.8963487 0.3828733 0.2235332
vn -0.7404615 -0.6711136 0.03637689
vn -0.7670956 0.6151697 -0.1611578
vn -0.8033447 0.5569786 -0.2107416
vn -0.7308465 0.6733607 -0.1115741
vn -0.6711928 -0.740549 0.0329738
vn -0.7006934 0.6718197 -0.2294647
vn -0.7300925 0.6257181 -0.2746666
vn -0.6712943 0.7179214 -0.1842627
vn -0.595446 -0.8028626 0.02925264
vn -0.3885659 0.9041663 -0.1528306
vn -0.3477514 0.9343187 -0.07821466
vn -0.4293804 0.874014 -0.2274466
vn -0.5139372 -0.8574561 0.02524821
vn -0.6513178 0.7448187 -0.06924231
vn -0.5952148 0.8030343 0.02924107
vn -0.7074208 0.6866031 -0.1677257
vn -0.4274603 -0.9037902 0.02099973
vn -0.9880115 0.1465517 0.04853803
vn -0.1725784 0.9474495 0.1737448
vn -0.1004028 0.9254767 0.3652561
vn -0.2447539 0.9694224 -0.01776657
vn -0.3368437 -0.9414151 0.01654803
vn -0.9975951 0.04901152 0.04900847
vn -0.1990001 0.9767204 0.08010039
vn -0.2709841 0.938688 -0.2131488
vn -0.1085841 0.9242858 0.3659304
vn -0.2375353 -0.971296 0.01264801
vn -0.2377154 -0.9712391 0.01363549
vn -0.2373552 -0.9713529 0.01166053
vn -0.9975122 -0.04263671 0.05540597
vn -0.9974294 -0.03626158 0.06180378
vn -0.9975951 -0.04901183 0.04900816
vn -0.2647926 0.9461634 -0.186171
vn -0.2093736 0.8538067 -0.4766304
vn -0.01193639 -0.9992951 -0.03558994
vn -0.01389632 -0.9997738 -0.01609726
vn -0.9841245 -0.1463516 0.1003988
vn -0.9841545 -0.1459794 0.1006473
vn -0.9840945 -0.1467238 0.1001504
vn -0.3228486 0.929271 -0.1795107
vn -0.03527624 0.9308141 0.3637865
vn -0.9453235 -0.3038871 0.08993292
vn -0.9298946 -0.3649784 0.04568269
vn -0.9607524 -0.2427958 0.1341831
vn -0.3618241 0.9183571 -0.1587341
vn -0.3717175 0.9111905 -0.1776455
vn -0.3519308 0.9255238 -0.1398228
vn -0.8569672 -0.5136485 -0.04210018
vn -0.9688518 0.04075846 0.1518317
vn -0.9401025 0.1507078 0.3057687
vn -0.9976012 -0.06919092 -0.00210534
vn -0.8025831 -0.5952358 -0.03942832
vn -0.9336454 0.04115421 0.3502474
vn -0.9121729 0.0633863 0.4048739
vn -0.9551179 0.01892212 0.2956208
vn -0.7404613 -0.6711138 -0.03637643
vn -0.8344236 0.4765659 0.2768071
vn -0.9436937 0.3127134 0.1079469
vn -0.6689957 0.608345 0.4270377
vn -0.6711928 -0.740549 -0.03297362
vn -0.7262272 0.6641211 0.1650429
vn -0.7619918 0.6368687 0.117332
vn -0.6904625 0.6913735 0.2127537
vn -0.595446 -0.8028626 -0.02925245
vn -0.4657699 0.8566048 -0.05565717
vn -0.5664272 0.7903121 -0.2335959
vn -0.3651127 0.9228975 0.1222816
vn -0.5139372 -0.8574561 -0.02524801
vn -0.5311983 0.8277107 -0.1301538
vn -0.4838246 0.8748421 -0.02376869
vn -0.5785719 0.7805792 -0.2365388
vn -0.4274601 -0.9037902 -0.02099968
vn -0.9880115 0.1465517 -0.04853775
vn -0.1868282 0.9674698 0.001306858
vn -0.2360384 0.9581871 -0.1617507
vn -0.137618 0.9767525 0.1643644
vn -0.3368438 -0.9414151 -0.01654794
vn -0.9975951 0.04901116 -0.04900878
vn -0.272557 0.9507545 -0.146767
vn -0.270343 0.9537018 -0.1317857
vn -0.274771 0.9478071 -0.1617484
vn -0.2379841 -0.9712062 -0.01102316
vn -0.2381726 -0.9711674 -0.0103644
vn -0.2377955 -0.9712449 -0.01168193
vn -0.9981377 -0.03628731 -0.04903542
vn -0.4508498 0.814084 -0.3008476
vn -0.5000079 0.7204365 -0.4805865
vn -0.4016918 0.9077315 -0.1211087
vn -0.006910053 -0.9995934 -0.0185574
vn -0.002876771 -0.999248 -0.03866623
vn -0.01094333 -0.9999388 0.001551431
vn -0.9880115 -0.1465517 -0.04853771
vn 0.06148663 0.9872059 -0.1471185
vn 0.1636128 0.9746919 0.1523365
vn -0.04680422 0.9007429 -0.4318234
vn -0.9298946 -0.3649782 -0.0456825
vn -0.8164088 0.4648041 0.2794106
vn -0.7339135 0.5037979 0.455586
vn -0.8989039 0.4258102 0.1032351
vn -0.9405383 -0.3365304 -0.04620546
vn -0.8592607 0.4936716 0.1340121
vn -0.7891409 0.5182791 0.3296109
vn -0.8534228 0.4820994 0.1981156
vn -0.6820453 0.5609158 0.4692415
vn -0.9030998 -0.4271327 -0.04436639
vn -0.8668486 0.4954143 -0.05602005
vn -0.9274037 0.1321144 0.3499546
vn -0.868253 0.4929374 -0.05612069
vn -0.6124521 0.4245869 -0.6668045
vn -0.7333302 -0.671114 -0.1087787
vn -0.9361584 0.1527615 0.3166566
vn -0.8544412 0.2765625 0.4398219
vn -0.6647288 -0.7405491 -0.09860276
vn -0.7635812 0.6221793 0.1681133
vn -0.7835129 0.6058756 0.1379208
vn -0.7436494 0.638483 0.1983057
vn -0.5897115 -0.8028626 -0.08747518
vn -0.4847987 0.829522 0.2339089
vn -0.3744793 0.8680001 0.3260998
vn -0.595118 0.7910439 0.141718
vn -0.5089877 -0.8574561 -0.07550113
vn -0.6643752 0.7363185 0.1282208
vn -0.7874959 0.6051486 -0.1168136
vn -0.4798622 0.7994481 0.3614068
vn -0.4233434 -0.9037902 -0.06279714
vn -0.9784964 0.1465513 -0.1451462
vn -0.2823931 0.9371994 0.2047226
vn -0.3788677 0.8924192 -0.2450451
vn -0.1255983 0.7817904 0.6107607
vn -0.3335998 -0.9414151 -0.04948493
vn -0.9879878 0.04901121 -0.1465544
vn -0.2393185 0.9562716 -0.1181626
vn -0.2253929 0.9742677 -0.0007272254
vn -0.2532442 0.9382755 -0.2355981
vn -0.2359386 -0.9711487 -0.03468645
vn -0.2360552 -0.9711308 -0.03439201
vn -0.9869125 -0.04266644 -0.1551376
vn -0.9853001 -0.04904559 -0.1636411
vn -0.988525 -0.03628729 -0.146634
vn -0.594768 0.7860996 -0.1300353
vn -0.6152811 0.7540844 -0.2297519
vn -0.574255 0.8181148 -0.03031879
vn 0.000793736 -0.9995492 -0.0203393
vn 0.007229442 -0.9991146 -0.04144544
vn -0.00564197 -0.9999837 0.0007668302
vn -0.9695433 -0.1463569 -0.1963798
vn -0.9693886 -0.1467228 -0.1968708
vn -0.969698 -0.1459909 -0.1958888
vn 0.1774224 0.983246 -0.04108499
vn 0.175934 0.9831953 -0.0487253
vn 0.1789108 0.9832966 -0.03344469
vn -0.9274076 -0.3012495 -0.2026436
vn -0.9595993 -0.242709 -0.142343
vn -0.8952159 -0.3597901 -0.2629442
vn -0.7546986 0.6345534 -0.05356673
vn -0.725659 0.6815692 0.09424671
vn -0.7837382 0.5875376 -0.2013802
vn -0.9314804 -0.3365306 -0.1381719
vn -0.8860467 0.4635566 0.006046317
vn -0.8338029 0.4183687 0.360195
vn -0.8944024 -0.4271329 -0.1326719
vn -0.8108732 0.5846783 0.02521868
vn -0.7466959 0.07023745 -0.6614469
vn -0.8487144 -0.5136483 -0.1258946
vn -0.7319051 0.2800281 -0.618723
vn -0.7468773 0.3197982 -0.5830123
vn -0.7169329 0.2402579 -0.6544336
vn -0.794854 -0.5952357 -0.1179049
vn -0.5977658 0.3587199 0.7141827
vn -0.6477239 0.3358157 0.6838724
vn -0.5478077 0.3816242 0.7444928
vn -0.578298 -0.8028625 -0.1448556
vn -0.5624983 0.7171771 0.4114031
vn -0.8993079 0.4368594 -0.01997908
vn -0.5498646 0.7278629 0.4097127
vn -0.2840047 0.76309 0.580547
vn -0.4991362 -0.8574563 -0.1250268
vn -0.9064267 0.4218943 -0.01989363
vn -0.9410272 0.2427069 -0.2357144
vn -0.4151496 -0.9037902 -0.1039897
vn -0.9595581 0.1465509 -0.2403563
vn -0.08291359 -0.2234192 0.9711895
vn -0.4648474 0.7732612 0.4312587
vn -0.3271431 -0.941415 -0.0819451
vn -0.9688655 0.04901103 -0.2426881
vn -0.2670575 0.9624034 0.04959873
vn -0.2757138 0.9468348 -0.1657881
vn -0.2459272 0.9330192 0.2626689
vn -0.2309851 -0.9711753 -0.05884957
vn -0.2305333 -0.9712296 -0.05972733
vn -0.2314368 -0.9711211 -0.05797181
vn -0.9688655 -0.04901109 -0.2426881
vn -0.589002 0.8060218 -0.05835653
vn -0.5005293 0.7835556 0.3681181
vn -0.5800598 0.8091637 -0.09372576
vn -0.5990735 0.7392667 -0.3075641
vn 0.009451236 -0.9994201 -0.02282508
vn 0.01844783 -0.998841 -0.04445474
vn 0.0004546453 -0.9999992 -0.001195416
vn -0.959558 -0.146551 -0.2403563
vn 0.09172942 0.9716552 0.1844448
vn 0.08220381 0.9940796 0.07105013
vn 0.101255 0.9492307 0.2978395
vn -0.9410266 -0.2427092 -0.2357146
vn -0.6473137 0.749908 0.136466
vn -0.5456108 0.7460925 0.3816475
vn -0.703399 0.7008761 -0.1183326
vn -0.9134519 -0.3365304 -0.2288076
vn -0.6963489 0.6172417 0.3644383
vn -0.6789351 0.6182986 0.3959215
vn -0.7137627 0.6161848 0.3329552
vn -0.8770915 -0.4271331 -0.2196996
vn -0.9823198 0.181503 0.04587547
vn -0.9373422 -0.1051648 -0.3321596
vn -0.9811077 0.1840508 0.05960789
vn -0.9084515 0.3176918 0.2716391
vn -0.8322878 -0.5136482 -0.2084771
vn -0.915081 0.2222821 -0.3364781
vn -0.9254342 0.3063916 -0.2229255
vn -0.9186344 0.2229067 -0.3262259
vn -0.9268963 0.3723889 -0.04679526
vn -0.7794698 -0.5952356 -0.1952469
vn -0.05604875 0.8492749 -0.4826075
vn -0.08580106 0.9487923 -0.304025
vn -0.02629643 0.7497573 -0.66119
vn -0.7191367 -0.6711141 -0.1801341
vn -0.4645748 0.5715192 0.6764141
vn -0.8425545 0.2551258 0.4743551
vn -0.6518631 -0.7405492 -0.1632829
vn -0.8078457 -0.5136482 -0.2890518
vn -0.848476 0.5007097 0.1714009
vn -0.9279456 0.3063826 -0.2122419
vn -0.756579 -0.5952355 -0.2707081
vn -0.3787561 0.8490613 0.3354942
vn -0.2965496 0.8355313 0.4625427
vn -0.4609627 0.8625913 0.2084458
vn -0.6980177 -0.6711141 -0.2497542
vn -0.7062501 0.7068748 0.03922735
vn -0.7944531 0.4560825 -0.4010399
vn -0.4312356 0.7706903 0.4691185
vn -0.6327195 -0.7405494 -0.2263904
vn -0.7583829 0.5813569 -0.2373414
vn -0.7451573 0.6617403 -0.08270591
vn -0.7716085 0.5009735 -0.3919768
vn -0.5613151 -0.8028624 -0.2008415
vn -0.7847304 0.5782402 -0.1884477
vn -0.8063657 0.5162648 -0.288522
vn -0.7630951 0.6402155 -0.08837339
vn -0.4844778 -0.8574564 -0.1733487
vn -0.9133918 0.2427066 -0.3268164
vn -0.4029578 -0.9037903 -0.1441806
vn -0.9313785 0.1465509 -0.3332522
vn -0.4598863 0.792398 0.4007616
vn -0.3175359 -0.941415 -0.1136162
vn -0.9404126 0.04901082 -0.3364848
vn -0.3322755 0.8712265 0.3265699
vn -0.3555057 0.9170358 0.1807233
vn -0.3090453 0.8254172 0.4724164
vn -0.2222919 -0.9713916 -0.08348625
vn -0.2202189 -0.9715903 -0.08669344
vn -0.2243649 -0.9711928 -0.08027907
vn -0.9404126 -0.0490109 -0.3364848
vn -0.4385329 0.6804276 0.5871177
vn -0.4996805 0.7988279 0.3349528
vn 0.02144762 -0.9988906 -0.0304715
vn 0.03506108 -0.9978251 -0.05581839
vn 0.00783416 -0.9999561 -0.005124617
vn -0.9313784 -0.146551 -0.3332522
vn -0.1564361 0.8759487 0.4563349
vn -0.2674701 0.9484896 0.1697854
vn -0.1786524 0.841038 0.5106253
vn -0.1246712 0.7611467 0.6364846
vn -0.9133911 -0.2427095 -0.3268161
vn -0.5326385 0.8349878 0.1368295
vn -0.537155 0.8351668 0.1181558
vn -0.528122 0.8348089 0.1555032
vn -0.8866262 -0.3365305 -0.3172399
vn -0.6775044 0.7315786 0.07540177
vn -0.6749837 0.7329536 0.08471064
vn -0.6800251 0.7302037 0.06609289
vn -0.8513336 -0.427133 -0.3046121
vn -0.9206865 -0.1304073 -0.3678726
vn -0.9352286 -0.1024948 -0.338884
vn -0.6701762 -0.671114 -0.3169697
vn -0.6048453 0.5130207 -0.5774751
vn -0.6297105 0.6429116 -0.4360382
vn -0.57998 0.3831298 -0.7189122
vn -0.6074824 -0.7405496 -0.2873177
vn -0.6113782 0.6712614 -0.4189951
vn -0.611985 0.6752045 -0.4117927
vn -0.6107714 0.6673184 -0.4261976
vn -0.5389262 -0.8028624 -0.2548931
vn -0.7233772 0.5513203 -0.4083969
vn -0.7272608 0.5939503 -0.343969
vn -0.7194935 0.5086902 -0.4728248
vn -0.4651535 -0.8574564 -0.2200013
vn -0.8769598 0.2427064 -0.4147711
vn -0.3868852 -0.9037903 -0.1829832
vn -0.8942291 0.1465511 -0.4229387
vn -0.1611037 0.9676532 -0.07164388
vn -0.2389293 0.9667493 0.09115139
vn -0.08327806 0.9685572 -0.2344391
vn -0.3048705 -0.941415 -0.144193
vn -0.902903 0.04901075 -0.4270412
vn -0.3423217 0.9032947 0.2586009
vn -0.3181686 0.8106532 0.4915385
vn -0.3447627 0.9386441 0.009261373
vn -0.2108124 -0.9717909 -0.1055962
vn -0.2074093 -0.9720641 -0.109876
vn -0.2142155 -0.9715177 -0.1013163
vn -0.902903 -0.04901085 -0.4270412
vn -0.3859835 0.8059816 0.4487248
vn -0.3868796 0.8092719 0.4420442
vn -0.3850874 0.8026914 0.4554054
vn 0.0319353 -0.9986579 -0.02866939
vn 0.04809079 -0.9974512 -0.05270939
vn 0.01577981 -0.9998647 -0.0046294
vn -0.8942291 -0.1465512 -0.4229387
vn -0.2943605 0.954993 -0.03660783
vn -0.2937572 0.9278659 0.2297205
vn -0.8769591 -0.2427095 -0.4147708
vn -0.4652139 0.8675407 -0.1676514
vn -0.4651541 0.8574561 -0.2200014
vn -0.4652737 0.8776252 -0.1153014
vn -0.851262 -0.3365306 -0.4026169
vn -0.5383822 0.6779148 -0.4530134
vn -0.510377 0.5764419 -0.6381457
vn -0.5663873 0.7793877 -0.2678811
vn -0.8173771 -0.427133 -0.3865903
vn -0.9811002 -0.01262933 -0.193088
vn -0.9127201 -0.1305673 -0.3871617
vn -0.7756237 -0.5136482 -0.3668425
vn -0.7360663 0.6497421 -0.1805181
vn -0.7379457 0.663482 -0.1234007
vn -0.7341869 0.6360022 -0.2376355
vn -0.7264017 -0.5952356 -0.3435625
vn -0.2778763 0.9187288 -0.2805747
vn -0.3334596 0.7653351 -0.5505151
vn -0.194648 0.9807209 0.01727919
vn -0.5113474 -0.8028624 -0.3064895
vn -0.1503745 0.7406356 -0.6548635
vn -0.2180144 0.9281008 -0.3018254
vn -0.1905522 0.6851755 -0.7030109
vn -0.268325 0.4813209 -0.8344649
vn -0.4413498 -0.8574565 -0.2645348
vn -0.724239 0.3455825 -0.5730821
vn -0.7623833 0.4582185 -0.4569545
vn -0.6860947 0.2329466 -0.6892097
vn -0.3670868 -0.9037904 -0.2200233
vn -0.8484678 0.146551 -0.508552
vn -0.1198362 0.9866736 -0.1100656
vn -0.147375 0.9879791 -0.04666882
vn -0.1187734 0.9876143 -0.1025221
vn -0.08981391 0.9811791 -0.1709413
vn -0.2892692 -0.941415 -0.1733812
vn -0.8566977 0.04901063 -0.5134853
vn -0.1492034 0.9739261 0.1033122
vn -0.1811713 0.9551339 0.2342993
vn -0.1172355 0.9927184 -0.02767484
vn -0.1975931 -0.972267 -0.1249817
vn -0.1935806 -0.9725497 -0.1291258
vn -0.2016055 -0.9719843 -0.1208375
vn -0.8566977 -0.04901076 -0.5134852
vn -0.2571961 0.9571224 0.1140705
vn -0.2474969 0.9677656 0.04663644
vn -0.2668954 0.9464792 0.1815045
vn 0.04106444 -0.998454 -0.02291468
vn 0.0599202 -0.9971547 -0.04573862
vn 0.02220869 -0.9997533 -9.074974E-05
vn -0.8484678 -0.1465511 -0.508552
vn -0.3036901 0.9446152 -0.08510964
vn -0.2919029 0.9403093 -0.1749601
vn -0.3154773 0.9489212 0.004740844
vn -0.8320817 -0.2427097 -0.4987304
vn -0.4023803 0.7817458 -0.4361782
vn -0.3634106 0.7060356 -0.607821
vn -0.4413502 0.8574561 -0.2645354
vn -0.8076997 -0.3365302 -0.4841163
vn -0.5104786 0.6187165 -0.5898866
vn -0.5357307 0.6686291 -0.5156818
vn -0.4852265 0.5688039 -0.6640913
vn -0.7755488 -0.4271331 -0.4648456
vn -0.9310642 0.1572584 -0.3292249
vn -0.9621111 0.2722181 -0.0154776
vn -0.7951638 0.02458859 -0.6058959
vn -0.7359322 -0.5136479 -0.4411004
vn -0.8063431 0.5880122 0.06041422
vn -0.8080938 0.587665 0.04042716
vn -0.8045923 0.5883595 0.08040127
vn -0.689229 -0.5952357 -0.4131075
vn -0.6263452 0.7402235 -0.2444604
vn -0.57222 0.297835 -0.7641064
vn -0.3869216 0.835692 0.3897567
vn -0.6358809 -0.671114 -0.3811319
vn -0.4734675 0.5539261 -0.6819826
vn -0.4618378 0.5105384 -0.7252973
vn -0.4850972 0.5973139 -0.6386679
vn -0.5763953 -0.7405496 -0.3454776
vn -0.3025509 0.4060888 -0.8622962
vn -0.3952712 0.6405547 -0.6583694
vn -0.3437531 -0.9037904 -0.2549446
vn -0.7945357 0.1465505 -0.5892673
vn -0.1726995 0.9849573 0.005828869
vn -0.1454429 0.9883583 -0.04465435
vn -0.2708821 -0.941415 -0.2008997
vn -0.8022423 0.04901056 -0.5949836
vn -0.05672371 0.996374 0.01847433
vn -0.03469705 0.9986751 -0.03800107
vn -0.07875036 0.9940729 0.07494973
vn -0.1807385 -0.9728896 -0.1442892
vn -0.1679374 -0.9735029 -0.155206
vn -0.1755988 -0.9730606 -0.149392
vn -0.1871751 -0.9724684 -0.1388183
vn -0.8022423 -0.0490107 -0.5949835
vn -0.1135886 0.9692369 -0.2003477
vn -0.08618817 0.9556514 -0.2816058
vn -0.1409891 0.9828223 -0.1190896
vn 0.05312312 -0.9978744 -0.0207771
vn 0.07546732 -0.9962236 -0.04293261
vn 0.03077893 -0.9995252 0.001378416
vn -0.7945358 -0.1465507 -0.5892673
vn -0.1514089 0.9009815 -0.4017244
vn -0.1328346 0.8792472 -0.4574704
vn -0.1699833 0.9227158 -0.3459783
vn -0.779191 -0.2427102 -0.5778868
vn -0.2780696 0.5779135 -0.7401163
vn -0.1932774 0.4499682 -0.8718787
vn -0.3628618 0.7058588 -0.608354
vn -0.7563587 -0.33653 -0.5609536
vn -0.1818732 0.6504053 -0.7125045
vn -0.2378089 0.7774464 -0.5822577
vn -0.1259375 0.5233641 -0.8427513
vn -0.7262515 -0.4271331 -0.5386243
vn -0.7452193 0.6144987 -0.2589197
vn -0.671868 0.6577096 0.3406046
vn -0.545316 0.3459654 -0.763504
vn -0.6891531 -0.5136479 -0.5111104
vn -0.8958614 0.4443216 -0.003248803
vn -0.8942929 0.3748021 -0.244466
vn -0.8409718 0.4858395 0.2381732
vn -0.6454183 -0.5952358 -0.4786747
vn -0.8491265 0.3633776 -0.3367932
vn -0.8344999 0.2588978 -0.4863968
vn -0.8637531 0.4678573 -0.1871897
vn -0.5954611 -0.6711141 -0.4416241
vn -0.7292047 0.5422776 -0.4162011
vn -0.7289039 0.5235509 -0.4411275
vn -0.7295055 0.5610043 -0.3912746
vn -0.5397568 -0.7405496 -0.4003109
vn -0.8653357 0.2168036 -0.435007
vn -0.89031 0.2964669 -0.3456235
vn -0.8403614 0.1371403 -0.5243905
vn -0.4788436 -0.8028625 -0.3551346
vn -0.3899192 0.9022749 -0.1628479
vn -0.3930798 0.8857437 -0.2468733
vn -0.3867586 0.9188061 -0.07882246
vn -0.4132956 -0.8574564 -0.3065209
vn -0.7364786 0.4373532 -0.5148911
vn -0.7303863 0.4160618 -0.5416903
vn -0.7425709 0.4586445 -0.4880919
vn -0.05033613 0.9937536 -0.09959971
vn 0.05623316 0.9491 -0.3099145
vn -0.1540069 0.9811835 0.1164503
vn -0.1473193 -0.9743738 -0.1699785
vn -0.1567377 -0.9739076 -0.1641247
vn -0.7400609 -0.04901037 -0.6707517
vn -0.02915924 0.9450209 -0.320895
vn -0.05185323 0.9607758 -0.2724353
vn -0.006465261 0.9292659 -0.3693547
vn 0.0667916 -0.9969622 -0.01753509
vn 0.09470557 -0.9946936 -0.04019226
vn 0.03887763 -0.9992308 0.005122079
vn -0.7329516 -0.1465505 -0.6643078
vn -0.1095455 0.8061514 -0.5489812
vn -0.02952685 0.7156738 -0.6978102
vn -0.1895642 0.896629 -0.4001523
vn -0.7187959 -0.2427107 -0.6514783
vn -0.2547699 0.4423612 -0.8598887
vn -0.221791 0.404494 -0.8872392
vn -0.2869159 0.4787822 -0.8297269
vn -0.6977336 -0.3365297 -0.6323887
vn -0.1381298 0.9154279 -0.3780367
vn -0.2487961 0.9656346 0.07516769
vn 0.002947417 0.6636788 -0.7480118
vn -0.6699599 -0.4271331 -0.6072158
vn -0.450727 0.8912911 -0.03019524
vn -0.454529 0.8906887 0.008774952
vn -0.446925 0.8918935 -0.06916544
vn -0.6357369 -0.513648 -0.5761982
vn -0.855663 0.4240429 -0.2878729
vn -0.8656355 0.4491049 -0.2213141
vn -0.8456905 0.3989808 -0.3544317
vn -0.5953919 -0.5952359 -0.5396319
vn -0.9162911 0.3208747 -0.09286474
vn -0.9098186 0.3991333 0.113678
vn -0.9227636 0.242616 -0.2994075
vn -0.5493072 -0.671114 -0.4978629
vn -0.9252573 0.3702667 0.06800865
vn -0.935532 0.3522679 0.02621398
vn -0.9149826 0.3882656 0.1098033
vn -0.4979204 -0.7405496 -0.4512886
vn -0.9636344 0.2644715 0.02509163
vn -0.9591135 0.2785931 0.04987225
vn -0.9681554 0.25035 0.0003110146
vn -0.4417284 -0.8028625 -0.4003595
vn -0.7101962 0.694787 -0.1135443
vn -0.7263799 0.5504286 -0.4115831
vn -0.6159417 0.7627688 0.1969762
vn -0.3812611 -0.8574564 -0.3455551
vn -0.7531567 0.3273816 -0.5548833
vn -0.7187966 0.2427081 -0.6514785
vn -0.7875167 0.4120552 -0.4582881
vn -0.3171088 -0.9037904 -0.2874107
vn -0.7329516 0.1465504 -0.6643078
vn -0.1800243 0.9819634 0.02327453
vn -0.209197 0.9755805 0.06692669
vn -0.1508515 0.9883463 -0.02037762
vn -0.2498861 -0.941415 -0.2264834
vn -0.7400609 0.04901021 -0.6707516
vn -0.2793151 0.8159832 -0.5011086
vn -0.3153884 0.8385577 -0.4442422
vn -0.2432417 0.7934087 -0.5579749
vn -0.6514788 -0.2427111 -0.7187954
vn -0.6565797 0.5145635 -0.5123147
vn -0.7439666 0.5761657 -0.3384475
vn -0.5691929 0.4529613 -0.6861818
vn -0.6323887 -0.3365299 -0.6977336
vn -0.2922894 0.9500176 0.1077666
vn -0.287193 0.9537951 0.08828858
vn -0.2973858 0.9462401 0.1272447
vn -0.6072159 -0.4271331 -0.6699598
vn -0.3653429 0.8835996 -0.2928756
vn -0.3005539 0.5901685 -0.7492452
vn -0.4472115 0.8684826 -0.2138683
vn -0.4254497 0.9045755 -0.02712452
vn -0.5761981 -0.5136481 -0.6357368
vn -0.3256904 0.2613227 -0.9086452
vn -0.1438034 0.02986196 -0.9891556
vn -0.477243 0.4684442 -0.7435045
vn -0.539632 -0.5952358 -0.5953921
vn 0.06470406 0.4230634 -0.903125
vn 0.07964957 0.3944248 -0.9154698
vn 0.04975855 0.451702 -0.8907802
vn -0.4978631 -0.6711141 -0.549307
vn -0.06789013 0.4902596 -0.8689283
vn -0.3971838 0.6680734 -0.6292241
vn -0.02872458 0.5660978 -0.8238373
vn 0.07717123 0.3890209 -0.9179909
vn -0.4512888 -0.7405497 -0.4979202
vn -0.4379741 0.5921713 -0.6763961
vn -0.5516675 0.7141123 -0.4309368
vn -0.4003594 -0.8028625 -0.4417283
vn -0.6209687 0.5092439 -0.5897329
vn -0.5952197 0.4630625 -0.6567241
vn -0.6467177 0.5554253 -0.5227417
vn -0.345555 -0.8574564 -0.3812612
vn -0.651479 0.2427082 -0.7187961
vn -0.2874107 -0.9037904 -0.3171088
vn -0.6643085 0.1465502 -0.732951
vn -0.2453508 0.961394 0.1111899
vn -0.2796282 0.9477395 0.1536155
vn -0.2110733 0.9750484 0.0687644
vn -0.2264836 -0.941415 -0.249886
vn -0.6707519 0.04900994 -0.7400607
vn -0.02134639 0.9467539 -0.3212495
vn 0.2106419 0.8793192 -0.4271154
vn -0.05531932 0.9326358 -0.3565531
vn -0.3237965 0.9403648 0.1042582
vn -0.1250029 -0.975378 -0.1816916
vn -0.1371402 -0.9748289 -0.175787
vn -0.6707519 -0.04901011 -0.7400607
vn 0.2390885 0.887892 -0.393045
vn 0.1135757 0.9814385 -0.1545279
vn 0.0777096 -0.9961427 -0.007844871
vn 0.1110219 -0.9933711 -0.0297996
vn 0.04439732 -0.9989142 0.01410985
vn -0.6643085 -0.1465504 -0.732951
vn -0.4525323 0.8690271 0.1230838
vn -0.4176643 0.908241 -0.0255876
vn -0.4874004 0.8298132 0.2717552
vn -0.5386247 -0.4271329 -0.7262512
vn -0.09738506 0.2791132 -0.9553072
vn -0.4054311 0.600428 -0.6892835
vn -0.5111105 -0.5136482 -0.6891527
vn -0.2947913 0.154285 -0.9295903
vn -0.3910453 0.2701139 -0.879842
vn -0.1985374 0.03845611 -0.9793385
vn -0.4786749 -0.5952355 -0.6454185
vn -0.1313081 0.2269738 -0.9650083
vn 0.04919505 -0.09197476 -0.9945453
vn -0.2940608 0.5152395 -0.8050194
vn -0.441624 -0.6711142 -0.5954611
vn 0.3661655 0.1926585 -0.9103875
vn 0.3936523 -0.1445191 -0.9078282
vn 0.2967708 0.5077861 -0.8087523
vn -0.4003108 -0.7405496 -0.5397568
vn 0.4414028 0.5303784 -0.7051413
vn 0.3757127 0.6666106 -0.6437936
vn 0.5070929 0.3941462 -0.7664891
vn -0.3551344 -0.8028626 -0.4788435
vn 0.1786786 0.6378763 -0.7491246
vn -0.03291582 0.859489 -0.5100931
vn 0.3632889 0.3199312 -0.8750229
vn -0.3065208 -0.8574564 -0.4132958
vn -0.268874 0.2783955 -0.9186575
vn -0.3122878 0.3371739 -0.8881385
vn -0.2254601 0.219617 -0.9491765
vn -0.2549447 -0.9037904 -0.3437532
vn -0.4103739 0.2270005 -0.874536
vn -0.4775464 0.3151926 -0.8201237
vn -0.3432014 0.1388084 -0.9289483
vn -0.3239228 0.9258723 0.1924763
vn -0.3423001 0.9155884 0.2110175
vn -0.3055455 0.9361562 0.173935
vn -0.2008999 -0.941415 -0.270882
vn -0.547966 0.1004058 -0.8271534
vn -0.5887474 0.1523269 -0.7938344
vn -0.5071846 0.04848479 -0.8604724
vn -0.3708029 0.8386965 -0.398865
vn -0.14181 0.7647992 -0.628468
vn -0.5587791 0.8198205 -0.1251411
vn -0.09583902 -0.9766876 -0.1920836
vn -0.114646 -0.9759946 -0.1851775
vn -0.5949835 -0.04900987 -0.8022423
vn 0.1683203 0.9607953 -0.2154862
vn 0.1940048 0.9482436 -0.2513883
vn 0.1426358 0.9733471 -0.1795842
vn 0.08438398 -0.9958804 0.004583287
vn 0.1134172 -0.9934904 -0.01063922
vn 0.05535078 -0.9982705 0.0198058
vn -0.589268 -0.1465502 -0.7945352
vn -0.3150063 0.9044932 -0.2875119
vn -0.4876785 0.8709984 0.0594252
vn -0.09467263 0.8011353 -0.5909477
vn -0.5778873 -0.2427113 -0.7791903
vn -0.7655984 0.5881674 -0.2149622
vn -0.8003901 0.5951452 -0.07195756
vn -0.7308066 0.5811897 -0.3579668
vn -0.5609539 -0.3365302 -0.7563585
vn -0.1582553 0.09895228 -0.9824274
vn 0.047984 -0.07740753 -0.9958441
vn -0.3528126 0.2680077 -0.8964904
vn -0.4131078 -0.5952356 -0.6892289
vn -0.04861398 -0.003269675 -0.9907994
vn -0.1378319 0.08598234 -0.9867164
vn 0.04060398 -0.09252168 -0.9948824
vn -0.3811318 -0.6711143 -0.6358806
vn -0.1373088 0.1886969 -0.9723877
vn -0.1379509 0.1898223 -0.9720786
vn -0.1366667 0.1875716 -0.9726968
vn -0.3454779 -0.7405496 -0.5763951
vn 0.1868049 0.6224673 -0.7600251
vn 0.3835081 0.3130073 -0.8688774
vn -0.03722901 0.8408564 -0.5399764
vn -0.3064897 -0.8028626 -0.5113468
vn 0.3927531 0.7260332 -0.5465198
vn 0.3176257 0.8211709 -0.4741224
vn 0.4678805 0.6308956 -0.6189172
vn -0.264535 -0.8574564 -0.4413498
vn 0.0777878 0.2543876 -0.9634116
vn 0.09563407 0.2274908 -0.9690727
vn 0.05994153 0.2812845 -0.9577505
vn -0.2200233 -0.9037903 -0.3670869
vn 0.1421387 0.189384 -0.9689584
vn 0.1808634 0.1300943 -0.974866
vn 0.103414 0.2486737 -0.9630508
vn -0.2073036 0.9753935 0.07505087
vn 0.06871992 0.9866458 -0.1476737
vn -0.4572231 0.8413179 0.2883249
vn -0.1733813 -0.941415 -0.2892693
vn 0.1386207 0.1784344 -0.9716622
vn 0.09717163 0.2339464 -0.9673814
vn 0.1800697 0.1229223 -0.9759431
vn -0.163456 0.766388 -0.6205307
vn -0.1404801 0.7579017 -0.6370638
vn -0.1864319 0.7748743 -0.6039975
vn -0.05740117 -0.9783623 -0.1987768
vn -0.08699202 -0.9777088 -0.1910959
vn -0.191569 0.2738698 -0.9424949
vn -0.4334141 0.5378358 -0.7231076
vn 0.08404924 -0.03837884 -0.9957222
vn 0.2291417 0.9036712 -0.3201631
vn 0.3346298 0.8368735 -0.4332037
vn 0.1236535 0.970469 -0.2071224
vn 0.1035151 -0.9940308 0.006851188
vn 0.1347128 -0.9908683 -0.0056857
vn 0.07231738 -0.9971932 0.01938808
vn -0.5085526 -0.1465501 -0.8484676
vn 0.002073214 0.9936489 -0.1125057
vn -0.3072211 0.9112932 0.274153
vn 0.3108452 0.8256543 -0.4708185
vn -0.4987309 -0.2427113 -0.8320809
vn -0.685194 0.6983953 -0.1818735
vn -0.7155465 0.6929402 -0.08847067
vn -0.6548416 0.7038504 -0.2752764
vn -0.4841166 -0.3365306 -0.8076994
vn -0.46561 0.8586798 -0.2141873
vn -0.3064898 0.8028622 -0.5113475
vn -0.5703753 0.8142561 0.107977
vn -0.464846 -0.4271329 -0.7755486
vn -0.4256918 0.2670919 -0.8599148
vn -0.3629721 0.2220176 -0.9049638
vn -0.4884116 0.3121662 -0.8148658
vn -0.4411007 -0.5136482 -0.7359319
vn -0.3918393 0.2655146 -0.88087
vn -0.3889054 0.2614063 -0.8834134
vn -0.3947732 0.2696228 -0.8783266
vn -0.2873179 -0.7405494 -0.6074823
vn -0.32047 0.4305987 -0.8365676
vn -0.2393367 0.3823426 -0.8924864
vn -0.4016032 0.4788549 -0.7806489
vn -0.2548933 -0.8028625 -0.5389258
vn 0.08933085 0.7960818 -0.5985595
vn 0.4690836 0.3891483 -0.7927951
vn 0.08379386 0.8116543 -0.5780967
vn -0.5921508 0.805646 0.01708253
vn -0.2200013 -0.8574566 -0.4651533
vn 0.4741667 0.3670974 -0.8002533
vn 0.1794192 0.612114 -0.7701461
vn -0.182983 -0.9037902 -0.3868853
vn -0.1133511 0.2683535 -0.9566284
vn -0.175476 0.1525301 -0.9725958
vn -0.09052335 0.346733 -0.9335854
vn 0.1014042 0.1236158 -0.9871354
vn -0.4930046 0.8561432 0.1548068
vn -0.3187536 0.9477674 0.0115335
vn -0.1425705 -0.9415897 -0.3050897
vn -0.140948 -0.9417644 -0.3053087
vn -0.1441931 -0.941415 -0.3048707
vn -0.1946647 0.07296957 -0.9781518
vn -0.01359899 -0.1021805 -0.9946729
vn -0.2696192 0.7404088 -0.6157112
vn -0.04994362 0.6717957 -0.7390509
vn -0.4709127 0.7585425 -0.4503936
vn -0.01417839 -0.9787763 -0.2044402
vn -0.05010862 -0.9791578 -0.1968222
vn 0.2381417 0.262732 -0.9350189
vn 0.1298684 0.3112232 -0.9414214
vn 0.2372936 0.2940665 -0.9258599
vn 0.01053318 0.5155994 -0.8567649
vn 0.254653 0.8472258 -0.4347763
vn 0.3657793 0.7646876 -0.5305265
vn 0.1435268 0.9297641 -0.339026
vn 0.1768847 -0.9805625 -0.006537507
vn 0.2569645 -0.9659619 -0.02977831
vn 0.09680481 -0.9951632 0.01670329
vn 0.1296808 0.2783515 -0.9516844
vn -0.2036265 0.5800896 -0.7886902
vn 0.3334845 0.9391962 0.08184476
vn 0.1261227 0.9555016 0.2666641
vn 0.515027 0.8501754 -0.1093112
vn -0.3415676 -0.1553333 -0.9192262
vn -0.4264023 -0.07337533 -0.9015526
vn -0.2567329 -0.2372912 -0.9368997
vn -0.2200012 0.8574563 -0.4651538
vn -0.4026168 -0.3365307 -0.8512619
vn -0.2548931 0.8028622 -0.5389265
vn -0.3865905 -0.427133 -0.817377
vn -0.4230102 0.2269463 -0.8772044
vn -0.4292349 0.2308611 -0.8731899
vn -0.4167855 0.2230315 -0.8812189
vn -0.3668428 -0.5136479 -0.7756237
vn -0.3787307 -0.119388 -0.9153154
vn -0.3216815 -0.1487409 -0.935092
vn -0.4357798 -0.09003497 -0.8955387
vn -0.3435623 -0.5952359 -0.7264014
vn -0.3503286 0.1523957 -0.9215372
vn -0.3935795 0.20083 -0.8970855
vn -0.3070778 0.1039614 -0.945989
vn -0.3169695 -0.6711141 -0.6701761
vn -0.2786502 0.5779018 -0.7670615
vn 0.1625744 0.298874 -0.9403424
vn -0.6355658 0.6820786 -0.3616971
vn -0.1733488 -0.8574567 -0.4844772
vn 0.1477704 0.6286348 -0.7628018
vn 0.119576 0.6447472 -0.7549852
vn 0.1759648 0.6125224 -0.7706183
vn -0.1441805 -0.9037903 -0.4029579
vn 0.252459 0.3084776 -0.9171183
vn 0.2235676 0.2170999 -0.9502026
vn 0.2619482 0.3630641 -0.8941854
vn 0.1157291 0.5377813 -0.8351035
vn -0.6945049 0.6623135 0.1886495
vn -0.5837287 0.8071805 0.08786577
vn -0.8052811 0.5174463 0.2894332
vn -0.110132 -0.9420487 -0.316867
vn -0.1069286 -0.9423844 -0.3169825
vn -0.1133354 -0.9417131 -0.3167515
vn 0.2113767 0.1586417 -0.9644442
vn 0.06710393 0.3693306 -0.9268721
vn -0.4589186 0.6505458 -0.6051312
vn -0.2166143 0.6209898 -0.7532926
vn -0.6638041 0.6270586 -0.4076293
vn 0.01510694 -0.9782299 -0.1927999
vn 0.08988846 -0.9754719 -0.2009342
vn -0.05967458 -0.980988 -0.1846655
vn -0.1199475 0.1165076 -0.9752825
vn -0.2113955 0.2256403 -0.9509987
vn -0.02849946 0.007374886 -0.9995665
vn 0.07643048 0.8520876 -0.4765447
vn 0.2310672 0.777971 -0.5842679
vn -0.07820629 0.9262043 -0.3688214
vn 0.3784478 -0.9252123 -0.02755796
vn 0.6156006 -0.7879323 -0.0140863
vn 0.3145252 -0.9492471 -0.001950147
vn 0.1707874 -0.9852454 0.01109022
vn -0.08013709 0.5302045 -0.839986
vn -0.0265259 0.4790856 -0.8773672
vn -0.1337483 0.5813233 -0.8026048
vn 0.4083793 0.898441 0.1611477
vn 0.4026479 0.9001355 0.1662246
vn 0.4141107 0.8967464 0.1560707
vn -0.1082951 0.02525381 -0.985999
vn -0.1956304 0.112848 -0.9741632
vn -0.02095971 -0.06234035 -0.9978348
vn 0.06876428 0.8847909 -0.4608867
vn -0.1062989 0.9489156 -0.2970852
vn 0.2395922 0.7661719 -0.5963021
vn -0.2521128 -0.26409 -0.9252996
vn -0.3302402 -0.1977067 -0.922959
vn -0.1739853 -0.3304734 -0.9276402
vn -0.2008419 0.8028622 -0.5613152
vn -0.3046122 -0.4271331 -0.8513334
vn -0.5322179 0.3519277 -0.7699941
vn -0.6952833 0.4454459 -0.5640558
vn -0.3277744 0.2310482 -0.916068
vn -0.289052 -0.5136475 -0.8078459
vn -0.5517288 -0.1715849 -0.8134015
vn -0.4984443 -0.1994558 -0.843665
vn -0.6050133 -0.143714 -0.783138
vn -0.2707083 -0.5952361 -0.7565784
vn -0.5597399 0.1539268 -0.8097597
vn -0.5092168 0.1017402 -0.8546035
vn -0.6102629 0.2061135 -0.7649159
vn -0.2497545 -0.6711144 -0.6980173
vn -0.4697183 0.2214728 -0.84267
vn -0.3956373 0.1207656 -0.9104322
vn -0.5437993 0.3221801 -0.7749078
vn -0.2263905 -0.7405493 -0.6327195
vn -0.5474913 0.5731584 -0.6097071
vn -0.5760865 0.4342415 -0.6925017
vn -0.5650512 0.581757 -0.5850434
vn -0.4229982 0.4384654 -0.792982
vn -0.2008419 -0.8028625 -0.5613147
vn -0.1294956 0.1506414 -0.9788572
vn -0.09893356 0.1139205 -0.9885515
vn -0.1600577 0.1873623 -0.9691629
vn -0.5884938 0.8072332 0.04527069
vn -0.328557 0.9399452 -0.09248311
vn -0.7871355 0.5904434 0.1783093
vn -0.07679124 -0.9427575 -0.3244845
vn -0.07223286 -0.9432257 -0.324203
vn -0.08134962 -0.9422894 -0.324766
vn -0.06129831 0.3393681 -0.9381436
vn -0.0433308 0.3160617 -0.9477486
vn -0.07926581 0.3626745 -0.9285387
vn -0.3945215 0.6124411 -0.6850105
vn -0.389871 0.6123231 -0.6877943
vn -0.3991719 0.612559 -0.6822267
vn 0.1238963 -0.9664021 -0.1616606
vn 0.2794146 -0.9464904 -0.1615033
vn -0.03162203 -0.9863138 -0.161818
vn -0.2133706 0.4488022 -0.8677842
vn -0.3597302 0.6090551 -0.7068564
vn -0.05143506 0.2557869 -0.9653639
vn -0.3155311 0.8412308 -0.4388761
vn -0.3054458 0.8410772 -0.4464212
vn -0.3256164 0.8413843 -0.4313309
vn 0.6596308 -0.7469872 0.08305037
vn 0.4675345 -0.8827487 0.0465406
vn -0.320428 0.35161 -0.8630099
vn -0.2337384 0.2302399 -0.9446459
vn -0.4071175 0.4729801 -0.7813738
vn 0.002935566 0.9617826 0.2581497
vn 0.07895759 0.9746434 0.20937
vn -0.07308646 0.9489218 0.3069294
vn -0.1482664 0.02853933 -0.9810965
vn -0.06288142 -0.05587368 -0.9964557
vn -0.2336515 0.1129524 -0.9657373
vn -0.05255612 0.9513204 -0.30264
vn -0.07186377 0.9552621 -0.2868966
vn -0.03324847 0.9473787 -0.3183834
vn -0.1495155 -0.1071798 -0.9748805
vn -0.2429131 -0.02341733 -0.9697653
vn -0.05611793 -0.1909422 -0.9799958
vn -0.144856 0.8028622 -0.5782984
vn -0.2196997 -0.427133 -0.8770914
vn -0.3718829 0.60565 -0.703485
vn -0.5162444 0.6656393 -0.5389026
vn -0.2083596 0.5144538 -0.8318194
vn -0.2084772 -0.5136475 -0.832288
vn -0.6626866 -0.07177383 -0.7454495
vn -0.8332683 0.06479302 -0.549059
vn -0.4349032 -0.2021453 -0.8774944
vn -0.1952469 -0.595236 -0.7794695
vn -0.7804679 0.03718763 -0.6072631
vn -0.7138383 -0.05213771 -0.6983671
vn -0.8470974 0.126513 -0.5161594
vn -0.1801344 -0.6711145 -0.7191362
vn -0.7644427 0.2411103 -0.597906
vn -0.7640555 0.2402734 -0.5987386
vn -0.76483 0.2419471 -0.5970734
vn -0.1632833 -0.7405493 -0.651863
vn -0.3783015 0.106516 -0.9195337
vn -0.5969259 0.4432514 -0.6687358
vn -0.1448561 -0.8028624 -0.578298
vn -0.3465698 0.3570708 -0.867404
vn -0.5078032 0.3687677 -0.778554
vn -0.3819162 0.3487646 -0.855864
vn -0.3247406 0.3431957 -0.88134
vn -0.1250269 -0.8574567 -0.4991354
vn -0.2075908 0.546949 -0.8030837
vn -0.1235244 0.4962132 -0.8593684
vn -0.2916573 0.5976849 -0.7467989
vn -0.1039895 -0.9037903 -0.4151496
vn -0.4561205 0.5902617 -0.6658124
vn -0.4633144 0.5976742 -0.6543128
vn -0.4489267 0.5828492 -0.677312
vn -0.01765848 0.9652976 -0.2605545
vn -0.06987045 0.9970723 -0.03106243
vn -0.04245419 0.9315826 -0.3610419
vn 0.4409226 0.7274788 -0.5257011
vn 0.5815329 -0.7924899 0.1837911
vn 0.4931514 -0.858341 0.1416063
vn -0.3353891 0.04042992 -0.9412117
vn -0.1436364 -0.1682658 -0.9752206
vn -0.4998144 0.2458315 -0.8305134
vn -0.04566531 0.9963225 0.0724992
vn 0.3450022 0.9259289 -0.1537179
vn -0.2178299 0.01539724 -0.9705725
vn -0.2885098 0.08623426 -0.9535857
vn -0.14715 -0.05543977 -0.9875593
vn 0.1806495 0.9326565 -0.2465967
vn 0.02498226 0.9883994 -0.1498079
vn 0.3363167 0.8769135 -0.3433855
vn -0.2189823 -0.0956445 -0.9654315
vn -0.1446479 -0.1679022 -0.9751337
vn -0.2933167 -0.02338678 -0.9557292
vn -0.06030315 0.8101161 -0.5823855
vn -0.0840554 0.8196549 -0.5666573
vn -0.0365509 0.8005772 -0.5981138
vn -0.1326723 -0.427133 -0.8944023
vn -0.09930252 0.7255019 -0.6810152
vn -0.09774457 0.7247137 -0.6820821
vn -0.1008605 0.7262901 -0.6799483
vn -0.1258951 -0.5136474 -0.8487148
vn -0.3827376 0.2543624 -0.8881506
vn -0.5886832 0.3906697 -0.7076928
vn -0.1409837 0.09425749 -0.9855146
vn -0.1179055 -0.595236 -0.7948537
vn -0.6364981 0.04502399 -0.7409335
vn -0.7556043 0.1772959 -0.6305778
vn -0.5173919 -0.08724795 -0.8512893
vn -0.1087793 -0.6711145 -0.7333297
vn -0.6803045 0.07813614 -0.7026009
vn -0.6062113 -0.07686467 -0.7915804
vn -0.7543977 0.233137 -0.6136214
vn -0.09860311 -0.7405494 -0.6647285
vn -0.5644243 0.1687156 -0.8080398
vn -0.5670826 0.1728897 -0.8053114
vn -0.561766 0.1645416 -0.8107682
vn -0.08747564 -0.8028623 -0.5897118
vn -0.443719 0.4069286 -0.7984501
vn -0.504977 0.3698291 -0.7798876
vn -0.07550118 -0.8574568 -0.5089866
vn -0.5101315 0.3090903 -0.8026387
vn -0.3582413 0.2528078 -0.8987499
vn -0.5138596 0.3074656 -0.8008828
vn -0.5815059 0.3535833 -0.7326866
vn -0.06279714 -0.9037902 -0.4233434
vn -0.4282591 0.0585468 -0.9015303
vn -0.4146931 0.0454286 -0.9088266
vn -0.4418252 0.071665 -0.8942341
vn -0.1741846 0.9762358 -0.1289018
vn -0.1767841 0.9758847 -0.1280479
vn -0.171585 0.9765869 -0.1297557
vn -0.03336751 -0.944521 -0.3263746
vn -0.01794628 -0.9459403 -0.3238437
vn -0.04878874 -0.9431017 -0.3289055
vn -0.4518455 0.3338879 -0.8236783
vn -0.4916307 0.3842887 -0.7814226
vn -0.4120603 0.2834871 -0.8659338
vn 0.04150337 0.5842499 -0.8105118
vn 0.3115678 0.4909319 -0.8135793
vn -0.2319499 0.6298625 -0.741264
vn 0.2054157 -0.9551725 -0.08480029
vn 0.3960949 -0.9158326 -0.06602616
vn 0.01473642 -0.9945124 -0.1035744
vn -0.2479775 0.06223061 -0.9661426
vn -0.2245547 0.03780255 -0.9737279
vn -0.2714002 0.08665866 -0.9585572
vn 0.4020884 0.8776007 -0.2227355
vn 0.5101693 0.8144929 -0.276276
vn 0.2940075 0.9407085 -0.169195
vn -0.1372055 -0.2511765 -0.9499626
vn -0.04620538 -0.3365353 -0.9405365
vn -0.2282055 -0.1658178 -0.9593886
vn 0.2660424 0.8673673 -0.4205893
vn -0.01046969 0.9629251 -0.2695652
vn 0.5137158 0.6777882 -0.5260221
vn -0.04436834 -0.4271314 -0.9031003
vn -0.02766298 0.7229252 -0.6903613
vn -0.02451554 0.721401 -0.6920835
vn -0.03081041 0.7244493 -0.6886392
vn -0.04210393 -0.5136473 -0.8569677
vn 0.1546242 0.2955794 -0.9427217
vn 0.3351068 0.1291392 -0.9332879
vn -0.03519244 0.4441768 -0.8952476
vn -0.03943177 -0.5952361 -0.8025826
vn 0.308087 0.02500314 -0.9510254
vn 0.3097517 0.0227793 -0.9505445
vn 0.3064223 0.02722698 -0.9515062
vn -0.03637925 -0.6711147 -0.7404604
vn -0.07954449 -0.1034335 -0.9914505
vn -0.2554337 0.1410071 -0.9564886
vn 0.1036557 -0.3383674 -0.9352876
vn -0.0329768 -0.7405491 -0.6711925
vn -0.33929 0.2887214 -0.8795738
vn -0.4423711 0.3964398 -0.8044522
vn -0.2362089 0.181003 -0.9546953
vn -0.02925359 -0.8028631 -0.5954452
vn -0.3811422 0.4058865 -0.8306544
vn -0.4064306 0.4168403 -0.8130549
vn -0.02524751 -0.8574567 -0.5139362
vn -0.2731458 0.245669 -0.9300742
vn -0.362241 0.251365 -0.8975506
vn -0.02099963 -0.9037902 -0.4274601
vn -0.584681 0.06775609 -0.8084288
vn -0.7299103 0.08830949 -0.6778144
vn -0.4168982 0.04458904 -0.9078588
vn -0.007208776 0.9891507 -0.146727
vn 0.03268068 -0.9486346 -0.310603
vn 0.08128059 -0.951362 -0.2971597
vn -0.01591924 -0.9459072 -0.3240464
vn -0.6343055 0.2416996 -0.722167
vn -0.5606379 0.1736382 -0.8096511
vn -0.707973 0.3097611 -0.6346828
vn -0.08012622 0.5375334 -0.838497
vn -0.1187226 0.5424232 -0.8316742
vn -0.04152983 0.5326437 -0.84532
vn 0.2519131 -0.9533337 0.00535974
vn 0.4099862 -0.9113933 0.03568535
vn 0.09384007 -0.9952741 -0.02496587
vn -0.2357747 0.2771194 -0.9314586
vn -0.03569778 0.05105164 -0.9980577
vn -0.2351846 0.3045954 -0.9229895
vn -0.5820968 0.573188 -0.5767311
vn -0.2032965 0.9676798 -0.1064493
vn -0.2987102 0.952015 -0.06662955
vn -0.1078828 0.9833446 -0.146269
vn -0.0335814 0.02374037 -0.9991539
vn -0.2581314 0.2098808 -0.9430367
vn -0.001672566 0.9699793 -0.2431815
vn 0.2978407 0.8808557 -0.3679456
vn -0.3009965 0.9492844 -0.09088504

g Basic_UV_sphere (1)
usemtl Shader_Graphs_BackgroundShader
f 3/3/3 2/2/2 1/1/1
f 6/6/4 5/5/4 4/4/4
f 3/8/3 7/7/5 2/2/2
f 5/5/6 8/10/6 4/9/6
f 3/12/3 9/11/7 7/7/5
f 8/10/8 10/14/8 4/13/8
f 3/16/3 11/15/9 9/11/7
f 10/14/10 12/18/10 4/17/10
f 3/20/3 13/19/11 11/15/9
f 12/18/12 14/22/12 4/21/12
f 3/24/3 15/23/13 13/19/11
f 14/22/15 16/26/14 4/25/14
f 16/26/14 17/28/16 4/27/14
f 3/30/3 18/29/17 15/23/13
f 17/28/16 19/32/18 4/31/14
f 3/34/3 20/33/19 18/29/17
f 3/36/3 21/35/20 20/33/19
f 19/32/21 22/38/21 4/37/21
f 3/40/3 23/39/22 21/35/20
f 22/38/23 24/42/23 4/41/23
f 3/44/3 25/43/24 23/39/22
f 24/42/25 26/46/25 4/45/25
f 3/48/3 27/47/26 25/43/24
f 26/46/27 28/50/27 4/49/27
f 3/52/3 29/51/28 27/47/26
f 28/50/29 30/54/29 4/53/29
f 30/54/30 31/56/30 4/55/30
f 3/58/3 32/57/31 29/51/28
f 31/56/32 33/60/32 4/59/32
f 3/62/3 34/61/33 32/57/31
f 3/64/3 35/63/34 34/61/33
f 33/60/35 36/66/35 4/65/35
f 3/68/3 37/67/36 35/63/34
f 36/66/37 38/70/37 4/69/37
f 3/72/3 39/71/38 37/67/36
f 38/70/39 40/74/39 4/73/39
f 3/76/3 41/75/40 39/71/38
f 40/74/41 42/78/41 4/77/41
f 42/78/42 43/80/42 4/79/42
f 3/82/3 44/81/43 41/75/40
f 43/80/44 45/84/44 4/83/44
f 3/86/3 46/85/45 44/81/43
f 3/88/3 47/87/46 46/85/45
f 45/84/47 48/90/47 4/89/47
f 3/92/3 49/91/48 47/87/46
f 48/90/49 50/94/49 4/93/49
f 3/96/3 51/95/50 49/91/48
f 50/94/51 52/98/51 4/97/51
f 3/100/3 53/99/52 51/95/50
f 52/98/53 54/102/53 4/101/53
f 3/104/3 55/103/54 53/99/52
f 54/102/55 56/106/55 4/105/55
f 56/106/56 57/108/56 4/107/56
f 3/110/3 58/109/57 55/103/54
f 3/112/3 59/111/58 58/109/57
f 57/108/59 60/114/59 4/113/59
f 3/116/3 61/115/60 59/111/58
f 60/114/61 62/118/61 4/117/61
f 3/120/3 63/119/62 61/115/60
f 62/118/63 64/122/63 4/121/63
f 3/124/3 65/123/64 63/119/62
f 64/122/65 66/126/65 4/125/65
f 3/128/3 67/127/66 65/123/64
f 66/126/67 68/130/67 4/129/67
f 68/130/68 69/132/68 4/131/68
f 3/134/3 70/133/69 67/127/66
f 69/132/70 71/136/70 4/135/70
f 3/138/3 72/137/71 70/133/69
f 3/140/73 73/139/73 72/137/72
f 71/136/74 74/142/74 4/141/74
f 3/144/73 75/143/75 73/139/73
f 74/142/77 76/146/76 4/145/76
f 3/148/78 77/147/78 75/143/78
f 76/146/76 78/150/79 4/149/76
f 3/152/80 79/151/80 77/147/80
f 78/150/81 80/154/81 4/153/81
f 80/154/83 81/156/82 4/155/82
f 3/158/84 82/157/84 79/151/84
f 81/156/82 83/160/85 4/159/82
f 83/160/89 85/164/89 4/163/89
f 3/166/88 86/165/90 84/161/87
f 3/168/91 87/167/91 86/165/91
f 85/164/92 88/170/92 4/169/92
f 3/172/93 89/171/93 87/167/93
f 88/170/94 90/174/94 4/173/94
f 3/176/95 91/175/95 89/171/95
f 90/174/96 92/178/96 4/177/96
f 3/180/97 93/179/97 91/175/97
f 92/178/98 94/182/98 4/181/98
f 94/182/99 95/184/99 4/183/99
f 3/186/100 96/185/100 93/179/100
f 95/184/101 97/188/101 4/187/101
f 3/190/102 98/189/102 96/185/102
f 97/188/105 100/194/105 4/193/105
f 100/198/107 102/197/107 4/196/107
f 3/200/108 103/199/108 101/195/108
f 102/197/109 104/202/109 4/201/109
f 104/202/114 106/206/113 4/205/113
f 106/206/113 108/210/116 4/209/113
f 3/212/118 109/211/118 107/207/117
f 108/210/119 110/214/119 4/213/119
f 3/216/118 111/215/120 109/211/118
f 110/214/121 112/218/121 4/217/121
f 3/220/122 113/219/122 111/215/122
f 112/218/123 114/222/123 4/221/123
f 114/222/124 115/224/124 4/223/124
f 3/226/125 116/225/125 113/219/125
f 115/224/126 117/228/126 4/227/126
f 3/230/127 118/229/127 116/225/127
f 3/232/128 119/231/128 118/229/128
f 117/228/130 120/234/129 4/233/129
f 3/236/131 121/235/131 119/231/131
f 120/234/129 122/238/132 4/237/129
f 122/238/136 124/242/136 4/241/136
f 3/244/137 125/243/137 123/239/137
f 124/242/138 126/246/138 4/245/138
f 126/246/139 127/248/139 4/247/139
f 3/250/140 128/249/140 125/243/140
f 127/248/141 129/252/141 4/251/141
f 3/254/142 130/253/142 128/249/142
f 3/255/3 1/1/1 130/253/143
f 129/252/144 6/6/144 4/256/144
f 132/258/149 140/266/150 139/265/149
f 131/257/151 132/258/149 139/265/149
f 148/274/161 152/278/162 151/277/161
f 147/273/163 148/274/161 151/277/161
f 160/286/181 166/292/182 165/291/181
f 159/285/183 160/286/181 165/291/181
f 190/316/217 189/315/218 174/300/217
f 170/296/219 190/316/217 174/300/217
f 132/258/244 201/327/243 140/266/241
f 209/335/259 212/338/260 158/284/259
f 152/278/261 209/335/259 158/284/259
f 210/336/262 213/339/263 160/286/262
f 154/280/264 210/336/262 160/286/262
f 214/340/275 8/10/274 5/5/185
f 215/341/276 217/343/277 168/294/276
f 164/290/278 215/341/276 168/294/276
f 166/292/282 216/342/281 170/296/279
f 195/321/293 218/344/292 197/323/290
f 222/348/291 224/350/296 199/325/295
f 201/327/305 226/352/304 203/329/302
f 228/354/307 230/356/308 205/331/307
f 203/329/309 228/354/307 205/331/307
f 232/358/316 234/360/317 209/335/316
f 207/333/318 232/358/316 209/335/316
f 240/366/341 242/368/342 217/343/341
f 215/341/343 240/366/341 217/343/341
f 241/367/345 243/369/344 190/316/280
f 217/343/349 242/368/348 192/318/346
f 244/370/347 246/372/354 191/317/353
f 247/373/363 251/377/364 226/352/363
f 224/350/365 247/373/363 226/352/363
f 251/377/368 253/379/367 228/354/303
f 228/354/373 253/379/372 230/356/370
f 255/381/376 257/383/375 232/358/311
f 263/389/399 266/392/400 241/367/399
f 238/364/401 263/389/399 241/367/399
f 267/393/411 269/395/412 244/370/411
f 242/368/413 267/393/411 244/370/411
f 268/394/414 270/396/415 245/371/414
f 243/369/416 268/394/414 245/371/414
f 277/403/432 276/402/433 253/379/432
f 251/377/434 277/403/432 253/379/432
f 276/402/437 280/406/436 255/381/371
f 290/416/470 292/418/471 267/393/470
f 265/391/472 290/416/470 267/393/470
f 266/392/476 291/417/475 268/394/473
f 293/419/480 295/421/481 270/396/480
f 268/394/482 293/419/480 270/396/480
f 294/420/483 296/422/484 271/397/483
f 269/395/485 294/420/483 271/397/483
f 296/422/489 298/424/490 273/399/489
f 271/397/491 296/422/489 273/399/489
f 301/427/498 303/429/499 247/373/498
f 248/374/500 301/427/498 247/373/498
f 306/432/506 305/431/507 282/408/506
f 280/406/508 306/432/506 282/408/506
f 310/436/522 313/439/523 288/414/522
f 285/411/524 310/436/522 288/414/522
f 316/442/541 318/444/540 293/419/474
f 317/443/542 319/445/543 294/420/542
f 292/418/544 317/443/542 294/420/542
f 321/447/554 323/449/555 298/424/554
f 296/422/556 321/447/554 298/424/554
f 301/427/566 326/452/565 303/429/563
f 330/456/571 332/458/572 276/402/571
f 277/403/573 330/456/571 276/402/571
f 337/463/584 336/462/585 313/439/584
f 310/436/586 337/463/584 313/439/584
f 341/467/601 343/469/602 318/444/601
f 316/442/603 341/467/601 318/444/601
f 319/445/613 344/470/612 321/447/610
f 346/472/611 348/474/618 323/449/617
f 353/479/628 355/481/627 330/456/569
f 357/483/634 359/485/635 306/432/634
f 332/458/636 357/483/634 306/432/634
f 366/492/654 365/491/655 343/469/654
f 341/467/656 366/492/654 343/469/654
f 365/491/660 368/494/661 345/471/660
f 343/469/662 365/491/660 345/471/660
f 380/506/686 382/508/687 359/485/686
f 357/483/688 380/506/686 359/485/686
f 337/463/711 387/513/710 336/462/708
f 390/516/709 366/492/719 341/467/718
f 401/527/739 403/529/740 378/504/739
f 376/502/741 401/527/739 378/504/739
f 380/506/750 405/531/749 382/508/747
f 407/533/748 409/535/755 384/510/754
f 385/511/765 410/536/764 388/514/762
f 411/537/766 414/540/767 389/515/766
f 386/512/768 411/537/766 389/515/766
f 388/514/775 413/539/774 391/517/772
f 424/550/799 423/549/800 399/525/799
f 397/523/801 424/550/799 399/525/799
f 403/529/814 428/554/813 405/531/811
f 434/560/827 436/562/828 411/537/827
f 409/535/829 434/560/827 411/537/827
f 415/541/847 440/566/846 418/544/844
f 417/543/854 442/568/853 419/545/851
f 419/545/861 444/570/860 393/519/858
f 446/572/865 448/574/866 392/518/865
f 393/519/867 446/572/865 392/518/865
f 426/552/877 453/579/876 428/554/874
f 455/581/884 457/583/883 432/558/817
f 460/586/899 463/589/898 438/564/831
f 436/562/903 461/587/902 439/565/900
f 463/589/908 466/592/907 441/567/839
f 465/591/913 468/594/912 443/569/845
f 467/593/918 469/595/917 444/570/852
f 469/595/923 471/597/922 446/572/859
f 470/596/924 472/598/925 447/573/924
f 445/571/926 470/596/924 447/573/924
f 446/572/930 471/597/929 448/574/927
f 482/608/947 481/607/948 457/583/947
f 455/581/949 482/608/947 457/583/947
f 483/609/956 485/611/957 460/586/956
f 458/584/958 483/609/956 460/586/956
f 459/585/962 484/610/961 461/587/959
f 486/612/968 489/615/967 464/590/901
f 493/619/985 495/621/986 470/596/985
f 468/594/987 493/619/985 470/596/985
f 495/621/991 497/623/992 472/598/991
f 470/596/993 495/621/991 472/598/991
f 498/624/999 500/626/1000 475/601/999
f 473/599/1001 498/624/999 475/601/999
f 499/625/1002 501/627/1003 476/602/1002
f 474/600/1004 499/625/1002 476/602/1002
f 501/627/1006 503/629/1007 478/604/1006
f 476/602/1008 501/627/1006 478/604/1006
f 505/631/1015 507/633/1014 452/578/875
f 511/637/1024 510/636/1023 486/612/960
f 518/644/1046 520/646/1047 495/621/1046
f 493/619/1048 518/644/1046 495/621/1046
f 519/645/1049 521/647/1050 496/622/1049
f 494/620/1051 519/645/1049 496/622/1049
f 521/647/1056 523/649/1055 498/624/994
f 501/627/1070 526/652/1069 503/629/1067
f 528/654/1072 530/656/1073 505/631/1072
f 503/629/1074 528/654/1072 505/631/1072
f 507/633/1083 532/658/1082 482/608/1080
f 534/660/1081 536/662/1088 481/607/1087
f 536/662/1092 511/637/1093 484/610/1092
f 481/607/1094 536/662/1092 484/610/1092
f 544/670/1116 546/672/1117 521/647/1116
f 519/645/1118 544/670/1116 521/647/1116
f 545/671/1119 547/673/1120 522/648/1119
f 520/646/1121 545/671/1119 522/648/1119
f 547/673/1125 549/675/1126 524/650/1125
f 522/648/1127 547/673/1125 524/650/1125
f 549/675/1129 551/677/1130 526/652/1129
f 524/650/1131 549/675/1129 526/652/1129
f 551/677/1134 553/679/1133 528/654/1068
f 528/654/1139 553/679/1138 530/656/1136
f 557/683/1142 559/685/1145 534/660/1144
f 564/690/1226 587/713/1225 540/666/1223
f 589/715/1230 592/718/1231 537/663/1230
f 538/664/1232 589/715/1230 537/663/1230
f 542/668/1239 591/717/1238 541/667/1236
f 539/665/1246 593/719/1245 31/56/1243
f 594/720/1237 569/695/1248 544/670/1247
f 596/722/1249 595/721/1250 572/698/1249
f 570/696/1251 596/722/1249 572/698/1249
f 595/721/1253 599/725/1254 574/700/1253
f 572/698/1255 595/721/1253 574/700/1253
f 599/725/1257 601/727/1258 576/702/1257
f 574/700/1259 599/725/1257 576/702/1257
f 612/738/1294 615/741/1293 590/716/1224
f 590/716/1302 615/741/1301 593/719/1299
f 617/743/1306 620/746/1307 567/693/1306
f 592/718/1308 617/743/1306 567/693/1306
f 566/692/1323 622/748/1322 570/696/1320
f 625/751/1325 624/750/1326 601/727/1325
f 599/725/1327 625/751/1325 601/727/1325
f 601/727/1332 624/750/1331 603/729/1329
f 628/754/1330 630/756/1335 605/731/1334
f 634/760/1351 636/762/1352 611/737/1351
f 609/735/1353 634/760/1351 611/737/1351
f 635/761/1354 637/763/1355 612/738/1354
f 610/736/1356 635/761/1354 612/738/1354
f 611/737/1360 636/762/1359 613/739/1357
f 638/764/1358 641/767/1366 616/742/1365
f 616/742/1373 641/767/1372 619/745/1370
f 644/770/1371 646/772/1380 621/747/1379
f 645/771/1381 647/773/1382 622/748/1381
f 620/746/1383 645/771/1381 622/748/1381
f 660/786/1417 662/788/1418 637/763/1417
f 635/761/1419 660/786/1417 637/763/1417
f 661/787/1420 663/789/1421 638/764/1420
f 636/762/1422 661/787/1420 638/764/1420
f 662/788/1424 665/791/1425 640/766/1424
f 637/763/1426 662/788/1424 640/766/1424
f 664/790/1430 667/793/1431 642/768/1430
f 639/765/1432 664/790/1430 642/768/1430
f 666/792/1435 669/795/1436 644/770/1435
f 641/767/1437 666/792/1435 644/770/1435
f 670/796/1446 672/798/1447 647/773/1446
f 645/771/1448 670/796/1446 647/773/1446
f 672/798/1451 674/800/1450 649/775/1385
f 682/808/1473 686/812/1474 661/787/1473
f 659/785/1475 682/808/1473 661/787/1473
f 688/814/1486 691/817/1487 666/792/1486
f 663/789/1488 688/814/1486 666/792/1486
f 689/815/1489 692/818/1490 667/793/1489
f 664/790/1491 689/815/1489 667/793/1489
f 667/793/1500 692/818/1499 670/796/1497
f 695/821/1504 697/823/1505 672/798/1504
f 670/796/1506 695/821/1504 672/798/1504
f 686/812/1543 712/838/1542 688/814/1540
f 715/841/1545 714/840/1546 690/816/1545
f 687/813/1547 715/841/1545 690/816/1545
f 711/837/1541 716/842/1549 691/817/1548
f 713/839/1550 717/843/1551 692/818/1550
f 689/815/1552 713/839/1550 692/818/1550
f 720/846/1563 722/848/1564 697/823/1563
f 695/821/1565 720/846/1563 697/823/1563
f 703/829/1580 728/854/1579 705/831/1577
f 736/862/1598 738/864/1599 682/808/1598
f 683/809/1600 736/862/1598 682/808/1598
f 743/869/1612 742/868/1611 720/846/1558
f 720/846/1619 742/868/1618 722/848/1616
f 750/876/1627 752/878/1628 728/854/1627
f 726/852/1629 750/876/1627 728/854/1627
f 754/880/1636 756/882/1635 732/858/1583
f 756/882/1640 758/884/1641 734/860/1640
f 732/858/1642 756/882/1640 734/860/1640
f 736/862/1655 760/886/1654 738/864/1652
f 762/888/1659 764/890/1660 712/838/1659
f 738/864/1661 762/888/1659 712/838/1659
f 767/893/1675 743/869/1676 717/843/1675
f 713/839/1677 767/893/1675 717/843/1675
f 778/904/1697 780/906/1698 756/882/1697
f 754/880/1699 778/904/1697 756/882/1697
f 784/910/1715 786/912/1714 762/888/1653
f 795/921/1743 48/90/1742 45/84/1613
f 812/938/1785 814/940/1786 789/915/1785
f 787/913/1787 812/938/1785 789/915/1785
f 814/940/1792 817/943/1793 792/918/1792
f 789/915/1794 814/940/1792 792/918/1792
f 791/917/1800 816/942/1799 794/920/1797
f 817/943/1802 820/946/1801 795/921/1736
f 824/950/1813 826/952/1814 771/897/1813
f 772/898/1815 824/950/1813 771/897/1813
f 837/963/1845 839/965/1846 814/940/1845
f 812/938/1847 837/963/1845 814/940/1845
f 839/965/1850 842/968/1851 817/943/1850
f 814/940/1852 839/965/1850 817/943/1850
f 844/970/1864 847/973/1863 822/948/1805
f 847/973/1870 849/975/1869 824/950/1810
f 837/963/1906 862/988/1905 839/965/1903
f 864/990/1911 867/993/1912 842/968/1911
f 839/965/1913 864/990/1911 842/968/1911
f 866/992/1915 869/995/1916 844/970/1915
f 841/967/1917 866/992/1915 844/970/1915
f 872/998/1929 874/1000/1930 849/975/1929
f 847/973/1931 872/998/1929 849/975/1929
f 864/990/1973 889/1015/1972 867/993/1970
f 872/998/1992 897/1023/1991 874/1000/1989
f 905/1031/2004 907/1033/2005 882/1008/2004
f 880/1006/2006 905/1031/2004 882/1008/2004
f 915/1041/2030 914/1040/2031 897/1023/2030
f 894/1020/2032 915/1041/2030 897/1023/2030
f 895/1021/2036 916/1042/2035 56/106/2033
f 914/1040/2039 919/1045/2038 899/1025/1990
f 907/1033/2060 927/1053/2059 909/1035/2057
f 912/1038/2076 932/1058/2075 886/1012/2073
f 934/1060/2074 936/1062/2081 885/1011/2080
f 936/1062/2086 938/1064/2085 889/1015/1964
f 938/1064/2090 941/1067/2089 892/1018/1971
f 951/1077/2114 953/1079/2113 929/1055/2058
f 954/1080/2121 956/1082/2122 932/1058/2121
f 930/1056/2123 954/1080/2121 932/1058/2121
f 934/1060/2136 958/1084/2135 936/1062/2133
f 940/1066/2151 964/1090/2150 915/1041/2148
f 965/1091/2152 968/1094/2153 916/1042/2152
f 941/1067/2154 965/1091/2152 916/1042/2152
f 956/1082/2192 981/1107/2191 958/1084/2189
f 983/1109/2196 985/1111/2197 960/1086/2196
f 958/1084/2198 983/1109/2196 960/1086/2196
f 985/1111/2203 987/1113/2202 962/1088/2141
f 989/1115/2211 992/1118/2210 967/1093/2149
f 990/1116/2212 993/1119/2213 968/1094/2212
f 965/1091/2214 990/1116/2212 968/1094/2212
f 992/1118/2216 995/1121/2217 970/1096/2216
f 967/1093/2218 992/1118/2216 970/1096/2216
f 1006/1132/2250 1008/1134/2249 983/1109/2190
f 987/1113/2268 1012/1138/2267 990/1116/2265
f 1014/1140/2270 1017/1143/2271 992/1118/2270
f 989/1115/2272 1014/1140/2270 992/1118/2270
f 1015/1141/2266 1018/1144/2274 993/1119/2273
f 1018/1144/2280 64/122/2279 62/118/2219
f 1020/1146/2282 1022/1148/2283 997/1123/2282
f 995/1121/2284 1020/1146/2282 997/1123/2282
f 1006/1132/2310 1033/1159/2309 1008/1134/2307
f 1035/1161/2320 1037/1163/2321 1012/1138/2320
f 1010/1136/2322 1035/1161/2320 1012/1138/2320
f 1014/1140/2334 1039/1165/2333 1017/1143/2331
f 1015/1141/2338 1040/1166/2337 1018/1144/2335
f 1042/1168/2340 1045/1171/2341 1020/1146/2340
f 1017/1143/2342 1042/1168/2340 1020/1146/2340
f 1035/1161/2386 1062/1188/2385 1037/1163/2383
f 1061/1187/2391 1065/1191/2392 1040/1166/2391
f 1037/1163/2393 1061/1187/2391 1040/1166/2391
f 1064/1190/2396 1067/1193/2395 1042/1168/2332
f 1070/1196/2407 1072/1198/2408 1047/1173/2407
f 1045/1171/2409 1070/1196/2407 1047/1173/2407
f 1085/1211/2443 1087/1213/2442 1032/1158/2308
f 1032/1158/2450 1087/1213/2449 1035/1161/2447
f 1067/1193/2461 1090/1216/2460 1070/1196/2458
f 1095/1221/2459 1097/1223/2467 1072/1198/2466
f 1108/1234/2496 1110/1236/2497 1085/1211/2496
f 1083/1209/2498 1108/1234/2496 1085/1211/2496
f 1112/1238/2509 1114/1240/2508 1062/1188/2448
f 1114/1240/2512 1116/1242/2511 1061/1187/2384
f 70/133/2514 1091/1217/2515 1064/1190/2514
f 67/127/2516 70/133/2514 1064/1190/2514
f 1137/1263/2566 1139/1265/2567 1116/1242/2566
f 1114/1240/2568 1137/1263/2566 1116/1242/2566
f 70/133/2573 72/137/2572 1091/1217/2570
f 1091/1217/2581 1141/1267/2580 1090/1216/2578
f 1090/1216/2588 1144/1270/2587 1095/1221/2585
f 1148/1274/2597 1151/1277/2598 1126/1252/2597
f 1124/1250/2599 1148/1274/2597 1126/1252/2597
f 1153/1279/2607 1155/1281/2608 1130/1256/2607
f 1128/1254/2609 1153/1279/2607 1130/1256/2607
f 1169/1295/2644 1172/1298/2643 1120/1246/2586
f 1189/1315/2693 1192/1318/2694 1167/1293/2693
f 1164/1290/2695 1189/1315/2693 1167/1293/2693
f 1192/1318/2700 1195/1321/2699 1170/1296/2640
f 1207/1333/2727 1206/1332/2726 1182/1308/2725
f 77/147/2754 1216/1342/2753 1191/1317/2691
f 1177/1303/2793 1232/1358/2792 1180/1306/2728
f 1213/1339/2810 1238/1364/2809 1215/1341/2807
f 1241/1367/2819 1244/1370/2818 1219/1345/2759
f 1219/1345/2827 1244/1370/2826 1222/1348/2824
f 1247/1373/2825 1249/1375/2833 1224/1350/2832
f 1249/1375/2835 1251/1377/2836 1226/1352/2835
f 1224/1350/2837 1249/1375/2835 1226/1352/2835
f 1230/1356/2850 1255/1381/2849 1232/1358/2847
f 1257/1383/2848 1259/1385/2853 1207/1333/2852
f 1261/1387/2859 1236/1362/2860 1209/1335/2859
f 1206/1332/2861 1261/1387/2859 1209/1335/2859
f 1265/1391/2866 1264/1390/2865 1240/1366/2808
f 82/157/2867 1266/1392/2868 1241/1367/2867
f 79/151/2869 82/157/2867 1241/1367/2867
f 1241/1367/2877 1266/1392/2876 1244/1370/2874
f 1274/1400/2893 1276/1402/2894 1251/1377/2893
f 1249/1375/2895 1274/1400/2893 1251/1377/2893
f 1286/1412/2917 1288/1414/2918 1236/1362/2917
f 1261/1387/2919 1286/1412/2917 1236/1362/2917
f 1290/1416/2927 1265/1391/2928 1238/1364/2927
f 1235/1361/2929 1290/1416/2927 1238/1364/2927
f 1296/1422/2934 1295/1421/2935 1272/1398/2934
f 1269/1395/2936 1296/1422/2934 1272/1398/2934
f 1284/1410/2968 1308/1434/2967 1286/1412/2965
f 1310/1436/2970 1312/1438/2971 1288/1414/2970
f 1286/1412/2972 1310/1436/2970 1288/1414/2970
f 1312/1438/2974 1314/1440/2975 1290/1416/2974
f 1288/1414/2976 1312/1438/2974 1290/1416/2974
f 1290/1416/2981 1314/1440/2980 1265/1391/2978
f 84/161/87 1319/1445/2989 1266/1392/2988
f 1319/1445/2995 1296/1422/2994 1269/1395/2875
f 1302/1428/3006 1325/1451/3005 1304/1430/3003
f 1327/1453/3004 1329/1455/3009 1306/1432/3008
f 1329/1455/3011 1331/1457/3012 1308/1434/3011
f 1306/1432/3013 1329/1455/3011 1308/1434/3011
f 1331/1457/3016 1333/1459/3015 1310/1436/2966
f 1312/1438/3025 1335/1461/3024 1314/1440/3022
f 1337/1463/3028 1339/1465/3027 1316/1442/2979
f 1341/1467/3041 1344/1470/3042 1294/1420/3041
f 1318/1444/3043 1341/1467/3041 1294/1420/3041
f 1319/1445/3047 1342/1468/3046 1296/1422/3044
f 1345/1471/3045 1348/1474/3053 1295/1421/3052
f 1356/1482/3075 1358/1484/3076 1333/1459/3075
f 1331/1457/3077 1356/1482/3075 1333/1459/3075
f 1360/1486/3084 1362/1488/3083 1337/1463/3023
f 1364/1490/3091 1366/1492/3092 1341/1467/3091
f 1339/1465/3093 1364/1490/3091 1341/1467/3091
f 1367/1493/3103 1370/1496/3104 1345/1471/3103
f 1342/1468/3105 1367/1493/3103 1345/1471/3103
f 1375/1501/3120 1377/1503/3121 1322/1448/3120
f 1323/1449/3122 1375/1501/3120 1322/1448/3120
f 1380/1506/3129 1383/1509/3134 1358/1484/3133
f 1383/1509/3136 1385/1511/3137 1360/1486/3136
f 1358/1484/3138 1383/1509/3136 1360/1486/3136
f 1362/1488/3147 1387/1513/3146 1364/1490/3144
f 1391/1517/3156 1394/1520/3157 1369/1495/3156
f 1366/1492/3158 1391/1517/3156 1369/1495/3156
f 1392/1518/3159 1395/1521/3160 1370/1496/3159
f 1367/1493/3161 1392/1518/3159 1370/1496/3159
f 1398/1524/3172 1400/1526/3173 1375/1501/3172
f 1373/1499/3174 1398/1524/3172 1375/1501/3172
f 1351/1477/3189 1406/1532/3188 1354/1480/3131
f 1409/1535/3195 1412/1538/3196 1387/1513/3195
f 1385/1511/3197 1409/1535/3195 1387/1513/3195
f 1412/1538/3199 1414/1540/3200 1389/1515/3199
f 1387/1513/3201 1412/1538/3199 1389/1515/3199
f 1414/1540/3204 1416/1542/3203 1391/1517/3150
f 89/171/3208 91/175/3207 1392/1518/3205
f 1431/1557/3242 1433/1559/3243 1381/1507/3242
f 1406/1532/3244 1431/1557/3242 1381/1507/3242
f 93/179/3262 1442/1568/3261 1417/1543/3206
f 1427/1553/3290 1452/1578/3289 1429/1555/3287
f 1429/1555/3295 1454/1580/3294 1431/1557/3292
f 1435/1561/3308 1460/1586/3307 1410/1536/3305
f 1464/1590/3313 1439/1565/3314 1412/1538/3313
f 1409/1535/3315 1464/1590/3313 1412/1538/3313
f 1465/1591/3323 1470/1596/3324 1445/1571/3323
f 1442/1568/3325 1465/1591/3323 1445/1571/3323
f 1473/1599/3335 1475/1601/3336 1450/1576/3335
f 1448/1574/3337 1473/1599/3335 1450/1576/3335
f 1456/1582/3352 1481/1607/3351 1458/1584/3349
f 1485/1611/3358 1487/1613/3359 1462/1588/3358
f 1460/1586/3360 1485/1611/3358 1462/1588/3358
f 1487/1613/3363 1489/1615/3362 1464/1590/3311
f 1491/1617/3369 1493/1619/3370 1438/1564/3369
f 1439/1565/3371 1491/1617/3369 1438/1564/3369
f 1501/1627/3392 1503/1629/3391 1479/1605/3343
f 1503/1629/3395 1505/1631/3394 1481/1607/3346
f 1505/1631/3398 1507/1633/3397 1483/1609/3350
f 1507/1633/3400 1509/1635/3401 1485/1611/3400
f 1483/1609/3402 1507/1633/3400 1485/1611/3400
f 1485/1611/3407 1509/1635/3406 1487/1613/3404
f 1511/1637/3405 1513/1639/3410 1489/1615/3409
f 1513/1639/3412 1515/1641/3413 1491/1617/3412
f 1489/1615/3414 1513/1639/3412 1491/1617/3412
f 1465/1591/3430 1520/1646/3429 1470/1596/3379
f 1524/1650/3435 1523/1649/3436 1501/1627/3435
f 1499/1625/3437 1524/1650/3435 1501/1627/3435
f 1531/1657/3451 1533/1659/3452 1509/1635/3451
f 1507/1633/3453 1531/1657/3451 1509/1635/3451
f 1544/1670/3477 1547/1673/3478 1495/1621/3477
f 1520/1646/3479 1544/1670/3477 1495/1621/3477
f 1550/1676/3486 1524/1650/3494 1499/1625/3493
f 1558/1691/3510 1560/1695/3511 1535/1694/3510
f 1533/1690/3512 1558/1691/3510 1535/1694/3510
f 1575/1726/3546 1577/1730/3547 1524/1729/3546
f 1550/1725/3548 1575/1726/3546 1524/1729/3546
f 1523/1733/3557 1579/1734/3556 1527/1681/3554
f 1556/1687/3562 1582/1738/3561 1558/1691/3559
f 1589/1745/3575 1591/1747/3576 1566/1707/3575
f 1564/1703/3577 1589/1745/3575 1566/1707/3575
f 103/199/3580 1594/1750/3581 1569/1713/3580
f 101/195/3582 103/199/3580 1569/1713/3580
f 1606/1762/3612 1608/1764/3616 1552/1679/3615
f 1587/1743/3629 1610/1766/3628 1589/1745/3626
f 1614/1770/3627 1616/1772/3632 1591/1747/3631
f 105/203/111 1619/1775/3636 1594/1750/3635
f 1619/1775/3639 1622/1778/3640 1597/1753/3639
f 1594/1750/3641 1619/1775/3639 1597/1753/3639
f 1597/1753/3649 1622/1778/3648 1600/1756/3646
f 1627/1783/3658 1629/1785/3659 1604/1760/3658
f 1602/1758/3660 1627/1783/3658 1604/1760/3658
f 1606/1762/3669 1631/1787/3668 1608/1764/3666
f 1608/1764/3674 1633/1789/3673 1582/1738/3671
f 1637/1793/3681 1611/1767/3680 1585/1741/3565
f 1642/1798/3685 1641/1797/3684 1635/1791/3672
f 1644/1800/3691 1646/1802/3692 1611/1767/3691
f 1637/1793/3693 1644/1800/3691 1611/1767/3691
f 107/207/115 1655/1811/3706 1619/1775/3636
f 1658/1814/3717 1661/1817/3716 1625/1781/3647
f 1625/1781/3725 1661/1817/3724 1627/1783/3722
f 1680/1836/3758 1683/1839/3759 1658/1814/3758
f 1655/1811/3760 1680/1836/3758 1658/1814/3758
f 1686/1842/3773 1688/1844/3772 1663/1819/3723
f 1692/1848/3784 1694/1850/3783 1642/1798/3735
f 1696/1852/3790 1671/1827/3791 1644/1800/3790
f 1641/1797/3792 1696/1852/3790 1644/1800/3790
f 1700/1856/3796 1699/1855/3795 1675/1831/3794
f 1717/1873/3836 1719/1875/3837 1694/1850/3836
f 1692/1848/3838 1717/1873/3836 1694/1850/3836
f 1721/1877/3844 1723/1879/3845 1671/1827/3844
f 1696/1852/3846 1721/1877/3844 1671/1827/3844
f 1670/1826/3853 1725/1881/3852 1673/1829/3797
f 1742/1898/3887 1744/1900/3888 1719/1875/3887
f 1717/1873/3889 1742/1898/3887 1719/1875/3887
f 1744/1900/3891 1746/1902/3892 1721/1877/3891
f 1719/1875/3893 1744/1900/3891 1721/1877/3891
f 1756/1912/3914 1755/1911/3915 1733/1889/3914
f 1730/1886/3916 1756/1912/3914 1733/1889/3914
f 1763/1919/3931 1765/1921/3932 1740/1896/3931
f 1738/1894/3933 1763/1919/3931 1740/1896/3931
f 1765/1921/3935 1767/1923/3936 1742/1898/3935
f 1740/1896/3937 1765/1921/3935 1742/1898/3935
f 1777/1933/3959 1779/1935/3960 1754/1910/3959
f 1752/1908/3961 1777/1933/3959 1754/1910/3959
f 1767/1923/3988 1790/1946/3987 1769/1925/3985
f 1792/1948/3990 1794/1950/3991 1771/1927/3990
f 1769/1925/3992 1792/1948/3990 1771/1927/3990
f 1773/1929/4001 1796/1952/4000 1775/1931/3998
f 1798/1954/3999 1800/1956/4004 1777/1933/4003
f 1756/1912/4021 1807/1963/4020 1755/1911/4018
f 1810/1966/4019 1785/1941/4026 1761/1917/4025
f 1813/1969/4036 1817/1973/4035 1792/1948/3986
f 1819/1975/4042 1821/1977/4043 1796/1952/4042
f 1794/1950/4044 1819/1975/4042 1796/1952/4042
f 1821/1977/4046 1823/1979/4047 1798/1954/4046
f 1796/1952/4048 1821/1977/4046 1798/1954/4046
f 1825/1981/4054 1827/1983/4055 1802/1958/4054
f 1800/1956/4056 1825/1981/4054 1802/1958/4054
f 1832/1988/4072 1835/1991/4073 1810/1966/4072
f 1807/1963/4074 1832/1988/4072 1810/1966/4072
f 1838/1994/4085 1840/1996/4086 1784/1940/4085
f 1785/1941/4087 1838/1994/4085 1784/1940/4085
f 1843/1999/4093 1842/1998/4094 1819/1975/4093
f 1817/1973/4095 1843/1999/4093 1819/1975/4093
f 1848/2004/4105 1850/2006/4106 1825/1981/4105
f 1823/1979/4107 1848/2004/4105 1825/1981/4105
f 121/235/4120 1857/2013/4121 1832/1988/4120
f 119/231/4122 121/235/4120 1832/1988/4120
f 1859/2015/4132 1862/2018/4133 1837/1993/4132
f 1834/1990/4134 1859/2015/4132 1837/1993/4132
f 1863/2019/4142 1865/2021/4143 1840/1996/4142
f 1838/1994/4144 1863/2019/4142 1840/1996/4142
f 1867/2023/4150 1869/2025/4151 1813/1969/4150
f 1814/1970/4152 1867/2023/4150 1813/1969/4150
f 1850/2006/4169 1875/2031/4168 1852/2008/4166
f 1877/2033/4167 1879/2035/4172 1854/2010/4171
f 1854/2010/4177 1879/2035/4176 1856/2012/4174
f 123/239/134 1882/2038/4179 1857/2013/4178
f 1881/2037/4175 1884/2040/4184 1859/2015/4183
f 1882/2038/4185 1885/2041/4186 1860/2016/4185
f 1857/2013/4187 1882/2038/4185 1860/2016/4185
f 1859/2015/4193 1884/2040/4192 1862/2018/4190
f 1887/2043/4191 1889/2045/4201 1864/2020/4200
f 1888/2044/4202 1890/2046/4203 1865/2021/4202
f 1863/2019/4204 1888/2044/4202 1865/2021/4202
f 1901/2057/4224 1900/2056/4225 1877/2033/4224
f 1875/2031/4226 1901/2057/4224 1877/2033/4224
f 1879/2035/4235 1904/2060/4234 1881/2037/4232
f 1906/2062/4233 1909/2065/4243 1884/2040/4242
f 1907/2063/4244 1910/2066/4245 1885/2041/4244
f 1882/2038/4246 1907/2063/4244 1885/2041/4244
f 1886/2042/4259 1911/2067/4258 124/242/4256
f 1915/2071/4269 1917/2073/4270 1892/2048/4269
f 1890/2046/4271 1915/2071/4269 1892/2048/4269
f 1919/2075/4277 1921/2077/4278 1896/2052/4277
f 1894/2050/4279 1919/2075/4277 1896/2052/4277
f 1871/2027/4296 1927/2083/4295 1875/2031/4293
f 128/249/4301 1931/2087/4302 1907/2063/4301
f 125/243/4303 128/249/4301 1907/2063/4301
f 1934/2090/4316 1937/2093/4317 1912/2068/4316
f 1909/2065/4318 1934/2090/4316 1912/2068/4316
f 1944/2100/4341 1946/2102/4342 1921/2077/4341
f 1919/2075/4343 1944/2100/4341 1921/2077/4341
f 1946/2102/4345 1948/2104/4346 1923/2079/4345
f 1921/2077/4347 1946/2102/4345 1923/2079/4345
f 1952/2108/4358 1954/2110/4357 1901/2057/4294
f 1901/2057/4363 1954/2110/4362 1900/2056/4360
f 1935/2091/4375 1961/2117/4374 1938/2094/4372
f 1958/2114/4378 1963/2119/4379 1939/2095/4378
f 1937/2093/4380 1958/2114/4378 1939/2095/4378
f 1960/2116/4373 1964/2120/4382 1940/2096/4381
f 1970/2126/4400 1972/2128/4401 1948/2104/4400
f 1946/2102/4402 1970/2126/4400 1948/2104/4400
f 1956/2112/4422 1980/2136/4421 1930/2086/4419
f 1985/2141/4436 1961/2117/4437 1935/2091/4436
f 1931/2087/4438 1985/2141/4436 1935/2091/4436
f 173/299/4451 177/303/4452 1968/2124/4451
f 1966/2122/4453 173/299/4451 1968/2124/4451
f 181/307/4459 185/311/4460 1972/2128/4459
f 1970/2126/4461 181/307/4459 1972/2128/4459
f 134/260/4467 131/257/4468 1976/2132/4467
f 1974/2130/4469 134/260/4467 1976/2132/4467
f 139/265/4476 143/269/4475 1980/2136/4416
f 143/269/4479 147/273/4478 1982/2138/4420
f 147/273/4481 151/277/4482 1984/2140/4481
f 1982/2138/4483 147/273/4481 1984/2140/4481
f 1959/2115/4500 157/283/4499 1958/2114/4497
f 163/289/4498 167/293/4505 1963/2119/4504
f 165/291/4506 169/295/4507 1964/2120/4506
f 1960/2116/4508 165/291/4506 1964/2120/4506
f 82/157/86 3/162/88 84/161/87
f 84/161/87 1266/1392/2988 82/157/86
f 101/195/106 99/191/104 98/189/103
f 98/189/103 3/192/104 101/195/106
f 103/199/110 3/204/112 105/203/111
f 105/203/111 1594/1750/3635 103/199/110
f 105/203/111 3/208/112 107/207/115
f 107/207/115 1619/1775/3636 105/203/111
f 121/235/133 3/240/135 123/239/134
f 123/239/134 1857/2013/4178 121/235/133
f 133/259/145 132/258/146 131/257/145
f 131/257/145 134/260/147 133/259/145
f 137/263/148 136/262/148 135/261/148
f 135/261/148 138/264/148 137/263/148
f 136/262/152 142/268/152 141/267/152
f 141/267/152 135/261/152 136/262/152
f 140/266/153 144/270/154 143/269/153
f 143/269/153 139/265/155 140/266/153
f 142/268/156 146/272/156 145/271/156
f 145/271/156 141/267/156 142/268/156
f 144/270/157 148/274/158 147/273/157
f 147/273/157 143/269/159 144/270/157
f 146/272/160 150/276/160 149/275/160
f 149/275/160 145/271/160 146/272/160
f 2/2/165 154/280/165 153/279/164
f 153/279/164 1/1/164 2/2/165
f 150/276/166 156/282/167 155/281/166
f 155/281/166 149/275/168 150/276/166
f 152/278/169 158/284/170 157/283/169
f 157/283/169 151/277/171 152/278/169
f 154/280/172 160/286/173 159/285/172
f 159/285/172 153/279/174 154/280/172
f 156/282/175 162/288/176 161/287/175
f 161/287/175 155/281/177 156/282/175
f 158/284/178 164/290/179 163/289/178
f 163/289/178 157/283/180 158/284/178
f 214/340/275 5/5/185 6/6/184
f 6/6/184 162/288/186 214/340/275
f 161/287/187 162/288/186 6/6/184
f 6/6/184 129/252/4376 161/287/187
f 164/290/188 168/294/189 167/293/188
f 167/293/188 163/289/190 164/290/188
f 166/292/191 170/296/192 169/295/191
f 169/295/191 165/291/193 166/292/191
f 168/294/194 172/298/195 171/297/194
f 171/297/194 167/293/196 168/294/194
f 170/296/197 174/300/198 173/299/197
f 173/299/197 169/295/199 170/296/197
f 172/298/200 176/302/200 175/301/200
f 175/301/200 171/297/200 172/298/200
f 174/300/201 178/304/202 177/303/201
f 177/303/201 173/299/203 174/300/201
f 176/302/204 180/306/204 179/305/204
f 179/305/204 175/301/204 176/302/204
f 178/304/205 182/308/206 181/307/205
f 181/307/205 177/303/207 178/304/205
f 180/306/208 184/310/208 183/309/208
f 183/309/208 179/305/208 180/306/208
f 182/308/209 186/312/210 185/311/209
f 185/311/209 181/307/211 182/308/209
f 184/310/212 188/314/212 187/313/212
f 187/313/212 183/309/212 184/310/212
f 186/312/213 133/259/214 134/260/213
f 134/260/213 185/311/215 186/312/213
f 188/314/216 137/263/216 138/264/216
f 138/264/216 187/313/216 188/314/216
f 192/318/220 191/317/221 176/302/220
f 176/302/220 172/298/222 192/318/220
f 189/315/223 193/319/224 178/304/223
f 178/304/223 174/300/225 189/315/223
f 191/317/226 194/320/226 180/306/226
f 180/306/226 176/302/226 191/317/226
f 193/319/227 195/321/228 182/308/227
f 182/308/227 178/304/229 193/319/227
f 194/320/230 196/322/230 184/310/230
f 184/310/230 180/306/230 194/320/230
f 195/321/231 197/323/232 186/312/231
f 186/312/231 182/308/233 195/321/231
f 196/322/234 198/324/234 188/314/234
f 188/314/234 184/310/234 196/322/234
f 197/323/235 199/325/236 133/259/235
f 133/259/235 186/312/237 197/323/235
f 198/324/238 200/326/238 137/263/238
f 137/263/238 188/314/238 198/324/238
f 199/325/239 201/327/239 132/258/239
f 132/258/239 133/259/239 199/325/239
f 200/326/240 202/328/240 136/262/240
f 136/262/240 137/263/240 200/326/240
f 140/266/241 201/327/243 203/329/242
f 203/329/242 144/270/246 140/266/241
f 202/328/245 204/330/245 142/268/245
f 142/268/245 136/262/245 202/328/245
f 144/270/246 203/329/242 205/331/247
f 205/331/247 148/274/249 144/270/246
f 204/330/248 206/332/248 146/272/248
f 146/272/248 142/268/248 204/330/248
f 230/356/312 207/333/250 148/274/249
f 148/274/249 205/331/247 230/356/312
f 206/332/251 208/334/251 150/276/251
f 150/276/251 146/272/251 206/332/251
f 207/333/252 209/335/253 152/278/252
f 152/278/252 148/274/254 207/333/252
f 7/7/255 210/336/255 154/280/165
f 154/280/165 2/2/165 7/7/255
f 208/334/256 211/337/257 156/282/256
f 156/282/256 150/276/258 208/334/256
f 211/337/265 214/340/266 162/288/265
f 162/288/265 156/282/267 211/337/265
f 212/338/268 215/341/269 164/290/268
f 164/290/268 158/284/270 212/338/268
f 213/339/271 216/342/272 166/292/271
f 166/292/271 160/286/273 213/339/271
f 241/367/345 190/316/280 170/296/279
f 170/296/279 216/342/281 241/367/345
f 217/343/283 192/318/284 172/298/283
f 172/298/283 168/294/285 217/343/283
f 219/345/286 218/344/287 195/321/286
f 195/321/286 193/319/288 219/345/286
f 221/347/289 220/346/289 196/322/289
f 196/322/289 194/320/289 221/347/289
f 197/323/290 218/344/292 222/348/291
f 222/348/291 199/325/295 197/323/290
f 220/346/294 223/349/294 198/324/294
f 198/324/294 196/322/294 220/346/294
f 223/349/297 225/351/297 200/326/297
f 200/326/297 198/324/297 223/349/297
f 224/350/298 226/352/299 201/327/298
f 201/327/298 199/325/300 224/350/298
f 225/351/301 227/353/301 202/328/301
f 202/328/301 200/326/301 225/351/301
f 251/377/368 228/354/303 203/329/302
f 203/329/302 226/352/304 251/377/368
f 227/353/306 229/355/306 204/330/306
f 204/330/306 202/328/306 227/353/306
f 229/355/310 231/357/310 206/332/310
f 206/332/310 204/330/310 229/355/310
f 255/381/376 232/358/311 207/333/250
f 207/333/250 230/356/312 255/381/376
f 231/357/313 233/359/314 208/334/313
f 208/334/313 206/332/315 231/357/313
f 9/11/319 235/361/319 210/336/255
f 210/336/255 7/7/255 9/11/319
f 233/359/320 236/362/321 211/337/320
f 211/337/320 208/334/322 233/359/320
f 234/360/323 237/363/324 212/338/323
f 212/338/323 209/335/325 234/360/323
f 235/361/326 238/364/327 213/339/326
f 213/339/326 210/336/328 235/361/326
f 236/362/329 239/365/330 214/340/329
f 214/340/329 211/337/331 236/362/329
f 237/363/332 240/366/333 215/341/332
f 215/341/332 212/338/334 237/363/332
f 238/364/335 241/367/336 216/342/335
f 216/342/335 213/339/337 238/364/335
f 239/365/338 10/14/339 8/10/338
f 8/10/338 214/340/340 239/365/338
f 192/318/346 242/368/348 244/370/347
f 244/370/347 191/317/353 192/318/346
f 243/369/350 245/371/351 189/315/350
f 189/315/350 190/316/352 243/369/350
f 245/371/355 219/345/356 193/319/355
f 193/319/355 189/315/357 245/371/355
f 246/372/358 221/347/358 194/320/358
f 194/320/358 191/317/358 246/372/358
f 248/374/359 247/373/360 224/350/359
f 224/350/359 222/348/361 248/374/359
f 250/376/362 249/375/362 225/351/362
f 225/351/362 223/349/362 250/376/362
f 249/375/366 252/378/366 227/353/366
f 227/353/366 225/351/366 249/375/366
f 252/378/369 254/380/369 229/355/369
f 229/355/369 227/353/369 252/378/369
f 276/402/437 255/381/371 230/356/370
f 230/356/370 253/379/372 276/402/437
f 254/380/374 256/382/374 231/357/374
f 231/357/374 229/355/374 254/380/374
f 256/382/377 258/384/378 233/359/377
f 233/359/377 231/357/379 256/382/377
f 257/383/380 259/385/381 234/360/380
f 234/360/380 232/358/382 257/383/380
f 11/15/383 260/386/383 235/361/319
f 235/361/319 9/11/319 11/15/383
f 258/384/384 261/387/385 236/362/384
f 236/362/384 233/359/386 258/384/384
f 259/385/387 262/388/388 237/363/387
f 237/363/387 234/360/389 259/385/387
f 260/386/390 263/389/391 238/364/390
f 238/364/390 235/361/392 260/386/390
f 261/387/393 264/390/394 239/365/393
f 239/365/393 236/362/395 261/387/393
f 262/388/396 265/391/397 240/366/396
f 240/366/396 237/363/398 262/388/396
f 264/390/402 12/18/403 10/14/402
f 10/14/402 239/365/404 264/390/402
f 265/391/405 267/393/406 242/368/405
f 242/368/405 240/366/407 265/391/405
f 266/392/408 268/394/409 243/369/408
f 243/369/408 241/367/410 266/392/408
f 269/395/417 271/397/418 246/372/417
f 246/372/417 244/370/419 269/395/417
f 270/396/420 272/398/421 219/345/420
f 219/345/420 245/371/422 270/396/420
f 271/397/423 273/399/423 221/347/423
f 221/347/423 246/372/423 271/397/423
f 272/398/424 274/400/425 218/344/424
f 218/344/424 219/345/426 272/398/424
f 273/399/427 275/401/427 220/346/427
f 220/346/427 221/347/427 273/399/427
f 274/400/428 248/374/429 222/348/428
f 222/348/428 218/344/430 274/400/428
f 275/401/431 250/376/431 223/349/431
f 223/349/431 220/346/431 275/401/431
f 279/405/435 278/404/435 254/380/435
f 254/380/435 252/378/435 279/405/435
f 278/404/438 281/407/438 256/382/438
f 256/382/438 254/380/438 278/404/438
f 280/406/439 282/408/440 257/383/439
f 257/383/439 255/381/441 280/406/439
f 281/407/442 283/409/443 258/384/442
f 258/384/442 256/382/444 281/407/442
f 282/408/445 284/410/446 259/385/445
f 259/385/445 257/383/447 282/408/445
f 13/19/448 285/411/448 260/386/383
f 260/386/383 11/15/383 13/19/448
f 283/409/449 286/412/450 261/387/449
f 261/387/449 258/384/451 283/409/449
f 284/410/452 287/413/453 262/388/452
f 262/388/452 259/385/454 284/410/452
f 285/411/455 288/414/456 263/389/455
f 263/389/455 260/386/457 285/411/455
f 286/412/458 289/415/459 264/390/458
f 264/390/458 261/387/460 286/412/458
f 287/413/461 290/416/462 265/391/461
f 265/391/461 262/388/463 287/413/461
f 288/414/464 291/417/465 266/392/464
f 266/392/464 263/389/466 288/414/464
f 289/415/467 14/22/468 12/18/467
f 12/18/467 264/390/469 289/415/467
f 316/442/541 293/419/474 268/394/473
f 268/394/473 291/417/475 316/442/541
f 292/418/477 294/420/478 269/395/477
f 269/395/477 267/393/479 292/418/477
f 295/421/486 297/423/487 272/398/486
f 272/398/486 270/396/488 295/421/486
f 297/423/492 299/425/492 274/400/492
f 274/400/492 272/398/492 297/423/492
f 298/424/493 300/426/493 275/401/493
f 275/401/493 273/399/493 298/424/493
f 299/425/494 301/427/495 248/374/494
f 248/374/494 274/400/496 299/425/494
f 300/426/497 302/428/497 250/376/497
f 250/376/497 275/401/497 300/426/497
f 302/428/501 304/430/501 249/375/501
f 249/375/501 250/376/501 302/428/501
f 303/429/502 277/403/503 251/377/502
f 251/377/502 247/373/504 303/429/502
f 304/430/505 279/405/505 252/378/505
f 252/378/505 249/375/505 304/430/505
f 308/434/509 307/433/510 283/409/509
f 283/409/509 281/407/511 308/434/509
f 305/431/512 309/435/513 284/410/512
f 284/410/512 282/408/514 305/431/512
f 15/23/515 310/436/515 285/411/448
f 285/411/448 13/19/448 15/23/515
f 307/433/516 311/437/517 286/412/516
f 286/412/516 283/409/518 307/433/516
f 309/435/519 312/438/520 287/413/519
f 287/413/519 284/410/521 309/435/519
f 311/437/525 314/440/526 289/415/525
f 289/415/525 286/412/527 311/437/525
f 312/438/528 315/441/529 290/416/528
f 290/416/528 287/413/530 312/438/528
f 313/439/531 316/442/532 291/417/531
f 291/417/531 288/414/533 313/439/531
f 314/440/534 16/26/535 14/22/534
f 14/22/534 289/415/536 314/440/534
f 315/441/537 317/443/538 292/418/537
f 292/418/537 290/416/539 315/441/537
f 318/444/545 320/446/546 295/421/545
f 295/421/545 293/419/547 318/444/545
f 319/445/548 321/447/549 296/422/548
f 296/422/548 294/420/550 319/445/548
f 320/446/551 322/448/552 297/423/551
f 297/423/551 295/421/553 320/446/551
f 322/448/557 324/450/557 299/425/557
f 299/425/557 297/423/557 322/448/557
f 323/449/558 325/451/558 300/426/558
f 300/426/558 298/424/558 323/449/558
f 324/450/559 326/452/560 301/427/559
f 301/427/559 299/425/561 324/450/559
f 325/451/562 327/453/562 302/428/562
f 302/428/562 300/426/562 325/451/562
f 303/429/563 326/452/565 328/454/564
f 328/454/564 277/403/568 303/429/563
f 327/453/567 329/455/567 304/430/567
f 304/430/567 302/428/567 327/453/567
f 353/479/628 330/456/569 277/403/568
f 277/403/568 328/454/564 353/479/628
f 329/455/570 331/457/570 279/405/570
f 279/405/570 304/430/570 329/455/570
f 331/457/574 333/459/574 278/404/574
f 278/404/574 279/405/574 331/457/574
f 332/458/575 306/432/576 280/406/575
f 280/406/575 276/402/577 332/458/575
f 333/459/578 308/434/579 281/407/578
f 281/407/578 278/404/580 333/459/578
f 335/461/581 334/460/582 312/438/581
f 312/438/581 309/435/583 335/461/581
f 339/465/587 338/464/588 314/440/587
f 314/440/587 311/437/589 339/465/587
f 334/460/590 340/466/591 315/441/590
f 315/441/590 312/438/592 334/460/590
f 336/462/593 341/467/594 316/442/593
f 316/442/593 313/439/595 336/462/593
f 338/464/598 17/28/597 16/26/596
f 16/26/596 314/440/599 338/464/598
f 340/466/600 342/468/600 317/443/600
f 317/443/600 315/441/600 340/466/600
f 342/468/604 344/470/605 319/445/604
f 319/445/604 317/443/606 342/468/604
f 343/469/607 345/471/608 320/446/607
f 320/446/607 318/444/609 343/469/607
f 321/447/610 344/470/612 346/472/611
f 346/472/611 323/449/617 321/447/610
f 345/471/614 347/473/615 322/448/614
f 322/448/614 320/446/616 345/471/614
f 347/473/619 349/475/619 324/450/619
f 324/450/619 322/448/619 347/473/619
f 348/474/620 350/476/620 325/451/620
f 325/451/620 323/449/620 348/474/620
f 349/475/621 351/477/621 326/452/621
f 326/452/621 324/450/621 349/475/621
f 350/476/622 352/478/622 327/453/622
f 327/453/622 325/451/622 350/476/622
f 351/477/623 353/479/624 328/454/623
f 328/454/623 326/452/625 351/477/623
f 352/478/626 354/480/626 329/455/626
f 329/455/626 327/453/626 352/478/626
f 354/480/629 356/482/629 331/457/629
f 331/457/629 329/455/629 354/480/629
f 355/481/630 357/483/631 332/458/630
f 332/458/630 330/456/632 355/481/630
f 356/482/633 358/484/633 333/459/633
f 333/459/633 331/457/633 356/482/633
f 358/484/637 360/486/638 308/434/637
f 308/434/637 333/459/639 358/484/637
f 359/485/640 361/487/641 305/431/640
f 305/431/640 306/432/642 359/485/640
f 360/486/643 362/488/644 307/433/643
f 307/433/643 308/434/645 360/486/643
f 361/487/646 335/461/647 309/435/646
f 309/435/646 305/431/648 361/487/646
f 18/29/649 337/463/649 310/436/515
f 310/436/515 15/23/515 18/29/649
f 362/488/650 339/465/651 311/437/650
f 311/437/650 307/433/652 362/488/650
f 364/490/653 363/489/653 342/468/653
f 342/468/653 340/466/653 364/490/653
f 363/489/657 367/493/658 344/470/657
f 344/470/657 342/468/659 363/489/657
f 367/493/663 369/495/664 346/472/663
f 346/472/663 344/470/665 367/493/663
f 368/494/666 370/496/666 347/473/666
f 347/473/666 345/471/666 368/494/666
f 369/495/667 371/497/668 348/474/667
f 348/474/667 346/472/669 369/495/667
f 370/496/670 372/498/670 349/475/670
f 349/475/670 347/473/670 370/496/670
f 371/497/671 373/499/672 350/476/671
f 350/476/671 348/474/673 371/497/671
f 372/498/674 374/500/674 351/477/674
f 351/477/674 349/475/674 372/498/674
f 373/499/675 375/501/675 352/478/675
f 352/478/675 350/476/675 373/499/675
f 374/500/676 376/502/676 353/479/676
f 353/479/676 351/477/676 374/500/676
f 375/501/677 377/503/677 354/480/677
f 354/480/677 352/478/677 375/501/677
f 376/502/678 378/504/679 355/481/678
f 355/481/678 353/479/680 376/502/678
f 377/503/681 379/505/681 356/482/681
f 356/482/681 354/480/681 377/503/681
f 378/504/682 380/506/683 357/483/682
f 357/483/682 355/481/684 378/504/682
f 379/505/685 381/507/685 358/484/685
f 358/484/685 356/482/685 379/505/685
f 381/507/689 383/509/690 360/486/689
f 360/486/689 358/484/691 381/507/689
f 382/508/692 384/510/693 361/487/692
f 361/487/692 359/485/694 382/508/692
f 383/509/695 385/511/696 362/488/695
f 362/488/695 360/486/697 383/509/695
f 384/510/698 386/512/699 335/461/698
f 335/461/698 361/487/700 384/510/698
f 20/33/701 387/513/701 337/463/649
f 337/463/649 18/29/649 20/33/701
f 385/511/702 388/514/703 339/465/702
f 339/465/702 362/488/704 385/511/702
f 386/512/705 389/515/706 334/460/705
f 334/460/705 335/461/707 386/512/705
f 336/462/708 387/513/710 390/516/709
f 390/516/709 341/467/718 336/462/708
f 388/514/712 391/517/713 338/464/712
f 338/464/712 339/465/714 388/514/712
f 389/515/715 364/490/716 340/466/715
f 340/466/715 334/460/717 389/515/715
f 391/517/721 19/32/720 17/28/597
f 17/28/597 338/464/598 391/517/721
f 393/519/722 392/518/723 369/495/722
f 369/495/722 367/493/724 393/519/722
f 395/521/725 394/520/725 370/496/725
f 370/496/725 368/494/725 395/521/725
f 392/518/726 396/522/727 371/497/726
f 371/497/726 369/495/728 392/518/726
f 394/520/729 397/523/729 372/498/729
f 372/498/729 370/496/729 394/520/729
f 396/522/730 398/524/731 373/499/730
f 373/499/730 371/497/732 396/522/730
f 397/523/733 399/525/733 374/500/733
f 374/500/733 372/498/733 397/523/733
f 398/524/734 400/526/734 375/501/734
f 375/501/734 373/499/734 398/524/734
f 399/525/735 401/527/736 376/502/735
f 376/502/735 374/500/737 399/525/735
f 400/526/738 402/528/738 377/503/738
f 377/503/738 375/501/738 400/526/738
f 402/528/742 404/530/742 379/505/742
f 379/505/742 377/503/742 402/528/742
f 403/529/743 405/531/744 380/506/743
f 380/506/743 378/504/745 403/529/743
f 404/530/746 406/532/746 381/507/746
f 381/507/746 379/505/746 404/530/746
f 382/508/747 405/531/749 407/533/748
f 407/533/748 384/510/754 382/508/747
f 406/532/751 408/534/752 383/509/751
f 383/509/751 381/507/753 406/532/751
f 408/534/756 410/536/757 385/511/756
f 385/511/756 383/509/758 408/534/756
f 409/535/759 411/537/760 386/512/759
f 386/512/759 384/510/159 409/535/759
f 21/35/761 412/538/761 387/513/701
f 387/513/701 20/33/701 21/35/761
f 435/561/832 413/539/763 388/514/762
f 388/514/762 410/536/764 435/561/832
f 412/538/769 415/541/770 390/516/769
f 390/516/769 387/513/771 412/538/769
f 438/564/840 416/542/773 391/517/772
f 391/517/772 413/539/774 438/564/840
f 414/540/776 417/543/777 364/490/776
f 364/490/776 389/515/778 414/540/776
f 415/541/779 418/544/780 366/492/779
f 366/492/779 390/516/781 415/541/779
f 416/542/782 22/38/783 19/32/782
f 19/32/782 391/517/784 416/542/782
f 417/543/785 419/545/785 363/489/785
f 363/489/785 364/490/786 417/543/785
f 418/544/787 420/546/788 365/491/787
f 365/491/787 366/492/789 418/544/787
f 419/545/790 393/519/791 367/493/790
f 367/493/790 363/489/792 419/545/790
f 420/546/793 395/521/794 368/494/793
f 368/494/793 365/491/795 420/546/793
f 422/548/796 421/547/797 398/524/796
f 398/524/796 396/522/798 422/548/796
f 421/547/802 425/551/802 400/526/802
f 400/526/802 398/524/802 421/547/802
f 423/549/803 426/552/804 401/527/803
f 401/527/803 399/525/805 423/549/803
f 425/551/806 427/553/806 402/528/806
f 402/528/806 400/526/806 425/551/806
f 426/552/807 428/554/808 403/529/807
f 403/529/807 401/527/809 426/552/807
f 427/553/810 429/555/810 404/530/810
f 404/530/810 402/528/810 427/553/810
f 405/531/811 428/554/813 430/556/812
f 430/556/812 407/533/816 405/531/811
f 429/555/815 431/557/815 406/532/815
f 406/532/815 404/530/815 429/555/815
f 455/581/884 432/558/817 407/533/816
f 407/533/816 430/556/812 455/581/884
f 431/557/818 433/559/819 408/534/818
f 408/534/818 406/532/820 431/557/818
f 432/558/821 434/560/822 409/535/821
f 409/535/821 407/533/823 432/558/821
f 433/559/824 435/561/825 410/536/824
f 410/536/824 408/534/826 433/559/824
f 23/39/830 437/563/830 412/538/761
f 412/538/761 21/35/761 23/39/830
f 460/586/899 438/564/831 413/539/763
f 413/539/763 435/561/832 460/586/899
f 436/562/833 439/565/834 414/540/833
f 414/540/833 411/537/835 436/562/833
f 437/563/836 440/566/837 415/541/836
f 415/541/836 412/538/838 437/563/836
f 463/589/908 441/567/839 416/542/773
f 416/542/773 438/564/840 463/589/908
f 439/565/841 442/568/842 417/543/841
f 417/543/841 414/540/843 439/565/841
f 465/591/913 443/569/845 418/544/844
f 418/544/844 440/566/846 465/591/913
f 441/567/848 24/42/849 22/38/848
f 22/38/848 416/542/850 441/567/848
f 467/593/918 444/570/852 419/545/851
f 419/545/851 442/568/853 467/593/918
f 443/569/855 445/571/856 420/546/855
f 420/546/855 418/544/857 443/569/855
f 469/595/923 446/572/859 393/519/858
f 393/519/858 444/570/860 469/595/923
f 445/571/862 447/573/863 395/521/862
f 395/521/862 420/546/864 445/571/862
f 447/573/868 449/575/868 394/520/868
f 394/520/868 395/521/868 447/573/868
f 448/574/869 422/548/870 396/522/869
f 396/522/869 392/518/871 448/574/869
f 449/575/872 424/550/872 397/523/872
f 397/523/872 394/520/872 449/575/872
f 451/577/873 450/576/873 427/553/873
f 427/553/873 425/551/873 451/577/873
f 505/631/1015 452/578/875 428/554/874
f 428/554/874 453/579/876 505/631/1015
f 450/576/878 454/580/878 429/555/878
f 429/555/878 427/553/878 450/576/878
f 452/578/879 455/581/880 430/556/879
f 430/556/879 428/554/881 452/578/879
f 454/580/882 456/582/882 431/557/882
f 431/557/882 429/555/882 454/580/882
f 456/582/885 458/584/886 433/559/885
f 433/559/885 431/557/887 456/582/885
f 457/583/888 459/585/889 434/560/888
f 434/560/888 432/558/890 457/583/888
f 458/584/891 460/586/892 435/561/891
f 435/561/891 433/559/893 458/584/891
f 459/585/894 461/587/895 436/562/894
f 436/562/894 434/560/896 459/585/894
f 25/43/897 462/588/897 437/563/830
f 437/563/830 23/39/830 25/43/897
f 486/612/968 464/590/901 439/565/900
f 439/565/900 461/587/902 486/612/968
f 462/588/904 465/591/905 440/566/904
f 440/566/904 437/563/906 462/588/904
f 464/590/909 467/593/910 442/568/909
f 442/568/909 439/565/911 464/590/909
f 466/592/914 26/46/915 24/42/914
f 24/42/914 441/567/916 466/592/914
f 468/594/919 470/596/920 445/571/919
f 445/571/919 443/569/921 468/594/919
f 496/622/995 473/599/928 448/574/927
f 448/574/927 471/597/929 496/622/995
f 472/598/931 474/600/931 449/575/931
f 449/575/931 447/573/931 472/598/931
f 473/599/932 475/601/933 422/548/932
f 422/548/932 448/574/934 473/599/932
f 474/600/935 476/602/936 424/550/935
f 424/550/935 449/575/937 474/600/935
f 475/601/938 477/603/938 421/547/938
f 421/547/938 422/548/938 475/601/938
f 476/602/939 478/604/940 423/549/939
f 423/549/939 424/550/941 476/602/939
f 477/603/942 451/577/942 425/551/942
f 425/551/942 421/547/942 477/603/942
f 478/604/943 453/579/944 426/552/943
f 426/552/943 423/549/945 478/604/943
f 480/606/946 479/605/946 456/582/946
f 456/582/946 454/580/946 480/606/946
f 479/605/950 483/609/951 458/584/950
f 458/584/950 456/582/952 479/605/950
f 481/607/953 484/610/954 459/585/953
f 459/585/953 457/583/955 481/607/953
f 511/637/1024 486/612/960 461/587/959
f 461/587/959 484/610/961 511/637/1024
f 27/47/963 487/613/963 462/588/897
f 462/588/897 25/43/897 27/47/963
f 485/611/964 488/614/965 463/589/964
f 463/589/964 460/586/966 485/611/964
f 487/613/969 490/616/970 465/591/969
f 465/591/969 462/588/971 487/613/969
f 488/614/972 491/617/973 466/592/972
f 466/592/972 463/589/974 488/614/972
f 489/615/975 492/618/975 467/593/975
f 467/593/975 464/590/975 489/615/975
f 490/616/976 493/619/977 468/594/976
f 468/594/976 465/591/978 490/616/976
f 491/617/979 28/50/980 26/46/979
f 26/46/979 466/592/981 491/617/979
f 492/618/982 494/620/983 469/595/982
f 469/595/982 467/593/984 492/618/982
f 494/620/988 496/622/989 471/597/988
f 471/597/988 469/595/990 494/620/988
f 521/647/1056 498/624/994 473/599/928
f 473/599/928 496/622/995 521/647/1056
f 497/623/996 499/625/997 474/600/996
f 474/600/996 472/598/998 497/623/996
f 500/626/1005 502/628/1005 477/603/1005
f 477/603/1005 475/601/1005 500/626/1005
f 502/628/1009 504/630/1009 451/577/1009
f 451/577/1009 477/603/1009 502/628/1009
f 503/629/1010 505/631/1011 453/579/1010
f 453/579/1010 478/604/1012 503/629/1010
f 504/630/1013 506/632/1013 450/576/1013
f 450/576/1013 451/577/1013 504/630/1013
f 506/632/1016 480/606/1016 454/580/1016
f 454/580/1016 450/576/1016 506/632/1016
f 507/633/1017 482/608/1018 455/581/1017
f 455/581/1017 452/578/1019 507/633/1017
f 509/635/1020 508/634/1021 485/611/1020
f 485/611/1020 483/609/1022 509/635/1020
f 29/51/1025 512/638/1025 487/613/963
f 487/613/963 27/47/963 29/51/1025
f 508/634/1026 513/639/1027 488/614/1026
f 488/614/1026 485/611/1028 508/634/1026
f 510/636/1029 514/640/1029 489/615/1029
f 489/615/1029 486/612/1029 510/636/1029
f 512/638/1030 515/641/1031 490/616/1030
f 490/616/1030 487/613/1032 512/638/1030
f 513/639/1033 516/642/1034 491/617/1033
f 491/617/1033 488/614/1035 513/639/1033
f 514/640/1036 517/643/1036 492/618/1036
f 492/618/1036 489/615/1036 514/640/1036
f 515/641/1037 518/644/1038 493/619/1037
f 493/619/1037 490/616/1039 515/641/1037
f 516/642/1040 30/54/1041 28/50/1040
f 28/50/1040 491/617/1042 516/642/1040
f 517/643/1043 519/645/1044 494/620/1043
f 494/620/1043 492/618/1045 517/643/1043
f 520/646/1052 522/648/1053 497/623/1052
f 497/623/1052 495/621/1054 520/646/1052
f 522/648/1057 524/650/1058 499/625/1057
f 499/625/1057 497/623/1059 522/648/1057
f 523/649/1060 525/651/1061 500/626/1060
f 500/626/1060 498/624/1062 523/649/1060
f 524/650/1063 526/652/1064 501/627/1063
f 501/627/1063 499/625/1065 524/650/1063
f 525/651/1066 527/653/1066 502/628/1066
f 502/628/1066 500/626/1066 525/651/1066
f 551/677/1134 528/654/1068 503/629/1067
f 503/629/1067 526/652/1069 551/677/1134
f 527/653/1071 529/655/1071 504/630/1071
f 504/630/1071 502/628/1071 527/653/1071
f 529/655/1075 531/657/1075 506/632/1075
f 506/632/1075 504/630/1075 529/655/1075
f 530/656/1076 532/658/1077 507/633/1076
f 507/633/1076 505/631/1078 530/656/1076
f 531/657/1079 533/659/1079 480/606/1079
f 480/606/1079 506/632/1079 531/657/1079
f 482/608/1080 532/658/1082 534/660/1081
f 534/660/1081 481/607/1087 482/608/1080
f 533/659/1084 535/661/1085 479/605/1084
f 479/605/1084 480/606/1086 533/659/1084
f 535/661/1089 509/635/1090 483/609/1089
f 483/609/1089 479/605/1091 535/661/1089
f 538/664/1095 537/663/1096 515/641/1095
f 515/641/1095 512/638/1097 538/664/1095
f 540/666/1098 539/665/1099 516/642/1098
f 516/642/1098 513/639/1100 540/666/1098
f 542/668/1101 541/667/1102 517/643/1101
f 517/643/1101 514/640/1103 542/668/1101
f 537/663/1104 543/669/1105 518/644/1104
f 518/644/1104 515/641/1106 537/663/1104
f 539/665/1107 31/56/1108 30/54/1107
f 30/54/1107 516/642/1109 539/665/1107
f 541/667/1110 544/670/1111 519/645/1110
f 519/645/1110 517/643/1112 541/667/1110
f 543/669/1113 545/671/1114 520/646/1113
f 520/646/1113 518/644/1115 543/669/1113
f 546/672/1122 548/674/1123 523/649/1122
f 523/649/1122 521/647/1124 546/672/1122
f 548/674/1128 550/676/1128 525/651/1128
f 525/651/1128 523/649/1128 548/674/1128
f 550/676/1132 552/678/1132 527/653/1132
f 527/653/1132 525/651/1132 550/676/1132
f 552/678/1135 554/680/1135 529/655/1135
f 529/655/1135 527/653/1135 552/678/1135
f 530/656/1136 553/679/1138 555/681/1137
f 555/681/1137 532/658/1141 530/656/1136
f 554/680/1140 556/682/1140 531/657/1140
f 531/657/1140 529/655/1140 554/680/1140
f 532/658/1141 555/681/1137 557/683/1142
f 557/683/1142 534/660/1144 532/658/1141
f 556/682/1143 558/684/1143 533/659/1143
f 533/659/1143 531/657/1143 556/682/1143
f 558/684/1146 560/686/1147 535/661/1146
f 535/661/1146 533/659/1148 558/684/1146
f 559/685/1149 561/687/1150 536/662/1149
f 536/662/1149 534/660/1151 559/685/1149
f 560/686/1152 562/688/1153 509/635/1152
f 509/635/1152 535/661/1154 560/686/1152
f 561/687/1155 563/689/1156 511/637/1155
f 511/637/1155 536/662/1157 561/687/1155
f 562/688/1158 564/690/1159 508/634/1158
f 508/634/1158 509/635/1160 562/688/1158
f 563/689/1161 565/691/1162 510/636/1161
f 510/636/1161 511/637/1163 563/689/1161
f 32/57/1164 538/664/1164 512/638/1025
f 512/638/1025 29/51/1025 32/57/1164
f 564/690/1165 540/666/1166 513/639/1165
f 513/639/1165 508/634/1167 564/690/1165
f 565/691/1168 542/668/1168 514/640/1168
f 514/640/1168 510/636/1168 565/691/1168
f 567/693/1169 566/692/1170 545/671/1169
f 545/671/1169 543/669/1171 567/693/1169
f 569/695/1172 568/694/1173 546/672/1172
f 546/672/1172 544/670/1174 569/695/1172
f 566/692/1175 570/696/1176 547/673/1175
f 547/673/1175 545/671/1177 566/692/1175
f 568/694/1178 571/697/1179 548/674/1178
f 548/674/1178 546/672/1180 568/694/1178
f 570/696/1181 572/698/1182 549/675/1181
f 549/675/1181 547/673/1183 570/696/1181
f 571/697/1184 573/699/1184 550/676/1184
f 550/676/1184 548/674/1184 571/697/1184
f 572/698/1185 574/700/1186 551/677/1185
f 551/677/1185 549/675/1187 572/698/1185
f 573/699/1188 575/701/1188 552/678/1188
f 552/678/1188 550/676/1188 573/699/1188
f 574/700/1189 576/702/1190 553/679/1189
f 553/679/1189 551/677/1191 574/700/1189
f 575/701/1192 577/703/1192 554/680/1192
f 554/680/1192 552/678/1192 575/701/1192
f 576/702/1193 578/704/1194 555/681/1193
f 555/681/1193 553/679/1195 576/702/1193
f 577/703/1196 579/705/1196 556/682/1196
f 556/682/1196 554/680/1196 577/703/1196
f 578/704/1197 580/706/1198 557/683/1197
f 557/683/1197 555/681/1199 578/704/1197
f 579/705/1200 581/707/1200 558/684/1200
f 558/684/1200 556/682/1200 579/705/1200
f 580/706/1201 582/708/1202 559/685/1201
f 559/685/1201 557/683/1203 580/706/1201
f 581/707/1204 583/709/1205 560/686/1204
f 560/686/1204 558/684/1206 581/707/1204
f 582/708/1207 584/710/1208 561/687/1207
f 561/687/1207 559/685/1209 582/708/1207
f 583/709/1210 585/711/1211 562/688/1210
f 562/688/1210 560/686/1212 583/709/1210
f 584/710/1213 586/712/1214 563/689/1213
f 563/689/1213 561/687/1215 584/710/1213
f 585/711/1216 587/713/1217 564/690/1216
f 564/690/1216 562/688/1218 585/711/1216
f 586/712/1219 588/714/1220 565/691/1219
f 565/691/1219 563/689/1221 586/712/1219
f 34/61/1222 589/715/1222 538/664/1164
f 538/664/1164 32/57/1164 34/61/1222
f 612/738/1294 590/716/1224 540/666/1223
f 540/666/1223 587/713/1225 612/738/1294
f 588/714/1227 591/717/1228 542/668/1227
f 542/668/1227 565/691/1229 588/714/1227
f 590/716/1233 593/719/1234 539/665/1233
f 539/665/1233 540/666/1235 590/716/1233
f 541/667/1236 591/717/1238 594/720/1237
f 594/720/1237 544/670/1247 541/667/1236
f 592/718/1240 567/693/1241 543/669/1240
f 543/669/1240 537/663/1242 592/718/1240
f 618/744/1310 33/60/1244 31/56/1243
f 31/56/1243 593/719/1245 618/744/1310
f 598/724/1252 597/723/1252 573/699/1252
f 573/699/1252 571/697/1252 598/724/1252
f 597/723/1256 600/726/1256 575/701/1256
f 575/701/1256 573/699/1256 597/723/1256
f 600/726/1260 602/728/1260 577/703/1260
f 577/703/1260 575/701/1260 600/726/1260
f 601/727/1261 603/729/1262 578/704/1261
f 578/704/1261 576/702/1263 601/727/1261
f 602/728/1264 604/730/1264 579/705/1264
f 579/705/1264 577/703/1264 602/728/1264
f 603/729/1265 605/731/1266 580/706/1265
f 580/706/1265 578/704/1267 603/729/1265
f 604/730/1268 606/732/1269 581/707/1268
f 581/707/1268 579/705/1270 604/730/1268
f 605/731/1271 607/733/1272 582/708/1271
f 582/708/1271 580/706/1273 605/731/1271
f 606/732/1274 608/734/1275 583/709/1274
f 583/709/1274 581/707/1276 606/732/1274
f 607/733/1277 609/735/1278 584/710/1277
f 584/710/1277 582/708/1279 607/733/1277
f 608/734/1280 610/736/1281 585/711/1280
f 585/711/1280 583/709/1282 608/734/1280
f 609/735/1283 611/737/1284 586/712/1283
f 586/712/1283 584/710/1285 609/735/1283
f 610/736/1286 612/738/1287 587/713/1286
f 587/713/1286 585/711/1288 610/736/1286
f 611/737/1289 613/739/1290 588/714/1289
f 588/714/1289 586/712/1291 611/737/1289
f 35/63/1292 614/740/1292 589/715/1222
f 589/715/1222 34/61/1222 35/63/1292
f 613/739/1295 616/742/1296 591/717/1295
f 591/717/1295 588/714/1297 613/739/1295
f 614/740/1298 617/743/1298 592/718/1298
f 592/718/1298 589/715/1298 614/740/1298
f 640/766/1369 618/744/1300 593/719/1299
f 593/719/1299 615/741/1301 640/766/1369
f 616/742/1303 619/745/1304 594/720/1303
f 594/720/1303 591/717/1305 616/742/1303
f 643/769/1378 36/66/1309 33/60/1244
f 33/60/1244 618/744/1310 643/769/1378
f 619/745/1311 621/747/1312 569/695/1311
f 569/695/1311 594/720/1313 619/745/1311
f 620/746/1314 622/748/1315 566/692/1314
f 566/692/1314 567/693/1316 620/746/1314
f 621/747/1317 623/749/1318 568/694/1317
f 568/694/1317 569/695/1319 621/747/1317
f 647/773/1386 596/722/1321 570/696/1320
f 570/696/1320 622/748/1322 647/773/1386
f 623/749/1324 598/724/1324 571/697/1324
f 571/697/1324 568/694/1324 623/749/1324
f 627/753/1328 626/752/1328 602/728/1328
f 602/728/1328 600/726/1328 627/753/1328
f 603/729/1329 624/750/1331 628/754/1330
f 628/754/1330 605/731/1334 603/729/1329
f 626/752/1333 629/755/1333 604/730/1333
f 604/730/1333 602/728/1333 626/752/1333
f 629/755/1336 631/757/1337 606/732/1336
f 606/732/1336 604/730/1338 629/755/1336
f 630/756/1339 632/758/1340 607/733/1339
f 607/733/1339 605/731/1341 630/756/1339
f 631/757/1342 633/759/1343 608/734/1342
f 608/734/1342 606/732/1344 631/757/1342
f 632/758/1345 634/760/1346 609/735/1345
f 609/735/1345 607/733/1347 632/758/1345
f 633/759/1348 635/761/1349 610/736/1348
f 610/736/1348 608/734/1350 633/759/1348
f 613/739/1357 636/762/1359 638/764/1358
f 638/764/1358 616/742/1365 613/739/1357
f 37/67/1361 639/765/1361 614/740/1292
f 614/740/1292 35/63/1292 37/67/1361
f 637/763/1362 640/766/1363 615/741/1362
f 615/741/1362 612/738/1364 637/763/1362
f 639/765/1367 642/768/1367 617/743/1367
f 617/743/1367 614/740/1367 639/765/1367
f 665/791/1434 643/769/1368 618/744/1300
f 618/744/1300 640/766/1369 665/791/1434
f 619/745/1370 641/767/1372 644/770/1371
f 644/770/1371 621/747/1379 619/745/1370
f 642/768/1374 645/771/1375 620/746/1374
f 620/746/1374 617/743/1376 642/768/1374
f 668/794/1442 38/70/1377 36/66/1309
f 36/66/1309 643/769/1378 668/794/1442
f 646/772/1384 648/774/1384 623/749/1384
f 623/749/1384 621/747/1384 646/772/1384
f 672/798/1451 649/775/1385 596/722/1321
f 596/722/1321 647/773/1386 672/798/1451
f 648/774/1387 650/776/1387 598/724/1387
f 598/724/1387 623/749/1387 648/774/1387
f 649/775/1388 651/777/1389 595/721/1388
f 595/721/1388 596/722/1390 649/775/1388
f 650/776/1391 652/778/1391 597/723/1391
f 597/723/1391 598/724/1391 650/776/1391
f 651/777/1392 625/751/1393 599/725/1392
f 599/725/1392 595/721/1394 651/777/1392
f 652/778/1395 627/753/1395 600/726/1395
f 600/726/1395 597/723/1395 652/778/1395
f 654/780/1396 653/779/1397 630/756/1396
f 630/756/1396 628/754/1398 654/780/1396
f 656/782/1399 655/781/1400 631/757/1399
f 631/757/1399 629/755/1401 656/782/1399
f 653/779/1402 657/783/1403 632/758/1402
f 632/758/1402 630/756/1404 653/779/1402
f 655/781/1405 658/784/1406 633/759/1405
f 633/759/1405 631/757/1407 655/781/1405
f 657/783/1408 659/785/1409 634/760/1408
f 634/760/1408 632/758/1410 657/783/1408
f 658/784/1411 660/786/1412 635/761/1411
f 635/761/1411 633/759/1413 658/784/1411
f 659/785/1414 661/787/1415 636/762/1414
f 636/762/1414 634/760/1416 659/785/1414
f 39/71/1423 664/790/1423 639/765/1361
f 639/765/1361 37/67/1361 39/71/1423
f 663/789/1427 666/792/1428 641/767/1427
f 641/767/1427 638/764/1429 663/789/1427
f 690/816/1493 668/794/1433 643/769/1368
f 643/769/1368 665/791/1434 690/816/1493
f 667/793/1438 670/796/1439 645/771/1438
f 645/771/1438 642/768/1440 667/793/1438
f 693/819/1502 40/74/1441 38/70/1377
f 38/70/1377 668/794/1442 693/819/1502
f 669/795/1443 671/797/1444 646/772/1443
f 646/772/1443 644/770/1445 669/795/1443
f 671/797/1449 673/799/1449 648/774/1449
f 648/774/1449 646/772/1449 671/797/1449
f 673/799/1452 675/801/1452 650/776/1452
f 650/776/1452 648/774/1452 673/799/1452
f 674/800/1453 676/802/1453 651/777/1453
f 651/777/1453 649/775/1453 674/800/1453
f 675/801/1454 677/803/1454 652/778/1454
f 652/778/1454 650/776/1454 675/801/1454
f 676/802/1455 678/804/1456 625/751/1455
f 625/751/1455 651/777/1457 676/802/1455
f 677/803/1458 679/805/1458 627/753/1458
f 627/753/1458 652/778/1458 677/803/1458
f 678/804/1459 680/806/1460 624/750/1459
f 624/750/1459 625/751/1461 678/804/1459
f 679/805/1462 681/807/1462 626/752/1462
f 626/752/1462 627/753/1462 679/805/1462
f 680/806/1463 654/780/1464 628/754/1463
f 628/754/1463 624/750/1465 680/806/1463
f 681/807/1466 656/782/1466 629/755/1466
f 629/755/1466 626/752/1466 681/807/1466
f 683/809/1467 682/808/1468 659/785/1467
f 659/785/1467 657/783/1469 683/809/1467
f 685/811/1470 684/810/1471 660/786/1470
f 660/786/1470 658/784/1472 685/811/1470
f 684/810/1476 687/813/1477 662/788/1476
f 662/788/1476 660/786/1478 684/810/1476
f 686/812/1479 688/814/1480 663/789/1479
f 663/789/1479 661/787/1481 686/812/1479
f 41/75/1482 689/815/1482 664/790/1423
f 664/790/1423 39/71/1423 41/75/1482
f 687/813/1483 690/816/1484 665/791/1483
f 665/791/1483 662/788/1485 687/813/1483
f 714/840/1554 693/819/1492 668/794/1433
f 668/794/1433 690/816/1493 714/840/1554
f 691/817/1494 694/820/1495 669/795/1494
f 669/795/1494 666/792/1496 691/817/1494
f 717/843/1559 695/821/1498 670/796/1497
f 670/796/1497 692/818/1499 717/843/1559
f 718/844/1561 42/78/1501 40/74/1441
f 40/74/1441 693/819/1502 718/844/1561
f 694/820/1503 696/822/1503 671/797/1503
f 671/797/1503 669/795/1503 694/820/1503
f 696/822/1507 698/824/1507 673/799/1507
f 673/799/1507 671/797/1507 696/822/1507
f 697/823/1508 699/825/1509 674/800/1508
f 674/800/1508 672/798/1510 697/823/1508
f 698/824/1511 700/826/1511 675/801/1511
f 675/801/1511 673/799/1511 698/824/1511
f 699/825/1512 701/827/1512 676/802/1512
f 676/802/1512 674/800/1512 699/825/1512
f 700/826/1513 702/828/1513 677/803/1513
f 677/803/1513 675/801/1513 700/826/1513
f 701/827/1514 703/829/1515 678/804/1514
f 678/804/1514 676/802/1516 701/827/1514
f 702/828/1517 704/830/1517 679/805/1517
f 679/805/1517 677/803/1517 702/828/1517
f 703/829/1518 705/831/1519 680/806/1518
f 680/806/1518 678/804/1520 703/829/1518
f 704/830/1521 706/832/1521 681/807/1521
f 681/807/1521 679/805/1521 704/830/1521
f 705/831/1522 707/833/1523 654/780/1522
f 654/780/1522 680/806/1524 705/831/1522
f 706/832/1525 708/834/1526 656/782/1525
f 656/782/1525 681/807/1527 706/832/1525
f 707/833/1528 709/835/1529 653/779/1528
f 653/779/1528 654/780/1530 707/833/1528
f 708/834/1531 710/836/1532 655/781/1531
f 655/781/1531 656/782/1533 708/834/1531
f 709/835/1534 683/809/1535 657/783/1534
f 657/783/1534 653/779/1536 709/835/1534
f 710/836/1537 685/811/1538 658/784/1537
f 658/784/1537 655/781/1539 710/836/1537
f 688/814/1540 712/838/1542 711/837/1541
f 711/837/1541 691/817/1548 688/814/1540
f 44/81/1544 713/839/1544 689/815/1482
f 689/815/1482 41/75/1482 44/81/1544
f 768/894/1679 718/844/1553 693/819/1492
f 693/819/1492 714/840/1554 768/894/1679
f 716/842/1555 719/845/1556 694/820/1555
f 694/820/1555 691/817/1557 716/842/1555
f 743/869/1612 720/846/1558 695/821/1498
f 695/821/1498 717/843/1559 743/869/1612
f 744/870/1614 43/80/1560 42/78/1501
f 42/78/1501 718/844/1561 744/870/1614
f 719/845/1562 721/847/1562 696/822/1562
f 696/822/1562 694/820/1562 719/845/1562
f 721/847/1566 723/849/1566 698/824/1566
f 698/824/1566 696/822/1566 721/847/1566
f 722/848/1567 724/850/1568 699/825/1567
f 699/825/1567 697/823/1569 722/848/1567
f 723/849/1570 725/851/1570 700/826/1570
f 700/826/1570 698/824/1570 723/849/1570
f 724/850/1571 726/852/1571 701/827/1571
f 701/827/1571 699/825/1571 724/850/1571
f 725/851/1572 727/853/1572 702/828/1572
f 702/828/1572 700/826/1572 725/851/1572
f 726/852/1573 728/854/1574 703/829/1573
f 703/829/1573 701/827/1575 726/852/1573
f 727/853/1576 729/855/1576 704/830/1576
f 704/830/1576 702/828/1576 727/853/1576
f 705/831/1577 728/854/1579 730/856/1578
f 730/856/1578 707/833/1582 705/831/1577
f 729/855/1581 731/857/1581 706/832/1581
f 706/832/1581 704/830/1581 729/855/1581
f 754/880/1636 732/858/1583 707/833/1582
f 707/833/1582 730/856/1578 754/880/1636
f 731/857/1584 733/859/1585 708/834/1584
f 708/834/1584 706/832/1586 731/857/1584
f 732/858/1587 734/860/1588 709/835/1587
f 709/835/1587 707/833/1589 732/858/1587
f 733/859/1590 735/861/1591 710/836/1590
f 710/836/1590 708/834/1590 733/859/1590
f 734/860/1592 736/862/1593 683/809/1592
f 683/809/1592 709/835/1594 734/860/1592
f 735/861/1595 737/863/1596 685/811/1595
f 685/811/1595 710/836/1597 735/861/1595
f 737/863/1601 739/865/1602 684/810/1601
f 684/810/1601 685/811/1603 737/863/1601
f 738/864/1604 712/838/1605 686/812/1604
f 686/812/1604 682/808/1606 738/864/1604
f 739/865/1607 715/841/1608 687/813/1607
f 687/813/1607 684/810/1609 739/865/1607
f 741/867/1610 740/866/1610 719/845/1610
f 719/845/1610 716/842/1610 741/867/1610
f 795/921/1743 45/84/1613 43/80/1560
f 43/80/1560 744/870/1614 795/921/1743
f 740/866/1615 745/871/1615 721/847/1615
f 721/847/1615 719/845/1615 740/866/1615
f 797/923/1746 746/872/1617 722/848/1616
f 722/848/1616 742/868/1618 797/923/1746
f 745/871/1620 747/873/1620 723/849/1620
f 723/849/1620 721/847/1620 745/871/1620
f 746/872/1621 748/874/1622 724/850/1621
f 724/850/1621 722/848/1623 746/872/1621
f 747/873/1624 749/875/1624 725/851/1624
f 725/851/1624 723/849/1624 747/873/1624
f 748/874/1625 750/876/1625 726/852/1625
f 726/852/1625 724/850/1625 748/874/1625
f 749/875/1626 751/877/1626 727/853/1626
f 727/853/1626 725/851/1626 749/875/1626
f 751/877/1630 753/879/1630 729/855/1630
f 729/855/1630 727/853/1630 751/877/1630
f 752/878/1631 754/880/1632 730/856/1631
f 730/856/1631 728/854/1633 752/878/1631
f 753/879/1634 755/881/1634 731/857/1634
f 731/857/1634 729/855/1634 753/879/1634
f 755/881/1637 757/883/1638 733/859/1637
f 733/859/1637 731/857/1639 755/881/1637
f 757/883/1643 759/885/1644 735/861/1643
f 735/861/1643 733/859/1645 757/883/1643
f 758/884/1646 760/886/1647 736/862/1646
f 736/862/1646 734/860/1648 758/884/1646
f 759/885/1649 761/887/1650 737/863/1649
f 737/863/1649 735/861/1651 759/885/1649
f 784/910/1715 762/888/1653 738/864/1652
f 738/864/1652 760/886/1654 784/910/1715
f 761/887/1656 763/889/1657 739/865/1656
f 739/865/1656 737/863/1658 761/887/1656
f 763/889/1662 765/891/1663 715/841/1662
f 715/841/1662 739/865/1664 763/889/1662
f 764/890/1665 766/892/1666 711/837/1665
f 711/837/1665 712/838/1667 764/890/1665
f 46/85/1668 767/893/1668 713/839/1544
f 713/839/1544 44/81/1544 46/85/1668
f 765/891/1669 768/894/1670 714/840/1669
f 714/840/1669 715/841/1671 765/891/1669
f 766/892/1672 741/867/1673 716/842/1672
f 716/842/1672 711/837/1674 766/892/1672
f 792/918/1737 744/870/1678 718/844/1553
f 718/844/1553 768/894/1679 792/918/1737
f 770/896/1680 769/895/1680 747/873/1680
f 747/873/1680 745/871/1680 770/896/1680
f 772/898/1681 771/897/1682 748/874/1681
f 748/874/1681 746/872/1683 772/898/1681
f 769/895/1684 773/899/1684 749/875/1684
f 749/875/1684 747/873/1684 769/895/1684
f 771/897/1685 774/900/1685 750/876/1685
f 750/876/1685 748/874/1685 771/897/1685
f 773/899/1686 775/901/1686 751/877/1686
f 751/877/1686 749/875/1686 773/899/1686
f 774/900/1687 776/902/1688 752/878/1687
f 752/878/1687 750/876/1689 774/900/1687
f 775/901/1690 777/903/1690 753/879/1690
f 753/879/1690 751/877/1690 775/901/1690
f 776/902/1691 778/904/1692 754/880/1691
f 754/880/1691 752/878/1693 776/902/1691
f 777/903/1694 779/905/1695 755/881/1694
f 755/881/1694 753/879/1696 777/903/1694
f 779/905/1700 781/907/1701 757/883/1700
f 757/883/1700 755/881/1702 779/905/1700
f 780/906/1703 782/908/1704 758/884/1703
f 758/884/1703 756/882/1705 780/906/1703
f 781/907/1706 783/909/1707 759/885/1706
f 759/885/1706 757/883/1706 781/907/1706
f 782/908/1708 784/910/1709 760/886/1708
f 760/886/1708 758/884/1710 782/908/1708
f 783/909/1711 785/911/1712 761/887/1711
f 761/887/1711 759/885/1713 783/909/1711
f 785/911/1716 787/913/1717 763/889/1716
f 763/889/1716 761/887/1718 785/911/1716
f 786/912/1719 788/914/1720 764/890/1719
f 764/890/1719 762/888/1721 786/912/1719
f 787/913/1722 789/915/1723 765/891/1722
f 765/891/1722 763/889/1724 787/913/1722
f 788/914/1725 790/916/1726 766/892/1725
f 766/892/1725 764/890/1727 788/914/1725
f 47/87/1728 791/917/1728 767/893/1668
f 767/893/1668 46/85/1668 47/87/1728
f 789/915/1729 792/918/1730 768/894/1729
f 768/894/1729 765/891/1731 789/915/1729
f 790/916/1732 793/919/1732 741/867/1732
f 741/867/1732 766/892/1732 790/916/1732
f 791/917/1733 794/920/1734 743/869/1733
f 743/869/1733 767/893/1735 791/917/1733
f 817/943/1802 795/921/1736 744/870/1678
f 744/870/1678 792/918/1737 817/943/1802
f 793/919/1738 796/922/1738 740/866/1738
f 740/866/1738 741/867/1738 793/919/1738
f 794/920/1739 797/923/1740 742/868/1739
f 742/868/1739 743/869/1741 794/920/1739
f 796/922/1744 770/896/1744 745/871/1744
f 745/871/1744 740/866/1744 796/922/1744
f 822/948/1811 772/898/1745 746/872/1617
f 746/872/1617 797/923/1746 822/948/1811
f 799/925/1747 798/924/1747 775/901/1747
f 775/901/1747 773/899/1747 799/925/1747
f 801/927/1748 800/926/1749 776/902/1748
f 776/902/1748 774/900/1750 801/927/1748
f 798/924/1751 802/928/1751 777/903/1751
f 777/903/1751 775/901/1751 798/924/1751
f 800/926/1752 803/929/1753 778/904/1752
f 778/904/1752 776/902/1754 800/926/1752
f 802/928/1755 804/930/1756 779/905/1755
f 779/905/1755 777/903/1757 802/928/1755
f 803/929/1758 805/931/1759 780/906/1758
f 780/906/1758 778/904/1760 803/929/1758
f 804/930/1761 806/932/1762 781/907/1761
f 781/907/1761 779/905/1763 804/930/1761
f 805/931/1764 807/933/1765 782/908/1764
f 782/908/1764 780/906/1766 805/931/1764
f 806/932/1767 808/934/1768 783/909/1767
f 783/909/1767 781/907/1769 806/932/1767
f 807/933/1770 809/935/1771 784/910/1770
f 784/910/1770 782/908/1772 807/933/1770
f 808/934/1773 810/936/1774 785/911/1773
f 785/911/1773 783/909/1775 808/934/1773
f 809/935/1776 811/937/1777 786/912/1776
f 786/912/1776 784/910/1778 809/935/1776
f 810/936/1779 812/938/1780 787/913/1779
f 787/913/1779 785/911/1781 810/936/1779
f 811/937/1782 813/939/1783 788/914/1782
f 788/914/1782 786/912/1784 811/937/1782
f 813/939/1788 815/941/1789 790/916/1788
f 790/916/1788 788/914/1790 813/939/1788
f 49/91/1791 816/942/1791 791/917/1728
f 791/917/1728 47/87/1728 49/91/1791
f 815/941/1795 818/944/1796 793/919/1795
f 793/919/1795 790/916/1795 815/941/1795
f 794/920/1797 816/942/1799 819/945/1798
f 819/945/1798 797/923/1804 794/920/1797
f 818/944/1803 821/947/1803 796/922/1803
f 796/922/1803 793/919/1803 818/944/1803
f 844/970/1864 822/948/1805 797/923/1804
f 797/923/1804 819/945/1798 844/970/1864
f 820/946/1806 50/94/1807 48/90/1806
f 48/90/1806 795/921/1808 820/946/1806
f 821/947/1809 823/949/1809 770/896/1809
f 770/896/1809 796/922/1809 821/947/1809
f 847/973/1870 824/950/1810 772/898/1745
f 772/898/1745 822/948/1811 847/973/1870
f 823/949/1812 825/951/1812 769/895/1812
f 769/895/1812 770/896/1812 823/949/1812
f 825/951/1816 799/925/1816 773/899/1816
f 773/899/1816 769/895/1816 825/951/1816
f 826/952/1817 801/927/1817 774/900/1817
f 774/900/1817 771/897/1817 826/952/1817
f 828/954/1818 827/953/1819 804/930/1818
f 804/930/1818 802/928/1820 828/954/1818
f 830/956/1821 829/955/1822 805/931/1821
f 805/931/1821 803/929/1823 830/956/1821
f 827/953/1824 831/957/1825 806/932/1824
f 806/932/1824 804/930/1824 827/953/1824
f 829/955/1826 832/958/1827 807/933/1826
f 807/933/1826 805/931/1828 829/955/1826
f 831/957/1829 833/959/1829 808/934/1829
f 808/934/1829 806/932/1829 831/957/1829
f 832/958/1830 834/960/1831 809/935/1830
f 809/935/1830 807/933/1832 832/958/1830
f 833/959/1833 835/961/1834 810/936/1833
f 810/936/1833 808/934/1835 833/959/1833
f 834/960/1836 836/962/1837 811/937/1836
f 811/937/1836 809/935/1838 834/960/1836
f 835/961/1839 837/963/1840 812/938/1839
f 812/938/1839 810/936/1841 835/961/1839
f 836/962/1842 838/964/1843 813/939/1842
f 813/939/1842 811/937/1844 836/962/1842
f 838/964/1848 840/966/1848 815/941/1848
f 815/941/1848 813/939/1848 838/964/1848
f 51/95/1849 841/967/1849 816/942/1791
f 816/942/1791 49/91/1791 51/95/1849
f 840/966/1853 843/969/1854 818/944/1853
f 818/944/1853 815/941/1855 840/966/1853
f 841/967/1856 844/970/1857 819/945/1856
f 819/945/1856 816/942/1858 841/967/1856
f 842/968/1859 845/971/1860 820/946/1859
f 820/946/1859 817/943/1861 842/968/1859
f 843/969/1862 846/972/1862 821/947/1862
f 821/947/1862 818/944/1862 843/969/1862
f 845/971/1865 52/98/1866 50/94/1865
f 50/94/1865 820/946/1867 845/971/1865
f 846/972/1868 848/974/1868 823/949/1868
f 823/949/1868 821/947/1868 846/972/1868
f 848/974/1871 850/976/1871 825/951/1871
f 825/951/1871 823/949/1871 848/974/1871
f 849/975/1872 851/977/1873 826/952/1872
f 826/952/1872 824/950/1874 849/975/1872
f 850/976/1875 852/978/1875 799/925/1875
f 799/925/1875 825/951/1875 850/976/1875
f 851/977/1876 853/979/1876 801/927/1876
f 801/927/1876 826/952/1876 851/977/1876
f 852/978/1877 854/980/1877 798/924/1877
f 798/924/1877 799/925/1877 852/978/1877
f 853/979/1878 855/981/1879 800/926/1878
f 800/926/1878 801/927/1880 853/979/1878
f 854/980/1881 828/954/1881 802/928/1881
f 802/928/1881 798/924/1881 854/980/1881
f 855/981/1882 830/956/1883 803/929/1882
f 803/929/1882 800/926/1884 855/981/1882
f 857/983/1885 856/982/1886 833/959/1885
f 833/959/1885 831/957/1887 857/983/1885
f 859/985/1888 858/984/1889 834/960/1888
f 834/960/1888 832/958/1890 859/985/1888
f 856/982/1891 860/986/1892 835/961/1891
f 835/961/1891 833/959/1893 856/982/1891
f 858/984/1894 861/987/1895 836/962/1894
f 836/962/1894 834/960/1896 858/984/1894
f 860/986/1897 862/988/1898 837/963/1897
f 837/963/1897 835/961/1899 860/986/1897
f 861/987/1900 863/989/1901 838/964/1900
f 838/964/1900 836/962/1902 861/987/1900
f 885/1011/1965 864/990/1904 839/965/1903
f 839/965/1903 862/988/1905 885/1011/1965
f 863/989/1907 865/991/1908 840/966/1907
f 840/966/1907 838/964/1909 863/989/1907
f 53/99/1910 866/992/1910 841/967/1849
f 841/967/1849 51/95/1849 53/99/1910
f 865/991/1914 868/994/1914 843/969/1914
f 843/969/1914 840/966/1914 865/991/1914
f 867/993/1918 870/996/1919 845/971/1918
f 845/971/1918 842/968/1920 867/993/1918
f 868/994/1921 871/997/1921 846/972/1921
f 846/972/1921 843/969/1921 868/994/1921
f 869/995/1922 872/998/1923 847/973/1922
f 847/973/1922 844/970/1924 869/995/1922
f 870/996/1925 54/102/1926 52/98/1925
f 52/98/1925 845/971/1927 870/996/1925
f 871/997/1928 873/999/1928 848/974/1928
f 848/974/1928 846/972/1928 871/997/1928
f 873/999/1932 875/1001/1932 850/976/1932
f 850/976/1932 848/974/1932 873/999/1932
f 874/1000/1933 876/1002/1934 851/977/1933
f 851/977/1933 849/975/1935 874/1000/1933
f 875/1001/1936 877/1003/1936 852/978/1936
f 852/978/1936 850/976/1936 875/1001/1936
f 876/1002/1937 878/1004/1937 853/979/1937
f 853/979/1937 851/977/1937 876/1002/1937
f 877/1003/1938 879/1005/1938 854/980/1938
f 854/980/1938 852/978/1938 877/1003/1938
f 878/1004/1939 880/1006/1940 855/981/1939
f 855/981/1939 853/979/1941 878/1004/1939
f 879/1005/1942 881/1007/1942 828/954/1942
f 828/954/1942 854/980/1942 879/1005/1942
f 880/1006/1943 882/1008/1944 830/956/1943
f 830/956/1943 855/981/1945 880/1006/1943
f 881/1007/1946 883/1009/1947 827/953/1946
f 827/953/1946 828/954/1948 881/1007/1946
f 882/1008/1949 884/1010/1950 829/955/1949
f 829/955/1949 830/956/1951 882/1008/1949
f 883/1009/1952 857/983/1953 831/957/1952
f 831/957/1952 827/953/1954 883/1009/1952
f 884/1010/1955 859/985/1956 832/958/1955
f 832/958/1955 829/955/1957 884/1010/1955
f 886/1012/1958 885/1011/1959 862/988/1958
f 862/988/1958 860/986/1960 886/1012/1958
f 888/1014/1961 887/1013/1962 863/989/1961
f 863/989/1961 861/987/1963 888/1014/1961
f 936/1062/2086 889/1015/1964 864/990/1904
f 864/990/1904 885/1011/1965 936/1062/2086
f 887/1013/1966 890/1016/1967 865/991/1966
f 865/991/1966 863/989/1968 887/1013/1966
f 55/103/1969 891/1017/1969 866/992/1910
f 866/992/1910 53/99/1910 55/103/1969
f 938/1064/2090 892/1018/1971 867/993/1970
f 867/993/1970 889/1015/1972 938/1064/2090
f 890/1016/1974 893/1019/1974 868/994/1974
f 868/994/1974 865/991/1974 890/1016/1974
f 891/1017/1975 894/1020/1976 869/995/1975
f 869/995/1975 866/992/1977 891/1017/1975
f 892/1018/1978 895/1021/1979 870/996/1978
f 870/996/1978 867/993/1980 892/1018/1978
f 893/1019/1981 896/1022/1981 871/997/1981
f 871/997/1981 868/994/1981 893/1019/1981
f 894/1020/1982 897/1023/1983 872/998/1982
f 872/998/1982 869/995/1984 894/1020/1982
f 895/1021/1985 56/106/1986 54/102/1985
f 54/102/1985 870/996/1987 895/1021/1985
f 896/1022/1988 898/1024/1988 873/999/1988
f 873/999/1988 871/997/1988 896/1022/1988
f 914/1040/2039 899/1025/1990 874/1000/1989
f 874/1000/1989 897/1023/1991 914/1040/2039
f 898/1024/1993 900/1026/1993 875/1001/1993
f 875/1001/1993 873/999/1993 898/1024/1993
f 899/1025/1994 901/1027/1994 876/1002/1994
f 876/1002/1994 874/1000/1994 899/1025/1994
f 900/1026/1995 902/1028/1995 877/1003/1995
f 877/1003/1995 875/1001/1995 900/1026/1995
f 901/1027/1996 903/1029/1997 878/1004/1996
f 878/1004/1996 876/1002/1998 901/1027/1996
f 902/1028/1999 904/1030/1999 879/1005/1999
f 879/1005/1999 877/1003/1999 902/1028/1999
f 903/1029/2000 905/1031/2001 880/1006/2000
f 880/1006/2000 878/1004/2002 903/1029/2000
f 904/1030/2003 906/1032/2003 881/1007/2003
f 881/1007/2003 879/1005/2003 904/1030/2003
f 906/1032/2007 908/1034/2007 883/1009/2007
f 883/1009/2007 881/1007/2008 906/1032/2007
f 907/1033/2009 909/1035/2010 884/1010/2009
f 884/1010/2009 882/1008/2011 907/1033/2009
f 908/1034/2012 910/1036/2013 857/983/2012
f 857/983/2012 883/1009/2014 908/1034/2012
f 909/1035/2015 911/1037/2016 859/985/2015
f 859/985/2015 884/1010/2017 909/1035/2015
f 910/1036/2018 912/1038/2019 856/982/2018
f 856/982/2018 857/983/2020 910/1036/2018
f 911/1037/2021 913/1039/2022 858/984/2021
f 858/984/2021 859/985/2023 911/1037/2021
f 912/1038/2024 886/1012/2025 860/986/2024
f 860/986/2024 856/982/2026 912/1038/2024
f 913/1039/2027 888/1014/2028 861/987/2027
f 861/987/2027 858/984/2029 913/1039/2027
f 968/1094/2160 57/108/2034 56/106/2033
f 56/106/2033 916/1042/2035 968/1094/2160
f 918/1044/2037 917/1043/2037 898/1024/2037
f 898/1024/2037 896/1022/2037 918/1044/2037
f 917/1043/2040 920/1046/2040 900/1026/2040
f 900/1026/2040 898/1024/2040 917/1043/2040
f 919/1045/2041 921/1047/2041 901/1027/2041
f 901/1027/2041 899/1025/2041 919/1045/2041
f 920/1046/2042 922/1048/2042 902/1028/2042
f 902/1028/2042 900/1026/2042 920/1046/2042
f 921/1047/2043 923/1049/2044 903/1029/2043
f 903/1029/2043 901/1027/2045 921/1047/2043
f 922/1048/2046 924/1050/2046 904/1030/2046
f 904/1030/2046 902/1028/2046 922/1048/2046
f 923/1049/2047 925/1051/2048 905/1031/2047
f 905/1031/2047 903/1029/2049 923/1049/2047
f 924/1050/2050 926/1052/2050 906/1032/2050
f 906/1032/2050 904/1030/2050 924/1050/2050
f 925/1051/2051 927/1053/2052 907/1033/2051
f 907/1033/2051 905/1031/2053 925/1051/2051
f 926/1052/2054 928/1054/2055 908/1034/2054
f 908/1034/2054 906/1032/2056 926/1052/2054
f 951/1077/2114 929/1055/2058 909/1035/2057
f 909/1035/2057 927/1053/2059 951/1077/2114
f 928/1054/2061 930/1056/2062 910/1036/2061
f 910/1036/2061 908/1034/2063 928/1054/2061
f 929/1055/2064 931/1057/2065 911/1037/2064
f 911/1037/2064 909/1035/2066 929/1055/2064
f 930/1056/2067 932/1058/2068 912/1038/2067
f 912/1038/2067 910/1036/2069 930/1056/2067
f 931/1057/2070 933/1059/2071 913/1039/2070
f 913/1039/2070 911/1037/2072 931/1057/2070
f 886/1012/2073 932/1058/2075 934/1060/2074
f 934/1060/2074 885/1011/2080 886/1012/2073
f 933/1059/2077 935/1061/2078 888/1014/2077
f 888/1014/2077 913/1039/2079 933/1059/2077
f 935/1061/2082 937/1063/2083 887/1013/2082
f 887/1013/2082 888/1014/2084 935/1061/2082
f 937/1063/2087 939/1065/2087 890/1016/2087
f 890/1016/2087 887/1013/2087 937/1063/2087
f 58/109/2088 940/1066/2088 891/1017/1969
f 891/1017/1969 55/103/1969 58/109/2088
f 939/1065/2091 942/1068/2091 893/1019/2091
f 893/1019/2091 890/1016/2091 939/1065/2091
f 940/1066/2092 915/1041/2093 894/1020/2092
f 894/1020/2092 891/1017/2094 940/1066/2092
f 941/1067/2095 916/1042/2096 895/1021/2095
f 895/1021/2095 892/1018/2097 941/1067/2095
f 942/1068/2098 918/1044/2098 896/1022/2098
f 896/1022/2098 893/1019/2098 942/1068/2098
f 944/1070/2099 943/1069/2099 921/1047/2099
f 921/1047/2099 919/1045/2099 944/1070/2099
f 946/1072/2100 945/1071/2100 922/1048/2100
f 922/1048/2100 920/1046/2100 946/1072/2100
f 943/1069/2101 947/1073/2102 923/1049/2101
f 923/1049/2101 921/1047/2103 943/1069/2101
f 945/1071/2104 948/1074/2104 924/1050/2104
f 924/1050/2104 922/1048/2104 945/1071/2104
f 947/1073/2105 949/1075/2106 925/1051/2105
f 925/1051/2105 923/1049/2107 947/1073/2105
f 948/1074/2108 950/1076/2108 926/1052/2108
f 926/1052/2108 924/1050/2108 948/1074/2108
f 949/1075/2109 951/1077/2110 927/1053/2109
f 927/1053/2109 925/1051/2111 949/1075/2109
f 950/1076/2112 952/1078/2112 928/1054/2112
f 928/1054/2112 926/1052/2112 950/1076/2112
f 952/1078/2115 954/1080/2116 930/1056/2115
f 930/1056/2115 928/1054/2117 952/1078/2115
f 953/1079/2118 955/1081/2119 931/1057/2118
f 931/1057/2118 929/1055/2120 953/1079/2118
f 955/1081/2124 957/1083/2125 933/1059/2124
f 933/1059/2124 931/1057/2126 955/1081/2124
f 956/1082/2127 958/1084/2128 934/1060/2127
f 934/1060/2127 932/1058/2129 956/1082/2127
f 957/1083/2130 959/1085/2131 935/1061/2130
f 935/1061/2130 933/1059/2132 957/1083/2130
f 936/1062/2133 958/1084/2135 960/1086/2134
f 960/1086/2134 938/1064/2140 936/1062/2133
f 959/1085/2137 961/1087/2138 937/1063/2137
f 937/1063/2137 935/1061/2139 959/1085/2137
f 985/1111/2203 962/1088/2141 938/1064/2140
f 938/1064/2140 960/1086/2134 985/1111/2203
f 961/1087/2142 963/1089/2142 939/1065/2142
f 939/1065/2142 937/1063/2142 961/1087/2142
f 59/111/2143 964/1090/2143 940/1066/2088
f 940/1066/2088 58/109/2088 59/111/2143
f 962/1088/2144 965/1091/2145 941/1067/2144
f 941/1067/2144 938/1064/2146 962/1088/2144
f 963/1089/2147 966/1092/2147 942/1068/2147
f 942/1068/2147 939/1065/2147 963/1089/2147
f 989/1115/2211 967/1093/2149 915/1041/2148
f 915/1041/2148 964/1090/2150 989/1115/2211
f 966/1092/2155 969/1095/2155 918/1044/2155
f 918/1044/2155 942/1068/2155 966/1092/2155
f 967/1093/2156 970/1096/2157 914/1040/2156
f 914/1040/2156 915/1041/2158 967/1093/2156
f 993/1119/2220 60/114/2159 57/108/2034
f 57/108/2034 968/1094/2160 993/1119/2220
f 969/1095/2161 971/1097/2161 917/1043/2161
f 917/1043/2161 918/1044/2161 969/1095/2161
f 970/1096/2162 944/1070/2163 919/1045/2162
f 919/1045/2162 914/1040/2164 970/1096/2162
f 971/1097/2165 946/1072/2165 920/1046/2165
f 920/1046/2165 917/1043/2165 971/1097/2165
f 973/1099/2166 972/1098/2167 949/1075/2166
f 949/1075/2166 947/1073/2168 973/1099/2166
f 975/1101/2169 974/1100/2169 950/1076/2169
f 950/1076/2169 948/1074/2169 975/1101/2169
f 972/1098/2170 976/1102/2171 951/1077/2170
f 951/1077/2170 949/1075/2172 972/1098/2170
f 974/1100/2173 977/1103/2173 952/1078/2173
f 952/1078/2173 950/1076/2173 974/1100/2173
f 976/1102/2174 978/1104/2175 953/1079/2174
f 953/1079/2174 951/1077/2176 976/1102/2174
f 977/1103/2177 979/1105/2178 954/1080/2177
f 954/1080/2177 952/1078/2179 977/1103/2177
f 978/1104/2180 980/1106/2181 955/1081/2180
f 955/1081/2180 953/1079/2182 978/1104/2180
f 979/1105/2183 981/1107/2184 956/1082/2183
f 956/1082/2183 954/1080/2185 979/1105/2183
f 980/1106/2186 982/1108/2187 957/1083/2186
f 957/1083/2186 955/1081/2188 980/1106/2186
f 1006/1132/2250 983/1109/2190 958/1084/2189
f 958/1084/2189 981/1107/2191 1006/1132/2250
f 982/1108/2193 984/1110/2194 959/1085/2193
f 959/1085/2193 957/1083/2195 982/1108/2193
f 984/1110/2199 986/1112/2200 961/1087/2199
f 961/1087/2199 959/1085/2201 984/1110/2199
f 986/1112/2204 988/1114/2204 963/1089/2204
f 963/1089/2204 961/1087/2204 986/1112/2204
f 61/115/2205 989/1115/2205 964/1090/2143
f 964/1090/2143 59/111/2143 61/115/2205
f 987/1113/2206 990/1116/2207 965/1091/2206
f 965/1091/2206 962/1088/2208 987/1113/2206
f 988/1114/2209 991/1117/2209 966/1092/2209
f 966/1092/2209 963/1089/2209 988/1114/2209
f 991/1117/2215 994/1120/2215 969/1095/2215
f 969/1095/2215 966/1092/2215 991/1117/2215
f 1018/1144/2280 62/118/2219 60/114/2159
f 60/114/2159 993/1119/2220 1018/1144/2280
f 994/1120/2221 996/1122/2221 971/1097/2221
f 971/1097/2221 969/1095/2221 994/1120/2221
f 995/1121/2222 997/1123/2223 944/1070/2222
f 944/1070/2222 970/1096/2224 995/1121/2222
f 996/1122/2225 998/1124/2225 946/1072/2225
f 946/1072/2225 971/1097/2225 996/1122/2225
f 997/1123/2226 999/1125/2227 943/1069/2226
f 943/1069/2226 944/1070/2228 997/1123/2226
f 998/1124/2229 1000/1126/2229 945/1071/2229
f 945/1071/2229 946/1072/2229 998/1124/2229
f 999/1125/2230 973/1099/2231 947/1073/2230
f 947/1073/2230 943/1069/2232 999/1125/2230
f 1000/1126/2233 975/1101/2233 948/1074/2233
f 948/1074/2233 945/1071/2233 1000/1126/2233
f 1002/1128/2234 1001/1127/2235 978/1104/2234
f 978/1104/2234 976/1102/2236 1002/1128/2234
f 1004/1130/2237 1003/1129/2238 979/1105/2237
f 979/1105/2237 977/1103/2239 1004/1130/2237
f 1001/1127/2240 1005/1131/2241 980/1106/2240
f 980/1106/2240 978/1104/2242 1001/1127/2240
f 1003/1129/2243 1006/1132/2244 981/1107/2243
f 981/1107/2243 979/1105/2245 1003/1129/2243
f 1005/1131/2246 1007/1133/2247 982/1108/2246
f 982/1108/2246 980/1106/2248 1005/1131/2246
f 1007/1133/2251 1009/1135/2252 984/1110/2251
f 984/1110/2251 982/1108/2253 1007/1133/2251
f 1008/1134/2254 1010/1136/2255 985/1111/2254
f 985/1111/2254 983/1109/2256 1008/1134/2254
f 1009/1135/2257 1011/1137/2258 986/1112/2257
f 986/1112/2257 984/1110/2259 1009/1135/2257
f 1010/1136/2260 1012/1138/2261 987/1113/2260
f 987/1113/2260 985/1111/2262 1010/1136/2260
f 1011/1137/2263 1013/1139/2263 988/1114/2263
f 988/1114/2263 986/1112/2263 1011/1137/2263
f 63/119/2264 1014/1140/2264 989/1115/2205
f 989/1115/2205 61/115/2205 63/119/2264
f 990/1116/2265 1012/1138/2267 1015/1141/2266
f 1015/1141/2266 993/1119/2273 990/1116/2265
f 1013/1139/2269 1016/1142/2269 991/1117/2269
f 991/1117/2269 988/1114/2269 1013/1139/2269
f 1016/1142/2275 1019/1145/2275 994/1120/2275
f 994/1120/2275 991/1117/2275 1016/1142/2275
f 1017/1143/2276 1020/1146/2277 995/1121/2276
f 995/1121/2276 992/1118/2278 1017/1143/2276
f 1019/1145/2281 1021/1147/2281 996/1122/2281
f 996/1122/2281 994/1120/2281 1019/1145/2281
f 1021/1147/2285 1023/1149/2285 998/1124/2285
f 998/1124/2285 996/1122/2285 1021/1147/2285
f 1022/1148/2286 1024/1150/2287 999/1125/2286
f 999/1125/2286 997/1123/2288 1022/1148/2286
f 1023/1149/2289 1025/1151/2289 1000/1126/2289
f 1000/1126/2289 998/1124/2289 1023/1149/2289
f 1024/1150/2290 1026/1152/2291 973/1099/2290
f 973/1099/2290 999/1125/2292 1024/1150/2290
f 1025/1151/2293 1027/1153/2293 975/1101/2293
f 975/1101/2293 1000/1126/2293 1025/1151/2293
f 1026/1152/2294 1028/1154/2295 972/1098/2294
f 972/1098/2294 973/1099/2296 1026/1152/2294
f 1027/1153/2297 1029/1155/2297 974/1100/2297
f 974/1100/2297 975/1101/2297 1027/1153/2297
f 1028/1154/2298 1002/1128/2299 976/1102/2298
f 976/1102/2298 972/1098/2300 1028/1154/2298
f 1029/1155/2301 1004/1130/2302 977/1103/2301
f 977/1103/2301 974/1100/2303 1029/1155/2301
f 1031/1157/2304 1030/1156/2305 1007/1133/2304
f 1007/1133/2304 1005/1131/2306 1031/1157/2304
f 1085/1211/2443 1032/1158/2308 1008/1134/2307
f 1008/1134/2307 1033/1159/2309 1085/1211/2443
f 1030/1156/2311 1034/1160/2312 1009/1135/2311
f 1009/1135/2311 1007/1133/2313 1030/1156/2311
f 1032/1158/2314 1035/1161/2315 1010/1136/2314
f 1010/1136/2314 1008/1134/2316 1032/1158/2314
f 1034/1160/2317 1036/1162/2318 1011/1137/2317
f 1011/1137/2317 1009/1135/2319 1034/1160/2317
f 1036/1162/2323 1038/1164/2323 1013/1139/2323
f 1013/1139/2323 1011/1137/2323 1036/1162/2323
f 65/123/2324 1039/1165/2325 1014/1140/2324
f 1014/1140/2324 63/119/2326 65/123/2324
f 1037/1163/2327 1040/1166/2328 1015/1141/2327
f 1015/1141/2327 1012/1138/2329 1037/1163/2327
f 1038/1164/2330 1041/1167/2330 1016/1142/2330
f 1016/1142/2330 1013/1139/2330 1038/1164/2330
f 1064/1190/2396 1042/1168/2332 1017/1143/2331
f 1017/1143/2331 1039/1165/2333 1064/1190/2396
f 1065/1191/2398 1043/1169/2336 1018/1144/2335
f 1018/1144/2335 1040/1166/2337 1065/1191/2398
f 1041/1167/2339 1044/1170/2339 1019/1145/2339
f 1019/1145/2339 1016/1142/2339 1041/1167/2339
f 1043/1169/2343 66/126/2344 64/122/2343
f 64/122/2343 1018/1144/2345 1043/1169/2343
f 1044/1170/2346 1046/1172/2346 1021/1147/2346
f 1021/1147/2346 1019/1145/2346 1044/1170/2346
f 1045/1171/2347 1047/1173/2348 1022/1148/2347
f 1022/1148/2347 1020/1146/2349 1045/1171/2347
f 1046/1172/2350 1048/1174/2350 1023/1149/2350
f 1023/1149/2350 1021/1147/2350 1046/1172/2350
f 1047/1173/2351 1049/1175/2352 1024/1150/2351
f 1024/1150/2351 1022/1148/2353 1047/1173/2351
f 1048/1174/2354 1050/1176/2354 1025/1151/2354
f 1025/1151/2354 1023/1149/2354 1048/1174/2354
f 1049/1175/2355 1051/1177/2356 1026/1152/2355
f 1026/1152/2355 1024/1150/2357 1049/1175/2355
f 1050/1176/2358 1052/1178/2358 1027/1153/2358
f 1027/1153/2358 1025/1151/2358 1050/1176/2358
f 1051/1177/2359 1053/1179/2360 1028/1154/2359
f 1028/1154/2359 1026/1152/2361 1051/1177/2359
f 1052/1178/2362 1054/1180/2362 1029/1155/2362
f 1029/1155/2362 1027/1153/2362 1052/1178/2362
f 1053/1179/2363 1055/1181/2364 1002/1128/2363
f 1002/1128/2363 1028/1154/2365 1053/1179/2363
f 1054/1180/2366 1056/1182/2367 1004/1130/2366
f 1004/1130/2366 1029/1155/2366 1054/1180/2366
f 1055/1181/2368 1057/1183/2369 1001/1127/2368
f 1001/1127/2368 1002/1128/2370 1055/1181/2368
f 1056/1182/2371 1058/1184/2372 1003/1129/2371
f 1003/1129/2371 1004/1130/2373 1056/1182/2371
f 1057/1183/2374 1031/1157/2375 1005/1131/2374
f 1005/1131/2374 1001/1127/2376 1057/1183/2374
f 1058/1184/2377 1033/1159/2378 1006/1132/2377
f 1006/1132/2377 1003/1129/2379 1058/1184/2377
f 1060/1186/2380 1059/1185/2381 1036/1162/2380
f 1036/1162/2380 1034/1160/2382 1060/1186/2380
f 1114/1240/2512 1061/1187/2384 1037/1163/2383
f 1037/1163/2383 1062/1188/2385 1114/1240/2512
f 1059/1185/2387 1063/1189/2387 1038/1164/2387
f 1038/1164/2387 1036/1162/2387 1059/1185/2387
f 67/127/2388 1064/1190/2389 1039/1165/2388
f 1039/1165/2388 65/123/2390 67/127/2388
f 1063/1189/2394 1066/1192/2394 1041/1167/2394
f 1041/1167/2394 1038/1164/2394 1063/1189/2394
f 1093/1219/2456 1068/1194/2397 1043/1169/2336
f 1043/1169/2336 1065/1191/2398 1093/1219/2456
f 1066/1192/2399 1069/1195/2399 1044/1170/2399
f 1044/1170/2399 1041/1167/2399 1066/1192/2399
f 1067/1193/2400 1070/1196/2401 1045/1171/2400
f 1045/1171/2400 1042/1168/2402 1067/1193/2400
f 1068/1194/2403 68/130/2404 66/126/2403
f 66/126/2403 1043/1169/2405 1068/1194/2403
f 1069/1195/2406 1071/1197/2406 1046/1172/2406
f 1046/1172/2406 1044/1170/2406 1069/1195/2406
f 1071/1197/2410 1073/1199/2410 1048/1174/2410
f 1048/1174/2410 1046/1172/2410 1071/1197/2410
f 1072/1198/2411 1074/1200/2411 1049/1175/2411
f 1049/1175/2411 1047/1173/2411 1072/1198/2411
f 1073/1199/2412 1075/1201/2412 1050/1176/2412
f 1050/1176/2412 1048/1174/2412 1073/1199/2412
f 1074/1200/2413 1076/1202/2414 1051/1177/2413
f 1051/1177/2413 1049/1175/2415 1074/1200/2413
f 1075/1201/2416 1077/1203/2416 1052/1178/2416
f 1052/1178/2416 1050/1176/2416 1075/1201/2416
f 1076/1202/2417 1078/1204/2418 1053/1179/2417
f 1053/1179/2417 1051/1177/2419 1076/1202/2417
f 1077/1203/2420 1079/1205/2420 1054/1180/2420
f 1054/1180/2420 1052/1178/2420 1077/1203/2420
f 1078/1204/2421 1080/1206/2422 1055/1181/2421
f 1055/1181/2421 1053/1179/2423 1078/1204/2421
f 1079/1205/2424 1081/1207/2425 1056/1182/2424
f 1056/1182/2424 1054/1180/2426 1079/1205/2424
f 1080/1206/2427 1082/1208/2428 1057/1183/2427
f 1057/1183/2427 1055/1181/2429 1080/1206/2427
f 1081/1207/2430 1083/1209/2431 1058/1184/2430
f 1058/1184/2430 1056/1182/2432 1081/1207/2430
f 1082/1208/2433 1084/1210/2434 1031/1157/2433
f 1031/1157/2433 1057/1183/2435 1082/1208/2433
f 1083/1209/2436 1085/1211/2437 1033/1159/2436
f 1033/1159/2436 1058/1184/2438 1083/1209/2436
f 1084/1210/2439 1086/1212/2440 1030/1156/2439
f 1030/1156/2439 1031/1157/2441 1084/1210/2439
f 1086/1212/2444 1060/1186/2445 1034/1160/2444
f 1034/1160/2444 1030/1156/2446 1086/1212/2444
f 1112/1238/2509 1062/1188/2448 1035/1161/2447
f 1035/1161/2447 1087/1213/2449 1112/1238/2509
f 1089/1215/2451 1088/1214/2451 1066/1192/2451
f 1066/1192/2451 1063/1189/2451 1089/1215/2451
f 1091/1217/2452 1090/1216/2453 1067/1193/2452
f 1067/1193/2452 1064/1190/2454 1091/1217/2452
f 1142/1268/2583 1092/1218/2455 1068/1194/2397
f 1068/1194/2397 1093/1219/2456 1142/1268/2583
f 1088/1214/2457 1094/1220/2457 1069/1195/2457
f 1069/1195/2457 1066/1192/2457 1088/1214/2457
f 1070/1196/2458 1090/1216/2460 1095/1221/2459
f 1095/1221/2459 1072/1198/2466 1070/1196/2458
f 1092/1218/2462 69/132/2463 68/130/2462
f 68/130/2462 1068/1194/2464 1092/1218/2462
f 1094/1220/2465 1096/1222/2465 1071/1197/2465
f 1071/1197/2465 1069/1195/2465 1094/1220/2465
f 1096/1222/2468 1098/1224/2468 1073/1199/2468
f 1073/1199/2468 1071/1197/2468 1096/1222/2468
f 1097/1223/2469 1099/1225/2470 1074/1200/2469
f 1074/1200/2469 1072/1198/2471 1097/1223/2469
f 1098/1224/2472 1100/1226/2472 1075/1201/2472
f 1075/1201/2472 1073/1199/2472 1098/1224/2472
f 1099/1225/2473 1101/1227/2474 1076/1202/2473
f 1076/1202/2473 1074/1200/2475 1099/1225/2473
f 1100/1226/2476 1102/1228/2476 1077/1203/2476
f 1077/1203/2476 1075/1201/2476 1100/1226/2476
f 1101/1227/2477 1103/1229/2478 1078/1204/2477
f 1078/1204/2477 1076/1202/2479 1101/1227/2477
f 1102/1228/2480 1104/1230/2480 1079/1205/2480
f 1079/1205/2480 1077/1203/2480 1102/1228/2480
f 1103/1229/2481 1105/1231/2482 1080/1206/2481
f 1080/1206/2481 1078/1204/2483 1103/1229/2481
f 1104/1230/2484 1106/1232/2485 1081/1207/2484
f 1081/1207/2484 1079/1205/2486 1104/1230/2484
f 1105/1231/2487 1107/1233/2488 1082/1208/2487
f 1082/1208/2487 1080/1206/2489 1105/1231/2487
f 1106/1232/2490 1108/1234/2491 1083/1209/2490
f 1083/1209/2490 1081/1207/2492 1106/1232/2490
f 1107/1233/2493 1109/1235/2494 1084/1210/2493
f 1084/1210/2493 1082/1208/2495 1107/1233/2493
f 1109/1235/2499 1111/1237/2500 1086/1212/2499
f 1086/1212/2499 1084/1210/2501 1109/1235/2499
f 1110/1236/2502 1112/1238/2503 1087/1213/2502
f 1087/1213/2502 1085/1211/2504 1110/1236/2502
f 1111/1237/2505 1113/1239/2506 1060/1186/2505
f 1060/1186/2505 1086/1212/2507 1111/1237/2505
f 1113/1239/2510 1115/1241/2510 1059/1185/2510
f 1059/1185/2510 1060/1186/2510 1113/1239/2510
f 1115/1241/2513 1089/1215/2513 1063/1189/2513
f 1063/1189/2513 1059/1185/2513 1115/1241/2513
f 1116/1242/2517 1093/1219/2518 1065/1191/2517
f 1065/1191/2517 1061/1187/2519 1116/1242/2517
f 1118/1244/2520 1117/1243/2520 1096/1222/2520
f 1096/1222/2520 1094/1220/2520 1118/1244/2520
f 1120/1246/2521 1119/1245/2522 1097/1223/2521
f 1097/1223/2521 1095/1221/2523 1120/1246/2521
f 1117/1243/2524 1121/1247/2524 1098/1224/2524
f 1098/1224/2524 1096/1222/2524 1117/1243/2524
f 1119/1245/2525 1122/1248/2526 1099/1225/2525
f 1099/1225/2525 1097/1223/2527 1119/1245/2525
f 1121/1247/2528 1123/1249/2528 1100/1226/2528
f 1100/1226/2528 1098/1224/2528 1121/1247/2528
f 1122/1248/2529 1124/1250/2530 1101/1227/2529
f 1101/1227/2529 1099/1225/2531 1122/1248/2529
f 1123/1249/2532 1125/1251/2532 1102/1228/2532
f 1102/1228/2532 1100/1226/2532 1123/1249/2532
f 1124/1250/2533 1126/1252/2534 1103/1229/2533
f 1103/1229/2533 1101/1227/2535 1124/1250/2533
f 1125/1251/2536 1127/1253/2536 1104/1230/2536
f 1104/1230/2536 1102/1228/2536 1125/1251/2536
f 1126/1252/2537 1128/1254/2538 1105/1231/2537
f 1105/1231/2537 1103/1229/2539 1126/1252/2537
f 1127/1253/2540 1129/1255/2541 1106/1232/2540
f 1106/1232/2540 1104/1230/2542 1127/1253/2540
f 1128/1254/2543 1130/1256/2544 1107/1233/2543
f 1107/1233/2543 1105/1231/2545 1128/1254/2543
f 1129/1255/2546 1131/1257/2547 1108/1234/2546
f 1108/1234/2546 1106/1232/2548 1129/1255/2546
f 1130/1256/2549 1132/1258/2550 1109/1235/2549
f 1109/1235/2549 1107/1233/2551 1130/1256/2549
f 1131/1257/2552 1133/1259/2553 1110/1236/2552
f 1110/1236/2552 1108/1234/2554 1131/1257/2552
f 1132/1258/2555 1134/1260/2556 1111/1237/2555
f 1111/1237/2555 1109/1235/2557 1132/1258/2555
f 1133/1259/2558 1135/1261/2559 1112/1238/2558
f 1112/1238/2558 1110/1236/2560 1133/1259/2558
f 1134/1260/2561 1136/1262/2561 1113/1239/2561
f 1113/1239/2561 1111/1237/2561 1134/1260/2561
f 1135/1261/2562 1137/1263/2563 1114/1240/2562
f 1114/1240/2562 1112/1238/2564 1135/1261/2562
f 1136/1262/2565 1138/1264/2565 1115/1241/2565
f 1115/1241/2565 1113/1239/2565 1136/1262/2565
f 1138/1264/2569 1140/1266/2569 1089/1215/2569
f 1089/1215/2569 1115/1241/2569 1138/1264/2569
f 73/139/2633 1141/1267/2571 1091/1217/2570
f 1091/1217/2570 72/137/2572 73/139/2633
f 1139/1265/2574 1142/1268/2575 1093/1219/2574
f 1093/1219/2574 1116/1242/2576 1139/1265/2574
f 1140/1266/2577 1143/1269/2577 1088/1214/2577
f 1088/1214/2577 1089/1215/2577 1140/1266/2577
f 1166/1292/2639 1144/1270/2579 1090/1216/2578
f 1090/1216/2578 1141/1267/2580 1166/1292/2639
f 1167/1293/2641 1145/1271/2582 1092/1218/2455
f 1092/1218/2455 1142/1268/2583 1167/1293/2641
f 1143/1269/2584 1118/1244/2584 1094/1220/2584
f 1094/1220/2584 1088/1214/2584 1143/1269/2584
f 1169/1295/2644 1120/1246/2586 1095/1221/2585
f 1095/1221/2585 1144/1270/2587 1169/1295/2644
f 1145/1271/2589 71/136/2590 69/132/2589
f 69/132/2589 1092/1218/2591 1145/1271/2589
f 1147/1273/2592 1146/1272/2592 1123/1249/2592
f 1123/1249/2592 1121/1247/2592 1147/1273/2592
f 1149/1275/2593 1148/1274/2594 1124/1250/2593
f 1124/1250/2593 1122/1248/2595 1149/1275/2593
f 1146/1272/2596 1150/1276/2596 1125/1251/2596
f 1125/1251/2596 1123/1249/2596 1146/1272/2596
f 1150/1276/2600 1152/1278/2600 1127/1253/2600
f 1127/1253/2600 1125/1251/2600 1150/1276/2600
f 1151/1277/2601 1153/1279/2602 1128/1254/2601
f 1128/1254/2601 1126/1252/2603 1151/1277/2601
f 1152/1278/2604 1154/1280/2605 1129/1255/2604
f 1129/1255/2604 1127/1253/2606 1152/1278/2604
f 1154/1280/2610 1156/1282/2610 1131/1257/2610
f 1131/1257/2610 1129/1255/2610 1154/1280/2610
f 1155/1281/2611 1157/1283/2612 1132/1258/2611
f 1132/1258/2611 1130/1256/2613 1155/1281/2611
f 1156/1282/2614 1158/1284/2615 1133/1259/2614
f 1133/1259/2614 1131/1257/2616 1156/1282/2614
f 1157/1283/2617 1159/1285/2618 1134/1260/2617
f 1134/1260/2617 1132/1258/2619 1157/1283/2617
f 1158/1284/2620 1160/1286/2621 1135/1261/2620
f 1135/1261/2620 1133/1259/2622 1158/1284/2620
f 1159/1285/2623 1161/1287/2623 1136/1262/2623
f 1136/1262/2623 1134/1260/2623 1159/1285/2623
f 1160/1286/2624 1162/1288/2625 1137/1263/2624
f 1137/1263/2624 1135/1261/2626 1160/1286/2624
f 1161/1287/2627 1163/1289/2627 1138/1264/2627
f 1138/1264/2627 1136/1262/2627 1161/1287/2627
f 1162/1288/2628 1164/1290/2629 1139/1265/2628
f 1139/1265/2628 1137/1263/2630 1162/1288/2628
f 1163/1289/2631 1165/1291/2631 1140/1266/2631
f 1140/1266/2631 1138/1264/2631 1163/1289/2631
f 75/143/2692 1166/1292/2632 1141/1267/2571
f 1141/1267/2571 73/139/2633 75/143/2692
f 1164/1290/2634 1167/1293/2635 1142/1268/2634
f 1142/1268/2634 1139/1265/2636 1164/1290/2634
f 1165/1291/2637 1168/1294/2637 1143/1269/2637
f 1143/1269/2637 1140/1266/2637 1165/1291/2637
f 1191/1317/2698 1169/1295/2638 1144/1270/2579
f 1144/1270/2579 1166/1292/2639 1191/1317/2698
f 1192/1318/2700 1170/1296/2640 1145/1271/2582
f 1145/1271/2582 1167/1293/2641 1192/1318/2700
f 1168/1294/2642 1171/1297/2642 1118/1244/2642
f 1118/1244/2642 1143/1269/2642 1168/1294/2642
f 1170/1296/2645 74/142/2646 71/136/2645
f 71/136/2645 1145/1271/2647 1170/1296/2645
f 1171/1297/2648 1173/1299/2648 1117/1243/2648
f 1117/1243/2648 1118/1244/2648 1171/1297/2648
f 1172/1298/2649 1174/1300/2650 1119/1245/2649
f 1119/1245/2649 1120/1246/2651 1172/1298/2649
f 1173/1299/2652 1147/1273/2652 1121/1247/2652
f 1121/1247/2652 1117/1243/2652 1173/1299/2652
f 1174/1300/2653 1149/1275/2654 1122/1248/2653
f 1122/1248/2653 1119/1245/2655 1174/1300/2653
f 1176/1302/2656 1175/1301/2656 1152/1278/2656
f 1152/1278/2656 1150/1276/2656 1176/1302/2656
f 1178/1304/2657 1177/1303/2658 1153/1279/2657
f 1153/1279/2657 1151/1277/2659 1178/1304/2657
f 1175/1301/2660 1179/1305/2660 1154/1280/2660
f 1154/1280/2660 1152/1278/2660 1175/1301/2660
f 1177/1303/2661 1180/1306/2662 1155/1281/2661
f 1155/1281/2661 1153/1279/2663 1177/1303/2661
f 1179/1305/2664 1181/1307/2665 1156/1282/2664
f 1156/1282/2664 1154/1280/2666 1179/1305/2664
f 1180/1306/2667 1182/1308/2668 1157/1283/2667
f 1157/1283/2667 1155/1281/2669 1180/1306/2667
f 1181/1307/2670 1183/1309/2671 1158/1284/2670
f 1158/1284/2670 1156/1282/2672 1181/1307/2670
f 1182/1308/2673 1184/1310/2674 1159/1285/2673
f 1159/1285/2673 1157/1283/2675 1182/1308/2673
f 1183/1309/2676 1185/1311/2677 1160/1286/2676
f 1160/1286/2676 1158/1284/2678 1183/1309/2676
f 1184/1310/2679 1186/1312/2680 1161/1287/2679
f 1161/1287/2679 1159/1285/2681 1184/1310/2679
f 1185/1311/2682 1187/1313/2682 1162/1288/2682
f 1162/1288/2682 1160/1286/2683 1185/1311/2682
f 1186/1312/2684 1188/1314/2685 1163/1289/2684
f 1163/1289/2684 1161/1287/2686 1186/1312/2684
f 1187/1313/2687 1189/1315/2688 1164/1290/2687
f 1164/1290/2687 1162/1288/2689 1187/1313/2687
f 1188/1314/2690 1190/1316/2690 1165/1291/2690
f 1165/1291/2690 1163/1289/2690 1188/1314/2690
f 77/147/2754 1191/1317/2691 1166/1292/2632
f 1166/1292/2632 75/143/2692 77/147/2754
f 1190/1316/2696 1193/1319/2696 1168/1294/2696
f 1168/1294/2696 1165/1291/2696 1190/1316/2696
f 1216/1342/2760 1194/1320/2697 1169/1295/2638
f 1169/1295/2638 1191/1317/2698 1216/1342/2760
f 1193/1319/2701 1196/1322/2701 1171/1297/2701
f 1171/1297/2701 1168/1294/2701 1193/1319/2701
f 1194/1320/2702 1197/1323/2703 1172/1298/2702
f 1172/1298/2702 1169/1295/2704 1194/1320/2702
f 1195/1321/2705 76/146/2706 74/142/2705
f 74/142/2705 1170/1296/2707 1195/1321/2705
f 1196/1322/2708 1198/1324/2708 1173/1299/2708
f 1173/1299/2708 1171/1297/2708 1196/1322/2708
f 1197/1323/2709 1199/1325/2710 1174/1300/2709
f 1174/1300/2709 1172/1298/2711 1197/1323/2709
f 1198/1324/2712 1200/1326/2712 1147/1273/2712
f 1147/1273/2712 1173/1299/2712 1198/1324/2712
f 1199/1325/2713 1201/1327/2714 1149/1275/2713
f 1149/1275/2713 1174/1300/2715 1199/1325/2713
f 1200/1326/2716 1202/1328/2716 1146/1272/2716
f 1146/1272/2716 1147/1273/2716 1200/1326/2716
f 1201/1327/2717 1203/1329/2718 1148/1274/2717
f 1148/1274/2717 1149/1275/2719 1201/1327/2717
f 1202/1328/2720 1176/1302/2720 1150/1276/2720
f 1150/1276/2720 1146/1272/2720 1202/1328/2720
f 1203/1329/2721 1178/1304/2722 1151/1277/2721
f 1151/1277/2721 1148/1274/2723 1203/1329/2721
f 1205/1331/2724 1204/1330/2724 1181/1307/2724
f 1181/1307/2724 1179/1305/2724 1205/1331/2724
f 1232/1358/2792 1207/1333/2727 1182/1308/2725
f 1182/1308/2725 1180/1306/2728 1232/1358/2792
f 1204/1330/2729 1208/1334/2730 1183/1309/2729
f 1183/1309/2729 1181/1307/2731 1204/1330/2729
f 1206/1332/2732 1209/1335/2733 1184/1310/2732
f 1184/1310/2732 1182/1308/2734 1206/1332/2732
f 1208/1334/2735 1210/1336/2736 1185/1311/2735
f 1185/1311/2735 1183/1309/2737 1208/1334/2735
f 1209/1335/2738 1211/1337/2739 1186/1312/2738
f 1186/1312/2738 1184/1310/2740 1209/1335/2738
f 1210/1336/2741 1212/1338/2742 1187/1313/2741
f 1187/1313/2741 1185/1311/2743 1210/1336/2741
f 1211/1337/2744 1213/1339/2745 1188/1314/2744
f 1188/1314/2744 1186/1312/2746 1211/1337/2744
f 1212/1338/2747 1214/1340/2748 1189/1315/2747
f 1189/1315/2747 1187/1313/2749 1212/1338/2747
f 1213/1339/2750 1215/1341/2751 1190/1316/2750
f 1190/1316/2750 1188/1314/2752 1213/1339/2750
f 1214/1340/2755 1217/1343/2756 1192/1318/2755
f 1192/1318/2755 1189/1315/2757 1214/1340/2755
f 1215/1341/2758 1218/1344/2758 1193/1319/2758
f 1193/1319/2758 1190/1316/2758 1215/1341/2758
f 1241/1367/2819 1219/1345/2759 1194/1320/2697
f 1194/1320/2697 1216/1342/2760 1241/1367/2819
f 1217/1343/2761 1220/1346/2762 1195/1321/2761
f 1195/1321/2761 1192/1318/2763 1217/1343/2761
f 1218/1344/2764 1221/1347/2764 1196/1322/2764
f 1196/1322/2764 1193/1319/2764 1218/1344/2764
f 1219/1345/2765 1222/1348/2766 1197/1323/2765
f 1197/1323/2765 1194/1320/2767 1219/1345/2765
f 1220/1346/2768 78/150/2769 76/146/2768
f 76/146/2768 1195/1321/2770 1220/1346/2768
f 1221/1347/2771 1223/1349/2771 1198/1324/2771
f 1198/1324/2771 1196/1322/2771 1221/1347/2771
f 1222/1348/2772 1224/1350/2773 1199/1325/2772
f 1199/1325/2772 1197/1323/2774 1222/1348/2772
f 1223/1349/2775 1225/1351/2775 1200/1326/2775
f 1200/1326/2775 1198/1324/2775 1223/1349/2775
f 1224/1350/2776 1226/1352/2777 1201/1327/2776
f 1201/1327/2776 1199/1325/2778 1224/1350/2776
f 1225/1351/2779 1227/1353/2779 1202/1328/2779
f 1202/1328/2779 1200/1326/2779 1225/1351/2779
f 1226/1352/2780 1228/1354/2781 1203/1329/2780
f 1203/1329/2780 1201/1327/2782 1226/1352/2780
f 1227/1353/2783 1229/1355/2783 1176/1302/2783
f 1176/1302/2783 1202/1328/2783 1227/1353/2783
f 1228/1354/2784 1230/1356/2785 1178/1304/2784
f 1178/1304/2784 1203/1329/2786 1228/1354/2784
f 1229/1355/2787 1231/1357/2787 1175/1301/2787
f 1175/1301/2787 1176/1302/2787 1229/1355/2787
f 1230/1356/2788 1232/1358/2789 1177/1303/2788
f 1177/1303/2788 1178/1304/2790 1230/1356/2788
f 1231/1357/2791 1205/1331/2791 1179/1305/2791
f 1179/1305/2791 1175/1301/2791 1231/1357/2791
f 1234/1360/2794 1233/1359/2794 1210/1336/2794
f 1210/1336/2794 1208/1334/2794 1234/1360/2794
f 1236/1362/2795 1235/1361/2796 1211/1337/2795
f 1211/1337/2795 1209/1335/2797 1236/1362/2795
f 1233/1359/2798 1237/1363/2799 1212/1338/2798
f 1212/1338/2798 1210/1336/2800 1233/1359/2798
f 1235/1361/2801 1238/1364/2802 1213/1339/2801
f 1213/1339/2801 1211/1337/2803 1235/1361/2801
f 1237/1363/2804 1239/1365/2805 1214/1340/2804
f 1214/1340/2804 1212/1338/2806 1237/1363/2804
f 1265/1391/2866 1240/1366/2808 1215/1341/2807
f 1215/1341/2807 1238/1364/2809 1265/1391/2866
f 79/151/2811 1241/1367/2812 1216/1342/2811
f 1216/1342/2811 77/147/2813 79/151/2811
f 1239/1365/2814 1242/1368/2815 1217/1343/2814
f 1217/1343/2814 1214/1340/2816 1239/1365/2814
f 1240/1366/2817 1243/1369/2817 1218/1344/2817
f 1218/1344/2817 1215/1341/2817 1240/1366/2817
f 1242/1368/2820 1245/1371/2821 1220/1346/2820
f 1220/1346/2820 1217/1343/2822 1242/1368/2820
f 1243/1369/2823 1246/1372/2823 1221/1347/2823
f 1221/1347/2823 1218/1344/2823 1243/1369/2823
f 1222/1348/2824 1244/1370/2826 1247/1373/2825
f 1247/1373/2825 1224/1350/2832 1222/1348/2824
f 1245/1371/2828 80/154/2829 78/150/2828
f 78/150/2828 1220/1346/2830 1245/1371/2828
f 1246/1372/2831 1248/1374/2831 1223/1349/2831
f 1223/1349/2831 1221/1347/2831 1246/1372/2831
f 1248/1374/2834 1250/1376/2834 1225/1351/2834
f 1225/1351/2834 1223/1349/2834 1248/1374/2834
f 1250/1376/2838 1252/1378/2838 1227/1353/2838
f 1227/1353/2838 1225/1351/2838 1250/1376/2838
f 1251/1377/2839 1253/1379/2840 1228/1354/2839
f 1228/1354/2839 1226/1352/2841 1251/1377/2839
f 1252/1378/2842 1254/1380/2842 1229/1355/2842
f 1229/1355/2842 1227/1353/2842 1252/1378/2842
f 1253/1379/2843 1255/1381/2844 1230/1356/2843
f 1230/1356/2843 1228/1354/2845 1253/1379/2843
f 1254/1380/2846 1256/1382/2846 1231/1357/2846
f 1231/1357/2846 1229/1355/2846 1254/1380/2846
f 1232/1358/2847 1255/1381/2849 1257/1383/2848
f 1257/1383/2848 1207/1333/2852 1232/1358/2847
f 1256/1382/2851 1258/1384/2851 1205/1331/2851
f 1205/1331/2851 1231/1357/2851 1256/1382/2851
f 1258/1384/2854 1260/1386/2854 1204/1330/2854
f 1204/1330/2854 1205/1331/2854 1258/1384/2854
f 1259/1385/2855 1261/1387/2856 1206/1332/2855
f 1206/1332/2855 1207/1333/2857 1259/1385/2855
f 1260/1386/2858 1234/1360/2858 1208/1334/2858
f 1208/1334/2858 1204/1330/2858 1260/1386/2858
f 1263/1389/2862 1262/1388/2863 1239/1365/2862
f 1239/1365/2862 1237/1363/2864 1263/1389/2862
f 1262/1388/2870 1267/1393/2871 1242/1368/2870
f 1242/1368/2870 1239/1365/2872 1262/1388/2870
f 1264/1390/2873 1268/1394/2873 1243/1369/2873
f 1243/1369/2873 1240/1366/2873 1264/1390/2873
f 1319/1445/2995 1269/1395/2875 1244/1370/2874
f 1244/1370/2874 1266/1392/2876 1319/1445/2995
f 1267/1393/2878 1270/1396/2879 1245/1371/2878
f 1245/1371/2878 1242/1368/2880 1267/1393/2878
f 1268/1394/2881 1271/1397/2881 1246/1372/2881
f 1246/1372/2881 1243/1369/2881 1268/1394/2881
f 1269/1395/2882 1272/1398/2883 1247/1373/2882
f 1247/1373/2882 1244/1370/2884 1269/1395/2882
f 1270/1396/2885 81/156/2886 80/154/2885
f 80/154/2885 1245/1371/2887 1270/1396/2885
f 1271/1397/2888 1273/1399/2888 1248/1374/2888
f 1248/1374/2888 1246/1372/2888 1271/1397/2888
f 1272/1398/2889 1274/1400/2890 1249/1375/2889
f 1249/1375/2889 1247/1373/2891 1272/1398/2889
f 1273/1399/2892 1275/1401/2892 1250/1376/2892
f 1250/1376/2892 1248/1374/2892 1273/1399/2892
f 1275/1401/2896 1277/1403/2896 1252/1378/2896
f 1252/1378/2896 1250/1376/2896 1275/1401/2896
f 1276/1402/2897 1278/1404/2898 1253/1379/2897
f 1253/1379/2897 1251/1377/2899 1276/1402/2897
f 1277/1403/2900 1279/1405/2900 1254/1380/2900
f 1254/1380/2900 1252/1378/2900 1277/1403/2900
f 1278/1404/2901 1280/1406/2902 1255/1381/2901
f 1255/1381/2901 1253/1379/2903 1278/1404/2901
f 1279/1405/2904 1281/1407/2904 1256/1382/2904
f 1256/1382/2904 1254/1380/2904 1279/1405/2904
f 1280/1406/2905 1282/1408/2906 1257/1383/2905
f 1257/1383/2905 1255/1381/2907 1280/1406/2905
f 1281/1407/2908 1283/1409/2908 1258/1384/2908
f 1258/1384/2908 1256/1382/2908 1281/1407/2908
f 1282/1408/2909 1284/1410/2910 1259/1385/2909
f 1259/1385/2909 1257/1383/2911 1282/1408/2909
f 1283/1409/2912 1285/1411/2912 1260/1386/2912
f 1260/1386/2912 1258/1384/2912 1283/1409/2912
f 1284/1410/2913 1286/1412/2914 1261/1387/2913
f 1261/1387/2913 1259/1385/2915 1284/1410/2913
f 1285/1411/2916 1287/1413/2916 1234/1360/2916
f 1234/1360/2916 1260/1386/2916 1285/1411/2916
f 1287/1413/2920 1289/1415/2920 1233/1359/2920
f 1233/1359/2920 1234/1360/2920 1287/1413/2920
f 1288/1414/2921 1290/1416/2922 1235/1361/2921
f 1235/1361/2921 1236/1362/2923 1288/1414/2921
f 1289/1415/2924 1263/1389/2925 1237/1363/2924
f 1237/1363/2924 1233/1359/2926 1289/1415/2924
f 1292/1418/2930 1291/1417/2931 1270/1396/2930
f 1270/1396/2930 1267/1393/2932 1292/1418/2930
f 1294/1420/2933 1293/1419/2933 1271/1397/2933
f 1271/1397/2933 1268/1394/2933 1294/1420/2933
f 1291/1417/2937 83/160/2938 81/156/2937
f 81/156/2937 1270/1396/2939 1291/1417/2937
f 1293/1419/2940 1297/1423/2940 1273/1399/2940
f 1273/1399/2940 1271/1397/2940 1293/1419/2940
f 1295/1421/2941 1298/1424/2942 1274/1400/2941
f 1274/1400/2941 1272/1398/2943 1295/1421/2941
f 1297/1423/2944 1299/1425/2944 1275/1401/2944
f 1275/1401/2944 1273/1399/2944 1297/1423/2944
f 1298/1424/2945 1300/1426/2946 1276/1402/2945
f 1276/1402/2945 1274/1400/2947 1298/1424/2945
f 1299/1425/2948 1301/1427/2948 1277/1403/2948
f 1277/1403/2948 1275/1401/2948 1299/1425/2948
f 1300/1426/2949 1302/1428/2950 1278/1404/2949
f 1278/1404/2949 1276/1402/2951 1300/1426/2949
f 1301/1427/2952 1303/1429/2952 1279/1405/2952
f 1279/1405/2952 1277/1403/2952 1301/1427/2952
f 1302/1428/2953 1304/1430/2954 1280/1406/2953
f 1280/1406/2953 1278/1404/2955 1302/1428/2953
f 1303/1429/2956 1305/1431/2956 1281/1407/2956
f 1281/1407/2956 1279/1405/2956 1303/1429/2956
f 1304/1430/2957 1306/1432/2958 1282/1408/2957
f 1282/1408/2957 1280/1406/2959 1304/1430/2957
f 1305/1431/2960 1307/1433/2960 1283/1409/2960
f 1283/1409/2960 1281/1407/2960 1305/1431/2960
f 1306/1432/2961 1308/1434/2962 1284/1410/2961
f 1284/1410/2961 1282/1408/2963 1306/1432/2961
f 1307/1433/2964 1309/1435/2964 1285/1411/2964
f 1285/1411/2964 1283/1409/2964 1307/1433/2964
f 1331/1457/3016 1310/1436/2966 1286/1412/2965
f 1286/1412/2965 1308/1434/2967 1331/1457/3016
f 1309/1435/2969 1311/1437/2969 1287/1413/2969
f 1287/1413/2969 1285/1411/2969 1309/1435/2969
f 1311/1437/2973 1313/1439/2973 1289/1415/2973
f 1289/1415/2973 1287/1413/2973 1311/1437/2973
f 1313/1439/2977 1315/1441/2977 1263/1389/2977
f 1263/1389/2977 1289/1415/2977 1313/1439/2977
f 1337/1463/3028 1316/1442/2979 1265/1391/2978
f 1265/1391/2978 1314/1440/2980 1337/1463/3028
f 1315/1441/2982 1317/1443/2983 1262/1388/2982
f 1262/1388/2982 1263/1389/2984 1315/1441/2982
f 1316/1442/2985 1318/1444/2986 1264/1390/2985
f 1264/1390/2985 1265/1391/2987 1316/1442/2985
f 1317/1443/2990 1292/1418/2991 1267/1393/2990
f 1267/1393/2990 1262/1388/2992 1317/1443/2990
f 1318/1444/2993 1294/1420/2993 1268/1394/2993
f 1268/1394/2993 1264/1390/2993 1318/1444/2993
f 1321/1447/2996 1320/1446/2996 1299/1425/2996
f 1299/1425/2996 1297/1423/2996 1321/1447/2996
f 1323/1449/2997 1322/1448/2998 1300/1426/2997
f 1300/1426/2997 1298/1424/2999 1323/1449/2997
f 1320/1446/3000 1324/1450/3000 1301/1427/3000
f 1301/1427/3000 1299/1425/3000 1320/1446/3000
f 1322/1448/3001 1325/1451/3001 1302/1428/3001
f 1302/1428/3001 1300/1426/3001 1322/1448/3001
f 1324/1450/3002 1326/1452/3002 1303/1429/3002
f 1303/1429/3002 1301/1427/3002 1324/1450/3002
f 1304/1430/3003 1325/1451/3005 1327/1453/3004
f 1327/1453/3004 1306/1432/3008 1304/1430/3003
f 1326/1452/3007 1328/1454/3007 1305/1431/3007
f 1305/1431/3007 1303/1429/3007 1326/1452/3007
f 1328/1454/3010 1330/1456/3010 1307/1433/3010
f 1307/1433/3010 1305/1431/3010 1328/1454/3010
f 1330/1456/3014 1332/1458/3014 1309/1435/3014
f 1309/1435/3014 1307/1433/3014 1330/1456/3014
f 1332/1458/3017 1334/1460/3017 1311/1437/3017
f 1311/1437/3017 1309/1435/3017 1332/1458/3017
f 1333/1459/3018 1335/1461/3019 1312/1438/3018
f 1312/1438/3018 1310/1436/3020 1333/1459/3018
f 1334/1460/3021 1336/1462/3021 1313/1439/3021
f 1313/1439/3021 1311/1437/3021 1334/1460/3021
f 1360/1486/3084 1337/1463/3023 1314/1440/3022
f 1314/1440/3022 1335/1461/3024 1360/1486/3084
f 1336/1462/3026 1338/1464/3026 1315/1441/3026
f 1315/1441/3026 1313/1439/3026 1336/1462/3026
f 1338/1464/3029 1340/1466/3030 1317/1443/3029
f 1317/1443/3029 1315/1441/3031 1338/1464/3029
f 1339/1465/3032 1341/1467/3033 1318/1444/3032
f 1318/1444/3032 1316/1442/3034 1339/1465/3032
f 86/165/3035 1342/1468/3036 1319/1445/3035
f 1319/1445/3035 84/161/3037 86/165/3035
f 1340/1466/3038 1343/1469/3039 1292/1418/3038
f 1292/1418/3038 1317/1443/3040 1340/1466/3038
f 1296/1422/3044 1342/1468/3046 1345/1471/3045
f 1345/1471/3045 1295/1421/3052 1296/1422/3044
f 1343/1469/3048 1346/1472/3049 1291/1417/3048
f 1291/1417/3048 1292/1418/3050 1343/1469/3048
f 1344/1470/3051 1347/1473/3051 1293/1419/3051
f 1293/1419/3051 1294/1420/3051 1344/1470/3051
f 1346/1472/3056 85/164/3055 83/160/3054
f 83/160/3054 1291/1417/3057 1346/1472/3056
f 1347/1473/3058 1321/1447/3058 1297/1423/3058
f 1297/1423/3058 1293/1419/3058 1347/1473/3058
f 1348/1474/3059 1323/1449/3060 1298/1424/3059
f 1298/1424/3059 1295/1421/3061 1348/1474/3059
f 1350/1476/3062 1349/1475/3062 1326/1452/3062
f 1326/1452/3062 1324/1450/3062 1350/1476/3062
f 1352/1478/3063 1351/1477/3064 1327/1453/3063
f 1327/1453/3063 1325/1451/3065 1352/1478/3063
f 1349/1475/3066 1353/1479/3066 1328/1454/3066
f 1328/1454/3066 1326/1452/3066 1349/1475/3066
f 1351/1477/3067 1354/1480/3068 1329/1455/3067
f 1329/1455/3067 1327/1453/3069 1351/1477/3067
f 1353/1479/3070 1355/1481/3070 1330/1456/3070
f 1330/1456/3070 1328/1454/3070 1353/1479/3070
f 1354/1480/3071 1356/1482/3072 1331/1457/3071
f 1331/1457/3071 1329/1455/3073 1354/1480/3071
f 1355/1481/3074 1357/1483/3074 1332/1458/3074
f 1332/1458/3074 1330/1456/3074 1355/1481/3074
f 1357/1483/3078 1359/1485/3078 1334/1460/3078
f 1334/1460/3078 1332/1458/3078 1357/1483/3078
f 1358/1484/3079 1360/1486/3080 1335/1461/3079
f 1335/1461/3079 1333/1459/3081 1358/1484/3079
f 1359/1485/3082 1361/1487/3082 1336/1462/3082
f 1336/1462/3082 1334/1460/3082 1359/1485/3082
f 1361/1487/3085 1363/1489/3085 1338/1464/3085
f 1338/1464/3085 1336/1462/3085 1361/1487/3085
f 1362/1488/3086 1364/1490/3087 1339/1465/3086
f 1339/1465/3086 1337/1463/3088 1362/1488/3086
f 1363/1489/3089 1365/1491/3089 1340/1466/3089
f 1340/1466/3089 1338/1464/3090 1363/1489/3089
f 87/167/3094 1367/1493/3095 1342/1468/3094
f 1342/1468/3094 86/165/3096 87/167/3094
f 1365/1491/3097 1368/1494/3098 1343/1469/3097
f 1343/1469/3097 1340/1466/3099 1365/1491/3097
f 1366/1492/3100 1369/1495/3101 1344/1470/3100
f 1344/1470/3100 1341/1467/3102 1366/1492/3100
f 1368/1494/3106 1371/1497/3107 1346/1472/3106
f 1346/1472/3106 1343/1469/3108 1368/1494/3106
f 1369/1495/3109 1372/1498/3109 1347/1473/3109
f 1347/1473/3109 1344/1470/3109 1369/1495/3109
f 1370/1496/3110 1373/1499/3111 1348/1474/3110
f 1348/1474/3110 1345/1471/3112 1370/1496/3110
f 1371/1497/3114 88/170/3113 85/164/3055
f 85/164/3055 1346/1472/3056 1371/1497/3114
f 1372/1498/3115 1374/1500/3115 1321/1447/3115
f 1321/1447/3115 1347/1473/3115 1372/1498/3115
f 1373/1499/3116 1375/1501/3117 1323/1449/3116
f 1323/1449/3116 1348/1474/3118 1373/1499/3116
f 1374/1500/3119 1376/1502/3119 1320/1446/3119
f 1320/1446/3119 1321/1447/3119 1374/1500/3119
f 1376/1502/3123 1350/1476/3123 1324/1450/3123
f 1324/1450/3123 1320/1446/3123 1376/1502/3123
f 1377/1503/3124 1352/1478/3125 1325/1451/3124
f 1325/1451/3124 1322/1448/3126 1377/1503/3124
f 1379/1505/3127 1378/1504/3127 1355/1481/3127
f 1355/1481/3127 1353/1479/3127 1379/1505/3127
f 1356/1482/3128 1381/1507/3130 1380/1506/3129
f 1380/1506/3129 1358/1484/3133 1356/1482/3128
f 1406/1532/3188 1381/1507/3130 1356/1482/3128
f 1356/1482/3128 1354/1480/3131 1406/1532/3188
f 1378/1504/3132 1382/1508/3132 1357/1483/3132
f 1357/1483/3132 1355/1481/3132 1378/1504/3132
f 1382/1508/3135 1384/1510/3135 1359/1485/3135
f 1359/1485/3135 1357/1483/3135 1382/1508/3135
f 1384/1510/3139 1386/1512/3139 1361/1487/3139
f 1361/1487/3139 1359/1485/3139 1384/1510/3139
f 1385/1511/3140 1387/1513/3141 1362/1488/3140
f 1362/1488/3140 1360/1486/3142 1385/1511/3140
f 1386/1512/3143 1388/1514/3143 1363/1489/3143
f 1363/1489/3143 1361/1487/3143 1386/1512/3143
f 1364/1490/3144 1387/1513/3146 1389/1515/3145
f 1389/1515/3145 1366/1492/3149 1364/1490/3144
f 1388/1514/3148 1390/1516/3148 1365/1491/3148
f 1365/1491/3148 1363/1489/3148 1388/1514/3148
f 1414/1540/3204 1391/1517/3150 1366/1492/3149
f 1366/1492/3149 1389/1515/3145 1414/1540/3204
f 89/171/3151 1392/1518/3152 1367/1493/3151
f 1367/1493/3151 87/167/3153 89/171/3151
f 1390/1516/3154 1393/1519/3155 1368/1494/3154
f 1368/1494/3154 1365/1491/3154 1390/1516/3154
f 1393/1519/3162 1396/1522/3163 1371/1497/3162
f 1371/1497/3162 1368/1494/3164 1393/1519/3162
f 1394/1520/3165 1397/1523/3165 1372/1498/3165
f 1372/1498/3165 1369/1495/3165 1394/1520/3165
f 1395/1521/3166 1398/1524/3167 1373/1499/3166
f 1373/1499/3166 1370/1496/3168 1395/1521/3166
f 1396/1522/3170 90/174/3169 88/170/3113
f 88/170/3113 1371/1497/3114 1396/1522/3170
f 1397/1523/3171 1399/1525/3171 1374/1500/3171
f 1374/1500/3171 1372/1498/3171 1397/1523/3171
f 1399/1525/3175 1401/1527/3175 1376/1502/3175
f 1376/1502/3175 1374/1500/3175 1399/1525/3175
f 1400/1526/3176 1402/1528/3177 1377/1503/3176
f 1377/1503/3176 1375/1501/3178 1400/1526/3176
f 1401/1527/3179 1403/1529/3179 1350/1476/3179
f 1350/1476/3179 1376/1502/3179 1401/1527/3179
f 1402/1528/3180 1404/1530/3181 1352/1478/3180
f 1352/1478/3180 1377/1503/3182 1402/1528/3180
f 1403/1529/3183 1405/1531/3183 1349/1475/3183
f 1349/1475/3183 1350/1476/3183 1403/1529/3183
f 1404/1530/3184 1406/1532/3185 1351/1477/3184
f 1351/1477/3184 1352/1478/3186 1404/1530/3184
f 1405/1531/3187 1379/1505/3187 1353/1479/3187
f 1353/1479/3187 1349/1475/3187 1405/1531/3187
f 1408/1534/3190 1407/1533/3190 1384/1510/3190
f 1384/1510/3190 1382/1508/3190 1408/1534/3190
f 1410/1536/3191 1409/1535/3192 1385/1511/3191
f 1385/1511/3191 1383/1509/3193 1410/1536/3191
f 1407/1533/3194 1411/1537/3194 1386/1512/3194
f 1386/1512/3194 1384/1510/3194 1407/1533/3194
f 1411/1537/3198 1413/1539/3198 1388/1514/3198
f 1388/1514/3198 1386/1512/3198 1411/1537/3198
f 1413/1539/3202 1415/1541/3202 1390/1516/3202
f 1390/1516/3202 1388/1514/3202 1413/1539/3202
f 93/179/3262 1417/1543/3206 1392/1518/3205
f 1392/1518/3205 91/175/3207 93/179/3262
f 1415/1541/3209 1418/1544/3210 1393/1519/3209
f 1393/1519/3209 1390/1516/3211 1415/1541/3209
f 1416/1542/3212 1419/1545/3212 1394/1520/3212
f 1394/1520/3212 1391/1517/3212 1416/1542/3212
f 1417/1543/3213 1420/1546/3214 1395/1521/3213
f 1395/1521/3213 1392/1518/3215 1417/1543/3213
f 1418/1544/3216 1421/1547/3217 1396/1522/3216
f 1396/1522/3216 1393/1519/3218 1418/1544/3216
f 1419/1545/3219 1422/1548/3219 1397/1523/3219
f 1397/1523/3219 1394/1520/3219 1419/1545/3219
f 1420/1546/3220 1423/1549/3221 1398/1524/3220
f 1398/1524/3220 1395/1521/3222 1420/1546/3220
f 1421/1547/3224 92/178/3223 90/174/3169
f 90/174/3169 1396/1522/3170 1421/1547/3224
f 1422/1548/3225 1424/1550/3225 1399/1525/3225
f 1399/1525/3225 1397/1523/3225 1422/1548/3225
f 1423/1549/3226 1425/1551/3227 1400/1526/3226
f 1400/1526/3226 1398/1524/3228 1423/1549/3226
f 1424/1550/3229 1426/1552/3229 1401/1527/3229
f 1401/1527/3229 1399/1525/3229 1424/1550/3229
f 1425/1551/3230 1427/1553/3231 1402/1528/3230
f 1402/1528/3230 1400/1526/3232 1425/1551/3230
f 1426/1552/3233 1428/1554/3233 1403/1529/3233
f 1403/1529/3233 1401/1527/3233 1426/1552/3233
f 1427/1553/3234 1429/1555/3235 1404/1530/3234
f 1404/1530/3234 1402/1528/3236 1427/1553/3234
f 1428/1554/3237 1430/1556/3237 1405/1531/3237
f 1405/1531/3237 1403/1529/3237 1428/1554/3237
f 1429/1555/3238 1431/1557/3239 1406/1532/3238
f 1406/1532/3238 1404/1530/3240 1429/1555/3238
f 1430/1556/3241 1432/1558/3241 1379/1505/3241
f 1379/1505/3241 1405/1531/3241 1430/1556/3241
f 1432/1558/3245 1434/1560/3245 1378/1504/3245
f 1378/1504/3245 1379/1505/3245 1432/1558/3245
f 1433/1559/3246 1435/1561/3247 1380/1506/3246
f 1380/1506/3246 1381/1507/3248 1433/1559/3246
f 1434/1560/3249 1408/1534/3249 1382/1508/3249
f 1382/1508/3249 1378/1504/3249 1434/1560/3249
f 1435/1561/3250 1410/1536/3251 1383/1509/3250
f 1383/1509/3250 1380/1506/3252 1435/1561/3250
f 1437/1563/3253 1436/1562/3253 1413/1539/3253
f 1413/1539/3253 1411/1537/3253 1437/1563/3253
f 1439/1565/3254 1438/1564/3255 1414/1540/3254
f 1414/1540/3254 1412/1538/3256 1439/1565/3254
f 1436/1562/3257 1440/1566/3257 1415/1541/3257
f 1415/1541/3257 1413/1539/3257 1436/1562/3257
f 1438/1564/3258 1441/1567/3259 1416/1542/3258
f 1416/1542/3258 1414/1540/3260 1438/1564/3258
f 1440/1566/3263 1443/1569/3264 1418/1544/3263
f 1418/1544/3263 1415/1541/3265 1440/1566/3263
f 1441/1567/3266 1444/1570/3266 1419/1545/3266
f 1419/1545/3266 1416/1542/3266 1441/1567/3266
f 1442/1568/3267 1445/1571/3268 1420/1546/3267
f 1420/1546/3267 1417/1543/3269 1442/1568/3267
f 1443/1569/3270 1446/1572/3270 1421/1547/3270
f 1421/1547/3270 1418/1544/3271 1443/1569/3270
f 1444/1570/3272 1447/1573/3272 1422/1548/3272
f 1422/1548/3272 1419/1545/3272 1444/1570/3272
f 1445/1571/3273 1448/1574/3274 1423/1549/3273
f 1423/1549/3273 1420/1546/3275 1445/1571/3273
f 1446/1572/3277 94/182/3276 92/178/3223
f 92/178/3223 1421/1547/3224 1446/1572/3277
f 1447/1573/3278 1449/1575/3278 1424/1550/3278
f 1424/1550/3278 1422/1548/3278 1447/1573/3278
f 1448/1574/3279 1450/1576/3280 1425/1551/3279
f 1425/1551/3279 1423/1549/3281 1448/1574/3279
f 1449/1575/3282 1451/1577/3282 1426/1552/3282
f 1426/1552/3282 1424/1550/3282 1449/1575/3282
f 1450/1576/3283 1452/1578/3284 1427/1553/3283
f 1427/1553/3283 1425/1551/3285 1450/1576/3283
f 1451/1577/3286 1453/1579/3286 1428/1554/3286
f 1428/1554/3286 1426/1552/3286 1451/1577/3286
f 1477/1603/3344 1454/1580/3288 1429/1555/3287
f 1429/1555/3287 1452/1578/3289 1477/1603/3344
f 1453/1579/3291 1455/1581/3291 1430/1556/3291
f 1430/1556/3291 1428/1554/3291 1453/1579/3291
f 1479/1605/3347 1456/1582/3293 1431/1557/3292
f 1431/1557/3292 1454/1580/3294 1479/1605/3347
f 1455/1581/3296 1457/1583/3296 1432/1558/3296
f 1432/1558/3296 1430/1556/3296 1455/1581/3296
f 1456/1582/3297 1458/1584/3298 1433/1559/3297
f 1433/1559/3297 1431/1557/3299 1456/1582/3297
f 1457/1583/3300 1459/1585/3300 1434/1560/3300
f 1434/1560/3300 1432/1558/3300 1457/1583/3300
f 1458/1584/3301 1460/1586/3302 1435/1561/3301
f 1435/1561/3301 1433/1559/3303 1458/1584/3301
f 1459/1585/3304 1461/1587/3304 1408/1534/3304
f 1408/1534/3304 1434/1560/3304 1459/1585/3304
f 1410/1536/3305 1460/1586/3307 1462/1588/3306
f 1462/1588/3306 1409/1535/3310 1410/1536/3305
f 1461/1587/3309 1463/1589/3309 1407/1533/3309
f 1407/1533/3309 1408/1534/3309 1461/1587/3309
f 1487/1613/3363 1464/1590/3311 1409/1535/3310
f 1409/1535/3310 1462/1588/3306 1487/1613/3363
f 1463/1589/3312 1437/1563/3312 1411/1537/3312
f 1411/1537/3312 1407/1533/3312 1463/1589/3312
f 96/185/3316 1465/1591/3317 1442/1568/3316
f 1442/1568/3316 93/179/3318 96/185/3316
f 1467/1593/3319 1466/1592/3320 1443/1569/3319
f 1443/1569/3319 1440/1566/3321 1467/1593/3319
f 1469/1595/3322 1468/1594/3322 1444/1570/3322
f 1444/1570/3322 1441/1567/3322 1469/1595/3322
f 1466/1592/3326 1471/1597/3326 1446/1572/3326
f 1446/1572/3326 1443/1569/3327 1466/1592/3326
f 1468/1594/3328 1472/1598/3328 1447/1573/3328
f 1447/1573/3328 1444/1570/3328 1468/1594/3328
f 1470/1596/3329 1473/1599/3330 1448/1574/3329
f 1448/1574/3329 1445/1571/3331 1470/1596/3329
f 1471/1597/3333 95/184/3332 94/182/3276
f 94/182/3276 1446/1572/3277 1471/1597/3333
f 1472/1598/3334 1474/1600/3334 1449/1575/3334
f 1449/1575/3334 1447/1573/3334 1472/1598/3334
f 1474/1600/3338 1476/1602/3338 1451/1577/3338
f 1451/1577/3338 1449/1575/3338 1474/1600/3338
f 1475/1601/3339 1477/1603/3340 1452/1578/3339
f 1452/1578/3339 1450/1576/3341 1475/1601/3339
f 1476/1602/3342 1478/1604/3342 1453/1579/3342
f 1453/1579/3342 1451/1577/3342 1476/1602/3342
f 1501/1627/3392 1479/1605/3343 1454/1580/3288
f 1454/1580/3288 1477/1603/3344 1501/1627/3392
f 1478/1604/3345 1480/1606/3345 1455/1581/3345
f 1455/1581/3345 1453/1579/3345 1478/1604/3345
f 1503/1629/3395 1481/1607/3346 1456/1582/3293
f 1456/1582/3293 1479/1605/3347 1503/1629/3395
f 1480/1606/3348 1482/1608/3348 1457/1583/3348
f 1457/1583/3348 1455/1581/3348 1480/1606/3348
f 1505/1631/3398 1483/1609/3350 1458/1584/3349
f 1458/1584/3349 1481/1607/3351 1505/1631/3398
f 1482/1608/3353 1484/1610/3353 1459/1585/3353
f 1459/1585/3353 1457/1583/3353 1482/1608/3353
f 1483/1609/3354 1485/1611/3355 1460/1586/3354
f 1460/1586/3354 1458/1584/3356 1483/1609/3354
f 1484/1610/3357 1486/1612/3357 1461/1587/3357
f 1461/1587/3357 1459/1585/3357 1484/1610/3357
f 1486/1612/3361 1488/1614/3361 1463/1589/3361
f 1463/1589/3361 1461/1587/3361 1486/1612/3361
f 1488/1614/3364 1490/1616/3364 1437/1563/3364
f 1437/1563/3364 1463/1589/3364 1488/1614/3364
f 1489/1615/3365 1491/1617/3366 1439/1565/3365
f 1439/1565/3365 1464/1590/3367 1489/1615/3365
f 1490/1616/3368 1492/1618/3368 1436/1562/3368
f 1436/1562/3368 1437/1563/3368 1490/1616/3368
f 1492/1618/3372 1467/1593/3372 1440/1566/3372
f 1440/1566/3372 1436/1562/3372 1492/1618/3372
f 1493/1619/3373 1469/1595/3374 1441/1567/3373
f 1441/1567/3373 1438/1564/3375 1493/1619/3373
f 1547/1673/3487 1494/1620/3377 1473/1599/3376
f 1473/1599/3376 1495/1621/3378 1547/1673/3487
f 1520/1646/3429 1495/1621/3378 1473/1599/3376
f 1473/1599/3376 1470/1596/3379 1520/1646/3429
f 1496/1622/3381 97/188/3380 95/184/3332
f 95/184/3332 1471/1597/3333 1496/1622/3381
f 1498/1624/3382 1497/1623/3382 1474/1600/3382
f 1474/1600/3382 1472/1598/3382 1498/1624/3382
f 1494/1620/3383 1499/1625/3384 1475/1601/3383
f 1475/1601/3383 1473/1599/3385 1494/1620/3383
f 1497/1623/3386 1500/1626/3386 1476/1602/3386
f 1476/1602/3386 1474/1600/3386 1497/1623/3386
f 1499/1625/3387 1501/1627/3388 1477/1603/3387
f 1477/1603/3387 1475/1601/3389 1499/1625/3387
f 1500/1626/3390 1502/1628/3390 1478/1604/3390
f 1478/1604/3390 1476/1602/3390 1500/1626/3390
f 1502/1628/3393 1504/1630/3393 1480/1606/3393
f 1480/1606/3393 1478/1604/3393 1502/1628/3393
f 1504/1630/3396 1506/1632/3396 1482/1608/3396
f 1482/1608/3396 1480/1606/3396 1504/1630/3396
f 1506/1632/3399 1508/1634/3399 1484/1610/3399
f 1484/1610/3399 1482/1608/3399 1506/1632/3399
f 1508/1634/3403 1510/1636/3403 1486/1612/3403
f 1486/1612/3403 1484/1610/3403 1508/1634/3403
f 1487/1613/3404 1509/1635/3406 1511/1637/3405
f 1511/1637/3405 1489/1615/3409 1487/1613/3404
f 1510/1636/3408 1512/1638/3408 1488/1614/3408
f 1488/1614/3408 1486/1612/3408 1510/1636/3408
f 1512/1638/3411 1514/1640/3411 1490/1616/3411
f 1490/1616/3411 1488/1614/3411 1512/1638/3411
f 1514/1640/3415 1516/1642/3415 1492/1618/3415
f 1492/1618/3415 1490/1616/3415 1514/1640/3415
f 1515/1641/3416 1517/1643/3417 1493/1619/3416
f 1493/1619/3416 1491/1617/3418 1515/1641/3416
f 1516/1642/3419 1518/1644/3419 1467/1593/3419
f 1467/1593/3419 1492/1618/3419 1516/1642/3419
f 1517/1643/3420 1519/1645/3421 1469/1595/3420
f 1469/1595/3420 1493/1619/3422 1517/1643/3420
f 98/189/3423 1520/1646/3424 1465/1591/3423
f 1465/1591/3423 96/185/3425 98/189/3423
f 1518/1644/3426 1521/1647/3426 1466/1592/3426
f 1466/1592/3426 1467/1593/3427 1518/1644/3426
f 1519/1645/3428 1522/1648/3428 1468/1594/3428
f 1468/1594/3428 1469/1595/3428 1519/1645/3428
f 1521/1647/3431 1496/1622/3432 1471/1597/3431
f 1471/1597/3431 1466/1592/3433 1521/1647/3431
f 1522/1648/3434 1498/1624/3434 1472/1598/3434
f 1472/1598/3434 1468/1594/3434 1522/1648/3434
f 1526/1652/3438 1525/1651/3438 1502/1628/3438
f 1502/1628/3438 1500/1626/3438 1526/1652/3438
f 1523/1649/3439 1527/1653/3440 1503/1629/3439
f 1503/1629/3439 1501/1627/3441 1523/1649/3439
f 1525/1651/3442 1528/1654/3442 1504/1630/3442
f 1504/1630/3442 1502/1628/3442 1525/1651/3442
f 1527/1653/3443 1529/1655/3444 1505/1631/3443
f 1505/1631/3443 1503/1629/3445 1527/1653/3443
f 1528/1654/3446 1530/1656/3446 1506/1632/3446
f 1506/1632/3446 1504/1630/3446 1528/1654/3446
f 1529/1655/3447 1531/1657/3448 1507/1633/3447
f 1507/1633/3447 1505/1631/3449 1529/1655/3447
f 1530/1656/3450 1532/1658/3450 1508/1634/3450
f 1508/1634/3450 1506/1632/3450 1530/1656/3450
f 1532/1658/3454 1534/1660/3454 1510/1636/3454
f 1510/1636/3454 1508/1634/3454 1532/1658/3454
f 1533/1659/3455 1535/1661/3456 1511/1637/3455
f 1511/1637/3455 1509/1635/3457 1533/1659/3455
f 1534/1660/3458 1536/1662/3458 1512/1638/3458
f 1512/1638/3458 1510/1636/3458 1534/1660/3458
f 1535/1661/3459 1537/1663/3460 1513/1639/3459
f 1513/1639/3459 1511/1637/3461 1535/1661/3459
f 1536/1662/3462 1538/1664/3462 1514/1640/3462
f 1514/1640/3462 1512/1638/3462 1536/1662/3462
f 1537/1663/3463 1539/1665/3464 1515/1641/3463
f 1515/1641/3463 1513/1639/3465 1537/1663/3463
f 1538/1664/3466 1540/1666/3466 1516/1642/3466
f 1516/1642/3466 1514/1640/3466 1538/1664/3466
f 1539/1665/3467 1541/1667/3468 1517/1643/3467
f 1517/1643/3467 1515/1641/3469 1539/1665/3467
f 1540/1666/3470 1542/1668/3470 1518/1644/3470
f 1518/1644/3470 1516/1642/3470 1540/1666/3470
f 1541/1667/3471 1543/1669/3471 1519/1645/3471
f 1519/1645/3471 1517/1643/3471 1541/1667/3471
f 99/191/3472 1544/1670/3473 1520/1646/3472
f 1520/1646/3472 98/189/3474 99/191/3472
f 1542/1668/3475 1545/1671/3475 1521/1647/3475
f 1521/1647/3475 1518/1644/3475 1542/1668/3475
f 1543/1669/3476 1546/1672/3476 1522/1648/3476
f 1522/1648/3476 1519/1645/3476 1543/1669/3476
f 1545/1671/3480 1548/1674/3481 1496/1622/3480
f 1496/1622/3480 1521/1647/3482 1545/1671/3480
f 1546/1672/3483 1549/1675/3484 1498/1624/3483
f 1498/1624/3483 1522/1648/3485 1546/1672/3483
f 1494/1620/3377 1547/1673/3487 1550/1676/3486
f 1550/1676/3486 1499/1625/3493 1494/1620/3377
f 1548/1674/3489 100/194/3488 97/188/3380
f 97/188/3380 1496/1622/3381 1548/1674/3489
f 1549/1675/3490 1551/1677/3491 1497/1623/3490
f 1497/1623/3490 1498/1624/3492 1549/1675/3490
f 1551/1677/3495 1526/1652/3496 1500/1626/3495
f 1500/1626/3495 1497/1623/3497 1551/1677/3495
f 1553/1680/3498 1552/1679/3499 1529/1678/3498
f 1529/1678/3498 1527/1681/3500 1553/1680/3498
f 1555/1684/3501 1554/1683/3501 1530/1682/3501
f 1530/1682/3501 1528/1685/3501 1555/1684/3501
f 1552/1679/3502 1556/1687/3503 1531/1686/3502
f 1531/1686/3502 1529/1678/3504 1552/1679/3502
f 1554/1683/3505 1557/1689/3505 1532/1688/3505
f 1532/1688/3505 1530/1682/3505 1554/1683/3505
f 1556/1687/3506 1558/1691/3507 1533/1690/3506
f 1533/1690/3506 1531/1686/3508 1556/1687/3506
f 1557/1689/3509 1559/1693/3509 1534/1692/3509
f 1534/1692/3509 1532/1688/3509 1557/1689/3509
f 1559/1693/3513 1561/1697/3513 1536/1696/3513
f 1536/1696/3513 1534/1692/3513 1559/1693/3513
f 1560/1695/3514 1562/1699/3515 1537/1698/3514
f 1537/1698/3514 1535/1694/3516 1560/1695/3514
f 1561/1697/3517 1563/1701/3517 1538/1700/3517
f 1538/1700/3517 1536/1696/3517 1561/1697/3517
f 1562/1699/3518 1564/1703/3519 1539/1702/3518
f 1539/1702/3518 1537/1698/3520 1562/1699/3518
f 1563/1701/3521 1565/1705/3521 1540/1704/3521
f 1540/1704/3521 1538/1700/3521 1563/1701/3521
f 1564/1703/3522 1566/1707/3523 1541/1706/3522
f 1541/1706/3522 1539/1702/3524 1564/1703/3522
f 1565/1705/3525 1567/1709/3525 1542/1708/3525
f 1542/1708/3525 1540/1704/3525 1565/1705/3525
f 1566/1707/3526 1568/1711/3526 1543/1710/3526
f 1543/1710/3526 1541/1706/3526 1566/1707/3526
f 101/195/3527 1569/1713/3528 1544/1712/3527
f 1544/1712/3527 99/1714/3529 101/195/3527
f 1567/1709/3530 1570/1716/3530 1545/1715/3530
f 1545/1715/3530 1542/1708/3530 1567/1709/3530
f 1568/1711/3531 1571/1718/3531 1546/1717/3531
f 1546/1717/3531 1543/1710/3531 1568/1711/3531
f 1569/1713/3532 1572/1720/3533 1547/1719/3532
f 1547/1719/3532 1544/1712/3534 1569/1713/3532
f 1570/1716/3535 1573/1722/3536 1548/1721/3535
f 1548/1721/3535 1545/1715/3537 1570/1716/3535
f 1571/1718/3538 1574/1724/3538 1549/1723/3538
f 1549/1723/3538 1546/1717/3538 1571/1718/3538
f 1572/1720/3539 1575/1726/3540 1550/1725/3539
f 1550/1725/3539 1547/1719/3541 1572/1720/3539
f 1573/1722/3542 102/197/3543 100/198/3542
f 100/198/3542 1548/1721/3544 1573/1722/3542
f 1574/1724/3545 1576/1728/3545 1551/1727/3545
f 1551/1727/3545 1549/1723/3545 1574/1724/3545
f 1576/1728/3549 1578/1732/3549 1526/1731/3549
f 1526/1731/3549 1551/1727/3549 1576/1728/3549
f 1577/1730/3550 1579/1734/3551 1523/1733/3550
f 1523/1733/3550 1524/1729/3552 1577/1730/3550
f 1578/1732/3553 1580/1736/3553 1525/1735/3553
f 1525/1735/3553 1526/1731/3553 1578/1732/3553
f 1604/1760/3613 1553/1680/3555 1527/1681/3554
f 1527/1681/3554 1579/1734/3556 1604/1760/3613
f 1580/1736/3558 1555/1684/3558 1528/1685/3558
f 1528/1685/3558 1525/1735/3558 1580/1736/3558
f 1558/1691/3559 1582/1738/3561 1581/1737/3560
f 1581/1737/3560 1560/1695/3564 1558/1691/3559
f 1584/1740/3563 1583/1739/3563 1559/1693/3563
f 1559/1693/3563 1557/1689/3563 1584/1740/3563
f 1637/1793/3681 1585/1741/3565 1560/1695/3564
f 1560/1695/3564 1581/1737/3560 1637/1793/3681
f 1583/1739/3566 1586/1742/3566 1561/1697/3566
f 1561/1697/3566 1559/1693/3566 1583/1739/3566
f 1585/1741/3567 1587/1743/3568 1562/1699/3567
f 1562/1699/3567 1560/1695/3569 1585/1741/3567
f 1586/1742/3570 1588/1744/3570 1563/1701/3570
f 1563/1701/3570 1561/1697/3570 1586/1742/3570
f 1587/1743/3571 1589/1745/3572 1564/1703/3571
f 1564/1703/3571 1562/1699/3573 1587/1743/3571
f 1588/1744/3574 1590/1746/3574 1565/1705/3574
f 1565/1705/3574 1563/1701/3574 1588/1744/3574
f 1590/1746/3578 1592/1748/3578 1567/1709/3578
f 1567/1709/3578 1565/1705/3578 1590/1746/3578
f 1591/1747/3579 1593/1749/3579 1568/1711/3579
f 1568/1711/3579 1566/1707/3579 1591/1747/3579
f 1592/1748/3583 1595/1751/3583 1570/1716/3583
f 1570/1716/3583 1567/1709/3583 1592/1748/3583
f 1593/1749/3584 1596/1752/3584 1571/1718/3584
f 1571/1718/3584 1568/1711/3584 1593/1749/3584
f 1594/1750/3585 1597/1753/3586 1572/1720/3585
f 1572/1720/3585 1569/1713/3587 1594/1750/3585
f 1595/1751/3588 1598/1754/3589 1573/1722/3588
f 1573/1722/3588 1570/1716/3588 1595/1751/3588
f 1596/1752/3590 1599/1755/3591 1574/1724/3590
f 1574/1724/3590 1571/1718/3592 1596/1752/3590
f 1597/1753/3593 1600/1756/3594 1575/1726/3593
f 1575/1726/3593 1572/1720/3595 1597/1753/3593
f 1598/1754/3596 104/202/3597 102/197/3596
f 102/197/3596 1573/1722/3598 1598/1754/3596
f 1599/1755/3599 1601/1757/3600 1576/1728/3599
f 1576/1728/3599 1574/1724/3601 1599/1755/3599
f 1600/1756/3602 1602/1758/3603 1577/1730/3602
f 1577/1730/3602 1575/1726/3604 1600/1756/3602
f 1601/1757/3605 1603/1759/3606 1578/1732/3605
f 1578/1732/3605 1576/1728/3607 1601/1757/3605
f 1602/1758/3608 1604/1760/3609 1579/1734/3608
f 1579/1734/3608 1577/1730/3610 1602/1758/3608
f 1603/1759/3611 1605/1761/3611 1580/1736/3611
f 1580/1736/3611 1578/1732/3611 1603/1759/3611
f 1553/1680/3555 1604/1760/3613 1606/1762/3612
f 1606/1762/3612 1552/1679/3615 1553/1680/3555
f 1605/1761/3614 1607/1763/3614 1555/1684/3614
f 1555/1684/3614 1580/1736/3614 1605/1761/3614
f 1607/1763/3617 1609/1765/3617 1554/1683/3617
f 1554/1683/3617 1555/1684/3617 1607/1763/3617
f 1608/1764/3618 1582/1738/3619 1556/1687/3618
f 1556/1687/3618 1552/1679/3620 1608/1764/3618
f 1609/1765/3621 1584/1740/3621 1557/1689/3621
f 1557/1689/3621 1554/1683/3621 1609/1765/3621
f 1611/1767/3622 1610/1766/3623 1587/1743/3622
f 1587/1743/3622 1585/1741/3624 1611/1767/3622
f 1613/1769/3625 1612/1768/3625 1588/1744/3625
f 1588/1744/3625 1586/1742/3625 1613/1769/3625
f 1589/1745/3626 1610/1766/3628 1614/1770/3627
f 1614/1770/3627 1591/1747/3631 1589/1745/3626
f 1612/1768/3630 1615/1771/3630 1590/1746/3630
f 1590/1746/3630 1588/1744/3630 1612/1768/3630
f 1615/1771/3633 1617/1773/3633 1592/1748/3633
f 1592/1748/3633 1590/1746/3633 1615/1771/3633
f 1616/1772/3634 1618/1774/3634 1593/1749/3634
f 1593/1749/3634 1591/1747/3634 1616/1772/3634
f 1617/1773/3637 1620/1776/3637 1595/1751/3637
f 1595/1751/3637 1592/1748/3637 1617/1773/3637
f 1618/1774/3638 1621/1777/3638 1596/1752/3638
f 1596/1752/3638 1593/1749/3638 1618/1774/3638
f 1620/1776/3642 1623/1779/3643 1598/1754/3642
f 1598/1754/3642 1595/1751/3644 1620/1776/3642
f 1621/1777/3645 1624/1780/3645 1599/1755/3645
f 1599/1755/3645 1596/1752/3645 1621/1777/3645
f 1658/1814/3717 1625/1781/3647 1600/1756/3646
f 1600/1756/3646 1622/1778/3648 1658/1814/3717
f 1623/1779/3650 106/206/3651 104/202/3650
f 104/202/3650 1598/1754/3652 1623/1779/3650
f 1624/1780/3653 1626/1782/3653 1601/1757/3653
f 1601/1757/3653 1599/1755/3653 1624/1780/3653
f 1625/1781/3654 1627/1783/3655 1602/1758/3654
f 1602/1758/3654 1600/1756/3656 1625/1781/3654
f 1626/1782/3657 1628/1784/3657 1603/1759/3657
f 1603/1759/3657 1601/1757/3657 1626/1782/3657
f 1628/1784/3661 1630/1786/3661 1605/1761/3661
f 1605/1761/3661 1603/1759/3661 1628/1784/3661
f 1629/1785/3662 1631/1787/3663 1606/1762/3662
f 1606/1762/3662 1604/1760/3664 1629/1785/3662
f 1630/1786/3665 1632/1788/3665 1607/1763/3665
f 1607/1763/3665 1605/1761/3665 1630/1786/3665
f 1667/1823/3736 1633/1789/3667 1608/1764/3666
f 1608/1764/3666 1631/1787/3668 1667/1823/3736
f 1632/1788/3670 1634/1790/3670 1609/1765/3670
f 1609/1765/3670 1607/1763/3670 1632/1788/3670
f 1642/1798/3685 1635/1791/3672 1582/1738/3671
f 1582/1738/3671 1633/1789/3673 1642/1798/3685
f 1634/1790/3675 1636/1792/3675 1584/1740/3675
f 1584/1740/3675 1609/1765/3675 1634/1790/3675
f 1635/1791/3676 1637/1793/3677 1581/1737/3676
f 1581/1737/3676 1582/1738/3678 1635/1791/3676
f 1636/1792/3679 1638/1794/3679 1583/1739/3679
f 1583/1739/3679 1584/1740/3679 1636/1792/3679
f 1638/1794/3682 1613/1769/3682 1586/1742/3682
f 1586/1742/3682 1583/1739/3682 1638/1794/3682
f 1640/1796/3683 1639/1795/3683 1634/1790/3683
f 1634/1790/3683 1632/1788/3683 1640/1796/3683
f 1639/1795/3686 1643/1799/3686 1636/1792/3686
f 1636/1792/3686 1634/1790/3686 1639/1795/3686
f 1641/1797/3687 1644/1800/3688 1637/1793/3687
f 1637/1793/3687 1635/1791/3689 1641/1797/3687
f 1643/1799/3690 1645/1801/3690 1638/1794/3690
f 1638/1794/3690 1636/1792/3690 1643/1799/3690
f 1645/1801/3694 1647/1803/3694 1613/1769/3694
f 1613/1769/3694 1638/1794/3694 1645/1801/3694
f 1646/1802/3695 1648/1804/3696 1610/1766/3695
f 1610/1766/3695 1611/1767/3697 1646/1802/3695
f 1647/1803/3698 1649/1805/3698 1612/1768/3698
f 1612/1768/3698 1613/1769/3698 1647/1803/3698
f 1648/1804/3699 1650/1806/3700 1614/1770/3699
f 1614/1770/3699 1610/1766/3701 1648/1804/3699
f 1649/1805/3702 1651/1807/3702 1615/1771/3702
f 1615/1771/3702 1612/1768/3702 1649/1805/3702
f 1650/1806/3703 1652/1808/3703 1616/1772/3703
f 1616/1772/3703 1614/1770/3703 1650/1806/3703
f 1651/1807/3704 1653/1809/3704 1617/1773/3704
f 1617/1773/3704 1615/1771/3704 1651/1807/3704
f 1652/1808/3705 1654/1810/3705 1618/1774/3705
f 1618/1774/3705 1616/1772/3705 1652/1808/3705
f 1653/1809/3707 1656/1812/3707 1620/1776/3707
f 1620/1776/3707 1617/1773/3707 1653/1809/3707
f 1654/1810/3708 1657/1813/3708 1621/1777/3708
f 1621/1777/3708 1618/1774/3708 1654/1810/3708
f 1655/1811/3709 1658/1814/3710 1622/1778/3709
f 1622/1778/3709 1619/1775/3711 1655/1811/3709
f 1656/1812/3712 1659/1815/3713 1623/1779/3712
f 1623/1779/3712 1620/1776/3714 1656/1812/3712
f 1657/1813/3715 1660/1816/3715 1624/1780/3715
f 1624/1780/3715 1621/1777/3715 1657/1813/3715
f 1659/1815/3718 108/210/3719 106/206/3718
f 106/206/3718 1623/1779/3720 1659/1815/3718
f 1660/1816/3721 1662/1818/3721 1626/1782/3721
f 1626/1782/3721 1624/1780/3721 1660/1816/3721
f 1686/1842/3773 1663/1819/3723 1627/1783/3722
f 1627/1783/3722 1661/1817/3724 1686/1842/3773
f 1662/1818/3726 1664/1820/3726 1628/1784/3726
f 1628/1784/3726 1626/1782/3726 1662/1818/3726
f 1663/1819/3727 1665/1821/3728 1629/1785/3727
f 1629/1785/3727 1627/1783/3729 1663/1819/3727
f 1664/1820/3730 1666/1822/3730 1630/1786/3730
f 1630/1786/3730 1628/1784/3730 1664/1820/3730
f 1665/1821/3731 1667/1823/3732 1631/1787/3731
f 1631/1787/3731 1629/1785/3733 1665/1821/3731
f 1666/1822/3734 1640/1796/3734 1632/1788/3734
f 1632/1788/3734 1630/1786/3734 1666/1822/3734
f 1692/1848/3784 1642/1798/3735 1633/1789/3667
f 1633/1789/3667 1667/1823/3736 1692/1848/3784
f 1669/1825/3737 1668/1824/3737 1645/1801/3737
f 1645/1801/3737 1643/1799/3737 1669/1825/3737
f 1671/1827/3738 1670/1826/3739 1646/1802/3738
f 1646/1802/3738 1644/1800/3740 1671/1827/3738
f 1668/1824/3741 1672/1828/3741 1647/1803/3741
f 1647/1803/3741 1645/1801/3741 1668/1824/3741
f 1670/1826/3742 1673/1829/3743 1648/1804/3742
f 1648/1804/3742 1646/1802/3744 1670/1826/3742
f 1672/1828/3745 1674/1830/3745 1649/1805/3745
f 1649/1805/3745 1647/1803/3745 1672/1828/3745
f 1673/1829/3746 1675/1831/3747 1650/1806/3746
f 1650/1806/3746 1648/1804/3748 1673/1829/3746
f 1674/1830/3749 1676/1832/3749 1651/1807/3749
f 1651/1807/3749 1649/1805/3749 1674/1830/3749
f 1675/1831/3750 1677/1833/3750 1652/1808/3750
f 1652/1808/3750 1650/1806/3750 1675/1831/3750
f 1676/1832/3751 1678/1834/3751 1653/1809/3751
f 1653/1809/3751 1651/1807/3751 1676/1832/3751
f 1677/1833/3752 1679/1835/3752 1654/1810/3752
f 1654/1810/3752 1652/1808/3752 1677/1833/3752
f 109/211/3753 1680/1836/3754 1655/1811/3753
f 1655/1811/3753 107/207/3755 109/211/3753
f 1678/1834/3756 1681/1837/3756 1656/1812/3756
f 1656/1812/3756 1653/1809/3756 1678/1834/3756
f 1679/1835/3757 1682/1838/3757 1657/1813/3757
f 1657/1813/3757 1654/1810/3757 1679/1835/3757
f 1681/1837/3761 1684/1840/3762 1659/1815/3761
f 1659/1815/3761 1656/1812/3763 1681/1837/3761
f 1682/1838/3764 1685/1841/3764 1660/1816/3764
f 1660/1816/3764 1657/1813/3764 1682/1838/3764
f 1683/1839/3765 1686/1842/3766 1661/1817/3765
f 1661/1817/3765 1658/1814/3767 1683/1839/3765
f 1684/1840/3768 110/214/3769 108/210/3768
f 108/210/3768 1659/1815/3770 1684/1840/3768
f 1685/1841/3771 1687/1843/3771 1662/1818/3771
f 1662/1818/3771 1660/1816/3771 1685/1841/3771
f 1687/1843/3774 1689/1845/3774 1664/1820/3774
f 1664/1820/3774 1662/1818/3774 1687/1843/3774
f 1688/1844/3775 1690/1846/3776 1665/1821/3775
f 1665/1821/3775 1663/1819/3777 1688/1844/3775
f 1689/1845/3778 1691/1847/3778 1666/1822/3778
f 1666/1822/3778 1664/1820/3778 1689/1845/3778
f 1690/1846/3779 1692/1848/3780 1667/1823/3779
f 1667/1823/3779 1665/1821/3781 1690/1846/3779
f 1691/1847/3782 1693/1849/3782 1640/1796/3782
f 1640/1796/3782 1666/1822/3782 1691/1847/3782
f 1693/1849/3785 1695/1851/3785 1639/1795/3785
f 1639/1795/3785 1640/1796/3785 1693/1849/3785
f 1694/1850/3786 1696/1852/3787 1641/1797/3786
f 1641/1797/3786 1642/1798/3788 1694/1850/3786
f 1695/1851/3789 1669/1825/3789 1643/1799/3789
f 1643/1799/3789 1639/1795/3789 1695/1851/3789
f 1698/1854/3793 1697/1853/3793 1674/1830/3793
f 1674/1830/3793 1672/1828/3793 1698/1854/3793
f 1725/1881/3852 1700/1856/3796 1675/1831/3794
f 1675/1831/3794 1673/1829/3797 1725/1881/3852
f 1697/1853/3798 1701/1857/3798 1676/1832/3798
f 1676/1832/3798 1674/1830/3798 1697/1853/3798
f 1699/1855/3799 1702/1858/3800 1677/1833/3799
f 1677/1833/3799 1675/1831/3801 1699/1855/3799
f 1701/1857/3802 1703/1859/3802 1678/1834/3802
f 1678/1834/3802 1676/1832/3802 1701/1857/3802
f 1702/1858/3803 1704/1860/3803 1679/1835/3803
f 1679/1835/3803 1677/1833/3803 1702/1858/3803
f 111/215/3806 1705/1861/3805 1680/1836/3804
f 1680/1836/3804 109/211/3807 111/215/3806
f 1703/1859/3808 1706/1862/3808 1681/1837/3808
f 1681/1837/3808 1678/1834/3808 1703/1859/3808
f 1704/1860/3809 1707/1863/3809 1682/1838/3809
f 1682/1838/3809 1679/1835/3809 1704/1860/3809
f 1705/1861/3810 1708/1864/3811 1683/1839/3810
f 1683/1839/3810 1680/1836/3812 1705/1861/3810
f 1706/1862/3813 1709/1865/3814 1684/1840/3813
f 1684/1840/3813 1681/1837/3815 1706/1862/3813
f 1707/1863/3816 1710/1866/3816 1685/1841/3816
f 1685/1841/3816 1682/1838/3816 1707/1863/3816
f 1708/1864/3817 1711/1867/3818 1686/1842/3817
f 1686/1842/3817 1683/1839/3819 1708/1864/3817
f 1709/1865/3820 112/218/3821 110/214/3820
f 110/214/3820 1684/1840/3822 1709/1865/3820
f 1710/1866/3823 1712/1868/3823 1687/1843/3823
f 1687/1843/3823 1685/1841/3823 1710/1866/3823
f 1711/1867/3824 1713/1869/3825 1688/1844/3824
f 1688/1844/3824 1686/1842/3826 1711/1867/3824
f 1712/1868/3827 1714/1870/3827 1689/1845/3827
f 1689/1845/3827 1687/1843/3827 1712/1868/3827
f 1713/1869/3828 1715/1871/3829 1690/1846/3828
f 1690/1846/3828 1688/1844/3830 1713/1869/3828
f 1714/1870/3831 1716/1872/3831 1691/1847/3831
f 1691/1847/3831 1689/1845/3831 1714/1870/3831
f 1715/1871/3832 1717/1873/3833 1692/1848/3832
f 1692/1848/3832 1690/1846/3834 1715/1871/3832
f 1716/1872/3835 1718/1874/3835 1693/1849/3835
f 1693/1849/3835 1691/1847/3835 1716/1872/3835
f 1718/1874/3839 1720/1876/3839 1695/1851/3839
f 1695/1851/3839 1693/1849/3839 1718/1874/3839
f 1719/1875/3840 1721/1877/3841 1696/1852/3840
f 1696/1852/3840 1694/1850/3842 1719/1875/3840
f 1720/1876/3843 1722/1878/3843 1669/1825/3843
f 1669/1825/3843 1695/1851/3843 1720/1876/3843
f 1722/1878/3847 1724/1880/3847 1668/1824/3847
f 1668/1824/3847 1669/1825/3847 1722/1878/3847
f 1723/1879/3848 1725/1881/3849 1670/1826/3848
f 1670/1826/3848 1671/1827/3850 1723/1879/3848
f 1724/1880/3851 1698/1854/3851 1672/1828/3851
f 1672/1828/3851 1668/1824/3851 1724/1880/3851
f 1727/1883/3854 1726/1882/3854 1703/1859/3854
f 1703/1859/3854 1701/1857/3854 1727/1883/3854
f 1729/1885/3855 1728/1884/3855 1704/1860/3855
f 1704/1860/3855 1702/1858/3855 1729/1885/3855
f 113/219/3857 1730/1886/3856 1705/1861/3805
f 1705/1861/3805 111/215/3806 113/219/3857
f 1726/1882/3858 1731/1887/3858 1706/1862/3858
f 1706/1862/3858 1703/1859/3858 1726/1882/3858
f 1728/1884/3859 1732/1888/3859 1707/1863/3859
f 1707/1863/3859 1704/1860/3859 1728/1884/3859
f 1730/1886/3860 1733/1889/3861 1708/1864/3860
f 1708/1864/3860 1705/1861/3862 1730/1886/3860
f 1731/1887/3865 1734/1890/3864 1709/1865/3863
f 1709/1865/3863 1706/1862/3866 1731/1887/3865
f 1732/1888/3867 1735/1891/3867 1710/1866/3867
f 1710/1866/3867 1707/1863/3867 1732/1888/3867
f 1733/1889/3868 1736/1892/3869 1711/1867/3868
f 1711/1867/3868 1708/1864/3870 1733/1889/3868
f 1734/1890/3871 114/222/3872 112/218/3871
f 112/218/3871 1709/1865/3873 1734/1890/3871
f 1735/1891/3874 1737/1893/3874 1712/1868/3874
f 1712/1868/3874 1710/1866/3874 1735/1891/3874
f 1736/1892/3875 1738/1894/3876 1713/1869/3875
f 1713/1869/3875 1711/1867/3877 1736/1892/3875
f 1737/1893/3878 1739/1895/3878 1714/1870/3878
f 1714/1870/3878 1712/1868/3878 1737/1893/3878
f 1738/1894/3879 1740/1896/3880 1715/1871/3879
f 1715/1871/3879 1713/1869/3881 1738/1894/3879
f 1739/1895/3882 1741/1897/3882 1716/1872/3882
f 1716/1872/3882 1714/1870/3882 1739/1895/3882
f 1740/1896/3883 1742/1898/3884 1717/1873/3883
f 1717/1873/3883 1715/1871/3885 1740/1896/3883
f 1741/1897/3886 1743/1899/3886 1718/1874/3886
f 1718/1874/3886 1716/1872/3886 1741/1897/3886
f 1743/1899/3890 1745/1901/3890 1720/1876/3890
f 1720/1876/3890 1718/1874/3890 1743/1899/3890
f 1745/1901/3894 1747/1903/3894 1722/1878/3894
f 1722/1878/3894 1720/1876/3894 1745/1901/3894
f 1746/1902/3895 1748/1904/3896 1723/1879/3895
f 1723/1879/3895 1721/1877/3897 1746/1902/3895
f 1747/1903/3898 1749/1905/3898 1724/1880/3898
f 1724/1880/3898 1722/1878/3898 1747/1903/3898
f 1748/1904/3899 1750/1906/3900 1725/1881/3899
f 1725/1881/3899 1723/1879/3901 1748/1904/3899
f 1749/1905/3902 1751/1907/3902 1698/1854/3902
f 1698/1854/3902 1724/1880/3902 1749/1905/3902
f 1750/1906/3903 1752/1908/3904 1700/1856/3903
f 1700/1856/3903 1725/1881/3905 1750/1906/3903
f 1751/1907/3906 1753/1909/3906 1697/1853/3906
f 1697/1853/3906 1698/1854/3906 1751/1907/3906
f 1752/1908/3907 1754/1910/3908 1699/1855/3907
f 1699/1855/3907 1700/1856/3909 1752/1908/3907
f 1753/1909/3910 1727/1883/3910 1701/1857/3910
f 1701/1857/3910 1697/1853/3910 1753/1909/3910
f 1754/1910/3911 1729/1885/3912 1702/1858/3911
f 1702/1858/3911 1699/1855/3913 1754/1910/3911
f 1758/1914/3918 1757/1913/3917 1734/1890/3864
f 1734/1890/3864 1731/1887/3865 1758/1914/3918
f 1760/1916/3919 1759/1915/3919 1735/1891/3919
f 1735/1891/3919 1732/1888/3919 1760/1916/3919
f 1755/1911/3920 1761/1917/3921 1736/1892/3920
f 1736/1892/3920 1733/1889/3922 1755/1911/3920
f 1757/1913/3923 115/224/3924 114/222/3923
f 114/222/3923 1734/1890/3925 1757/1913/3923
f 1759/1915/3926 1762/1918/3926 1737/1893/3926
f 1737/1893/3926 1735/1891/3926 1759/1915/3926
f 1761/1917/3927 1763/1919/3928 1738/1894/3927
f 1738/1894/3927 1736/1892/3929 1761/1917/3927
f 1762/1918/3930 1764/1920/3930 1739/1895/3930
f 1739/1895/3930 1737/1893/3930 1762/1918/3930
f 1764/1920/3934 1766/1922/3934 1741/1897/3934
f 1741/1897/3934 1739/1895/3934 1764/1920/3934
f 1766/1922/3938 1768/1924/3938 1743/1899/3938
f 1743/1899/3938 1741/1897/3938 1766/1922/3938
f 1767/1923/3939 1769/1925/3940 1744/1900/3939
f 1744/1900/3939 1742/1898/3941 1767/1923/3939
f 1768/1924/3942 1770/1926/3942 1745/1901/3942
f 1745/1901/3942 1743/1899/3942 1768/1924/3942
f 1769/1925/3943 1771/1927/3944 1746/1902/3943
f 1746/1902/3943 1744/1900/3945 1769/1925/3943
f 1770/1926/3946 1772/1928/3946 1747/1903/3946
f 1747/1903/3946 1745/1901/3946 1770/1926/3946
f 1771/1927/3947 1773/1929/3948 1748/1904/3947
f 1748/1904/3947 1746/1902/3949 1771/1927/3947
f 1772/1928/3950 1774/1930/3950 1749/1905/3950
f 1749/1905/3950 1747/1903/3950 1772/1928/3950
f 1773/1929/3951 1775/1931/3952 1750/1906/3951
f 1750/1906/3951 1748/1904/3953 1773/1929/3951
f 1774/1930/3954 1776/1932/3954 1751/1907/3954
f 1751/1907/3954 1749/1905/3954 1774/1930/3954
f 1775/1931/3955 1777/1933/3956 1752/1908/3955
f 1752/1908/3955 1750/1906/3957 1775/1931/3955
f 1776/1932/3958 1778/1934/3958 1753/1909/3958
f 1753/1909/3958 1751/1907/3958 1776/1932/3958
f 1778/1934/3962 1780/1936/3962 1727/1883/3962
f 1727/1883/3962 1753/1909/3962 1778/1934/3962
f 1779/1935/3963 1781/1937/3964 1729/1885/3963
f 1729/1885/3963 1754/1910/3965 1779/1935/3963
f 1780/1936/3966 1782/1938/3966 1726/1882/3966
f 1726/1882/3966 1727/1883/3966 1780/1936/3966
f 1781/1937/3967 1783/1939/3967 1728/1884/3967
f 1728/1884/3967 1729/1885/3967 1781/1937/3967
f 116/225/3968 1756/1912/3969 1730/1886/3968
f 1730/1886/3968 113/219/3970 116/225/3968
f 1782/1938/3971 1758/1914/3971 1731/1887/3971
f 1731/1887/3971 1726/1882/3971 1782/1938/3971
f 1783/1939/3972 1760/1916/3972 1732/1888/3972
f 1732/1888/3972 1728/1884/3972 1783/1939/3972
f 1785/1941/3973 1784/1940/3974 1763/1919/3973
f 1763/1919/3973 1761/1917/3975 1785/1941/3973
f 1787/1943/3976 1786/1942/3976 1764/1920/3976
f 1764/1920/3976 1762/1918/3976 1787/1943/3976
f 1784/1940/3977 1788/1944/3978 1765/1921/3977
f 1765/1921/3977 1763/1919/3979 1784/1940/3977
f 1786/1942/3980 1789/1945/3980 1766/1922/3980
f 1766/1922/3980 1764/1920/3980 1786/1942/3980
f 1788/1944/3981 1790/1946/3982 1767/1923/3981
f 1767/1923/3981 1765/1921/3983 1788/1944/3981
f 1789/1945/3984 1791/1947/3984 1768/1924/3984
f 1768/1924/3984 1766/1922/3984 1789/1945/3984
f 1813/1969/4036 1792/1948/3986 1769/1925/3985
f 1769/1925/3985 1790/1946/3987 1813/1969/4036
f 1791/1947/3989 1793/1949/3989 1770/1926/3989
f 1770/1926/3989 1768/1924/3989 1791/1947/3989
f 1793/1949/3993 1795/1951/3993 1772/1928/3993
f 1772/1928/3993 1770/1926/3993 1793/1949/3993
f 1794/1950/3994 1796/1952/3995 1773/1929/3994
f 1773/1929/3994 1771/1927/3996 1794/1950/3994
f 1795/1951/3997 1797/1953/3997 1774/1930/3997
f 1774/1930/3997 1772/1928/3997 1795/1951/3997
f 1775/1931/3998 1796/1952/4000 1798/1954/3999
f 1798/1954/3999 1777/1933/4003 1775/1931/3998
f 1797/1953/4002 1799/1955/4002 1776/1932/4002
f 1776/1932/4002 1774/1930/4002 1797/1953/4002
f 1799/1955/4005 1801/1957/4005 1778/1934/4005
f 1778/1934/4005 1776/1932/4005 1799/1955/4005
f 1800/1956/4006 1802/1958/4007 1779/1935/4006
f 1779/1935/4006 1777/1933/4008 1800/1956/4006
f 1801/1957/4009 1803/1959/4009 1780/1936/4009
f 1780/1936/4009 1778/1934/4009 1801/1957/4009
f 1802/1958/4010 1804/1960/4010 1781/1937/4010
f 1781/1937/4010 1779/1935/4010 1802/1958/4010
f 1803/1959/4011 1805/1961/4011 1782/1938/4011
f 1782/1938/4011 1780/1936/4011 1803/1959/4011
f 1804/1960/4012 1806/1962/4012 1783/1939/4012
f 1783/1939/4012 1781/1937/4012 1804/1960/4012
f 118/229/4013 1807/1963/4014 1756/1912/4013
f 1756/1912/4013 116/225/4015 118/229/4013
f 1805/1961/4016 1808/1964/4016 1758/1914/4016
f 1758/1914/4016 1782/1938/4016 1805/1961/4016
f 1806/1962/4017 1809/1965/4017 1760/1916/4017
f 1760/1916/4017 1783/1939/4017 1806/1962/4017
f 1755/1911/4018 1807/1963/4020 1810/1966/4019
f 1810/1966/4019 1761/1917/4025 1755/1911/4018
f 1808/1964/4023 1811/1967/4022 1757/1913/3917
f 1757/1913/3917 1758/1914/3918 1808/1964/4023
f 1809/1965/4024 1812/1968/4024 1759/1915/4024
f 1759/1915/4024 1760/1916/4024 1809/1965/4024
f 1811/1967/4027 117/228/4028 115/224/4027
f 115/224/4027 1757/1913/4029 1811/1967/4027
f 1812/1968/4030 1787/1943/4030 1762/1918/4030
f 1762/1918/4030 1759/1915/4030 1812/1968/4030
f 1814/1970/4031 1813/1969/4032 1790/1946/4031
f 1790/1946/4031 1788/1944/4033 1814/1970/4031
f 1816/1972/4034 1815/1971/4034 1791/1947/4034
f 1791/1947/4034 1789/1945/4034 1816/1972/4034
f 1815/1971/4037 1818/1974/4037 1793/1949/4037
f 1793/1949/4037 1791/1947/4037 1815/1971/4037
f 1817/1973/4038 1819/1975/4039 1794/1950/4038
f 1794/1950/4038 1792/1948/4040 1817/1973/4038
f 1818/1974/4041 1820/1976/4041 1795/1951/4041
f 1795/1951/4041 1793/1949/4041 1818/1974/4041
f 1820/1976/4045 1822/1978/4045 1797/1953/4045
f 1797/1953/4045 1795/1951/4045 1820/1976/4045
f 1822/1978/4049 1824/1980/4049 1799/1955/4049
f 1799/1955/4049 1797/1953/4049 1822/1978/4049
f 1823/1979/4050 1825/1981/4051 1800/1956/4050
f 1800/1956/4050 1798/1954/4052 1823/1979/4050
f 1824/1980/4053 1826/1982/4053 1801/1957/4053
f 1801/1957/4053 1799/1955/4053 1824/1980/4053
f 1826/1982/4057 1828/1984/4057 1803/1959/4057
f 1803/1959/4057 1801/1957/4057 1826/1982/4057
f 1827/1983/4058 1829/1985/4059 1804/1960/4058
f 1804/1960/4058 1802/1958/4060 1827/1983/4058
f 1828/1984/4061 1830/1986/4061 1805/1961/4061
f 1805/1961/4061 1803/1959/4061 1828/1984/4061
f 1829/1985/4062 1831/1987/4063 1806/1962/4062
f 1806/1962/4062 1804/1960/4064 1829/1985/4062
f 119/231/4065 1832/1988/4066 1807/1963/4065
f 1807/1963/4065 118/229/4067 119/231/4065
f 1830/1986/4068 1833/1989/4068 1808/1964/4068
f 1808/1964/4068 1805/1961/4068 1830/1986/4068
f 1831/1987/4069 1834/1990/4070 1809/1965/4069
f 1809/1965/4069 1806/1962/4071 1831/1987/4069
f 1833/1989/4076 1836/1992/4075 1811/1967/4022
f 1811/1967/4022 1808/1964/4023 1833/1989/4076
f 1834/1990/4077 1837/1993/4077 1812/1968/4077
f 1812/1968/4077 1809/1965/4077 1834/1990/4077
f 1835/1991/4078 1838/1994/4079 1785/1941/4078
f 1785/1941/4078 1810/1966/4080 1835/1991/4078
f 1836/1992/4081 120/234/4082 117/228/4081
f 117/228/4081 1811/1967/4083 1836/1992/4081
f 1837/1993/4084 1839/1995/4084 1787/1943/4084
f 1787/1943/4084 1812/1968/4084 1837/1993/4084
f 1839/1995/4088 1841/1997/4088 1786/1942/4088
f 1786/1942/4088 1787/1943/4088 1839/1995/4088
f 1840/1996/4089 1814/1970/4090 1788/1944/4089
f 1788/1944/4089 1784/1940/4091 1840/1996/4089
f 1841/1997/4092 1816/1972/4092 1789/1945/4092
f 1789/1945/4092 1786/1942/4092 1841/1997/4092
f 1845/2001/4096 1844/2000/4096 1820/1976/4096
f 1820/1976/4096 1818/1974/4096 1845/2001/4096
f 1842/1998/4097 1846/2002/4098 1821/1977/4097
f 1821/1977/4097 1819/1975/4099 1842/1998/4097
f 1844/2000/4100 1847/2003/4100 1822/1978/4100
f 1822/1978/4100 1820/1976/4100 1844/2000/4100
f 1846/2002/4101 1848/2004/4102 1823/1979/4101
f 1823/1979/4101 1821/1977/4103 1846/2002/4101
f 1847/2003/4104 1849/2005/4104 1824/1980/4104
f 1824/1980/4104 1822/1978/4104 1847/2003/4104
f 1849/2005/4108 1851/2007/4108 1826/1982/4108
f 1826/1982/4108 1824/1980/4108 1849/2005/4108
f 1850/2006/4109 1852/2008/4110 1827/1983/4109
f 1827/1983/4109 1825/1981/4111 1850/2006/4109
f 1851/2007/4112 1853/2009/4112 1828/1984/4112
f 1828/1984/4112 1826/1982/4112 1851/2007/4112
f 1852/2008/4113 1854/2010/4114 1829/1985/4113
f 1829/1985/4113 1827/1983/4115 1852/2008/4113
f 1853/2009/4116 1855/2011/4116 1830/1986/4116
f 1830/1986/4116 1828/1984/4116 1853/2009/4116
f 1854/2010/4117 1856/2012/4118 1831/1987/4117
f 1831/1987/4117 1829/1985/4119 1854/2010/4117
f 1855/2011/4123 1858/2014/4123 1833/1989/4123
f 1833/1989/4123 1830/1986/4123 1855/2011/4123
f 1856/2012/4124 1859/2015/4125 1834/1990/4124
f 1834/1990/4124 1831/1987/4126 1856/2012/4124
f 1857/2013/4127 1860/2016/4128 1835/1991/4127
f 1835/1991/4127 1832/1988/4129 1857/2013/4127
f 1858/2014/4131 1861/2017/4130 1836/1992/4075
f 1836/1992/4075 1833/1989/4076 1858/2014/4131
f 1860/2016/4135 1863/2019/4136 1838/1994/4135
f 1838/1994/4135 1835/1991/4137 1860/2016/4135
f 1861/2017/4138 122/238/4139 120/234/4138
f 120/234/4138 1836/1992/4140 1861/2017/4138
f 1862/2018/4141 1864/2020/4141 1839/1995/4141
f 1839/1995/4141 1837/1993/4141 1862/2018/4141
f 1864/2020/4145 1866/2022/4145 1841/1997/4145
f 1841/1997/4145 1839/1995/4145 1864/2020/4145
f 1865/2021/4146 1867/2023/4147 1814/1970/4146
f 1814/1970/4146 1840/1996/4148 1865/2021/4146
f 1866/2022/4149 1868/2024/4149 1816/1972/4149
f 1816/1972/4149 1841/1997/4149 1866/2022/4149
f 1868/2024/4153 1870/2026/4153 1815/1971/4153
f 1815/1971/4153 1816/1972/4153 1868/2024/4153
f 1869/2025/4154 1843/1999/4155 1817/1973/4154
f 1817/1973/4154 1813/1969/4156 1869/2025/4154
f 1870/2026/4157 1845/2001/4157 1818/1974/4157
f 1818/1974/4157 1815/1971/4157 1870/2026/4157
f 1872/2028/4158 1871/2027/4159 1848/2004/4158
f 1848/2004/4158 1846/2002/4160 1872/2028/4158
f 1874/2030/4161 1873/2029/4161 1849/2005/4161
f 1849/2005/4161 1847/2003/4161 1874/2030/4161
f 1871/2027/4162 1875/2031/4163 1850/2006/4162
f 1850/2006/4162 1848/2004/4164 1871/2027/4162
f 1873/2029/4165 1876/2032/4165 1851/2007/4165
f 1851/2007/4165 1849/2005/4165 1873/2029/4165
f 1852/2008/4166 1875/2031/4168 1877/2033/4167
f 1877/2033/4167 1854/2010/4171 1852/2008/4166
f 1876/2032/4170 1878/2034/4170 1853/2009/4170
f 1853/2009/4170 1851/2007/4170 1876/2032/4170
f 1878/2034/4173 1880/2036/4173 1855/2011/4173
f 1855/2011/4173 1853/2009/4173 1878/2034/4173
f 1856/2012/4174 1879/2035/4176 1881/2037/4175
f 1881/2037/4175 1859/2015/4183 1856/2012/4174
f 1880/2036/4180 1883/2039/4181 1858/2014/4180
f 1858/2014/4180 1855/2011/4182 1880/2036/4180
f 1883/2039/4189 1886/2042/4188 1861/2017/4130
f 1861/2017/4130 1858/2014/4131 1883/2039/4189
f 1862/2018/4190 1884/2040/4192 1887/2043/4191
f 1887/2043/4191 1864/2020/4200 1862/2018/4190
f 1885/2041/4194 1888/2044/4195 1863/2019/4194
f 1863/2019/4194 1860/2016/4196 1885/2041/4194
f 1886/2042/4197 124/242/4198 122/238/4197
f 122/238/4197 1861/2017/4199 1886/2042/4197
f 1889/2045/4205 1891/2047/4206 1866/2022/4205
f 1866/2022/4205 1864/2020/4207 1889/2045/4205
f 1890/2046/4208 1892/2048/4208 1867/2023/4208
f 1867/2023/4208 1865/2021/4208 1890/2046/4208
f 1891/2047/4209 1893/2049/4209 1868/2024/4209
f 1868/2024/4209 1866/2022/4209 1891/2047/4209
f 1892/2048/4210 1894/2050/4210 1869/2025/4210
f 1869/2025/4210 1867/2023/4210 1892/2048/4210
f 1893/2049/4211 1895/2051/4211 1870/2026/4211
f 1870/2026/4211 1868/2024/4211 1893/2049/4211
f 1894/2050/4212 1896/2052/4213 1843/1999/4212
f 1843/1999/4212 1869/2025/4214 1894/2050/4212
f 1895/2051/4215 1897/2053/4215 1845/2001/4215
f 1845/2001/4215 1870/2026/4215 1895/2051/4215
f 1896/2052/4216 1898/2054/4217 1842/1998/4216
f 1842/1998/4216 1843/1999/4218 1896/2052/4216
f 1897/2053/4219 1899/2055/4219 1844/2000/4219
f 1844/2000/4219 1845/2001/4219 1897/2053/4219
f 1898/2054/4220 1872/2028/4221 1846/2002/4220
f 1846/2002/4220 1842/1998/4222 1898/2054/4220
f 1899/2055/4223 1874/2030/4223 1847/2003/4223
f 1847/2003/4223 1844/2000/4223 1899/2055/4223
f 1903/2059/4227 1902/2058/4227 1878/2034/4227
f 1878/2034/4227 1876/2032/4227 1903/2059/4227
f 1900/2056/4228 1904/2060/4229 1879/2035/4228
f 1879/2035/4228 1877/2033/4230 1900/2056/4228
f 1902/2058/4231 1905/2061/4231 1880/2036/4231
f 1880/2036/4231 1878/2034/4231 1902/2058/4231
f 1881/2037/4232 1904/2060/4234 1906/2062/4233
f 1906/2062/4233 1884/2040/4242 1881/2037/4232
f 125/243/4236 1907/2063/4237 1882/2038/4236
f 1882/2038/4236 123/239/4238 125/243/4236
f 1905/2061/4239 1908/2064/4240 1883/2039/4239
f 1883/2039/4239 1880/2036/4241 1905/2061/4239
f 1908/2064/4247 1911/2067/4248 1886/2042/4247
f 1886/2042/4247 1883/2039/4249 1908/2064/4247
f 1909/2065/4250 1912/2068/4251 1887/2043/4250
f 1887/2043/4250 1884/2040/4252 1909/2065/4250
f 1910/2066/4253 1913/2069/4254 1888/2044/4253
f 1888/2044/4253 1885/2041/4255 1910/2066/4253
f 1936/2092/4323 126/246/4257 124/242/4256
f 124/242/4256 1911/2067/4258 1936/2092/4323
f 1912/2068/4260 1914/2070/4261 1889/2045/4260
f 1889/2045/4260 1887/2043/4262 1912/2068/4260
f 1913/2069/4263 1915/2071/4264 1890/2046/4263
f 1890/2046/4263 1888/2044/4265 1913/2069/4263
f 1914/2070/4266 1916/2072/4267 1891/2047/4266
f 1891/2047/4266 1889/2045/4268 1914/2070/4266
f 1916/2072/4272 1918/2074/4273 1893/2049/4272
f 1893/2049/4272 1891/2047/4274 1916/2072/4272
f 1917/2073/4275 1919/2075/4275 1894/2050/4275
f 1894/2050/4275 1892/2048/4275 1917/2073/4275
f 1918/2074/4276 1920/2076/4276 1895/2051/4276
f 1895/2051/4276 1893/2049/4276 1918/2074/4276
f 1920/2076/4280 1922/2078/4280 1897/2053/4280
f 1897/2053/4280 1895/2051/4280 1920/2076/4280
f 1921/2077/4281 1923/2079/4282 1898/2054/4281
f 1898/2054/4281 1896/2052/4283 1921/2077/4281
f 1922/2078/4284 1924/2080/4284 1899/2055/4284
f 1899/2055/4284 1897/2053/4284 1922/2078/4284
f 1923/2079/4285 1925/2081/4286 1872/2028/4285
f 1872/2028/4285 1898/2054/4287 1923/2079/4285
f 1924/2080/4288 1926/2082/4288 1874/2030/4288
f 1874/2030/4288 1899/2055/4288 1924/2080/4288
f 1925/2081/4289 1927/2083/4290 1871/2027/4289
f 1871/2027/4289 1872/2028/4291 1925/2081/4289
f 1926/2082/4292 1928/2084/4292 1873/2029/4292
f 1873/2029/4292 1874/2030/4292 1926/2082/4292
f 1952/2108/4358 1901/2057/4294 1875/2031/4293
f 1875/2031/4293 1927/2083/4295 1952/2108/4358
f 1928/2084/4297 1903/2059/4297 1876/2032/4297
f 1876/2032/4297 1873/2029/4297 1928/2084/4297
f 1930/2086/4298 1929/2085/4299 1906/2062/4298
f 1906/2062/4298 1904/2060/4300 1930/2086/4298
f 1933/2089/4304 1932/2088/4305 1908/2064/4304
f 1908/2064/4304 1905/2061/4306 1933/2089/4304
f 1929/2085/4307 1934/2090/4308 1909/2065/4307
f 1909/2065/4307 1906/2062/4309 1929/2085/4307
f 1931/2087/4310 1935/2091/4311 1910/2066/4310
f 1910/2066/4310 1907/2063/4312 1931/2087/4310
f 1932/2088/4313 1936/2092/4314 1911/2067/4313
f 1911/2067/4313 1908/2064/4315 1932/2088/4313
f 1935/2091/4319 1938/2094/4320 1913/2069/4319
f 1913/2069/4319 1910/2066/4321 1935/2091/4319
f 1962/2118/4377 127/248/4322 126/246/4257
f 126/246/4257 1936/2092/4323 1962/2118/4377
f 1937/2093/4324 1939/2095/4325 1914/2070/4324
f 1914/2070/4324 1912/2068/4326 1937/2093/4324
f 1938/2094/4327 1940/2096/4328 1915/2071/4327
f 1915/2071/4327 1913/2069/4329 1938/2094/4327
f 1939/2095/4330 1941/2097/4331 1916/2072/4330
f 1916/2072/4330 1914/2070/4332 1939/2095/4330
f 1940/2096/4333 1942/2098/4334 1917/2073/4333
f 1917/2073/4333 1915/2071/4335 1940/2096/4333
f 1941/2097/4336 1943/2099/4337 1918/2074/4336
f 1918/2074/4336 1916/2072/4338 1941/2097/4336
f 1942/2098/4339 1944/2100/4339 1919/2075/4339
f 1919/2075/4339 1917/2073/4339 1942/2098/4339
f 1943/2099/4340 1945/2101/4340 1920/2076/4340
f 1920/2076/4340 1918/2074/4340 1943/2099/4340
f 1945/2101/4344 1947/2103/4344 1922/2078/4344
f 1922/2078/4344 1920/2076/4344 1945/2101/4344
f 1947/2103/4348 1949/2105/4348 1924/2080/4348
f 1924/2080/4348 1922/2078/4348 1947/2103/4348
f 1948/2104/4349 1950/2106/4350 1925/2081/4349
f 1925/2081/4349 1923/2079/4351 1948/2104/4349
f 1949/2105/4352 1951/2107/4352 1926/2082/4352
f 1926/2082/4352 1924/2080/4352 1949/2105/4352
f 1950/2106/4353 1952/2108/4354 1927/2083/4353
f 1927/2083/4353 1925/2081/4355 1950/2106/4353
f 1951/2107/4356 1953/2109/4356 1928/2084/4356
f 1928/2084/4356 1926/2082/4356 1951/2107/4356
f 1953/2109/4359 1955/2111/4359 1903/2059/4359
f 1903/2059/4359 1928/2084/4359 1953/2109/4359
f 1978/2134/4417 1956/2112/4361 1900/2056/4360
f 1900/2056/4360 1954/2110/4362 1978/2134/4417
f 1955/2111/4364 1957/2113/4364 1902/2058/4364
f 1902/2058/4364 1903/2059/4364 1955/2111/4364
f 1956/2112/4365 1930/2086/4366 1904/2060/4365
f 1904/2060/4365 1900/2056/4367 1956/2112/4365
f 1957/2113/4368 1933/2089/4368 1905/2061/4368
f 1905/2061/4368 1902/2058/4368 1957/2113/4368
f 1959/2115/4369 1958/2114/4370 1937/2093/4369
f 1937/2093/4369 1934/2090/4371 1959/2115/4369
f 1938/2094/4372 1961/2117/4374 1960/2116/4373
f 1960/2116/4373 1940/2096/4381 1938/2094/4372
f 161/287/187 129/252/4376 127/248/4322
f 127/248/4322 1962/2118/4377 161/287/187
f 1963/2119/4383 1965/2121/4384 1941/2097/4383
f 1941/2097/4383 1939/2095/4385 1963/2119/4383
f 1964/2120/4386 1966/2122/4387 1942/2098/4386
f 1942/2098/4386 1940/2096/4388 1964/2120/4386
f 1965/2121/4389 1967/2123/4390 1943/2099/4389
f 1943/2099/4389 1941/2097/4391 1965/2121/4389
f 1966/2122/4392 1968/2124/4393 1944/2100/4392
f 1944/2100/4392 1942/2098/4394 1966/2122/4392
f 1967/2123/4395 1969/2125/4395 1945/2101/4395
f 1945/2101/4395 1943/2099/4395 1967/2123/4395
f 1968/2124/4396 1970/2126/4397 1946/2102/4396
f 1946/2102/4396 1944/2100/4398 1968/2124/4396
f 1969/2125/4399 1971/2127/4399 1947/2103/4399
f 1947/2103/4399 1945/2101/4399 1969/2125/4399
f 1971/2127/4403 1973/2129/4403 1949/2105/4403
f 1949/2105/4403 1947/2103/4403 1971/2127/4403
f 1972/2128/4404 1974/2130/4405 1950/2106/4404
f 1950/2106/4404 1948/2104/4406 1972/2128/4404
f 1973/2129/4407 1975/2131/4407 1951/2107/4407
f 1951/2107/4407 1949/2105/4407 1973/2129/4407
f 1974/2130/4408 1976/2132/4409 1952/2108/4408
f 1952/2108/4408 1950/2106/4410 1974/2130/4408
f 1975/2131/4411 1977/2133/4411 1953/2109/4411
f 1953/2109/4411 1951/2107/4411 1975/2131/4411
f 1976/2132/4412 1978/2134/4413 1954/2110/4412
f 1954/2110/4412 1952/2108/4414 1976/2132/4412
f 1977/2133/4415 1979/2135/4415 1955/2111/4415
f 1955/2111/4415 1953/2109/4415 1977/2133/4415
f 139/265/4476 1980/2136/4416 1956/2112/4361
f 1956/2112/4361 1978/2134/4417 139/265/4476
f 1979/2135/4418 1981/2137/4418 1957/2113/4418
f 1957/2113/4418 1955/2111/4418 1979/2135/4418
f 143/269/4479 1982/2138/4420 1930/2086/4419
f 1930/2086/4419 1980/2136/4421 143/269/4479
f 1981/2137/4423 1983/2139/4423 1933/2089/4423
f 1933/2089/4423 1957/2113/4423 1981/2137/4423
f 1982/2138/4424 1984/2140/4425 1929/2085/4424
f 1929/2085/4424 1930/2086/4426 1982/2138/4424
f 130/253/4427 1985/2141/4428 1931/2087/4427
f 1931/2087/4427 128/249/4429 130/253/4427
f 1983/2139/4430 1986/2142/4431 1932/2088/4430
f 1932/2088/4430 1933/2089/4432 1983/2139/4430
f 1984/2140/4433 1959/2115/4434 1934/2090/4433
f 1934/2090/4433 1929/2085/4435 1984/2140/4433
f 1986/2142/4439 1962/2118/4440 1936/2092/4439
f 1936/2092/4439 1932/2088/4441 1986/2142/4439
f 167/293/4442 171/297/4443 1965/2121/4442
f 1965/2121/4442 1963/2119/4444 167/293/4442
f 169/295/4445 173/299/4446 1966/2122/4445
f 1966/2122/4445 1964/2120/4447 169/295/4445
f 171/297/4448 175/301/4449 1967/2123/4448
f 1967/2123/4448 1965/2121/4450 171/297/4448
f 175/301/4454 179/305/4454 1969/2125/4454
f 1969/2125/4454 1967/2123/4454 175/301/4454
f 177/303/4455 181/307/4456 1970/2126/4455
f 1970/2126/4455 1968/2124/4457 177/303/4455
f 179/305/4458 183/309/4458 1971/2127/4458
f 1971/2127/4458 1969/2125/4458 179/305/4458
f 183/309/4462 187/313/4462 1973/2129/4462
f 1973/2129/4462 1971/2127/4462 183/309/4462
f 185/311/4463 134/260/4464 1974/2130/4463
f 1974/2130/4463 1972/2128/4465 185/311/4463
f 187/313/4466 138/264/4466 1975/2131/4466
f 1975/2131/4466 1973/2129/4466 187/313/4466
f 138/264/4470 135/261/4470 1977/2133/4470
f 1977/2133/4470 1975/2131/4470 138/264/4470
f 131/257/4471 139/265/4472 1978/2134/4471
f 1978/2134/4471 1976/2132/4473 131/257/4471
f 135/261/4474 141/267/4474 1979/2135/4474
f 1979/2135/4474 1977/2133/4474 135/261/4474
f 141/267/4477 145/271/4477 1981/2137/4477
f 1981/2137/4477 1979/2135/4477 141/267/4477
f 145/271/4480 149/275/4480 1983/2139/4480
f 1983/2139/4480 1981/2137/4480 145/271/4480
f 1/1/164 153/279/164 1985/2141/4484
f 1985/2141/4484 130/253/4484 1/1/164
f 149/275/4485 155/281/4486 1986/2142/4485
f 1986/2142/4485 1983/2139/4487 149/275/4485
f 151/277/4488 157/283/4489 1959/2115/4488
f 1959/2115/4488 1984/2140/4490 151/277/4488
f 153/279/4491 159/285/4492 1961/2117/4491
f 1961/2117/4491 1985/2141/4493 153/279/4491
f 155/281/4494 161/287/4495 1962/2118/4494
f 1962/2118/4494 1986/2142/4496 155/281/4494
f 1958/2114/4497 157/283/4499 163/289/4498
f 163/289/4498 1963/2119/4504 1958/2114/4497
f 159/285/4501 165/291/4502 1960/2116/4501
f 1960/2116/4501 1961/2117/4503 159/285/4501

